id,record_id,name,format,url,description
13,3caab607-66af-40a8-a8ad-f4c2d780dc04,gsoc:S_CLAY,OGC:WMS-1.3.0-http-get-map,https%3A%2F%2Fdata.apps.fao.org%2Fmap%2Fgsrv%2Fgsrv1%2Fgsoc%2Fwms%3Fservice%3DWMS%26version%3D1.3.0%26request%3DGetCapabilities,Subsoil Clay Fraction
20,r_friuve:m3952-cc-i1443,NULL,Web Map Service (WMS),https%3A%2F%2Fserviziogc.regione.fvg.it%2Fgeoserver%2FCAR_GEO%2Fwms%3Frequest%3DGetCapabilities%26service%3Dwms%26version%3D1.3.0,NULL
21,r_friuve:m3952-cc-i1443,NULL,Web Feature Service (WFS),https%3A%2F%2Fserviziogc.regione.fvg.it%2Fgeoserver%2FCAR_GEO%2Fwfs%3Frequest%3DGetCapabilities%26service%3Dwfs%26version%3D2.0.0,NULL
22,9868c7d1-ac45-41f3-83e2-791deb26a3b8,SO.SoilObservedProfile.CarbonContent,OGC:WMS-1.3.0-http-get-capabilities,https%3A%2F%2Fwms.inspire.geoportail.lu%2Fgeoserver%2Fso%2Fwms%3FSERVICE%3DWMS%26service%3DWMS%26version%3D1.3.0%26request%3DGetCapabilities,NULL
57,37aaa10d-50bd-431e-b924-209c2e88b9d7,carbon_1000,OGC:WMS-1.3.0-http-get-capabilities,https%3A%2F%2Fwww.dov.vlaanderen.be%2Fgeoserver%2Forganische_koolstof%2Fwms%3FSERVICE%3DWMS%26version%3D1.3.0%26request%3DGetCapabilities,WMS-capabilities Soil Organic Carbon Stock Maps for Belgium: mean (1 km grid)
59,37aaa10d-50bd-431e-b924-209c2e88b9d7,carbon_1000,OGC:WMS-1.3.0-http-get-map,https%3A%2F%2Fwww.dov.vlaanderen.be%2Fgeoserver%2Forganische_koolstof%2Fwms%3FSERVICE%3DWMS%26version%3D1.3.0%26request%3DGetMap,WMS-map Soil Organic Carbon Stock Maps for Belgium: mean (1 km grid)
60,37aaa10d-50bd-431e-b924-209c2e88b9d7,carbon_1000,OGC:WMS,https%3A%2F%2Fwww.dov.vlaanderen.be%2Fgeoserver%2Forganische_koolstof%2Fwms%3F,WMS-endpoint Soil Organic Carbon Stock Maps for Belgium: mean (1 km grid)
61,37aaa10d-50bd-431e-b924-209c2e88b9d7,organische_koolstof:carbon_1000,OGC:WCS-1.1.1-http-get-capabilities,https%3A%2F%2Fwww.dov.vlaanderen.be%2Fgeoserver%2Forganische_koolstof%2Fwcs%3FSERVICE%3DWCS%26version%3D1.1.1%26request%3DGetCapabilities,WCS-capabilities Soil Organic Carbon Stock Maps for Belgium: mean (1 km grid)
62,37aaa10d-50bd-431e-b924-209c2e88b9d7,carbon_1000,OGC:WCS-1.1.1-http-get-coverage,https%3A%2F%2Fwww.dov.vlaanderen.be%2Fgeoserver%2Forganische_koolstof%2Fwcs%3FSERVICE%3DWCS%26version%3D1.1.1%26request%3DGetCoverage,WCS-coverage Soil Organic Carbon Stock Maps for Belgium: mean (1 km grid)
63,37aaa10d-50bd-431e-b924-209c2e88b9d7,carbon_1000,OGC:WCS,https%3A%2F%2Fwww.dov.vlaanderen.be%2Fgeoserver%2Forganische_koolstof%2Fwcs%3F,WCS-endpoint Soil Organic Carbon Stock Maps for Belgium: mean (1 km grid)
65,37aaa10d-50bd-431e-b924-209c2e88b9d7,carbon_1000,ogc:wms,https%3A%2F%2Fwww.dov.vlaanderen.be%2Fgeoserver%2Forganische_koolstof%2Fwms%3Flayers%3Dcarbon_1000,"The Belgian soil organic carbon (SOC) stock map for topsoils (0-30 cm) was composed of 2 regional SOC stock maps. For the regional maps a different approach was used for agricultural land as compared to forest. The maps are based on digital soil mapping approaches using empirical models calibrated to predict the SOC stock and using covariates that are available at a sufficient resolution at the regional scale. All maps are strongly dependent on the Belgian Soil Map (texture and drainage parameters). The regional maps were compiled at a finer resolution (10m x 10m and 40m x 40m grid cells). Next they were joined (40m x 40m grid cells) and finally scaled up to the required 1 by 1 km grid cells. This was done using the following tools: block statistics (mean), mosaic to new raster (mean), project to raster, block statistics (mean), resample (nearest neighbour) and project raster.
Given the different origin of the individual maps, the uncertainty varies between maps. For instance, a map of the 90% confidence interval of the SOC stocks was produced for agricultural soils in Wallonia based on a Monte Carlo Approach taking into account both the measurement and the model uncertainties. For Flemish forest soils, spatial and analytical uncertainties were taken into account using bootstrapping techniques. For Flemish agricultural soils, the uncertainty reported is the model uncertainty on point estimates for each data point, in which the estimated model parameters are simulated 1000 times as being independent normal distributed variables using their model estimation and standard error as distribution parameters. No additional uncertainty is taken into account for the conversion functions that use the stochastic variables ""bulk density"".
The SOC stock maps are the first comprehensive map for Belgium integrating grasslands, croplands and forests. There are two versions of the SOC stock maps for Belgium: 1) resolution of 40m x 40m in the coordinate reference system Lambert72 and 2) resolution of 1km x 1km in the coordinate reference system WGS84. The metadata are available and allow assessing the uncertainties of the stock estimates in the different component maps."
110,562127a6-0381-46b3-9ed7-10e61ec5ecb5,BRO BHR-P kenset,OGC:WMS,https%3A%2F%2Fservice.pdok.nl%2Fbzk%2Fbrobhrpkenset%2Fwms%2Fv1_0%3FService%3DWMS%26Request%3DGetCapabilities,NULL
116,9876d351-7476-4a39-b45d-cd41e98a4325,NZ.HazardArea,OGC:WMS-1.1.1-http-get-map,https%3A%2F%2Fwms.mapama.gob.es%2Fsig%2FBiodiversidad%2FINESErosionLaminarRaster%2Fwms.aspx,Erosión Laminar
147,9b4b203a-36bb-444e-b86a-dfa609e5a5d5,NZ.HazardArea,OGC:WMS-1.1.1-http-get-map,https%3A%2F%2Fwms.mapama.gob.es%2Fsig%2FBiodiversidad%2FINESMovimientosMasa%2Fwms.aspx,Movimientos en masa
160,fao-species-map-wtr,SPECIES_DIST_WTR,OGC:WMS-1.1.0-http-get-map,http%3A%2F%2Fwww.fao.org%2Ffishery%2Fgeoserver%2Fspecies%2Fows%3FSERVICE%3DWMS,FAO aquatic species distribution map of Sepia ramani (Large striped cuttlefish)
169,0c568272-5117-492f-b6dc-e37b5a0458df,gsoc:T_GRAVEL,OGC:WMS-1.3.0-http-get-map,https%3A%2F%2Fdata.apps.fao.org%2Fmap%2Fgsrv%2Fgsrv1%2Fgsoc%2Fwms%3Fservice%3DWMS%26version%3D1.3.0%26request%3DGetCapabilities,Topsoil Gravel Content
172,0dca7ab8-56f6-4f88-9681-b03db079810b,RICCAR:rhmof,OGC:WMS-1.3.0-http-get-map,https%3A%2F%2Fio.apps.fao.org%2Fgeoserver%2Fwms,Vulnerability Assessment Indicators - RHM Output (Future)
178,R_SARDEG:7a7ee722-5fea-4334-b37c-ae5a4765140d,NULL,Web Map Service (WMS),https%3A%2F%2Fwebgis.regione.sardegna.it%2Fgeoserverraster%2Fows%3Fservice%3Dwms%26version%3D1.3.0%26request%3DGetCapabilities,NULL
184,DAT-14-en,NULL,OGC:WMS,https%3A%2F%2Fimage.discomap.eea.europa.eu%2Farcgis%2Fservices%2FGioLandPublic%2FHRL_ImperviousnessChange_12_15%2FMapServer%2FWMSServer%3Frequest%3DGetCapabilities%26service%3DWMS,NULL
192,DAT-14-en,NULL,OGC:WMS,https%3A%2F%2Fimage.discomap.eea.europa.eu%2Farcgis%2Fservices%2FGioLandPublic%2FHRL_BuiltUp_2018%2FImageServer%2FWMSServer%3Frequest%3DGetCapabilities%26service%3DWMS,NULL
206,eea_r_3035_100_m_imd-2015-acc_p_2014-2016_v01_r03,NULL,OGC:WMS,https%3A%2F%2Fland.discomap.eea.europa.eu%2Farcgis%2Fservices%2FImperviousness%2Fsealed2015%2FImageServer%2FWMSServer%3Frequest%3DGetCapabilities%26service%3DWMS,NULL
223,DAT-237-en,0,OGC:WMS,https%3A%2F%2Fimage.discomap.eea.europa.eu%2Farcgis%2Fservices%2FDownloadLayers%2FHRL_SWF_2015_DL%2FMapServer%2FWMSServer%3Fservice%3DWMS%26request%3DGetCapabilities%26version%3D1.3.0,SWF_2015_DownloadLayer_WM
253,DAT-14-en,NULL,OGC:WMS,https%3A%2F%2Fimage.discomap.eea.europa.eu%2Farcgis%2Fservices%2FGioLandPublic%2FHRL_ImperviousnessChange_15_18%2FImageServer%2FWMSServer%3Frequest%3DGetCapabilities%26service%3DWMS,NULL
260,a66f61a2-fdfa-41a1-b14b-8a26fe869bc1,gsoc:S_REF_BULK,OGC:WMS-1.3.0-http-get-map,https%3A%2F%2Fdata.apps.fao.org%2Fmap%2Fgsrv%2Fgsrv1%2Fgsoc%2Fwms%3Fservice%3DWMS%26version%3D1.3.0%26request%3DGetCapabilities,Subsoil Reference Bulk Density
277,bcc9b3cd-9b30-4d3a-9990-db7d32ff842f,topsoil_jordan,OGC:WMS-1.3.0-http-get-map,https%3A%2F%2Fdata.apps.fao.org%2Fmap%2Fgsrv%2Fgsrv1%2Fwater_accounting%2Fwms,Saturated Soil Water Content (Jordan River Basin - 100m)
288,e33c04ee-4f0a-464d-9d59-7a90fbe13896,Inspire View Services,HTTP:OGC:WMS,https%3A%2F%2Fresource.sgu.se%2Fservice%2Fwms%2Finspire%2FSO-Markgeokemi-atlas,Inspire view service
291,fao-fsa-map-47.2.2,FSA_47-2-2,OGC:WMS-1.1.0-http-get-map,http%3A%2F%2Fwww.fao.org%2Ffishery%2Fgeoserver%2Ffsa%2Fows%3FSERVICE%3DWMS,47.2.2 Eastern Agulhas Division of FAO Major Area 47
307,r_friuve:m3986-cc-i4021,NULL,Web Feature Service (WFS),https%3A%2F%2Fserviziogc.regione.fvg.it%2Fgeoserver%2FCAR_GEO%2Fwfs%3Frequest%3DGetCapabilities%26service%3Dwfs%26version%3D2.0.0,NULL
308,r_friuve:m3986-cc-i4021,NULL,Web Map Service (WMS),https%3A%2F%2Fserviziogc.regione.fvg.it%2Fgeoserver%2FCAR_GEO%2Fwms%3Frequest%3DGetCapabilities%26service%3Dwms%26version%3D1.3.0,NULL
333,DAT-14-en,NULL,OGC:WMS,https%3A%2F%2Fimage.discomap.eea.europa.eu%2Farcgis%2Fservices%2FGioLandPublic%2FHRL_ImperviousnessClassifiedChange_06_09%2FMapServer%2FWMSServer%3Frequest%3DGetCapabilities%26service%3DWMS,NULL
336,fao-fsa-map-87.2,FSA_87-2,OGC:WMS-1.1.0-http-get-map,http%3A%2F%2Fwww.fao.org%2Ffishery%2Fgeoserver%2Ffsa%2Fows%3FSERVICE%3DWMS,Central (Subarea 87.2 of FAO Major Area 87)
344,fao-species-map-rng,SPECIES_DIST_RNG,OGC:WMS-1.1.0-http-get-map,http%3A%2F%2Fwww.fao.org%2Ffishery%2Fgeoserver%2Fspecies%2Fows%3FSERVICE%3DWMS,FAO aquatic species distribution map of Coryphaenoides rupestris (Roundnose grenadier)
363,r_friuve:m3967-cc-i1468,NULL,Web Feature Service (WFS),https%3A%2F%2Fserviziogc.regione.fvg.it%2Fgeoserver%2FCAR_GEO%2Fwfs%3Frequest%3DGetCapabilities%26service%3Dwfs%26version%3D2.0.0,NULL
364,r_friuve:m3967-cc-i1468,NULL,Web Map Service (WMS),https%3A%2F%2Fserviziogc.regione.fvg.it%2Fgeoserver%2FCAR_GEO%2Fwms%3Frequest%3DGetCapabilities%26service%3Dwms%26version%3D1.3.0,NULL
386,Carbone-organique-dans-l'horizon-de-surface,WMS,ogc:wms,http%3A%2F%2Fws.geoportail.lu%2F250k,NULL
389,Carte-des-sols-125000,WMS,ogc:wms,http%3A%2F%2Fws.geoportail.lu%2F250k,NULL
393,eea_r_3035_1_km_clc-forest-cover-gain-eu_p_2000-2006_v01_r00,NULL,OGC:WMS,https%3A%2F%2Fforest.discomap.eea.europa.eu%2Farcgis%2Fservices%2FForest_Ch_CLC%2FForest_cover_gain_CLC_00_06%2FMapServer%2FWMSServer%3Frequest%3DGetCapabilities%26service%3DWMS,NULL
1255,5785e221-1784-4713-a109-3fe2c0a80153,"0,1,4",ogc:wms,http%3A%2F%2Fgeoportal.gov.cz%2Farcgis%2Fservices%2Fprojekty%2FNIKM%2FMapServer%2FWmsServer%3FSERVICE%3DWMS%26REQUEST%3DGetCapabilities,NULL
1257,5785e221-1784-4713-a109-3fe2c0a80153,1,OGC:WMS,http%3A%2F%2Fgeoportal.gov.cz%2Farcgis%2Fservices%2Fprojekty%2FNIKM%2FMapServer%2FWmsServer%3FSERVICE%3DWMS%26REQUEST%3DGetCapabilities,cz_visible_jtsk
1262,758c03b2-b740-8cea-8c8b-0c2639ea0f86,Masterplan,OGC:WMS-1.1.1-http-get-map,https%3A%2F%2Fgeoportal.saarland.de%2Fmapbender%2Fphp%2Fwms.php%3Finspire%3D1%26layer_id%3D38011%26withChilds%3D1%26REQUEST%3DGetCapabilities%26SERVICE%3DWMS,Masterplan: Masterplan-Flächen Stand Dezember 2021 (Ansprechpartner: gwSaar mbH).
1267,cbb08d27-4933-4537-a154-9b1f4f1d6fc6,AET:MONTH:MONTH,OGC:WMS-1.3.0-http-get-map,https%3A%2F%2Fio.apps.fao.org%2Fgeoserver%2Fwms%2FWATER%2FK3_ET%2Fv2%3Fservice%3DWMS%26version%3D1.3.0%26request%3DGetCapabilities,Actual EvapoTranspiration (K3
366,09da4e4e-dd3f-4e5a-8ee8-a7e484ee5640,gyga_af_agg_30cm_awcpf23__m_1km,OGC:WMS,https%3A%2F%2Fmaps.isric.org%2Fmapserv%3Fmap%3D%2Fmap%2Fgyga.map,NULL
375,21f3a653-6422-4bbd-8937-5a29477620fe,gsoc:ISSOIL,OGC:WMS-1.3.0-http-get-map,https%3A%2F%2Fdata.apps.fao.org%2Fmap%2Fgsrv%2Fgsrv1%2Fgsoc%2Fwms%3Fservice%3DWMS%26version%3D1.3.0%26request%3DGetCapabilities,Soil or non-Soil Unit
378,2f99e108-183c-11e9-aba8-a0481ca9e724,:wosis_latest_phetb1,OGC:WFS,https%3A%2F%2Fmaps.isric.org%2Fmapserv%3Fmap%3D%2Fmap%2Fwosis_latest.map,WoSIS latest - Phosphorus (P) - Bray I
381,2f99e108-183c-11e9-aba8-a0481ca9e724,wosis_latest_phetb1,OGC:WMS,https%3A%2F%2Fmaps.isric.org%2Fmapserv%3Fmap%3D%2Fmap%2Fwosis_latest.map,WoSIS latest - Phosphorus (P) - Bray I
395,fao-fsa-map-87.1.21,FSA_87-1-21,OGC:WMS-1.1.0-http-get-map,http%3A%2F%2Fwww.fao.org%2Ffishery%2Fgeoserver%2Ffsa%2Fows%3FSERVICE%3DWMS,SUBDIVISION 87.1.21
445,25d0cf4d-1865-4d2a-be32-40a1b2483936,pt_infosolo,OGC:WFS,https%3A%2F%2Fmaps.isric.org%2Fmapserv%3Fmap%3D%2Fmap%2Fexternal.map,NULL
422,r_friuve:m4004-cc-i4086,NULL,Web Map Service (WMS),https%3A%2F%2Fserviziogc.regione.fvg.it%2Fgeoserver%2FCAR_GEO%2Fwms%3Frequest%3DGetCapabilities%26service%3Dwms%26version%3D1.3.0,NULL
423,r_friuve:m4004-cc-i4086,NULL,Web Feature Service (WFS),https%3A%2F%2Fserviziogc.regione.fvg.it%2Fgeoserver%2FCAR_GEO%2Fwfs%3Frequest%3DGetCapabilities%26service%3Dwfs%26version%3D2.0.0,NULL
425,28a900a9-28a2-415e-b08d-d5d3e89deb03,gsoc:S_PH_H2O,OGC:WMS-1.3.0-http-get-map,https%3A%2F%2Fdata.apps.fao.org%2Fmap%2Fgsrv%2Fgsrv1%2Fgsoc%2Fwms%3Fservice%3DWMS%26version%3D1.3.0%26request%3DGetCapabilities,Subsoil pH (H2O)
442,eea_r_3035_1_k_soilbiodiv-potential_p_2000_v01_r00,0,OGC:WMS,https%3A%2F%2Fland.discomap.eea.europa.eu%2Farcgis%2Fservices%2FLand%2FSoilBiodiversityPotential%2FMapServer%2FWMSServer%3Frequest%3DGetCapabilities%26service%3DWMS,Soil biodiversity potential
459,fao-fsa-map-21.5.z.c,FSA_21-5-Z-c,OGC:WMS-1.1.0-http-get-map,http%3A%2F%2Fwww.fao.org%2Ffishery%2Fgeoserver%2Ffsa%2Fows%3FSERVICE%3DWMS,Subunit 21.5Zc (Canadian waters of FAO Major Area 21)
467,fao-species-map-apu,SPECIES_DIST_APU,OGC:WMS-1.1.0-http-get-map,http%3A%2F%2Fwww.fao.org%2Ffishery%2Fgeoserver%2Fspecies%2Fows%3FSERVICE%3DWMS,FAO aquatic species distribution map of Acipenser sturio (Sturgeon)
502,https://www.dov.vlaanderen.be/geonetwork/srv/metadata/64e8a11d-5602-4ad5-b370-e4d396fe218f,wrb_250000,OGC:WFS,https%3A%2F%2Fwww.dov.vlaanderen.be%2Fgeoserver%2Fbodemkaart_afgeleid%2Fwfs%3F,WFS-endpoint WRB Reference Soil Groups 250k: Bodemkaart van het Vlaamse Gewest volgens het internationale bodemclassificatiesysteem World Reference Base op schaal 1:250.000
503,https://www.dov.vlaanderen.be/geonetwork/srv/metadata/64e8a11d-5602-4ad5-b370-e4d396fe218f,bodemkaart_afgeleid:wrb_250000,OGC:WFS-2.0.0-http-get-capabilities,https%3A%2F%2Fwww.dov.vlaanderen.be%2Fgeoserver%2Fbodemkaart_afgeleid%2Fwfs%3FSERVICE%3DWFS%26version%3D2.0.0%26request%3DGetCapabilities,WFS-capabilities WRB Reference Soil Groups 250k: Bodemkaart van het Vlaamse Gewest volgens het internationale bodemclassificatiesysteem World Reference Base op schaal 1:250.000
504,https://www.dov.vlaanderen.be/geonetwork/srv/metadata/64e8a11d-5602-4ad5-b370-e4d396fe218f,wrb_250000,OGC:WMS-1.3.0-http-get-capabilities,https%3A%2F%2Fwww.dov.vlaanderen.be%2Fgeoserver%2Fbodemkaart_afgeleid%2Fwms%3FSERVICE%3DWMS%26version%3D1.3.0%26request%3DGetCapabilities,WMS-capabilities WRB Reference Soil Groups 250k: Bodemkaart van het Vlaamse Gewest volgens het internationale bodemclassificatiesysteem World Reference Base op schaal 1:250.000
506,https://www.dov.vlaanderen.be/geonetwork/srv/metadata/64e8a11d-5602-4ad5-b370-e4d396fe218f,wrb_250000,OGC:WMS-1.3.0-http-get-map,https%3A%2F%2Fwww.dov.vlaanderen.be%2Fgeoserver%2Fbodemkaart_afgeleid%2Fwms%3FSERVICE%3DWMS%26version%3D1.3.0%26request%3DGetMap,WMS-map WRB Reference Soil Groups 250k: Bodemkaart van het Vlaamse Gewest volgens het internationale bodemclassificatiesysteem World Reference Base op schaal 1:250.000
507,https://www.dov.vlaanderen.be/geonetwork/srv/metadata/64e8a11d-5602-4ad5-b370-e4d396fe218f,wrb_250000,OGC:WMS,https%3A%2F%2Fwww.dov.vlaanderen.be%2Fgeoserver%2Fbodemkaart_afgeleid%2Fwms%3F,WMS-endpoint WRB Reference Soil Groups 250k: Bodemkaart van het Vlaamse Gewest volgens het internationale bodemclassificatiesysteem World Reference Base op schaal 1:250.000
508,https://www.dov.vlaanderen.be/geonetwork/srv/metadata/64e8a11d-5602-4ad5-b370-e4d396fe218f,wrb_250000,OGC:WFS-2.0.0-http-get-feature,https%3A%2F%2Fwww.dov.vlaanderen.be%2Fgeoserver%2Fbodemkaart_afgeleid%2Fwfs%3FSERVICE%3DWFS%26version%3D2.0.0%26request%3DGetFeature%26count%3D1%26typeName%3Dwrb_250000,WFS-feature WRB Reference Soil Groups 250k: Bodemkaart van het Vlaamse Gewest volgens het internationale bodemclassificatiesysteem World Reference Base op schaal 1:250.000
517,eea_v_3035_1_km_heavy-metals-agri-soil_p_2008-2019_v01_r00,NULL,OGC:WMS,https%3A%2F%2Fland.discomap.eea.europa.eu%2Farcgis%2Fservices%2FAgriculture%2Fconcentrations_of_heavy_metals_in_EU_agricultural_soils%2FMapServer%2FWMSServer%3Frequest%3DGetCapabilities%26service%3DWMS,NULL
531,7730e747-eb73-49c9-bfe6-84ebae718743,gsoc:GSOCmap1.5.0,OGC:WMS-1.3.0-http-get-map,https%3A%2F%2Fdata.apps.fao.org%2Fmap%2Fgsrv%2Fgsrv1%2Fgsoc%2Fwms,Global Soil Organic Carbon Map
542,602772dd-0112-494e-b49f-54973d99e700,BFW:MONTH:MONTH,OGC:WMS-1.3.0-http-get-map,https%3A%2F%2Fio.apps.fao.org%2Fgeoserver%2Fwms%2FWATER%2FK4_BF%2Fv2%3Fservice%3DWMS%26version%3D1.3.0%26request%3DGetCapabilities,Base Flow (K4)
546,7891e711-df3b-44df-bc35-81c3856a7efc,SO.ObservedSoilProfile,OGC:WMS,https%3A%2F%2Fservice.pdok.nl%2Fbzk%2Fbodem%2Fbro-bodemkundig-booronderzoek%2Fwms%2Fv1_0%3FService%3DWMS%26Request%3DGetCapabilities,NULL
560,78ac310f-7911-445b-b29a-19ccd3343f56,apl:s0100_landslides,OGC:WFS,https%3A%2F%2Fgislocal.md%2Fgeoserver%2Fapl%2Fwfs,Alunecări de teren mun. Chișinău
573,eea_r_3035_1_km_imperviousness-layer_p_2018_v01_r00,NULL,OGC:WMS,https%3A%2F%2Fland.discomap.eea.europa.eu%2Farcgis%2Fservices%2FImperviousness%2FImperviousness2018v2024%2FMapServer%2FWMSServer%3Frequest%3DGetCapabilities%26service%3DWMS,NULL
588,83b0dfa4-09f3-4d2e-b6a8-9388627b68dc,BRO SFR kenset,OGC:WMS,https%3A%2F%2Fservice.pdok.nl%2Fbzk%2Fbro-wandonderzoek%2Fwms%2Fv1_0%3FService%3DWMS%26Request%3DGetCapabilities,NULL
595,eea_v_3035_100_m_eni-clc-2018_p_2017-2019_v01_r00,WMS Web Map Service,OGC:WMS,https%3A%2F%2Fimage.discomap.eea.europa.eu%2Farcgis%2Fservices%2FENI_CLC_Pilot%2FENI_CLC_Pilot_2018_WM%2FMapServer%2FWMSServer%3Frequest%3DGetCapabilities%26service%3DWMS,NULL
604,fao-species-map-rks,SPECIES_DIST_RKS,OGC:WMS-1.1.0-http-get-map,http%3A%2F%2Fwww.fao.org%2Ffishery%2Fgeoserver%2Fspecies%2Fows%3FSERVICE%3DWMS,FAO aquatic species distribution map of Spirula spirula (Ram's horn squid)
615,8d6bcb8c-f146-4a68-a819-8f59394f5d5b,NZ.HazardArea,OGC:WMS-1.1.1-http-get-map,https%3A%2F%2Fwms.mapama.gob.es%2Fsig%2FBiodiversidad%2FINESErosionCauces%2Fwms.aspx,Erosión en cauces
645,WRB-Reference-Soil-Groups-250k,WFS,ogc:wfs,https%3A%2F%2Fwww.dov.vlaanderen.be%2Fgeoserver%2Fwfs%3FSERVICE%3DWFS%26version%3D1.1.0%26request%3DGetFeature,NULL
654,f6370904-e1ac-49be-b874-e400170d3769,NZ.HazardArea,OGC:WMS-1.1.1-http-get-map,https%3A%2F%2Fwms.mapama.gob.es%2Fsig%2FBiodiversidad%2FINESErosionCauces%2Fwms.aspx,Erosión en cauces
661,f72f5698-4a3d-4af2-ae12-a4b1cf151cec,af250m_nutrient_p_t_m_agg30cm,OGC:WMS,https%3A%2F%2Fmaps.isric.org%2Fmapserv%3Fmap%3D%2Fmap%2Faf250m_nutrient.map,NULL
693,bbe45de0-88fd-11da-a88f-000d939bc5d8,geonetwork:crops_3845,OGC:WMS-1.1.1-http-get-map,https%3A%2F%2Fdata.apps.fao.org%2Fmap%2Fgsrv%2Fgsrv1%2Fgeonetwork%2Fwms%3Fstyles%3Dgeonetwork_crops_3845_style,Potential for agricolture by-products as feed and fertiliser inputs
698,fd3fc7ff-07d3-477a-a905-c46dbecc9dcc,SOI2,OGC:WMS-1.3.0-http-get-map,https%3A%2F%2Fio.apps.fao.org%2Fgeoserver%2Fwms%2FGAEZ_V4%2FLR_SOI2%2Fv2%3Fservice%3DWMS%26version%3D1.3.0%26request%3DGetCapabilities,Land and Water Resources - Soil suitability - Soil and terrain suitability
714,fao-fsa-map-34.1.32,FSA_34-1-32,OGC:WMS-1.1.0-http-get-map,http%3A%2F%2Fwww.fao.org%2Ffishery%2Fgeoserver%2Ffsa%2Fows%3FSERVICE%3DWMS,Subdivision 34.1.32 of FAO Major Area 34
726,0b644920-ff5e-4aac-a124-8b478bda606c,Service de visualisation WMS,OGC:WMS,https%3A%2F%2Fgeoservices.wallonie.be%2Farcgis%2Fservices%2FSOL_SOUS_SOL%2FCARBIOSOL%2FMapServer%2FWMSServer%3Frequest%3DGetCapabilities%26service%3DWMS,Adresse de connexion au service de visualisation WMS de la couche de données CARBIOSOL - Incertitudes des Teneurs en Carbone organique total - période 2004-2014
727,0b644920-ff5e-4aac-a124-8b478bda606c,INSPIRE - Sols en Wallonie (BE) - Service de visualisation WMS,OGC:WMS,https%3A%2F%2Fgeoservices.wallonie.be%2FINSPIRE%2FWMS%2FSO%2FMapServer%2FWMSServer%3Frequest%3DGetCapabilities%26service%3DWMS,NULL
734,3baa29ae-2803-443c-bc0b-8ba1444c21fd,ETRAIN:MONTH:MONTH,OGC:WMS-1.3.0-http-get-map,https%3A%2F%2Fio.apps.fao.org%2Fgeoserver%2Fwms%2FWATER%2FAWA_ETRAIN%2Fv2%3Fservice%3DWMS%26version%3D1.3.0%26request%3DGetCapabilities,"Evapotranspiration from Precipitation (Awash, Ethiopia - Monthly -100m)"
745,ARLPA_TO:07.09.03_AD_2012-03-05-11:00,NULL,WFS,https%3A%2F%2Fwebgis.arpa.piemonte.it%2Fags%2Fservices%2Frischi_naturali%2FPS_SqueeSAR_Radarsat%2FMapServer%2FWFSServer%3Frequest%3DGetCapabilities%26service%3DWFS,NULL
753,697ff99d-7cf2-495e-849d-a8d94212d615,NPP:MONTH:MONTH,OGC:WMS-1.3.0-http-get-map,https%3A%2F%2Fio.apps.fao.org%2Fgeoserver%2Fwms%2FWAPOR_2%2FL3_LAM_NPP_M%2Fv2%3Fservice%3DWMS%26version%3D1.3.0%26request%3DGetCapabilities,Net Primary Production (Lamego
778,bd053730-88fd-11da-a88f-000d939bc5d8,problem_soil_africa,OGC:WMS-1.1.1-http-get-map,http%3A%2F%2Fgeonetwork.fao.org%2Fows%2F8,Dominant land resources types in  Africa
780,fao-species-map-bah,SPECIES_DIST_BAH,OGC:WMS-1.1.0-http-get-map,http%3A%2F%2Fwww.fao.org%2Ffishery%2Fgeoserver%2Fspecies%2Fows%3FSERVICE%3DWMS,FAO aquatic species distribution map of Paralichthys olivaceus (Bastard halibut)
36003,3d9638-3043-507b-bd62-8cb982a96e6a,teneur_carbone_bdat,ogc:wms,https%3A%2F%2Fagroenvgeo.data.inra.fr%2Fgeoserver%2Fgissol_bdat%2Fwms%3F,"Carte des teneurs en Carbone par canton issues des données de la Base de données d'analyses de terre (BDAT) pour la période 2000-2004. Ces données n'utilisent pas toutes les analyses de la BDAT. Pour des données plus récentes, consulter l'application https://webapps.gissol.fr/geosol/. Les analyses proviennent de la Base de Données des Analyses de Terre (BDAT).Le programme Base de Données des Analyses de Terre (BDAT) regroupe depuis vingt ans les résultats d'analyses d'horizons de surface de sols cultivés, effectuées sur l'ensemble du territoire national, à la demande d'agriculteurs, par des laboratoires agréés par le Ministère en charge de l'agriculture. Cet article a pour objectif de présenter les derniers résultats produits par ce programme. Il aborde successivement la présentation de l'organisation du programme, des développements méthodologiques connexes et des principaux résultats sur le statut et l'évolution des propriétés des horizons de surface des sols cultivés. A ce jour, la BDAT recense 22 830 147 résultats analytiques provenant de 1 962 238 échantillons récoltés sur la période 1990-2009. L'analyse de ces données permet par exemple de mettre en évidence à l'échelle nationale une forte hétérogénéité spatiale de la richesse en phosphore assimilable, des baisses des teneurs en carbone des sols initialement les plus pourvus et d'une hausse généralisée des pH des sols non calcaires. Cependant, les biais statistiques inhérents à la stratégie d'échantillonnage adoptée peuvent être importants et difficilement quantifiables. Des précautions doivent être prises pour interpréter les résultats issus d'analyses d'une telle base de données. Cependant, le programme BDAT constitue une source d'informations importante sur la variabilité des propriétés des horizons de surface des sols cultivés et les résultats statistiques agrégés sont aujourd'hui librement disponibles sur internet (http://bdat.gissol.fr)."
950,0df2947b-e8b8-42e5-a52d-16cf5ded1cf2,af250m_nutrient,OGC:WMS,https%3A%2F%2Fmaps.isric.org%2Fmapserv%3Fmap%3D%2Fmap%2Faf250m_nutrient.map,NULL
959,af37bbe6-8f77-436e-9613-094ad14b1e54,Sunken_Suriname_river,OGC:WMS,https%3A%2F%2Fwww.gonini.org%2Fgeoserver%2Fgonini%2Fwms%3Frequest%3DGetCapabilities,Brownsweg original course Suriname River
985,2951378c-ccbe-4955-930d-2aeca095cd17,NPP:MONTH:MONTH,OGC:WMS-1.3.0-http-get-map,https%3A%2F%2Fio.apps.fao.org%2Fgeoserver%2Fwms%2FWAPOR_2%2FL3_ODN_NPP_M%2Fv2%3Fservice%3DWMS%26version%3D1.3.0%26request%3DGetCapabilities,Net Primary Production (Office du Niger
999,075d04be-4b56-4c1a-a17a-6684b3b3b41e,NPP:DEKAD:10-DAYS,OGC:WMS-1.3.0-http-get-map,https%3A%2F%2Fio.apps.fao.org%2Fgeoserver%2Fwms%2FWAPOR_2%2FL3_SED_NPP_D%2Fv2%3Fservice%3DWMS%26version%3D1.3.0%26request%3DGetCapabilities,Net Primary Production (Senegal Delta
1001,1f462050-8c95-41cd-be29-854ae0059251,WATER_MM:DEKAD:10-DAYS,OGC:WMS-1.3.0-http-get-map,https%3A%2F%2Fio.apps.fao.org%2Fgeoserver%2Fwms%2FWAPOR_2%2FL3_KOG_E_D%2Fv2%3Fservice%3DWMS%26version%3D1.3.0%26request%3DGetCapabilities,Evaporation (Koga
1010,DAT-137-en,NULL,OGC:WMS,https%3A%2F%2Fbio.discomap.eea.europa.eu%2Farcgis%2Fservices%2FEUNIS%2FMosaic_Vegetated%2FImageServer%2FWMSServer%3Frequest%3DGetCapabilities%26service%3DWMS,NULL
1060,DAT-14-en,0,OGC:WMS,https%3A%2F%2Fimage.discomap.eea.europa.eu%2Farcgis%2Fservices%2FGioLandPublic%2FHRL_ImperviousnessDensity_2009%2FMapServer%2FWMSServer%3Frequest%3DGetCapabilities%26service%3DWMS,Imperviousness density 2009
1071,410d5762-20a9-4694-8867-beac87f00e9e,VHS:H2O4H_FF_RCP85,OGC:WMS-1.1.1-http-get-capabilities,https%3A%2F%2Fio.apps.fao.org%2Fgismgr%2Fapi%2Fv1%2FRICCAR%2FVHS%2Fwms%3Fservice%3DWMS%26VERSION%3D1.1.1%26request%3DGetCapabilities,NULL
1076,410d5762-20a9-4694-8867-beac87f00e9e,RICCAR:vhs,OGC:WMS-1.3.0-http-get-map,https%3A%2F%2Fio.apps.fao.org%2Fgeoserver%2Fwms,Vulnerability Hotspots
1103,r_friuve:m3956-cc-i1451,NULL,Web Feature Service (WFS),https%3A%2F%2Fserviziogc.regione.fvg.it%2Fgeoserver%2FCAR_GEO%2Fwfs%3Frequest%3DGetCapabilities%26service%3Dwfs%26version%3D2.0.0,NULL
1104,r_friuve:m3956-cc-i1451,NULL,Web Map Service (WMS),https%3A%2F%2Fserviziogc.regione.fvg.it%2Fgeoserver%2FCAR_GEO%2Fwms%3Frequest%3DGetCapabilities%26service%3Dwms%26version%3D1.3.0,NULL
1113,54a707a1-32ce-40c6-84bd-02d1e0e405cf,NPP:DEKAD:10-DAYS,OGC:WMS-1.3.0-http-get-map,https%3A%2F%2Fio.apps.fao.org%2Fgeoserver%2Fwms%2FWAPOR_2%2FL3_BUS_NPP_D%2Fv2%3Fservice%3DWMS%26version%3D1.3.0%26request%3DGetCapabilities,Net Primary Production (Busia
1127,DAT-14-en,NULL,OGC:WMS,https%3A%2F%2Fimage.discomap.eea.europa.eu%2Farcgis%2Fservices%2FGioLandPublic%2FHRL_ImperviousnessClassifiedChange_15_18%2FImageServer%2FWMSServer%3Frequest%3DGetCapabilities%26service%3DWMS,NULL
1135,86fcbd00-3eff-4375-956b-afa202dd10f9,PERCO:MONTH:MONTH,OGC:WMS-1.3.0-http-get-map,https%3A%2F%2Fio.apps.fao.org%2Fgeoserver%2Fwms%2FWATER%2FK3_PERCO%2Fv2%3Fservice%3DWMS%26version%3D1.3.0%26request%3DGetCapabilities,Percolation (K3)
1138,ffa182a0-241d-4cb3-bd1f-a6d256125a55,WDE,OGC:WMS-1.3.0-http-get-map,https%3A%2F%2Fio.apps.fao.org%2Fgeoserver%2Fwms%2FGAEZ_V4%2FRES01_WDE%2Fv2%3Fservice%3DWMS%26version%3D1.3.0%26request%3DGetCapabilities,Agro-climatic Resources - Moisture Regime - Reference evapotranspiration deficit (mm; AWC=100 mm)
1140,daa7c719-2ce6-457d-97da-8868175032c5,teneur_p_ass_rmqs,ogc:wms,https%3A%2F%2Fagroenvgeo.data.inra.fr%2Fgeoserver%2Fgissol_rmqs%2Fwms%3F,NULL
1162,r_lombar:9f3daa68-02ab-451c-9de0-7ab8581c976c,NULL,WMS,https%3A%2F%2Fwww.cartografia.servizirl.it%2Farcgis1%2Fservices%2Fterritorio%2Ffattibilita_geologica%2FMapServer%2FWMSServer%3F,NULL
1168,DAT-14-en,NULL,OGC:WMS,https%3A%2F%2Fimage.discomap.eea.europa.eu%2Farcgis%2Fservices%2FGioLandPublic%2FHRL_ImperviousnessDensity_2018%2FImageServer%2FWMSServer%3Frequest%3DGetCapabilities%26service%3DWMS,NULL
1186,eea_v_3035_1_mio_crop-intens-nuts3_p_2005-2010_v01_r00,0,OGC:WMS,https%3A%2F%2Fland.discomap.eea.europa.eu%2Farcgis%2Fservices%2FAgriculture%2FCropland_intensification_Nutrient_2005_2010%2FMapServer%2FWMSServer%3Frequest%3DGetCapabilities%26service%3DWMS,Percentage of croplands per administrative units with increased nutrient inputs
1194,r_piemon:37c6413b-b07f-4f4c-9344-f2e43ea52bbd,NULL,Web Map Service (WMS),https%3A%2F%2Fgeomap.reteunitaria.piemonte.it%2Fws%2Fagrigeo%2Frp-01%2Fcarsuowms%2Fwms_carsuo%3Fservice%3DWMS%26version%3D1.1.1%26request%3DgetCapabilities,NULL
1196,r_piemon:dl45po47-sh45-p44w-854d-58fdq6p9iu45,NULL,Web Map Service (WMS),https%3A%2F%2Fgeomap.reteunitaria.piemonte.it%2Fws%2Fagrigeo%2Frp-01%2Fcarpedwms%2Fwms_carped%3Fservice%3DWMS%26version%3D1.1.1%26request%3DgetCapabilities,NULL
1199,DAT-14-en,0,OGC:WMS,https%3A%2F%2Fimage.discomap.eea.europa.eu%2Farcgis%2Fservices%2FGioLandPublic%2FHRL_ImperviousnessDensity_2015%2FMapServer%2FWMSServer%3Fservice%3DWMS,Imperviousness Density 2015
1212,fao-species-map-yht,SPECIES_DIST_YHT,OGC:WMS-1.1.0-http-get-map,http%3A%2F%2Fwww.fao.org%2Ffishery%2Fgeoserver%2Fspecies%2Fows%3FSERVICE%3DWMS,FAO aquatic species distribution map of Ocythoe tuberculata (Tuberculate octopus)
1233,fao-fsa-map-47.1,FSA_47-1,OGC:WMS-1.1.0-http-get-map,http%3A%2F%2Fwww.fao.org%2Ffishery%2Fgeoserver%2Ffsa%2Fows%3FSERVICE%3DWMS,SUBAREA 47.1
1242,fcaa58a1-07ae-438f-a268-9f4e576aa892,RICCAR:vf,OGC:WMS-1.3.0-http-get-map,https%3A%2F%2Fio.apps.fao.org%2Fgeoserver%2Fwms,Vulnerability Assessment Output Indicators - Vulnerability (Future)
1293,9e808b73-b212-49e9-ae94-9588eb56406d,prod17,OGC:WMS,https%3A%2F%2Fwww.gonini.org%2Fgeoserver%2Fgonini%2Fwms%3Frequest%3DGetCapabilities,Suriname production 2017 (m3)
1306,78ad1bb8-27f2-48bf-93f7-1298be002980,NZ.HazardArea,OGC:WMS-1.1.1-http-get-map,https%3A%2F%2Fwms.mapama.gob.es%2Fsig%2FBiodiversidad%2FINESErosionEolica%2Fwms.aspx,Erosión Eólica
1309,8ebab619-0d7f-4320-adcc-8aac616d9ef8,Inspire View Services,HTTP:OGC:WMS,https%3A%2F%2Fresource.sgu.se%2Fservice%2Fwms%2Finspire%2FSO-Markgeokemi-atlas,Inspire visningstjänster
1314,fao-species-map-yxs,SPECIES_DIST_YXS,OGC:WMS-1.1.0-http-get-map,http%3A%2F%2Fwww.fao.org%2Ffishery%2Fgeoserver%2Fspecies%2Fows%3FSERVICE%3DWMS,FAO aquatic species distribution map of Ctenopteryx sicula (Toothed-fin squid)
1340,ebbdf610-2070-458b-8617-d37d64bc576f,TFW:MONTH:MONTH,OGC:WMS-1.3.0-http-get-map,https%3A%2F%2Fio.apps.fao.org%2Fgeoserver%2Fwms%2FWATER%2FK3_TF%2Fv2%3Fservice%3DWMS%26version%3D1.3.0%26request%3DGetCapabilities,Total Flow (K3)
1342,fao-fsa-nested-map-34,FSA-NESTED_34,OGC:WMS-1.1.0-http-get-map,http%3A%2F%2Fwww.fao.org%2Ffishery%2Fgeoserver%2Ffsa%2Fows%3FSERVICE%3DWMS,"ATLANTIC, EASTERN CENTRAL (Major Fishing Area 34) and its breakdown"
1378,fao-fsa-map-87.1.15,FSA_87-1-15,OGC:WMS-1.1.0-http-get-map,http%3A%2F%2Fwww.fao.org%2Ffishery%2Fgeoserver%2Ffsa%2Fows%3FSERVICE%3DWMS,SUBDIVISION 87.1.15
1392,fao-species-map-hqb,SPECIES_DIST_HQB,OGC:WMS-1.1.0-http-get-map,http%3A%2F%2Fwww.fao.org%2Ffishery%2Fgeoserver%2Fspecies%2Fows%3FSERVICE%3DWMS,FAO aquatic species distribution map of Histioteuthis bonnellii (Umbrella squid)
1403,Textúra-osztály-(USDA),WMS,ogc:wms,https%3A%2F%2Fmaps.rissac.hu%3A6443%2Farcgis%2Fservices%2Fdosoremi_web_mercator2%2FMapServer%2FWMSServer,NULL
1437,Bodemkundig-booronderzoek-BRO,WFS,ogc:wfs,http%3A%2F%2Fgeodata.nationaalgeoregister.nl%2Fbrobhr%2Fwfs%3F%26request%3DGetCapabilities,NULL
1441,c8592600-88fd-11da-a88f-000d939bc5d8,geonetwork:soilslop_3844,OGC:WMS-1.1.1-http-get-map,https%3A%2F%2Fdata.apps.fao.org%2Fmap%2Fgsrv%2Fgsrv1%2Fgeonetwork%2Fwms%3Fstyles%3Dgeonetwork_soilslop_3844_style,Soil and terrain suitability for ponds
1454,Bodemkaart-150.000,WFS,ogc:wfs,https%3A%2F%2Fgeodata.nationaalgeoregister.nl%2Fbodemkaart50000%2Fwfs%3Frequest%3DgetCapabilities%26service%3Dwfs,NULL
1474,10aa9a77-1433-11e9-a8fa-a0481ca9e724,gyga_af_agg_erzd_tetas__m_1km,OGC:WMS,https%3A%2F%2Fmaps.isric.org%2Fmapserv%3Fmap%3D%2Fmap%2Fgyga.map,NULL
1490,Dirvožemio-karbonatingumas-ir-rūgštingumas,WMS,ogc:wms,http%3A%2F%2F192.168.166.27%3A8080%2Fgeoserver%2FAtlasas_Tema-2%2Fwms%3Fservice%3DWMS%26version%3D1.1.0%26request%3DGetMap%26layers%3DAtlasas_Tema-2%3A22_5,NULL
1526,e00c65cd-7577-4ebe-a888-5eaf7930acf5,gsoc:sq1,OGC:WMS-1.1.1-http-get-map,https%3A%2F%2Fdata.apps.fao.org%2Fmap%2Fgsrv%2Fgsrv1%2Fgsoc%2Fwms%3Fservice%3DWMS%26version%3D1.3.0%26request%3DGetCapabilities,Soil Nutrient Availability (HWSD)
1534,10aa9ac9-1433-11e9-a8fa-a0481ca9e724,gyga_af_agg_erzd_awcpf23__m_1km,OGC:WMS,https%3A%2F%2Fmaps.isric.org%2Fmapserv%3Fmap%3D%2Fmap%2Fgyga.map,NULL
1544,613EC54D-F759-4F0F-A00B-55A307F43015,NULL,OGC:WMS-http-get-map,https%3A%2F%2Fwww.geoproxy.geoportal-th.de%2Fgeoproxy%2Fservices%2Fbodengeologie%3FSERVICE%3DWMS%26REQUEST%3DGetCapabilities%26VERSION%3D1.3.0,INSPIRE-WMS TH Bodengeologie
1560,Magyarország-Genetikus-Talajtérképe-1984,WMS,ogc:wms,http%3A%2F%2Fvektor.georgikon.hu%2Fmemnakh%2F,NULL
1571,Mésztartalom,"6,7,8",ogc:wms,https%3A%2F%2Fmaps.rissac.hu%3A6443%2Farcgis%2Fservices%2Fdosoremi_web_mercator2%2FMapServer%2FWMSServer,NULL
1579,Bodemprofielen-kartering-Belgische-bodemkaart,vw_profiel,OGC:WFS,https%3A%2F%2Fwww.dov.vlaanderen.be%2Fgeoserver%2Fdov-pub-aardewerk%2Fwfs%3F,WFS-endpoint Bodemprofielen kartering Belgische bodemkaart
1580,Bodemprofielen-kartering-Belgische-bodemkaart,dov-pub-aardewerk:vw_profiel,OGC:WFS-2.0.0-http-get-capabilities,https%3A%2F%2Fwww.dov.vlaanderen.be%2Fgeoserver%2Fdov-pub-aardewerk%2Fwfs%3FSERVICE%3DWFS%26version%3D2.0.0%26request%3DGetCapabilities,WFS-capabilities Bodemprofielen kartering Belgische bodemkaart
1581,Bodemprofielen-kartering-Belgische-bodemkaart,vw_profiel,OGC:WMS-1.3.0-http-get-capabilities,https%3A%2F%2Fwww.dov.vlaanderen.be%2Fgeoserver%2Fdov-pub-aardewerk%2Fwms%3FSERVICE%3DWMS%26version%3D1.3.0%26request%3DGetCapabilities,WMS-capabilities Bodemprofielen kartering Belgische bodemkaart
1583,Bodemprofielen-kartering-Belgische-bodemkaart,vw_profiel,OGC:WMS-1.3.0-http-get-map,https%3A%2F%2Fwww.dov.vlaanderen.be%2Fgeoserver%2Fdov-pub-aardewerk%2Fwms%3FSERVICE%3DWMS%26version%3D1.3.0%26request%3DGetMap,WMS-map Bodemprofielen kartering Belgische bodemkaart
1584,Bodemprofielen-kartering-Belgische-bodemkaart,vw_profiel,OGC:WMS,https%3A%2F%2Fwww.dov.vlaanderen.be%2Fgeoserver%2Fdov-pub-aardewerk%2Fwms%3F,WMS-endpoint Bodemprofielen kartering Belgische bodemkaart
1585,Bodemprofielen-kartering-Belgische-bodemkaart,vw_profiel,OGC:WFS-2.0.0-http-get-feature,https%3A%2F%2Fwww.dov.vlaanderen.be%2Fgeoserver%2Fdov-pub-aardewerk%2Fwfs%3FSERVICE%3DWFS%26version%3D2.0.0%26request%3DGetFeature%26count%3D1%26typeName%3Dvw_profiel,WFS-feature Bodemprofielen kartering Belgische bodemkaart
1586,Bodemprofielen-kartering-Belgische-bodemkaart,vw_profiel,ogc:wms,https%3A%2F%2Fwww.dov.vlaanderen.be%2Fgeoserver%2Fdov-pub-aardewerk%2Fwms%3Flayers%3Dvw_profiel,"De dataset 'Bodemprofielen kartering Belgische bodemkaart' bevat de relevantste informatie van alle bodemprofielen  uit de Aardewerk-Vlaanderen-2010 databank. Voor een volledige weergave van alle attribuutinformatie van de bodemprofielen wordt verwezen naar de volledige Aardewerk-Vlaanderen-2010 databank. Aardewerk-Vlaanderen-2010 is een databank met de beschrijving en analyseresultaten van 7.020 bodemprofielen en 42.529 geassocieerde bodemhorizonten, aangevuld met 9.281 oppervlaktemonsters, allen gesitueerd op het grondgebied Vlaanderen en Brussel. Deze gegevens (143 variabelen) werden verzameld tijdens de systematische bodemprofielstudie, die tussen 1949 en 1971 werd uitgevoerd in België, onder auspiciën van het Instituut tot aanmoediging van het Wetenschappelijk Onderzoek in Nijverheid en Landbouw. Het Centrum voor Grondonderzoek van de Rijksuniversiteit Gent met afdelingen aan de Katholieke Universiteit Leuven en de Facultés des Sciences Agronomiques de Gembloux stond in voor de realisatie van deze studie."
1587,Bodemprofielen-kartering-Belgische-bodemkaart,WFS,ogc:wfs,https%3A%2F%2Fwww.dov.vlaanderen.be%2Fgeoserver%2Fwms%3FSERVICE%3DWMS%26version%3D1.3.0%26request%3DGetMap,NULL
1637,R_SARDEG:a1ee50f3-66ab-425d-997e-5fdc288163fd,NULL,Web Map Service (WMS),https%3A%2F%2Fwebgis.regione.sardegna.it%2Fgeoserver%2Fows%3Fservice%3DWMS%26version%3D1.3.0%26request%3DGetCapabilities,NULL
1641,Statut-acido-basique-(pHCaCl2),WMS,ogc:wms,http%3A%2F%2Fws.geoportail.lu%2F250k,NULL
1750,Soil-map-of-the-Republic-of-Bulgaria-in-scale-1200-000,WMS,ogc:wms,http%3A%2F%2F212.72.204.94%3A8080%2Fgeoserver%2Fbgsoil%2Fwms%3Fservice%3D,NULL
2803,766ffdf4-286e-4c4c-b61f-10ffffd0f5ae,gsoc:S_OC,OGC:WMS-1.3.0-http-get-map,https%3A%2F%2Fdata.apps.fao.org%2Fmap%2Fgsrv%2Fgsrv1%2Fgsoc%2Fwms%3Fservice%3DWMS%26version%3D1.3.0%26request%3DGetCapabilities,Subsoil Organic Carbon
1656,1225064d-df0d-4128-876e-8de0ee22bad8,AET:MONTH:MONTH,OGC:WMS-1.3.0-http-get-map,https%3A%2F%2Fio.apps.fao.org%2Fgeoserver%2Fwms%2FWATER%2FPHL1_ET%2Fv2%3Fservice%3DWMS%26version%3D1.3.0%26request%3DGetCapabilities,Actual EvapoTranspiration (Mindanao)
1669,57af3675-efc5-453b-bd66-c9be4a4a0c16,NULL,OGC:WMS,https%3A%2F%2Fservice.pdok.nl%2Fbzk%2Fbodem%2Fbro-bodemkundig-booronderzoek%2Fwms%2Fv1_0%3Frequest%3DGetCapabilities%26service%3DWMS,NULL
1676,7400a9d7-7bf1-48da-8d81-a38e75723ea5,SO.ObservedSoilProfile,OGC:WMS,https%3A%2F%2Fservice.pdok.nl%2Fbzk%2Fbodem%2Fbro-wandonderzoek%2Fwms%2Fv1_0%3FService%3DWMS%26Request%3DGetCapabilities,NULL
1683,8fc780e2-1c12-4047-943d-7f884361b6a3,k2_smsat_hihdrosoils,OGC:WMS-1.3.0-http-get-map,https%3A%2F%2Fdata.apps.fao.org%2Fmap%2Fgsrv%2Fgsrv1%2Fadb%2Fwms,Saturated Soil Water Content (K2)
1688,13903459-06c0-4db8-90e1-6c9a75f1edeb,PERCO:MONTH:MONTH,OGC:WMS-1.3.0-http-get-map,https%3A%2F%2Fio.apps.fao.org%2Fgeoserver%2Fwms%2FWATER%2FK2_PERCO%2Fv2%3Fservice%3DWMS%26version%3D1.3.0%26request%3DGetCapabilities,Percolation (K2)
1698,edcd248c-2781-4108-a437-2a700908887e,0,ogc:wms,https%3A%2F%2Fservices.bgr.de%2Fwms%2Fboden%2Fwe1000%2F%3F,"Die Karte der effektiven Durchwurzelungstiefe der Böden in Deutschland gibt einen Überblick über den durchwurzelbaren Raum unterhalb der Geländeoberfläche. Die effektive Durchwurzelungstiefe (We) ist die potentielle Ausschöpftiefe des pflanzenverfügbaren Bodenwassers (in dm), das durch Pflanzenwurzeln in Trockenjahren dem Boden maximal entzogen werden kann. Die Karte der effektiven Durchwurzelungstiefe basiert auf der Auswertung der nutzungsdifferenzierten Bodenübersichtskarte 1:1.000.000 (BUEK1000N) und zeigt die metrisch skalierte Größe in klassifizierter Form. Die Methode ist in der Bodenkundlichen Kartieranleitung (KA4) und in der Methodendokumentation Bodenkunde der Ad-hoc-AG Boden veröffentlicht. Als Landnutzungsdatensatz und zur nutzungsabhängigen Differenzierung der Profildaten werden die Daten CORINE Land Cover Projektes (2006) genutzt."
1731,Digitale-bodemkaart-van-het-Vlaams-Gewest-bodemtypes,bodemtypes,OGC:WFS,https%3A%2F%2Fwww.dov.vlaanderen.be%2Fgeoserver%2Fbodemkaart%2Fwfs%3F,WFS-endpoint Digitale bodemkaart van het Vlaams Gewest: bodemtypes
1733,Digitale-bodemkaart-van-het-Vlaams-Gewest-bodemtypes,bodemkaart:bodemtypes,OGC:WFS-2.0.0-http-get-capabilities,https%3A%2F%2Fwww.dov.vlaanderen.be%2Fgeoserver%2Fbodemkaart%2Fwfs%3FSERVICE%3DWFS%26version%3D2.0.0%26request%3DGetCapabilities,WFS-capabilities Digitale bodemkaart van het Vlaams Gewest: bodemtypes
1734,Digitale-bodemkaart-van-het-Vlaams-Gewest-bodemtypes,bodemtypes,OGC:WMS-1.3.0-http-get-capabilities,https%3A%2F%2Fwww.dov.vlaanderen.be%2Fgeoserver%2Fbodemkaart%2Fwms%3FSERVICE%3DWMS%26version%3D1.3.0%26request%3DGetCapabilities,WMS-capabilities Digitale bodemkaart van het Vlaams Gewest: bodemtypes
1736,Digitale-bodemkaart-van-het-Vlaams-Gewest-bodemtypes,bodemtypes,OGC:WMS-1.3.0-http-get-map,https%3A%2F%2Fwww.dov.vlaanderen.be%2Fgeoserver%2Fbodemkaart%2Fwms%3FSERVICE%3DWMS%26version%3D1.3.0%26request%3DGetMap,WMS-map Digitale bodemkaart van het Vlaams Gewest: bodemtypes
1737,Digitale-bodemkaart-van-het-Vlaams-Gewest-bodemtypes,bodemtypes,OGC:WMS,https%3A%2F%2Fwww.dov.vlaanderen.be%2Fgeoserver%2Fbodemkaart%2Fwms%3F,WMS-endpoint Digitale bodemkaart van het Vlaams Gewest: bodemtypes
1739,Digitale-bodemkaart-van-het-Vlaams-Gewest-bodemtypes,bodemtypes,OGC:WFS-2.0.0-http-get-feature,https%3A%2F%2Fwww.dov.vlaanderen.be%2Fgeoserver%2Fbodemkaart%2Fwfs%3FSERVICE%3DWFS%26version%3D2.0.0%26request%3DGetFeature%26count%3D1%26typeName%3Dbodemtypes,WFS-feature Digitale bodemkaart van het Vlaams Gewest: bodemtypes
1742,Digitale-bodemkaart-van-het-Vlaams-Gewest-bodemtypes,bodemtypes,ogc:wms,https%3A%2F%2Fwww.dov.vlaanderen.be%2Fgeoserver%2Fbodemkaart%2Fwms%3Flayers%3Dbodemtypes,"https://www.dov.vlaanderen.be/page/bodemkaarten
Digitale vectoriële dataset van de analoge Bodemkaart van België voor het grondgebied van Vlaanderen.
Alle kaartelementen van de analoge kaarten (gepubliceerd op kaartschaal 1: 20 000) zijn zorgvuldig manueel gedigitaliseerd en voorzien van een code, overeenkomstig het gebruikte classificatiesysteem: morfogenetisch voor binnen-Vlaanderen (substraat, textuurklasse, drainageklasse, profielontwikkelingsgroep, fase en variante) en geomorfologisch voor de Kuststreek (substraat, serie, subserie, type, subtype en variante).
De digitale versie van de bodemkaart is vrijwel systematisch gecontroleerd t.o.v. de analoge bodemkaarten. De polygonen werden ingekleurd zoals op de analoge bodemkaart. Waar beschikbaar zijn voor elk bodemtype de algemene kenmerken  (Van Ranst E. en Sys C., 2000) en foto's van een representatief bodemprofiel en representatieve omgevingen weergegeven. Tenslotte bestaat voor elke polygoon de mogelijkheid om de scan van het analoge bodemkaartblad, het toelichtingsboekje en de basiskaarten op schaal 1:5000 op te roepen.
Deze dataset is omwille van de visualisatie onderverdeeld in 5 kaartlagen bij publicatie in de bodemverkenner: bodemtypes, substraten, fasen, varianten van het moedermateriaal en de profielontwikkeling. De kaartlaag met de bodemtypes bevat ook al de attributen van de andere kaartlagen. De bodemkaart werd in juni 2017 geupdate met enkele militaire domeinen en een unibodemtype voor de classficatie van de zeepolders en verschillende fouten werden verbeterd."
1743,Digitale-bodemkaart-van-het-Vlaams-Gewest-bodemtypes,WFS,ogc:wfs,https%3A%2F%2Fwww.dov.vlaanderen.be%2Fgeoserver%2Fwfs%3F,NULL
1756,ee272e7a-4388-48ee-9196-0aa9f45d9131,TFW:MONTH:MONTH,OGC:WMS-1.3.0-http-get-map,https%3A%2F%2Fio.apps.fao.org%2Fgeoserver%2Fwms%2FWATER%2FLBN_LIT_TF%2Fv2%3Frequest%3DGetCapabilities%26service%3DWMS%26version%3D1.1.1,"Total flow (Litani River Basin, Lebanon - Monthly - 100m)"
1829,160635,INSPIRE prohlížecí služba (CS),OGC:WMS-1.3.0-http-get-capabilities,https%3A%2F%2Fmapy.geology.cz%2Farcgis%2Fservices%2FPudy%2Fpudni_typy50%2FMapServer%2FWmsServer%3FSERVICE%3DWMS%26REQUEST%3DGetCapabilities,NULL
1843,160636,INSPIRE prohlížecí služba (CS),OGC:WMS-1.3.0-http-get-capabilities,https%3A%2F%2Fmapy.geology.cz%2Farcgis%2Fservices%2FPudy%2Fpudni_typy50%2FMapServer%2FWmsServer%3FSERVICE%3DWMS%26REQUEST%3DGetCapabilities,NULL
1845,9f51ffea-549b-48a7-9d6e-19cf7c84cc40,NULL,OGC:WMS,https%3A%2F%2Fkart.miljodirektoratet.no%2Farcgis%2Fservices%2Fgrunnforurensning2%2FMapServer%2FWMSServer%3Fservice%3Dwms%26version%3D1.3.0%26request%3Dgetcapabilities,NULL
1847,40db0008-f365-43ca-953d-cabdcadc24a5,gsoc:sq5,OGC:WMS-1.1.1-http-get-map,https%3A%2F%2Fdata.apps.fao.org%2Fmap%2Fgsrv%2Fgsrv1%2Fgsoc%2Fwms%3Fservice%3DWMS%26version%3D1.3.0%26request%3DGetCapabilities,Soil Quality: Excess Salts (HWSD)
1871,cc0ebca9-0df9-4061-a338-6ffec9e9acb4,AWC_CLASS,OGC:WMS-1.3.0-http-get-map,https%3A%2F%2Fdata.apps.fao.org%2Fmap%2Fgsrv%2Fgsrv1%2Fgsoc%2Fwms%3Fservice%3DWMS%26version%3D1.3.0%26request%3DGetCapabilities,Available Water Storage Capacity
1887,arls_031:m10809-cc-i11459,NULL,Web Feature Service (WFS),https%3A%2F%2Fserviziogc.regione.fvg.it%2Fgeoserver%2FERSA%2Fwfs%3Frequest%3DGetCapabilities%26service%3Dwfs%26version%3D2.0.0,NULL
1888,arls_031:m10809-cc-i11459,NULL,Web Map Service (WMS),https%3A%2F%2Fserviziogc.regione.fvg.it%2Fgeoserver%2FERSA%2Fwms%3Frequest%3DGetCapabilities%26service%3Dwms%26version%3D1.3.0,NULL
1908,arls_031:m10914-cc-i11787,NULL,Web Map Service (WMS),https%3A%2F%2Fserviziogc.regione.fvg.it%2Fgeoserver%2FERSA%2Fwms%3Frequest%3DGetCapabilities%26service%3Dwms%26version%3D1.1.1,NULL
1909,arls_031:m10914-cc-i11787,NULL,Web Feature Service (WFS),https%3A%2F%2Fserviziogc.regione.fvg.it%2Fgeoserver%2FERSA%2Fwfs%3Frequest%3DGetCapabilities%26service%3Dwfs%26version%3D1.0.0,NULL
1926,f837ee4a-089a-4a08-b0a7-8711db9020ed,SMO:MONTH:MONTH,OGC:WMS-1.3.0-http-get-map,https%3A%2F%2Fio.apps.fao.org%2Fgeoserver%2Fwms%2FWATER%2FK4_SM%2Fv2%3Fservice%3DWMS%26version%3D1.3.0%26request%3DGetCapabilities,Soil Moisture (K4)
1930,80b4d4fc-260e-44c2-96e1-9ac732e82fa9,SMO:MONTH:MONTH,OGC:WMS-1.3.0-http-get-map,https%3A%2F%2Fio.apps.fao.org%2Fgeoserver%2Fwms%2FWATER%2FK2_SM%2Fv2%3Fservice%3DWMS%26version%3D1.3.0%26request%3DGetCapabilities,Soil moisture (K2)
1936,2158ab2e-7f23-4b63-a64e-beb7504687cf,SMO:MONTH:MONTH,OGC:WMS-1.3.0-http-get-map,https%3A%2F%2Fio.apps.fao.org%2Fgeoserver%2Fwms%2FWATER%2FK3_SM%2Fv2%3Fservice%3DWMS%26version%3D1.3.0%26request%3DGetCapabilities,Soil Moisture (K3)
1939,290d3e5d-e173-4f6b-8831-053b819d75fc,af250m_nutrient_na_m_agg30cm,OGC:WMS,https%3A%2F%2Fmaps.isric.org%2Fmapserv%3Fmap%3D%2Fmap%2Faf250m_nutrient.map,NULL
2838,d9cc67ba-5491-4640-86ac-b8d392250270,NULL,OGC:WMS,https%3A%2F%2Fservice.pdok.nl%2Fbzk%2Fbro-bodemkaart%2Fwms%2Fv1_0%3Frequest%3DgetCapabilities%26service%3DWMS,NULL
1954,713396fa-1687-11ea-a7c0-a0481ca9e724,sand_0-5cm_mean,OGC:WMS,https%3A%2F%2Fmaps.isric.org%2Fmapserv%3Fmap%3D%2Fmap%2Fsand.map,NULL
1991,8496a379-8d1e-11e9-8046-0cc47adaa92c,:wosis_latest_elco25,OGC:WFS,https%3A%2F%2Fmaps.isric.org%2Fmapserv%3Fmap%3D%2Fmap%2Fwosis_latest.map,WoSIS latest - Electrical conductivity - ratio 1:2.5
1994,8496a379-8d1e-11e9-8046-0cc47adaa92c,wosis_latest_elco25,OGC:WMS,https%3A%2F%2Fmaps.isric.org%2Fmapserv%3Fmap%3D%2Fmap%2Fwosis_latest.map,WoSIS latest - Electrical conductivity - ratio 1:2.5
1997,2914d11a-1189-4aea-8006-7cb21a7dec6d,cambodia_tonlesap_smsat_hihydrosoils,OGC:WMS-1.3.0-http-get-map,https%3A%2F%2Fdata.apps.fao.org%2Fmap%2Fgsrv%2Fgsrv1%2Fadb%2Fwms,Saturated Soil Water Content (Tonle Sap)
1998,https://www.dov.vlaanderen.be/geonetwork/srv/metadata/298d34a4-d459-4fc8-a9be-e8e26cd9b354,so_potbdmerosiepp_2020,OGC:WFS,https%3A%2F%2Fwww.dov.vlaanderen.be%2Fgeoserver%2Ferosie%2Fwfs%3F,WFS-endpoint Potentiële bodemerosiekaart per perceel (2020)
1999,https://www.dov.vlaanderen.be/geonetwork/srv/metadata/298d34a4-d459-4fc8-a9be-e8e26cd9b354,erosie:so_potbdmerosiepp_2020,OGC:WFS-2.0.0-http-get-capabilities,https%3A%2F%2Fwww.dov.vlaanderen.be%2Fgeoserver%2Ferosie%2Fwfs%3FSERVICE%3DWFS%26version%3D2.0.0%26request%3DGetCapabilities,WFS-capabilities Potentiële bodemerosiekaart per perceel (2020)
2000,https://www.dov.vlaanderen.be/geonetwork/srv/metadata/298d34a4-d459-4fc8-a9be-e8e26cd9b354,so_potbdmerosiepp_2020,OGC:WMS-1.3.0-http-get-capabilities,https%3A%2F%2Fwww.dov.vlaanderen.be%2Fgeoserver%2Ferosie%2Fwms%3FSERVICE%3DWMS%26version%3D1.3.0%26request%3DGetCapabilities,WMS-capabilities Potentiële bodemerosiekaart per perceel (2020)
2002,https://www.dov.vlaanderen.be/geonetwork/srv/metadata/298d34a4-d459-4fc8-a9be-e8e26cd9b354,so_potbdmerosiepp_2020,OGC:WMS-1.3.0-http-get-map,https%3A%2F%2Fwww.dov.vlaanderen.be%2Fgeoserver%2Ferosie%2Fwms%3FSERVICE%3DWMS%26version%3D1.3.0%26request%3DGetMap,WMS-map Potentiële bodemerosiekaart per perceel (2020)
2003,https://www.dov.vlaanderen.be/geonetwork/srv/metadata/298d34a4-d459-4fc8-a9be-e8e26cd9b354,so_potbdmerosiepp_2020,OGC:WMS,https%3A%2F%2Fwww.dov.vlaanderen.be%2Fgeoserver%2Ferosie%2Fwms%3F,WMS-endpoint Potentiële bodemerosiekaart per perceel (2020)
2004,https://www.dov.vlaanderen.be/geonetwork/srv/metadata/298d34a4-d459-4fc8-a9be-e8e26cd9b354,so_potbdmerosiepp_2020,OGC:WFS-2.0.0-http-get-feature,https%3A%2F%2Fwww.dov.vlaanderen.be%2Fgeoserver%2Ferosie%2Fwfs%3FSERVICE%3DWFS%26version%3D2.0.0%26request%3DGetFeature%26count%3D1%26typeName%3Dso_potbdmerosiepp_2020,WFS-feature Potentiële bodemerosiekaart per perceel (2020)
2013,3e71182f-c446-4ebb-a272-ce17dffcd60f,philipines_mindano_topsoil,OGC:WMS-1.3.0-http-get-map,https%3A%2F%2Fdata.apps.fao.org%2Fmap%2Fgsrv%2Fgsrv1%2Fadb%2Fwms,Saturated Soil Water Content (Mindanao
2019,b434b52d-6c42-482f-b9ea-afaa57419f2f,Agricultural Soil Map of Austria - Full Soil Code from the World Reference Base (WRB Full),OGC:WMS,https%3A%2F%2Finspire.lfrz.gv.at%2F000604%2Fwms%3Fversion%3D1.3.0%26request%3DGetCapabilities,Agricultural Soil Map of Austria - Full Soil Code from the World Reference Base (WRB Full)
2022,583ec4d9-a375-4c69-a91d-033f28451dec,topsoil_niger,OGC:WMS-1.3.0-http-get-map,https%3A%2F%2Fdata.apps.fao.org%2Fmap%2Fgsrv%2Fgsrv1%2Fwater_accounting%2Fwms,Saturated Soil Water Content (Niger River Basin - 100m)
2023,https://www.dov.vlaanderen.be/geonetwork/srv/metadata/692a9efb-8509-4a6f-a3be-6887f969867d,erosiebestrijding_gemeente,OGC:WFS,https%3A%2F%2Fwww.dov.vlaanderen.be%2Fgeoserver%2Ferosie%2Fwfs%3F,WFS-endpoint Kleinschalige erosiebestrijdingswerken
2024,https://www.dov.vlaanderen.be/geonetwork/srv/metadata/692a9efb-8509-4a6f-a3be-6887f969867d,erosie:erosiebestrijding_gemeente,OGC:WFS-2.0.0-http-get-capabilities,https%3A%2F%2Fwww.dov.vlaanderen.be%2Fgeoserver%2Ferosie%2Fwfs%3FSERVICE%3DWFS%26version%3D2.0.0%26request%3DGetCapabilities,WFS-capabilities Kleinschalige erosiebestrijdingswerken
2025,https://www.dov.vlaanderen.be/geonetwork/srv/metadata/692a9efb-8509-4a6f-a3be-6887f969867d,erosiebestrijding_gemeente,OGC:WMS-1.3.0-http-get-capabilities,https%3A%2F%2Fwww.dov.vlaanderen.be%2Fgeoserver%2Ferosie%2Fwms%3FSERVICE%3DWMS%26version%3D1.3.0%26request%3DGetCapabilities,WMS-capabilities Kleinschalige erosiebestrijdingswerken
2027,https://www.dov.vlaanderen.be/geonetwork/srv/metadata/692a9efb-8509-4a6f-a3be-6887f969867d,erosiebestrijding_gemeente,OGC:WMS-1.3.0-http-get-map,https%3A%2F%2Fwww.dov.vlaanderen.be%2Fgeoserver%2Ferosie%2Fwms%3FSERVICE%3DWMS%26version%3D1.3.0%26request%3DGetMap,WMS-map Kleinschalige erosiebestrijdingswerken
2028,https://www.dov.vlaanderen.be/geonetwork/srv/metadata/692a9efb-8509-4a6f-a3be-6887f969867d,erosiebestrijding_gemeente,OGC:WMS,https%3A%2F%2Fwww.dov.vlaanderen.be%2Fgeoserver%2Ferosie%2Fwms%3F,WMS-endpoint Kleinschalige erosiebestrijdingswerken
2029,https://www.dov.vlaanderen.be/geonetwork/srv/metadata/692a9efb-8509-4a6f-a3be-6887f969867d,erosiebestrijding_gemeente,OGC:WFS-2.0.0-http-get-feature,https%3A%2F%2Fwww.dov.vlaanderen.be%2Fgeoserver%2Ferosie%2Fwfs%3FSERVICE%3DWFS%26version%3D2.0.0%26request%3DGetFeature%26count%3D1%26typeName%3Derosiebestrijding_gemeente,WFS-feature Kleinschalige erosiebestrijdingswerken
2078,b47d2800-713c-4cd9-bd34-016161ef806e,SOLAW:fig02_06_37990,OGC:WMS-1.1.1-http-get-map,https%3A%2F%2Fdata.apps.fao.org%2Fmap%2Fgsrv%2Fgsrv1%2Fsolaw%2Fwms%3Fstyles%3Dsolaw_fig02_06_37990_style,Dominant soil and terrain constraints for low input farming
2079,ca9c0ed7-4a2c-42a4-803c-fdf04c76b74e,WATER_MM:DEKAD:10-DAYS,OGC:WMS-1.3.0-http-get-map,https%3A%2F%2Fio.apps.fao.org%2Fgeoserver%2Fwms%2FWAPOR_2%2FL3_LAM_AETI_D%2Fv2%3Fservice%3DWMS%26version%3D1.3.0%26request%3DGetCapabilities,Actual EvapoTranspiration and Interception (Lamego
2092,b756dabe-a331-42cd-b45e-f61828ee4534,Model Grondwaterspiegeldiepte (WDM) WMS,OGC:WMS,https%3A%2F%2Fservice.pdok.nl%2Fbzk%2Fbro-grondwaterspiegeldiepte%2Fwms%2Fv1_0%3Frequest%3DGetCapabilities%26service%3DWMS,BRO Grondwaterspiegeldieptemodel
2096,1a8f1290-f75a-4c86-bf7a-7b44d03089c3,:wosis_latest_silt,OGC:WFS,https%3A%2F%2Fmaps.isric.org%2Fmapserv%3Fmap%3D%2Fmap%2Fwosis_latest.map,WoSIS latest - Silt total
2099,1a8f1290-f75a-4c86-bf7a-7b44d03089c3,wosis_latest_silt,OGC:WMS,https%3A%2F%2Fmaps.isric.org%2Fmapserv%3Fmap%3D%2Fmap%2Fwosis_latest.map,WoSIS latest - Silt total
2103,b7725746-b5ef-46db-add4-d61a6cc3b8d3,Service de visualisation WMS,OGC:WMS,https%3A%2F%2Fgeoservices.wallonie.be%2Farcgis%2Fservices%2FSOL_SOUS_SOL%2FCARBIOSOL%2FMapServer%2FWMSServer%3Frequest%3DGetCapabilities%26service%3DWMS,Adresse de connexion au service de visualisation WMS de la couche de données CARBIOSOL - Teneurs prédites en Carbone organique total - période 1949-1972
2104,b7725746-b5ef-46db-add4-d61a6cc3b8d3,INSPIRE - Sols en Wallonie (BE) - Service de visualisation WMS,OGC:WMS,https%3A%2F%2Fgeoservices.wallonie.be%2FINSPIRE%2FWMS%2FSO%2FMapServer%2FWMSServer%3Frequest%3DGetCapabilities%26service%3DWMS,NULL
2111,bf6483f0-88fd-11da-a88f-000d939bc5d8,geonetwork:watav_3830,OGC:WMS-1.1.1-http-get-map,https%3A%2F%2Fdata.apps.fao.org%2Fmap%2Fgsrv%2Fgsrv1%2Fgeonetwork%2Fwms%3Fstyles%3Dgeonetwork_watav_3830_style,Water availability
2126,598a72eb-b2c9-48ef-aac0-76e1cd1d5c62,WATER_MM:MONTH:MONTH,OGC:WMS-1.3.0-http-get-map,https%3A%2F%2Fio.apps.fao.org%2Fgeoserver%2Fwms%2FWAPOR_2%2FL3_LAM_AETI_M%2Fv2%3Fservice%3DWMS%26version%3D1.3.0%26request%3DGetCapabilities,Actual EvapoTranspiration and Interception (Lamego
2134,Soils-of-Scotland-map-Extend-125.000,WMS,ogc:wms,http%3A%2F%2Fdruid.hutton.ac.uk%2Farcgis%2Fservices%2FHutton_Map_Extents_WGS84%2FMapServer%2FWMSServer%3F,NULL
2139,be8658f0-88fd-11da-a88f-000d939bc5d8,geonetwork:s_tlsub1_3809,OGC:WMS-1.1.1-http-get-map,https%3A%2F%2Fdata.apps.fao.org%2Fmap%2Fgsrv%2Fgsrv1%2Fgeonetwork%2Fwms%3Fstyles%3Dgeonetwork_s_tlsub1_3809_style,Suitability for small-scale farming and potential yield (crops/y) of Nile tilapia
2148,c1251fb0-88fd-11da-a88f-000d939bc5d8,geonetwork:waterlos_3796,OGC:WMS-1.1.1-http-get-map,https%3A%2F%2Fdata.apps.fao.org%2Fmap%2Fgsrv%2Fgsrv1%2Fgeonetwork%2Fwms%3Fstyles%3Dgeonetwork_waterlos_3796_style,Soil suitability for ponds
2150,c63d8ce7-e8e9-41e8-891c-fc4b6ca59b50,WATER_MM:MONTH:MONTH,OGC:WMS-1.3.0-http-get-map,https%3A%2F%2Fio.apps.fao.org%2Fgeoserver%2Fwms%2FWAPOR_2%2FL3_AWA_AETI_M%2Fv2%3Fservice%3DWMS%26version%3D1.3.0%26request%3DGetCapabilities,Actual EvapoTranspiration and Interception (Awash
2152,a6cfb408-751e-41a1-9840-425ad2764fdc,WATER_MM:DEKAD:10-DAYS,OGC:WMS-1.3.0-http-get-map,https%3A%2F%2Fio.apps.fao.org%2Fgeoserver%2Fwms%2FWAPOR_2%2FL1_T_D%2Fv2%3Fservice%3DWMS%26version%3D1.3.0%26request%3DGetCapabilities,Transpiration (Dekadal)
2155,c880cf24-7c72-4b18-80b7-2801612cb5f7,WATER_MM:DEKAD:10-DAYS,OGC:WMS-1.3.0-http-get-map,https%3A%2F%2Fio.apps.fao.org%2Fgeoserver%2Fwms%2FWAPOR_2%2FL3_GEZ_T_D%2Fv2%3Fservice%3DWMS%26version%3D1.3.0%26request%3DGetCapabilities,Transpiration (Gezira
2158,dc75ccdf-46c6-46a8-838b-6cfb3a99d234,WATER_MM:YEAR:YEAR,OGC:WMS-1.3.0-http-get-map,https%3A%2F%2Fio.apps.fao.org%2Fgeoserver%2Fwms%2FWAPOR_2%2FL3_MUV_AETI_A%2Fv2%3Fservice%3DWMS%26version%3D1.3.0%26request%3DGetCapabilities,Actual EvapoTranspiration and Interception (Muvumba catchment
2180,95cd1b86-ca5c-43f3-aa65-8615311dfcba,WPR:YEAR:YEAR,OGC:WMS-1.3.0-http-get-map,https%3A%2F%2Fio.apps.fao.org%2Fgeoserver%2Fwms%2FWAPOR_2%2FL3_MAL_GBWP_S%2Fv2%3Fservice%3DWMS%26version%3D1.3.0%26request%3DGetCapabilities,Gross Biomass Water Productivity (Malwathu Oya West Sub Catchment
2196,r_friuve:m3972-cc-i1476,NULL,Web Feature Service (WFS),https%3A%2F%2Fserviziogc.regione.fvg.it%2Fgeoserver%2FCAR_GEO%2Fwfs%3Frequest%3DGetCapabilities%26service%3Dwfs%26version%3D2.0.0,NULL
2197,r_friuve:m3972-cc-i1476,NULL,Web Map Service (WMS),https%3A%2F%2Fserviziogc.regione.fvg.it%2Fgeoserver%2FCAR_GEO%2Fwms%3Frequest%3DGetCapabilities%26service%3Dwms%26version%3D1.3.0,NULL
2204,e54d9152-a27d-4eb3-8779-7906dcb9fe32,RICCAR:romf,OGC:WMS-1.3.0-http-get-map,https%3A%2F%2Fio.apps.fao.org%2Fgeoserver%2Fwms,RHM Ensemble - Monthly Runoff (Future)
2227,72215668-589f-4631-8003-bfa9cafafb2e,RICCAR:roaf,OGC:WMS-1.3.0-http-get-map,https%3A%2F%2Fio.apps.fao.org%2Fgeoserver%2Fwms,RHM Ensemble - Annual Runoff (Future)
2318,bb9ad1c0-88fd-11da-a88f-000d939bc5d8,AQUAMAPS:hwsd_smax,OGC:WMS-1.1.1-http-get-map,https%3A%2F%2Fio.apps.fao.org%2Fgeoserver%2Fwms,Maximum available soil moisture (mm/m)
2322,Erozijos-intensyvumas,WMS,ogc:wms,http%3A%2F%2F192.168.166.27%3A8080%2Fgeoserver%2FAtlasas_Tema-2%2Fwms%3Fservice%3DWMS%26version%3D1.1.0%26request%3DGetMap%26layers%3DAtlasas_Tema-2%3A23_1,NULL
2328,fffdf08f-8ee8-4802-8354-5e6df694b0c7,6,OGC:WMS,https%3A%2F%2Fservices.bgr.de%2Fwms%2Fboden%2Fbodenstoffe%2F%3FSERVICE%3DWMS%26REQUEST%3DGetCapabilities,"In mehreren Forschungsvorhaben wurde ein Konzept zur Ableitung von flächenhaft repräsentativen Hintergrundwerten für Ober- und Unterböden sowie für den Untergrund entwickelt und angewendet. Das Konzept beruht auf einer Zuordnung der 69 bodenkundlichen Legendeneinheiten der BÜK1000N, Version 2.31, zu 15 Bodenausgangsgesteinsgruppen. Außerdem wird für Oberböden zusätzlich nach Landnutzung differenziert. Zur Schaffung eines Datensatzes mit entsprechenden Punktinformationen wurden unterschiedliche Datenbestände aus den Ländern und vom Bund nach Abgleich gegenüber den Mindestanforderungen und inhaltlicher Harmonisierung zusammengeführt. Auf der Grundlage von ca. 5000 harmonisierten Profildaten konnten repräsentative Hintergrundwerte anorganischer Spurenstoffe für Ober- und Unterböden sowie den Untergrund mit einer Flächendeckung von ca. 90% der Bundesrepublik abgeleitet werden und diese werden in der Karte dargestellt. Das genaue Vorgehen bei der Ableitung ist dem Bericht der LABO-Bund/Länder-Arbeitsgemeinschaft Bodenschutz (2003): 'Hintergrundwerte für anorganische und organische Stoffe in Böden, 3. überarbeitete und ergänzte Auflage', zu entnehmen."
2335,fffdf08f-8ee8-4802-8354-5e6df694b0c7,"4,6,13,20,27,34,41,48,55,62,69,76,83,90,97,104",ogc:wms,https%3A%2F%2Fservices.bgr.de%2Fwms%2Fboden%2Fbodenstoffe%2F%3FSERVICE%3DWMS%26REQUEST%3DGetCapabilities,NULL
2384,bc4277fe-7d0b-4d5e-9782-cccb1753f5f5,NULL,OGC:WMS,https%3A%2F%2Fservice.pdok.nl%2Fbzk%2Fbro-wandonderzoek%2Fwms%2Fv1_0%3Frequest%3DGetCapabilities%26service%3DWMS,NULL
2394,ba709b9e-79a8-43f6-97b7-6a763bf1cadf,gsoc:S_CEC_CLAY,OGC:WMS-1.3.0-http-get-map,https%3A%2F%2Fdata.apps.fao.org%2Fmap%2Fgsrv%2Fgsrv1%2Fgsoc%2Fwms%3Fservice%3DWMS%26version%3D1.3.0%26request%3DGetCapabilities,Subsoil CEC (CLAY)
2400,fao-fsa-nested-map-27.9,FSA-NESTED_27-9,OGC:WMS-1.1.0-http-get-map,http%3A%2F%2Fwww.fao.org%2Ffishery%2Fgeoserver%2Ffsa%2Fows%3FSERVICE%3DWMS,Portuguese Waters (Subarea 27.9 of FAO Major Area 27) and its breakdown
2413,bd5d1b30-88fd-11da-a88f-000d939bc5d8,geonetwork:afferll_4,OGC:WMS-1.1.1-http-get-map,https%3A%2F%2Fdata.apps.fao.org%2Fmap%2Fgsrv%2Fgsrv1%2Fgeonetwork%2Fwms%3Fstyles%3Dgeonetwork_afferll_4_style,Soil fertility index for Africa
2426,bd84ee80-88fd-11da-a88f-000d939bc5d8,geonetwork:afgrouso_3,OGC:WMS-1.1.1-http-get-map,https%3A%2F%2Fdata.apps.fao.org%2Fmap%2Fgsrv%2Fgsrv1%2Fgeonetwork%2Fwms%3Fstyles%3Dgeonetwork_afgrouso_3_style,Dominant soils of Africa
2429,b0203a76-ab90-4564-9789-9b7c21fb9c65,Agricultural Soil Map of Austria - Dominant parent material (PAR-MAT-DOM),OGC:WMS,https%3A%2F%2Finspire.lfrz.gv.at%2F000604%2Fwms%3Fversion%3D1.3.0%26request%3DGetCapabilities,Agricultural Soil Map of Austria - Dominant parent material (PAR-MAT-DOM)
2440,686656,"Avloppsslam på jordbruksmark, visningstjänst",HTTP:OGC:WMS,https%3A%2F%2Fgeodata.naturvardsverket.se%2Finspire%2Faf%2Fwms%3F,NULL
2447,8bc4629d-06ca-4887-9ed5-43966f5e7c68,s0100_landslides,OGC:WMS,https%3A%2F%2Fgislocal.md%2Fgeoserver%2Fapl%2Fwms,Alunecări de teren mun. Chișinău
2540,c1da17d0-88fd-11da-a88f-000d939bc5d8,geonetwork:tcatsub1_3804,OGC:WMS-1.1.1-http-get-map,https%3A%2F%2Fdata.apps.fao.org%2Fmap%2Fgsrv%2Fgsrv1%2Fgeonetwork%2Fwms%3Fstyles%3Dgeonetwork_tcatsub1_3804_style,Potential yield (crops/y) of African catfish - Small-scale farming
2451,BD518FF7-C525-4250-B28C-BD4B8D884393,SO.SoilObservedProfile.pH,OGC:WMS-1.3.0-http-get-capabilities,https%3A%2F%2Fwms.inspire.geoportail.lu%2Fgeoserver%2Fso%2Fwms%3FSERVICE%3DWMS%26service%3DWMS%26version%3D1.3.0%26request%3DGetCapabilities,Soil acidity - pH (CaCl2)
2456,R_SARDEG:d56d4a44-c331-42d8-a995-efb940a3e915,NULL,Web Map Service (WMS),https%3A%2F%2Fwebgis.regione.sardegna.it%2Fgeoserver%2Fows%3Fservice%3DWMS%26version%3D1.3.0%26request%3DGetCapabilities,NULL
2462,c06ec800-88fd-11da-a88f-000d939bc5d8,geonetwork:txsl_3833,OGC:WMS-1.1.1-http-get-map,https%3A%2F%2Fdata.apps.fao.org%2Fmap%2Fgsrv%2Fgsrv1%2Fgeonetwork%2Fwms%3Fstyles%3Dgeonetwork_txsl_3833_style,Engineering capability
2479,r_vda:02963-META:20161020:171000,NULL,Web Map Service (WMS),https%3A%2F%2Fgeoservizi.regione.vda.it%2Fgeoserver%2FsctAmbiti%2Fwms%3Fservice%3DWMS%26version%3D1.1.0%26request%3DGetCapabilities,NULL
2502,fao-species-map-wsh,SPECIES_DIST_WSH,OGC:WMS-1.1.0-http-get-map,http%3A%2F%2Fwww.fao.org%2Ffishery%2Fgeoserver%2Fspecies%2Fows%3FSERVICE%3DWMS,FAO aquatic species distribution map of Carcharodon carcharias (Great white shark)
2514,r_friuve:m3955-cc-i1450,NULL,Web Feature Service (WFS),https%3A%2F%2Fserviziogc.regione.fvg.it%2Fgeoserver%2FCAR_GEO%2Fwfs%3Frequest%3DGetCapabilities%26service%3Dwfs%26version%3D2.0.0,NULL
2515,r_friuve:m3955-cc-i1450,NULL,Web Map Service (WMS),https%3A%2F%2Fserviziogc.regione.fvg.it%2Fgeoserver%2FCAR_GEO%2Fwms%3Frequest%3DGetCapabilities%26service%3Dwms%26version%3D1.3.0,NULL
2516,642286,brpgewaspercelen,OGC:WMS,https%3A%2F%2Fservice.pdok.nl%2Frvo%2Fbrpgewaspercelen%2Fwms%2Fv1_0%3Frequest%3DGetCapabilities,NULL
2517,642286,brpgewaspercelen,OGC:WFS,https%3A%2F%2Fservice.pdok.nl%2Frvo%2Fbrpgewaspercelen%2Fwfs%2Fv1_0%3Frequest%3DGetCapabilities,NULL
2560,arlpa_to:07.02.11_2019-10-16_09:00,NULL,WMS,https%3A%2F%2Fwebgis.arpa.piemonte.it%2Fags%2Fservices%2Fgeologia%2Fgeoitinerario_valle_cervo%2FMapServer%2FWMSServer%3Frequest%3DGetCapabilities%26service%3DWMS,NULL
2561,arlpa_to:07.02.11_2019-10-16_09:00,NULL,WFS,https%3A%2F%2Fwebgis.arpa.piemonte.it%2Fags%2Fservices%2Fgeologia%2Fgeoitinerario_valle_cervo%2FMapServer%2FWFSServer%3Frequest%3DGetCapabilities%26service%3DWFS,NULL
2584,c2be6eab-4ccb-41c5-b63b-73285f5a4c6f,gsoc:S_GRAVEL,OGC:WMS-1.3.0-http-get-map,https%3A%2F%2Fdata.apps.fao.org%2Fmap%2Fgsrv%2Fgsrv1%2Fgsoc%2Fwms%3Fservice%3DWMS%26version%3D1.3.0%26request%3DGetCapabilities,Subsoil Gravel Content
2601,c31a38f0-88fd-11da-a88f-000d939bc5d8,geonetwork:eurasia_taiwsoil_7385,OGC:WMS-1.1.1-http-get-map,https%3A%2F%2Fdata.apps.fao.org%2Fmap%2Fgsrv%2Fgsrv1%2Fgeonetwork%2Fwms%3Fstyles%3Dgeonetwork_eurasia_taiwsoil_7385_style,Soil of North and Central Eurasia
2611,c32116c0-88fd-11da-a88f-000d939bc5d8,geonetwork:soiltext_3832,OGC:WMS-1.1.1-http-get-map,https%3A%2F%2Fdata.apps.fao.org%2Fmap%2Fgsrv%2Fgsrv1%2Fgeonetwork%2Fwms%3Fstyles%3Dgeonetwork_soiltext_3832_style,Soil texture
2627,arls_031:m10580-cc-i10497,NULL,Web Map Service (WMS),https%3A%2F%2Fserviziogc.regione.fvg.it%2Fgeoserver%2FERSA%2Fwms%3Frequest%3DGetCapabilities%26service%3Dwms%26version%3D1.3.0,NULL
2628,arls_031:m10580-cc-i10497,NULL,Web Feature Service (WFS),https%3A%2F%2Fserviziogc.regione.fvg.it%2Fgeoserver%2FERSA%2Fwfs%3Frequest%3DGetCapabilities%26service%3Dwfs%26version%3D2.0.0,NULL
2648,c7caec6d-9393-414b-a5c7-362521720b08,Service de visualisation WMS,OGC:WMS,https%3A%2F%2Fgeoservices.wallonie.be%2Farcgis%2Fservices%2FSOL_SOUS_SOL%2FCARBIOSOL%2FMapServer%2FWMSServer%3Frequest%3DGetCapabilities%26service%3DWMS,Adresse de connexion au service de visualisation WMS de la couche de données CARBIOSOL - Incertitudes des stocks en Carbone organique total - période 2005-2014
2649,c7caec6d-9393-414b-a5c7-362521720b08,INSPIRE - Sols en Wallonie (BE) - Service de visualisation WMS,OGC:WMS,https%3A%2F%2Fgeoservices.wallonie.be%2FINSPIRE%2FWMS%2FSO%2FMapServer%2FWMSServer%3Frequest%3DGetCapabilities%26service%3DWMS,NULL
2653,fao-species-map-arf,SPECIES_DIST_ARF,OGC:WMS-1.1.0-http-get-map,http%3A%2F%2Fwww.fao.org%2Ffishery%2Fgeoserver%2Fspecies%2Fows%3FSERVICE%3DWMS,FAO aquatic species distribution map of Atheresthes stomias (Arrow-tooth flounder)
3331,713396f8-1687-11ea-a7c0-a0481ca9e724,cfvo_15-30cm_mean,OGC:WMS,https%3A%2F%2Fmaps.isric.org%2Fmapserv%3Fmap%3D%2Fmap%2Fcfvo.map,NULL
2711,446ed430-8383-11db-b9b2-000d939bc5d8,dsmw_14116,OGC:WMS-1.1.1-http-get-map,https%3A%2F%2Fdata.apps.fao.org%2Fmap%2Fgsrv%2Fgsrv1%2Fgeonetwork%2Fwms,dsmw_14116
2747,834b153e-9272-4817-ac1b-84ff002009bf,mongolia_wa_selenge_naushki_smsat_hihydrosoils,OGC:WMS-1.3.0-http-get-map,https%3A%2F%2Fdata.apps.fao.org%2Fmap%2Fgsrv%2Fgsrv1%2Fadb%2Fwms,mongolia_wa_selenge_naushki_smsat_hihydrosoils
2760,Kémhatás,"1,3,5",ogc:wms,https%3A%2F%2Fmaps.rissac.hu%3A6443%2Farcgis%2Fservices%2Fdosoremi_web_mercator2%2FMapServer%2FWMSServer,NULL
2774,d07c5dce-4a6e-4042-ac48-8b589c57d6d1,SO.ObservedSoilProfile,OGC:WMS-1.3.0-http-get-capabilities,https%3A%2F%2Fwww.inspire-geoportal.lt%2Fgeoserver%2Fso%2Fwms%3Fservice%3DWMS%26version%3D1.3.0%26request%3DGetCapabilities,Observed Soil Profile
2784,517168bd-9e1b-4144-b6ed-388bd55f79b8,BIOSOIL Austria (WRB-LEV1),OGC:WMS,https%3A%2F%2Finspire.lfrz.gv.at%2F000602%2Fwms%3Fversion%3D1.3.0%26request%3DGetCapabilities,Soil reference group code (WRB-LEV1)
2795,d53f2680-88fd-11da-a88f-000d939bc5d8,geonetwork:sea_7379,OGC:WMS-1.1.1-http-get-map,https%3A%2F%2Fdata.apps.fao.org%2Fmap%2Fgsrv%2Fgsrv1%2Fgeonetwork%2Fwms%3Fstyles%3Dgeonetwork_sea_7379_style,Soil of Northeastern Africa
2859,db533de0-88fd-11da-a88f-000d939bc5d8,geonetwork:soterlac_7387,OGC:WMS-1.1.1-http-get-map,https%3A%2F%2Fdata.apps.fao.org%2Fmap%2Fgsrv%2Fgsrv1%2Fgeonetwork%2Fwms%3Fstyles%3Dgeonetwork_soterlac_7387_style,Soil and terrain of Latin America and Caribbean
2860,db767d50-88fd-11da-a88f-000d939bc5d8,geonetwork:soils_7390,OGC:WMS-1.1.1-http-get-map,https%3A%2F%2Fdata.apps.fao.org%2Fmap%2Fgsrv%2Fgsrv1%2Fgeonetwork%2Fwms%3Fstyles%3Dgeonetwork_soils_7390_style,Dominant Soils Map of Southern Africa
2861,db8179d0-88fd-11da-a88f-000d939bc5d8,geonetwork:soils_7389,OGC:WMS-1.1.1-http-get-map,https%3A%2F%2Fdata.apps.fao.org%2Fmap%2Fgsrv%2Fgsrv1%2Fgeonetwork%2Fwms%3Fstyles%3Dgeonetwork_soils_7389_style,Soil Map of Southern Africa
2868,dc1bb0b8-2341-4556-a205-9a04d5629c6f,Agricultural Soil Map of Austria - Textural Class (FAO),OGC:WMS,https%3A%2F%2Finspire.lfrz.gv.at%2F000604%2Fwms%3Fversion%3D1.3.0%26request%3DGetCapabilities,Agricultural Soil Map of Austria - Textural Class (FAO)
2884,7191c251-124d-4042-b45d-7dcd512d1a90,gsoc:S_SILT,OGC:WMS-1.3.0-http-get-map,https%3A%2F%2Fdata.apps.fao.org%2Fmap%2Fgsrv%2Fgsrv1%2Fgsoc%2Fwms%3Fservice%3DWMS%26version%3D1.3.0%26request%3DGetCapabilities,Subsoil Silt Fraction
2893,bf0e2690-88fd-11da-a88f-000d939bc5d8,geonetwork:soils_3820,OGC:WMS-1.1.1-http-get-map,https%3A%2F%2Fdata.apps.fao.org%2Fmap%2Fgsrv%2Fgsrv1%2Fgeonetwork%2Fwms%3Fstyles%3Dgeonetwork_soils_3820_style,Soil suitability for ponds
5188,713396f6-1687-11ea-a7c0-a0481ca9e724,soc_30-60cm_Q0.5,OGC:WMS,https%3A%2F%2Fmaps.isric.org%2Fmapserv%3Fmap%3D%2Fmap%2Fsoc.map,NULL
2938,c3a44581-8f7d-5da9-9c8b-25aaf4ab71c3,teneur_cec_bdat,ogc:wms,https%3A%2F%2Fagroenvgeo.data.inra.fr%2Fgeoserver%2Fgissol_bdat%2Fwms%3F,"Carte de la Capacité d'Echange Cationique (CEC) par canton issues des données de la Base de données d'analyses de terre (BDAT) pour la période 2000-2004. Ces données n'utilisent pas toutes les analyses de la BDAT. Pour des données plus récentes, consulter l'application https://webapps.gissol.fr/geosol/. Les analyses proviennent de la Base de Données des Analyses de Terre (BDAT).Le programme Base de Données des Analyses de Terre (BDAT) regroupe depuis vingt ans les résultats d'analyses d'horizons de surface de sols cultivés, effectuées sur l'ensemble du territoire national, à la demande d'agriculteurs, par des laboratoires agréés par le Ministère en charge de l'agriculture. Cet article a pour objectif de présenter les derniers résultats produits par ce programme. Il aborde successivement la présentation de l'organisation du programme, des développements méthodologiques connexes et des principaux résultats sur le statut et l'évolution des propriétés des horizons de surface des sols cultivés. A ce jour, la BDAT recense 22 830 147 résultats analytiques provenant de 1 962 238 échantillons récoltés sur la période 1990-2009. L'analyse de ces données permet par exemple de mettre en évidence à l'échelle nationale une forte hétérogénéité spatiale de la richesse en phosphore assimilable, des baisses des teneurs en carbone des sols initialement les plus pourvus et d'une hausse généralisée des pH des sols non calcaires. Cependant, les biais statistiques inhérents à la stratégie d'échantillonnage adoptée peuvent être importants et difficilement quantifiables. Des précautions doivent être prises pour interpréter les résultats issus d'analyses d'une telle base de données. Cependant, le programme BDAT constitue une source d'informations importante sur la variabilité des propriétés des horizons de surface des sols cultivés et les résultats statistiques agrégés sont aujourd'hui librement disponibles sur internet (http://bdat.gissol.fr)."
2941,5ebf6a42-f91c-486e-81ca-01476090ffc8,:wosis_latest_cecph7,OGC:WFS,https%3A%2F%2Fmaps.isric.org%2Fmapserv%3Fmap%3D%2Fmap%2Fwosis_latest.map,WoSIS latest - Cation exchange capacity - buffered at pH7
2944,5ebf6a42-f91c-486e-81ca-01476090ffc8,wosis_latest_cecph7,OGC:WMS,https%3A%2F%2Fmaps.isric.org%2Fmapserv%3Fmap%3D%2Fmap%2Fwosis_latest.map,WoSIS latest - Cation exchange capacity - buffered at pH7
2966,Soil-Organic-Carbon-Stock-Maps-for-Belgium,carbon_sd_40,OGC:WMS-1.3.0-http-get-capabilities,https%3A%2F%2Fwww.dov.vlaanderen.be%2Fgeoserver%2Forganische_koolstof%2Fwms%3FSERVICE%3DWMS%26version%3D1.3.0%26request%3DGetCapabilities,WMS-capabilities Soil Organic Carbon Stock Maps for Belgium: standard deviation (40 m grid)
2968,Soil-Organic-Carbon-Stock-Maps-for-Belgium,carbon_sd_40,OGC:WMS-1.3.0-http-get-map,https%3A%2F%2Fwww.dov.vlaanderen.be%2Fgeoserver%2Forganische_koolstof%2Fwms%3FSERVICE%3DWMS%26version%3D1.3.0%26request%3DGetMap,WMS-map Soil Organic Carbon Stock Maps for Belgium: standard deviation (40 m grid)
2969,Soil-Organic-Carbon-Stock-Maps-for-Belgium,carbon_sd_40,OGC:WMS,https%3A%2F%2Fwww.dov.vlaanderen.be%2Fgeoserver%2Forganische_koolstof%2Fwms%3F,WMS-endpoint Soil Organic Carbon Stock Maps for Belgium: standard deviation (40 m grid)
2970,Soil-Organic-Carbon-Stock-Maps-for-Belgium,organische_koolstof:carbon_sd_40,OGC:WCS-1.1.1-http-get-capabilities,https%3A%2F%2Fwww.dov.vlaanderen.be%2Fgeoserver%2Forganische_koolstof%2Fwcs%3FSERVICE%3DWCS%26version%3D1.1.1%26request%3DGetCapabilities,WCS-capabilities Soil Organic Carbon Stock Maps for Belgium: standard deviation (40 m grid)
2971,Soil-Organic-Carbon-Stock-Maps-for-Belgium,carbon_sd_40,OGC:WCS-1.1.1-http-get-coverage,https%3A%2F%2Fwww.dov.vlaanderen.be%2Fgeoserver%2Forganische_koolstof%2Fwcs%3FSERVICE%3DWCS%26version%3D1.1.1%26request%3DGetCoverage,WCS-coverage Soil Organic Carbon Stock Maps for Belgium: standard deviation (40 m grid)
2972,Soil-Organic-Carbon-Stock-Maps-for-Belgium,carbon_sd_40,OGC:WCS,https%3A%2F%2Fwww.dov.vlaanderen.be%2Fgeoserver%2Forganische_koolstof%2Fwcs%3F,WCS-endpoint Soil Organic Carbon Stock Maps for Belgium: standard deviation (40 m grid)
2974,Soil-Organic-Carbon-Stock-Maps-for-Belgium,carbon_sd_40,ogc:wms,https%3A%2F%2Fwww.dov.vlaanderen.be%2Fgeoserver%2Fwms%2Fkml%3Flayers%3Dorganische_koolstof%3Acarbon_sd_40,"The Belgian soil organic carbon (SOC) stock map for topsoils (0-30 cm) at the resolution of 40m x 40m was composed of 2 regional SOC stock maps. For the regional maps a different approach was used for agricultural land as compared to forest. The maps are based on digital soil mapping approaches using empirical models calibrated to predict the SOC stock and using covariates that are available at a sufficient resolution at the regional scale. All maps are strongly dependent on the Belgian Soil Map (texture and drainage parameters). The regional maps were compiled at a fine resolution (10m x 10m grid cells for Flanders and 40m x 40m grid cells for Wallonia). Next they were joined (40m x 40m grid cells). The regional maps for Flanders were scaled up tot the 40m x 40m grid of Wallonia.  
Given the different origin of the individual maps, the uncertainty varies between maps. For instance, a map of the 90% confidence interval of the SOC stocks was produced for agricultural soils in Wallonia based on a Monte Carlo Approach taking into account both the measurement and the model uncertainties. For Flemish forest soils, spatial and analytical uncertainties were taken into account using bootstrapping techniques. For Flemish agricultural soils, the uncertainty reported is the model uncertainty on point estimates for each data point, in which the estimated model parameters are simulated 1000 times as being independent normal distributed variables using their model estimation and standard error as distribution parameters. No additional uncertainty is taken into account for the conversion functions that use the stochastic variables ""bulk density"". The metadata are available and allow assessing the uncertainties of the stock estimates in the different component maps.
The SOC stock map (resolution of 40m x 40m) is the first comprehensive map for Belgium integrating grasslands, croplands and forests. Based on this map another SOC stock map at a resolution of 1km x 1km in the coordinate reference system WGS84 was created."
2975,Soil-Organic-Carbon-Stock-Maps-for-Belgium,carbon_sd_40,ogc:wcs,https%3A%2F%2Fwww.dov.vlaanderen.be%2Fgeoserver%2Fwcs%3F,NULL
2985,Szervesanyag-tartalom,"16,18,20,23,25,27,29,31",ogc:wms,https%3A%2F%2Fmaps.rissac.hu%3A6443%2Farcgis%2Fservices%2Fdosoremi_web_mercator2%2FMapServer%2FWMSServer,NULL
2995,Szén---készlet-2010,WMS,ogc:wms,https%3A%2F%2Fmaps.rissac.hu%3A6443%2Farcgis%2Fservices%2Fdosoremi_web_mercator2%2FMapServer%2FWMSServer,NULL
3004,38c2a87e-d38a-4359-9899-9d4a6b9f0c2a,Service de visualisation WMS,OGC:WMS,https%3A%2F%2Fgeoservices.wallonie.be%2Farcgis%2Fservices%2FSOL_SOUS_SOL%2FCNSW%2FMapServer%2FWMSServer%3Frequest%3DGetCapabilities%26service%3DWMS,Adresse de connexion au service de visualisation WMS des données relatives à la Carte Numérique des Sols de Wallonie.
3005,38c2a87e-d38a-4359-9899-9d4a6b9f0c2a,INSPIRE - Sols en Wallonie (BE) - Service de visualisation WMS,OGC:WMS,https%3A%2F%2Fgeoservices.wallonie.be%2FINSPIRE%2FWMS%2FSO%2FMapServer%2FWMSServer%3Frequest%3DGetCapabilities%26service%3DWMS,NULL
3029,d36a694f-05ca-4d44-aed3-6c30f1d175ae,RICCAR:pisnat,OGC:WMS-1.3.0-http-get-map,https%3A%2F%2Fio.apps.fao.org%2Fgeoserver%2Fwms,Vulnerability Assessment Indicators - Natural
3038,1e1a3d96-6ac0-4370-8e61-4936ea99674c,NZ.HazardArea,OGC:WMS-1.1.1-http-get-map,https%3A%2F%2Fwms.mapama.gob.es%2Fsig%2FBiodiversidad%2FINESErosionLaminarRaster%2Fwms.aspx,Erosión laminar
3048,713396fb-1687-11ea-a7c0-a0481ca9e724,silt_0-5cm_mean,OGC:WMS,https%3A%2F%2Fmaps.isric.org%2Fmapserv%3Fmap%3D%2Fmap%2Fsilt.map,NULL
3112,85e13bc8-6773-40e8-b070-e4b311286a69,RICCAR:pisnat,OGC:WMS-1.3.0-http-get-map,https%3A%2F%2Fio.apps.fao.org%2Fgeoserver%2Fwms,Vulnerability Assessment Indicators - Natural
3117,r_friuve:m3958-cc-i1454,NULL,Web Map Service (WMS),https%3A%2F%2Fserviziogc.regione.fvg.it%2Fgeoserver%2FCAR_GEO%2Fwms%3Frequest%3DGetCapabilities%26service%3Dwms%26version%3D1.3.0,NULL
3118,r_friuve:m3958-cc-i1454,NULL,Web Feature Service (WFS),https%3A%2F%2Fserviziogc.regione.fvg.it%2Fgeoserver%2FCAR_GEO%2Fwfs%3Frequest%3DGetCapabilities%26service%3Dwfs%26version%3D2.0.0,NULL
3162,2f99e10f-183c-11e9-aba8-a0481ca9e724,:wosis_latest_bdfiod,OGC:WFS,https%3A%2F%2Fmaps.isric.org%2Fmapserv%3Fmap%3D%2Fmap%2Fwosis_latest.map,WoSIS latest - Bulk density fine earth - oven dry
3165,2f99e10f-183c-11e9-aba8-a0481ca9e724,wosis_latest_bdfiod,OGC:WMS,https%3A%2F%2Fmaps.isric.org%2Fmapserv%3Fmap%3D%2Fmap%2Fwosis_latest.map,WoSIS latest - Bulk density fine earth - oven dry
3199,21885567-5313-429d-a899-a92cc67e86a0,gsoc:sq4,OGC:WMS-1.1.1-http-get-map,https%3A%2F%2Fdata.apps.fao.org%2Fmap%2Fgsrv%2Fgsrv1%2Fgsoc%2Fwms%3Fservice%3DWMS%26version%3D1.3.0%26request%3DGetCapabilities,Soil Quality: Oxygen Availability to Roots (HWSD)
3203,baba993a-1df0-4a34-8f70-628dfa010504,af250m_nutrient_ca_m_agg30cm,OGC:WMS,https%3A%2F%2Fmaps.isric.org%2Fmapserv%3Fmap%3D%2Fmap%2Faf250m_nutrient.map,NULL
3216,ea3a946c-f25e-44b5-be96-dce9bbc93050,Service de visualisation WMS,OGC:WMS,https%3A%2F%2Fgeoservices.wallonie.be%2Farcgis%2Fservices%2FSOL_SOUS_SOL%2FCARBIOSOL%2FMapServer%2FWMSServer%3Frequest%3DGetCapabilities%26service%3DWMS,Adresse de connexion au service de visualisation WMS de la couche de données CARBIOSOL - Incertitudes des Teneurs en Carbone organique total - période 1949-1972
3217,ea3a946c-f25e-44b5-be96-dce9bbc93050,INSPIRE - Sols en Wallonie (BE) - Service de visualisation WMS,OGC:WMS,https%3A%2F%2Fgeoservices.wallonie.be%2FINSPIRE%2FWMS%2FSO%2FMapServer%2FWMSServer%3Frequest%3DGetCapabilities%26service%3DWMS,NULL
3266,ec81aff5-2b00-4534-a780-78178288d21d,gsoc:sq6,OGC:WMS-1.1.1-http-get-map,https%3A%2F%2Fdata.apps.fao.org%2Fmap%2Fgsrv%2Fgsrv1%2Fgsoc%2Fwms%3Fservice%3DWMS%26version%3D1.3.0%26request%3DGetCapabilities,Soil Quality: Toxicities
3269,226f7d26-71bf-4fbd-a1f9-c8510aeddd8a,Agricultural Soil Map of Austria - Textural Class (JRC),OGC:WMS,https%3A%2F%2Finspire.lfrz.gv.at%2F000604%2Fwms%3Fversion%3D1.3.0%26request%3DGetCapabilities,Agricultural Soil Map of Austria - Textural Class (JRC)
3234,10aa9aa3-1433-11e9-a8fa-a0481ca9e724,gyga_af_agg_erzd_tawcpf23mm__m_1km,OGC:WMS,https%3A%2F%2Fmaps.isric.org%2Fmapserv%3Fmap%3D%2Fmap%2Fgyga.map,NULL
3321,ed960299-a147-4c1a-bc57-41ff83a2264f,BRO - Bodemkaart (SGM) WMS,OGC:WMS,https%3A%2F%2Fservice.pdok.nl%2Fbzk%2Fbro-bodemkaart%2Fwms%2Fv1_0%3Frequest%3DgetCapabilities%26service%3DWMS,BRO Bodemkaart van Nederland
3284,f4e4b68c-ee1a-40ca-9ca6-d71109c78794,:wosis_latest_sand,OGC:WFS,https%3A%2F%2Fmaps.isric.org%2Fmapserv%3Fmap%3D%2Fmap%2Fwosis_latest.map,WoSIS latest - Sand total
3287,f4e4b68c-ee1a-40ca-9ca6-d71109c78794,wosis_latest_sand,OGC:WMS,https%3A%2F%2Fmaps.isric.org%2Fmapserv%3Fmap%3D%2Fmap%2Fwosis_latest.map,WoSIS latest - Sand total
3291,d601201d-5d88-4f7a-9676-5c2ace45f7c6,af250m_nutrient_mg_m_agg30cm,OGC:WMS,https%3A%2F%2Fmaps.isric.org%2Fmapserv%3Fmap%3D%2Fmap%2Faf250m_nutrient.map,NULL
3371,480ace54-f743-4173-854c-35a020bc8170,:wosis_latest_tceq,OGC:WFS,https%3A%2F%2Fmaps.isric.org%2Fmapserv%3Fmap%3D%2Fmap%2Fwosis_latest.map,WoSIS latest - Calcium carbonate equivalent total
3374,480ace54-f743-4173-854c-35a020bc8170,wosis_latest_tceq,OGC:WMS,https%3A%2F%2Fmaps.isric.org%2Fmapserv%3Fmap%3D%2Fmap%2Fwosis_latest.map,WoSIS latest - Calcium carbonate equivalent total
3444,625d233b-9060-4145-8372-70e560b1d707,:wosis_latest_cfvo,OGC:WFS,https%3A%2F%2Fmaps.isric.org%2Fmapserv%3Fmap%3D%2Fmap%2Fwosis_latest.map,WoSIS latest - Coarse fragments volumetric total
3447,625d233b-9060-4145-8372-70e560b1d707,wosis_latest_cfvo,OGC:WMS,https%3A%2F%2Fmaps.isric.org%2Fmapserv%3Fmap%3D%2Fmap%2Fwosis_latest.map,WoSIS latest - Coarse fragments volumetric total
3468,4a76ff8c-0f33-4327-a3d7-56b7c47005ba,:wosis_latest_totc,OGC:WFS,https%3A%2F%2Fmaps.isric.org%2Fmapserv%3Fmap%3D%2Fmap%2Fwosis_latest.map,WoSIS latest - Total carbon (C)
3471,4a76ff8c-0f33-4327-a3d7-56b7c47005ba,wosis_latest_totc,OGC:WMS,https%3A%2F%2Fmaps.isric.org%2Fmapserv%3Fmap%3D%2Fmap%2Fwosis_latest.map,WoSIS latest - Total carbon (C)
3482,c6f2f470-c9ca-47fe-8203-a5b3976d237b,:wosis_latest_nitkjd,OGC:WFS,https%3A%2F%2Fmaps.isric.org%2Fmapserv%3Fmap%3D%2Fmap%2Fwosis_latest.map,WoSIS latest - Total nitrogen (N)
3485,c6f2f470-c9ca-47fe-8203-a5b3976d237b,wosis_latest_nitkjd,OGC:WMS,https%3A%2F%2Fmaps.isric.org%2Fmapserv%3Fmap%3D%2Fmap%2Fwosis_latest.map,WoSIS latest - Total nitrogen (N)
3495,2427214a-42dc-4862-b58a-00b73cbc7a6f,gsoc:T_CEC_CLAY,OGC:WMS-1.3.0-http-get-map,https%3A%2F%2Fdata.apps.fao.org%2Fmap%2Fgsrv%2Fgsrv1%2Fgsoc%2Fwms%3Fservice%3DWMS%26version%3D1.3.0%26request%3DGetCapabilities,Topsoil CEC (CLAY)
3502,d8d93c86-6036-48d5-8d89-10e85bb42b56,:wosis_latest_phnf,OGC:WFS,https%3A%2F%2Fmaps.isric.org%2Fmapserv%3Fmap%3D%2Fmap%2Fwosis_latest.map,WoSIS latest - pH NaF
3505,d8d93c86-6036-48d5-8d89-10e85bb42b56,wosis_latest_phnf,OGC:WMS,https%3A%2F%2Fmaps.isric.org%2Fmapserv%3Fmap%3D%2Fmap%2Fwosis_latest.map,WoSIS latest - pH NaF
3520,a36f7919-0d6e-4044-902c-64a74feade6b,af250m_nutrient_al_m_agg30cm,OGC:WMS,https%3A%2F%2Fmaps.isric.org%2Fmapserv%3Fmap%3D%2Fmap%2Faf250m_nutrient.map,NULL
3557,c77d1209-56e9-4cac-b76e-bbf6c7e3a617,gyga_af_erzd__m_1km,OGC:WMS,https%3A%2F%2Fmaps.isric.org%2Fmapserv%3Fmap%3D%2Fmap%2Fgyga.map,NULL
3565,r_lombar:9e36ef24-bbb0-46d1-995c-7c50679ff096,NULL,WMS,https%3A%2F%2Fwww.cartografia.servizirl.it%2Farcgis1%2Fservices%2Fprotciv%2Fclassificazione_sismica%2FMapServer%2FWMSServer%3F,NULL
3647,432363a2-0f1a-46ed-adc1-dadd0c72b68b,wosis_latest_phkc,OGC:WMS,https%3A%2F%2Fmaps.isric.org%2Fmapserv%3Fmap%3D%2Fmap%2Fwosis_latest.map,WoSIS latest - pH KCl
3589,r_friuve:m3959-cc-i1456,NULL,Web Feature Service (WFS),https%3A%2F%2Fserviziogc.regione.fvg.it%2Fgeoserver%2FCAR_GEO%2Fwfs%3Frequest%3DGetCapabilities%26service%3Dwfs%26version%3D2.0.0,NULL
3590,r_friuve:m3959-cc-i1456,NULL,Web Map Service (WMS),https%3A%2F%2Fserviziogc.regione.fvg.it%2Fgeoserver%2FCAR_GEO%2Fwms%3Frequest%3DGetCapabilities%26service%3Dwms%26version%3D1.3.0,NULL
3611,arls_031:m10574-cc-i10481,NULL,Web Map Service (WMS),https%3A%2F%2Fserviziogc.regione.fvg.it%2Fgeoserver%2FERSA%2Fwms%3Frequest%3DGetCapabilities%26service%3Dwms%26version%3D1.3.0,NULL
3612,arls_031:m10574-cc-i10481,NULL,Web Feature Service (WFS),https%3A%2F%2Fserviziogc.regione.fvg.it%2Fgeoserver%2FERSA%2Fwfs%3Frequest%3DGetCapabilities%26service%3Dwfs%26version%3D2.0.0,NULL
3644,432363a2-0f1a-46ed-adc1-dadd0c72b68b,:wosis_latest_phkc,OGC:WFS,https%3A%2F%2Fmaps.isric.org%2Fmapserv%3Fmap%3D%2Fmap%2Fwosis_latest.map,WoSIS latest - pH KCl
3677,f41367e5-f4d2-4b73-81aa-a472730e1519,:wosis_latest_profiles,OGC:WFS,https%3A%2F%2Fmaps.isric.org%2Fmapserv%3Fmap%3D%2Fmap%2Fwosis_latest.map,WoSIS latest - Profiles
3680,f41367e5-f4d2-4b73-81aa-a472730e1519,wosis_latest_profiles,OGC:WMS,https%3A%2F%2Fmaps.isric.org%2Fmapserv%3Fmap%3D%2Fmap%2Fwosis_latest.map,WoSIS latest - Profiles
3706,60e38d53-6958-408f-b674-8abbaf743fa8,:wosis_latest_clay,OGC:WFS,https%3A%2F%2Fmaps.isric.org%2Fmapserv%3Fmap%3D%2Fmap%2Fwosis_latest.map,WoSIS latest - Clay total
3709,60e38d53-6958-408f-b674-8abbaf743fa8,wosis_latest_clay,OGC:WMS,https%3A%2F%2Fmaps.isric.org%2Fmapserv%3Fmap%3D%2Fmap%2Fwosis_latest.map,WoSIS latest - Clay total
3711,285d213f-23e2-47da-b66a-f2f458962b5e,NZ.HazardArea,OGC:WMS-1.1.1-http-get-map,https%3A%2F%2Fwms.mapama.gob.es%2Fsig%2FBiodiversidad%2FINESMovimientosMasa%2Fwms.aspx,Movimientos en masa
3874,63179d9d-18b4-4611-b8a9-69f5ce8c1fac,:wosis_latest_elco50,OGC:WFS,https%3A%2F%2Fmaps.isric.org%2Fmapserv%3Fmap%3D%2Fmap%2Fwosis_latest.map,WoSIS latest - Electrical conductivity - ratio 1:5
3877,63179d9d-18b4-4611-b8a9-69f5ce8c1fac,wosis_latest_elco50,OGC:WMS,https%3A%2F%2Fmaps.isric.org%2Fmapserv%3Fmap%3D%2Fmap%2Fwosis_latest.map,WoSIS latest - Electrical conductivity - ratio 1:5
3899,2f99e115-183c-11e9-aba8-a0481ca9e724,:wosis_latest_phetm3,OGC:WFS,https%3A%2F%2Fmaps.isric.org%2Fmapserv%3Fmap%3D%2Fmap%2Fwosis_latest.map,WoSIS latest - Phosphorus (P) - Mehlich 3
3902,2f99e115-183c-11e9-aba8-a0481ca9e724,wosis_latest_phetm3,OGC:WMS,https%3A%2F%2Fmaps.isric.org%2Fmapserv%3Fmap%3D%2Fmap%2Fwosis_latest.map,WoSIS latest - Phosphorus (P) - Mehlich 3
3912,r_friuve:m3981-cc-i1493,NULL,Web Feature Service (WFS),https%3A%2F%2Fserviziogc.regione.fvg.it%2Fgeoserver%2FCAR_GEO%2Fwfs%3Frequest%3DGetCapabilities%26service%3Dwfs%26version%3D2.0.0,NULL
3913,r_friuve:m3981-cc-i1493,NULL,Web Map Service (WMS),https%3A%2F%2Fserviziogc.regione.fvg.it%2Fgeoserver%2FCAR_GEO%2Fwms%3Frequest%3DGetCapabilities%26service%3Dwms%26version%3D1.3.0,NULL
3937,r_friuve:m4003-cc-i4085,NULL,Web Feature Service (WFS),https%3A%2F%2Fserviziogc.regione.fvg.it%2Fgeoserver%2FCAR_GEO%2Fwfs%3Frequest%3DGetCapabilities%26service%3Dwfs%26version%3D2.0.0,NULL
3938,r_friuve:m4003-cc-i4085,NULL,Web Map Service (WMS),https%3A%2F%2Fserviziogc.regione.fvg.it%2Fgeoserver%2FCAR_GEO%2Fwms%3Frequest%3DGetCapabilities%26service%3Dwms%26version%3D1.3.0,NULL
3956,r_friuve:m3982-cc-i1494,NULL,Web Feature Service (WFS),https%3A%2F%2Fserviziogc.regione.fvg.it%2Fgeoserver%2FCAR_GEO%2Fwfs%3Frequest%3DGetCapabilities%26service%3Dwfs%26version%3D2.0.0,NULL
3957,r_friuve:m3982-cc-i1494,NULL,Web Map Service (WMS),https%3A%2F%2Fserviziogc.regione.fvg.it%2Fgeoserver%2FCAR_GEO%2Fwms%3Frequest%3DGetCapabilities%26service%3Dwms%26version%3D1.3.0,NULL
3967,9ab49037-8827-456f-b819-8e4c84aa22ca,af250m_nutrient_p_m_agg30cm,OGC:WMS,https%3A%2F%2Fmaps.isric.org%2Fmapserv%3Fmap%3D%2Fmap%2Faf250m_nutrient.map,NULL
3979,r_friuve:m3987-cc-i4022,NULL,Web Feature Service (WFS),https%3A%2F%2Fserviziogc.regione.fvg.it%2Fgeoserver%2FCAR_GEO%2Fwfs%3Frequest%3DGetCapabilities%26service%3Dwfs%26version%3D2.0.0,NULL
3980,r_friuve:m3987-cc-i4022,NULL,Web Map Service (WMS),https%3A%2F%2Fserviziogc.regione.fvg.it%2Fgeoserver%2FCAR_GEO%2Fwms%3Frequest%3DGetCapabilities%26service%3Dwms%26version%3D1.3.0,NULL
4001,r_friuve:m3970-cc-i1474,NULL,Web Map Service (WMS),https%3A%2F%2Fserviziogc.regione.fvg.it%2Fgeoserver%2FCAR_GEO%2Fwms%3Frequest%3DGetCapabilities%26service%3Dwms%26version%3D1.3.0,NULL
4002,r_friuve:m3970-cc-i1474,NULL,Web Feature Service (WFS),https%3A%2F%2Fserviziogc.regione.fvg.it%2Fgeoserver%2FCAR_GEO%2Fwfs%3Frequest%3DGetCapabilities%26service%3Dwfs%26version%3D2.0.0,NULL
4015,r_lombar:410afd93-0871-4bb5-91df-8bf5eefc8808,NULL,WMS,https%3A%2F%2Fwww.cartografia.servizirl.it%2Fexpo%2Fservices%2Fgpt%2Fdirettiva_alluvioni_2022%2FMapServer%2FWMSServer%3F,NULL
4032,c5cb0f71-a627-40b9-8acb-5be42e4d5914,af250m_nutrient_n_m_agg30cm,OGC:WMS,https%3A%2F%2Fmaps.isric.org%2Fmapserv%3Fmap%3D%2Fmap%2Faf250m_nutrient.map,NULL
4035,73ae4e4e-824e-4ace-841f-d95c65c995c7,ETRAIN:MONTH:MONTH,OGC:WMS-1.3.0-http-get-map,https%3A%2F%2Fio.apps.fao.org%2Fgeoserver%2Fwms%2FWATER%2FPHL1_ETRAIN%2Fv2%3Fservice%3DWMS%26version%3D1.3.0%26request%3DGetCapabilities,Evapotranspiration from Precipitation (Mindanao
4043,r_friuve:m3963-cc-i1461,NULL,Web Map Service (WMS),https%3A%2F%2Fserviziogc.regione.fvg.it%2Fgeoserver%2FCAR_GEO%2Fwms%3Frequest%3DGetCapabilities%26service%3Dwms%26version%3D1.3.0,NULL
4044,r_friuve:m3963-cc-i1461,NULL,Web Feature Service (WFS),https%3A%2F%2Fserviziogc.regione.fvg.it%2Fgeoserver%2FCAR_GEO%2Fwfs%3Frequest%3DGetCapabilities%26service%3Dwfs%26version%3D2.0.0,NULL
4045,9a4fb7fb-0f38-4a05-a390-959165ad32dd,BFW:MONTH:MONTH,OGC:WMS-1.3.0-http-get-map,https%3A%2F%2Fio.apps.fao.org%2Fgeoserver%2Fwms%2FWATER%2FK3_BF%2Fv2%3Fservice%3DWMS%26version%3D1.3.0%26request%3DGetCapabilities,Base Flow (K3)
4047,10aa9a83-1433-11e9-a8fa-a0481ca9e724,gyga_af_agg_erzd_crfvol__m_1km,OGC:WMS,https%3A%2F%2Fmaps.isric.org%2Fmapserv%3Fmap%3D%2Fmap%2Fgyga.map,NULL
4055,r_friuve:m3984-cc-i3981,NULL,Web Map Service (WMS),https%3A%2F%2Fserviziogc.regione.fvg.it%2Fgeoserver%2FCAR_GEO%2Fwms%3Frequest%3DGetCapabilities%26service%3Dwms%26version%3D1.3.0,NULL
4056,r_friuve:m3984-cc-i3981,NULL,Web Feature Service (WFS),https%3A%2F%2Fserviziogc.regione.fvg.it%2Fgeoserver%2FCAR_GEO%2Fwfs%3Frequest%3DGetCapabilities%26service%3Dwfs%26version%3D2.0.0,NULL
4058,8b9f9b35-188e-4592-aeb9-df22df6a0fad,PERCO:MONTH:MONTH,OGC:WMS-1.3.0-http-get-map,https%3A%2F%2Fio.apps.fao.org%2Fgeoserver%2Fwms%2FWATER%2FK4_PERCO%2Fv2%3Fservice%3DWMS%26version%3D1.3.0%26request%3DGetCapabilities,Percolation (K4)
4060,10aa9a99-1433-11e9-a8fa-a0481ca9e724,gyga_af_agg_erzd_texclss__m_1km,OGC:WMS,https%3A%2F%2Fmaps.isric.org%2Fmapserv%3Fmap%3D%2Fmap%2Fgyga.map,NULL
4084,R_SARDEG:a13c677a-48a3-429f-906c-b66b0da43669,NULL,Web Map Service (WMS),https%3A%2F%2Fwebgis.regione.sardegna.it%2Fgeoserverraster%2Fows%3Fservice%3Dwms%26version%3D1.3.0%26request%3DGetCapabilities,NULL
4124,r_friuve:m3960-cc-i1457,NULL,Web Feature Service (WFS),https%3A%2F%2Fserviziogc.regione.fvg.it%2Fgeoserver%2FCAR_GEO%2Fwfs%3Frequest%3DGetCapabilities%26service%3Dwfs%26version%3D2.0.0,NULL
4125,r_friuve:m3960-cc-i1457,NULL,Web Map Service (WMS),https%3A%2F%2Fserviziogc.regione.fvg.it%2Fgeoserver%2FCAR_GEO%2Fwms%3Frequest%3DGetCapabilities%26service%3Dwms%26version%3D1.3.0,NULL
4127,2f99e10e-183c-11e9-aba8-a0481ca9e724,:wosis_latest_wv0033,OGC:WFS,https%3A%2F%2Fmaps.isric.org%2Fmapserv%3Fmap%3D%2Fmap%2Fwosis_latest.map,WoSIS latest - Water retention volumetric - 33 kPa
4130,2f99e10e-183c-11e9-aba8-a0481ca9e724,wosis_latest_wv0033,OGC:WMS,https%3A%2F%2Fmaps.isric.org%2Fmapserv%3Fmap%3D%2Fmap%2Fwosis_latest.map,WoSIS latest - Water retention volumetric - 33 kPa
4137,2f99e11b-183c-11e9-aba8-a0481ca9e724,:wosis_latest_wv0500,OGC:WFS,https%3A%2F%2Fmaps.isric.org%2Fmapserv%3Fmap%3D%2Fmap%2Fwosis_latest.map,WoSIS latest - Water retention volumetric - 500 kPa
4140,2f99e11b-183c-11e9-aba8-a0481ca9e724,wosis_latest_wv0500,OGC:WMS,https%3A%2F%2Fmaps.isric.org%2Fmapserv%3Fmap%3D%2Fmap%2Fwosis_latest.map,WoSIS latest - Water retention volumetric - 500 kPa
4148,24faf77e-848b-4378-9a84-0f6e03314f1b,:wosis_latest_bdws33,OGC:WFS,https%3A%2F%2Fmaps.isric.org%2Fmapserv%3Fmap%3D%2Fmap%2Fwosis_latest.map,WoSIS latest - Bulk density whole soil - 33 kPa
4151,24faf77e-848b-4378-9a84-0f6e03314f1b,wosis_latest_bdws33,OGC:WMS,https%3A%2F%2Fmaps.isric.org%2Fmapserv%3Fmap%3D%2Fmap%2Fwosis_latest.map,WoSIS latest - Bulk density whole soil - 33 kPa
4154,2e6bec46-004e-4fcb-8aed-19c967b05564,ETRAIN:MONTH:MONTH,OGC:WMS-1.3.0-http-get-map,https%3A%2F%2Fio.apps.fao.org%2Fgeoserver%2Fwms%2FWATER%2FLBN_LIT_ETRAIN%2Fv2%3Frequest%3DGetCapabilities%26service%3DWMS%26version%3D1.1.1,"Evapotranspiration from Precipitation (Litani River Basin, Lebanon - Monthly - 100m)"
4166,992b5bc6-2db5-4da8-ac23-ff3389946325,ETRAIN:MONTH:MONTH,OGC:WMS-1.3.0-http-get-map,https%3A%2F%2Fio.apps.fao.org%2Fgeoserver%2Fwms%2FWATER%2FMNG1_ETRAIN%2Fv2%3Fservice%3DWMS%26version%3D1.3.0%26request%3DGetCapabilities,Rainfall EvapoTranspiration (Selenge and Naushky)
4171,2f99e103-183c-11e9-aba8-a0481ca9e724,:wosis_latest_bdfiad,OGC:WFS,https%3A%2F%2Fmaps.isric.org%2Fmapserv%3Fmap%3D%2Fmap%2Fwosis_latest.map,WoSIS latest - Bulk density fine earth - air dry
4174,2f99e103-183c-11e9-aba8-a0481ca9e724,wosis_latest_bdfiad,OGC:WMS,https%3A%2F%2Fmaps.isric.org%2Fmapserv%3Fmap%3D%2Fmap%2Fwosis_latest.map,WoSIS latest - Bulk density fine earth - air dry
4175,f0c1a66c-f2d4-4686-8aeb-d02d509a6b25,BRO CPT kenset,OGC:WMS,https%3A%2F%2Fservice.pdok.nl%2Fbzk%2Fbrocptkenset%2Fwms%2Fv1_0%3FService%3DWMS%26Request%3DGetCapabilities,NULL
4201,f1d5ecdd-c078-475e-9ced-0451892381ae,gsoc:sq7,OGC:WMS-1.1.1-http-get-map,https%3A%2F%2Fdata.apps.fao.org%2Fmap%2Fgsrv%2Fgsrv1%2Fgsoc%2Fwms%3Fservice%3DWMS%26version%3D1.3.0%26request%3DGetCapabilities,Soil Quality: Workability (HWSD)
4211,2f99e10a-183c-11e9-aba8-a0481ca9e724,:wosis_latest_wg0100,OGC:WFS,https%3A%2F%2Fmaps.isric.org%2Fmapserv%3Fmap%3D%2Fmap%2Fwosis_latest.map,WoSIS latest - Water retention gravimetric - 100 kPa
4214,2f99e10a-183c-11e9-aba8-a0481ca9e724,wosis_latest_wg0100,OGC:WMS,https%3A%2F%2Fmaps.isric.org%2Fmapserv%3Fmap%3D%2Fmap%2Fwosis_latest.map,WoSIS latest - Water retention gravimetric - 100 kPa
44372,d9cc67ba-5491-4640-86ac-b8d392250270,NULL,OGC:WMS,https%3A%2F%2Fservice.pdok.nl%2Ftno%2Fbro-bodemkaart%2Fwms%2Fv1_0%3Frequest%3DgetCapabilities%26service%3DWMS,NULL
4231,2f99e10b-183c-11e9-aba8-a0481ca9e724,:wosis_latest_wg0010,OGC:WFS,https%3A%2F%2Fmaps.isric.org%2Fmapserv%3Fmap%3D%2Fmap%2Fwosis_latest.map,WoSIS latest - Water retention gravimetric - 10 kPa
4234,2f99e10b-183c-11e9-aba8-a0481ca9e724,wosis_latest_wg0010,OGC:WMS,https%3A%2F%2Fmaps.isric.org%2Fmapserv%3Fmap%3D%2Fmap%2Fwosis_latest.map,WoSIS latest - Water retention gravimetric - 10 kPa
4263,2f99e111-183c-11e9-aba8-a0481ca9e724,:wosis_latest_bdwsod,OGC:WFS,https%3A%2F%2Fmaps.isric.org%2Fmapserv%3Fmap%3D%2Fmap%2Fwosis_latest.map,WoSIS latest - Bulk density whole soil - oven dry
4266,2f99e111-183c-11e9-aba8-a0481ca9e724,wosis_latest_bdwsod,OGC:WMS,https%3A%2F%2Fmaps.isric.org%2Fmapserv%3Fmap%3D%2Fmap%2Fwosis_latest.map,WoSIS latest - Bulk density whole soil - oven dry
4272,2f99e119-183c-11e9-aba8-a0481ca9e724,:wosis_latest_wg0033,OGC:WFS,https%3A%2F%2Fmaps.isric.org%2Fmapserv%3Fmap%3D%2Fmap%2Fwosis_latest.map,WoSIS latest - Water retention gravimetric - 33 kPa
4275,2f99e119-183c-11e9-aba8-a0481ca9e724,wosis_latest_wg0033,OGC:WMS,https%3A%2F%2Fmaps.isric.org%2Fmapserv%3Fmap%3D%2Fmap%2Fwosis_latest.map,WoSIS latest - Water retention gravimetric - 33 kPa
4285,2f99e11a-183c-11e9-aba8-a0481ca9e724,:wosis_latest_wv1500,OGC:WFS,https%3A%2F%2Fmaps.isric.org%2Fmapserv%3Fmap%3D%2Fmap%2Fwosis_latest.map,WoSIS latest - Water retention volumetric - 1500 kPa
4288,2f99e11a-183c-11e9-aba8-a0481ca9e724,wosis_latest_wv1500,OGC:WMS,https%3A%2F%2Fmaps.isric.org%2Fmapserv%3Fmap%3D%2Fmap%2Fwosis_latest.map,WoSIS latest - Water retention volumetric - 1500 kPa
4292,f57b4c3e-9822-426e-913e-e558868f4e9f,gsoc:T_SILT,OGC:WMS-1.3.0-http-get-map,https%3A%2F%2Fdata.apps.fao.org%2Fmap%2Fgsrv%2Fgsrv1%2Fgsoc%2Fwms%3Fservice%3DWMS%26version%3D1.3.0%26request%3DGetCapabilities,Topsoil Silt Fraction
4316,f5b746d0-853d-11db-b9b2-000d939bc5d8,geonetwork:constr_soil_14133,OGC:WMS-1.1.1-http-get-map,https%3A%2F%2Fdata.apps.fao.org%2Fmap%2Fgsrv%2Fgsrv1%2Fgeonetwork%2Fwms%3Fstyles%3Dgeonetwork_constr_soil_14133_style,Global land area with soil constraints (FGGD)
4324,f67dc24d-1e4b-4802-b719-72c9c729041a,topsoil_nile,OGC:WMS-1.3.0-http-get-map,https%3A%2F%2Fdata.apps.fao.org%2Fmap%2Fgsrv%2Fgsrv1%2Fwater_accounting%2Fwms,Saturated Soil Water Content (Nile River Basin - 100m)
4339,2f99e10c-183c-11e9-aba8-a0481ca9e724,:wosis_latest_wg0500,OGC:WFS,https%3A%2F%2Fmaps.isric.org%2Fmapserv%3Fmap%3D%2Fmap%2Fwosis_latest.map,WoSIS latest - Water retention gravimetric - 500 kPa
4342,2f99e10c-183c-11e9-aba8-a0481ca9e724,wosis_latest_wg0500,OGC:WMS,https%3A%2F%2Fmaps.isric.org%2Fmapserv%3Fmap%3D%2Fmap%2Fwosis_latest.map,WoSIS latest - Water retention gravimetric- 500 kPa
4353,760f44e8-039f-493a-805f-0af41d149151,ETRAIN:MONTH:MONTH,OGC:WMS-1.3.0-http-get-map,https%3A%2F%2Fio.apps.fao.org%2Fgeoserver%2Fwms%2FWATER%2FK2_ETRAIN%2Fv2%3Fservice%3DWMS%26version%3D1.3.0%26request%3DGetCapabilities,EvapoTranspiration from precipitation (K2)
4387,92fa4124-03e4-4b29-acd9-68b8b65bc508,MST_REGIME_CLASS,OGC:WMS-1.3.0-http-get-map,https%3A%2F%2Fio.apps.fao.org%2Fgeoserver%2Fwms%2FGAEZ_V4%2FLR_MST_REGIME_CLASS%2Fv2%3Fservice%3DWMS%26version%3D1.3.0%26request%3DGetCapabilities,Land and Water Resources - Agro-ecological Zones - Moisture regime class
4392,b2eaa10a-e9d4-4f7d-9c75-25671c43b41b,:wosis_latest_bdfi33,OGC:WFS,https%3A%2F%2Fmaps.isric.org%2Fmapserv%3Fmap%3D%2Fmap%2Fwosis_latest.map,WoSIS latest - Bulk density fine earth - 33 kPa
4395,b2eaa10a-e9d4-4f7d-9c75-25671c43b41b,wosis_latest_bdfi33,OGC:WMS,https%3A%2F%2Fmaps.isric.org%2Fmapserv%3Fmap%3D%2Fmap%2Fwosis_latest.map,WoSIS latest - Bulk density fine earth - 33 kPa
4419,7fcbf6b7-fc06-4c2b-adc6-b360d98801c1,THZ_REGIME_CLASS,OGC:WMS-1.3.0-http-get-map,https%3A%2F%2Fio.apps.fao.org%2Fgeoserver%2Fwms%2FGAEZ_V4%2FLR_THZ_REGIME_CLASS%2Fv2%3Fservice%3DWMS%26version%3D1.3.0%26request%3DGetCapabilities,Land and Water Resources - Agro-ecological Zones - Thermal regime class
4423,9a9ed6cf-83cc-4b42-b295-305184d3f0b8,AEZ_V9V2RED_5M,OGC:WMS-1.3.0-http-get-map,https%3A%2F%2Fio.apps.fao.org%2Fgeoserver%2Fwms%2FGAEZ_V4%2FLR_AEZ_V9V2RED_5M%2Fv2%3Fservice%3DWMS%26version%3D1.3.0%26request%3DGetCapabilities,Land and Water Resources - Agro-ecological Zones - Dominant AEZ class (33 classes) at 5 arc-minutes
4469,ab216439-c420-4fc8-995b-91a639d4edd8,NULL,WMS Get Capabilities Services 1.1.1,https%3A%2F%2Fio.apps.fao.org%2Fgismgr%2Fapi%2Fv1%2FRICCAR%2FRHMORP%2Fwms%3FVERSION%3D1.1.1,Vulnerability Assessment Indicators - RHM Output (Reference Period)
4471,fao-fsa-map-27.12.a.1,FSA_27-12-a-1,OGC:WMS-1.1.0-http-get-map,http%3A%2F%2Fwww.fao.org%2Ffishery%2Fgeoserver%2Ffsa%2Fows%3FSERVICE%3DWMS,Subdivision 27.12.a.1 - NEAFC Regulatory Area of FAO Major Area 27
4487,4c66ccf8-11b9-42dc-82a5-ac8bc0385e1d,NULL,WMS Get Capabilities Services 1.1.1,https%3A%2F%2Fio.apps.fao.org%2Fgismgr%2Fapi%2Fv1%2FRICCAR%2FRHMOF%2Fwms%3FVERSION%3D1.1.1,Vulnerability Assessment Indicators - RHM Output (Future)
4494,r_friuve:m3965-cc-i1465,NULL,Web Map Service (WMS),https%3A%2F%2Fserviziogc.regione.fvg.it%2Fgeoserver%2FCAR_GEO%2Fwms%3Frequest%3DGetCapabilities%26service%3Dwms%26version%3D1.3.0,NULL
4495,r_friuve:m3965-cc-i1465,NULL,Web Feature Service (WFS),https%3A%2F%2Fserviziogc.regione.fvg.it%2Fgeoserver%2FCAR_GEO%2Fwfs%3Frequest%3DGetCapabilities%26service%3Dwfs%26version%3D2.0.0,NULL
4507,fao-fsa-map-37.4.3,FSA_37-4-3,OGC:WMS-1.1.0-http-get-map,http%3A%2F%2Fwww.fao.org%2Ffishery%2Fgeoserver%2Ffsa%2Fows%3FSERVICE%3DWMS,Azov Sea (Division 37.4.3 of FAO Major Area 37)
4526,fao-fsa-nested-map-27.3.a,FSA-NESTED_27-3-a,OGC:WMS-1.1.0-http-get-map,http%3A%2F%2Fwww.fao.org%2Ffishery%2Fgeoserver%2Ffsa%2Fows%3FSERVICE%3DWMS,Skagerrak and Kattegat (Division 27.3.a of FAO Major Area 27) and its breakdown
4543,fao-species-map-aaa,SPECIES_DIST_AAA,OGC:WMS-1.1.0-http-get-map,http%3A%2F%2Fwww.fao.org%2Ffishery%2Fgeoserver%2Fspecies%2Fows%3FSERVICE%3DWMS,FAO aquatic species distribution map of Acipenser naccarii (Adriatic sturgeon)
7015,eea_r_3035_1_km_clc-forest-cover-gain-eu_p_2000-2018_v01_r00,NULL,OGC:WMS,https%3A%2F%2Fforest.discomap.eea.europa.eu%2Farcgis%2Fservices%2FForest_Ch_CLC%2FForest_cover_gain_CLC_00_18%2FMapServer%2FWMSServer%3Frequest%3DGetCapabilities%26service%3DWMS,NULL
7020,eea_r_3035_100_m_ecosystem-types-l2_p_2006_v02_r01,NULL,OGC:WMS,https%3A%2F%2Fbio.discomap.eea.europa.eu%2Farcgis%2Fservices%2FMAES%2FMAES_ecosystem_type_maps_WM%2FMapServer%2FWMSServer%3Frequest%3DGetCapabilities%26service%3DWMS,NULL
7024,10.2909/1b43939a-cb20-4eb8-b6e7-b454971ed933,NULL,OGC:WMS,https%3A%2F%2Fbio.discomap.eea.europa.eu%2Farcgis%2Fservices%2FEUNIS%2FForest_Distribution_point%2FMapServer%2FWMSServer%3Frequest%3DGetCapabilities%26service%3DWMS,NULL
7030,eea_v_4326_100_k_uhi-intensity_p_2008-2017_v01_r00,NULL,OGC:WMS,https%3A%2F%2Fclimate.discomap.eea.europa.eu%2Farcgis%2Fservices%2FUAMV%2FUrban_Heat_Island_Intensity%2FMapServer%2FWMSServer%3Frequest%3DGetCapabilities%26service%3DWMS,NULL
4869,fao-species-map-her,SPECIES_DIST_HER,OGC:WMS-1.1.0-http-get-map,http%3A%2F%2Fwww.fao.org%2Ffishery%2Fgeoserver%2Fspecies%2Fows%3FSERVICE%3DWMS,FAO aquatic species distribution map of Clupea harengus (Atlantic herring)
4880,327b8820-6d15-4852-b6f6-6cb717eee6fa,gsoc:sq2,OGC:WMS-1.3.0-http-get-map,https%3A%2F%2Fdata.apps.fao.org%2Fmap%2Fgsrv%2Fgsrv1%2Fgsoc%2Fwms%3Fservice%3DWMS%26version%3D1.3.0%26request%3DGetCapabilities,HWSD - Soil Nutrient retention capacity
4886,fao-species-map-kue,SPECIES_DIST_KUE,OGC:WMS-1.1.0-http-get-map,http%3A%2F%2Fwww.fao.org%2Ffishery%2Fgeoserver%2Fspecies%2Fows%3FSERVICE%3DWMS,FAO aquatic species distribution map of Actinopyga echinites (Deep-water redfish)
4895,5ac0b40e-a45f-4a9c-bbf9-3d1946a448c3,gyga_af_agg_30cm_tawcpf23mm__m_1km,OGC:WMS,https%3A%2F%2Fmaps.isric.org%2Fmapserv%3Fmap%3D%2Fmap%2Fgyga.map,NULL
5512,c4dc161c-d62d-11ea-a1a3-292680b15169,MostProbable,OGC:WMS,https%3A%2F%2Fmaps.isric.org%2Fmapserv%3Fmap%3D%2Fmap%2Fwrb.map,NULL
4908,fao-species-map-opp,SPECIES_DIST_OPP,OGC:WMS-1.1.0-http-get-map,http%3A%2F%2Fwww.fao.org%2Ffishery%2Fgeoserver%2Fspecies%2Fows%3FSERVICE%3DWMS,FAO aquatic species distribution map of Sebastes alutus (Pacific ocean perch)
4923,fao-species-map-ovk,SPECIES_DIST_OVK,OGC:WMS-1.1.0-http-get-map,http%3A%2F%2Fwww.fao.org%2Ffishery%2Fgeoserver%2Fspecies%2Fows%3FSERVICE%3DWMS,FAO aquatic species distribution map of Ophidion holbrooki (Band cusk-eel)
4934,fao-species-map-rjq,SPECIES_DIST_RJQ,OGC:WMS-1.1.0-http-get-map,http%3A%2F%2Fwww.fao.org%2Ffishery%2Fgeoserver%2Fspecies%2Fows%3FSERVICE%3DWMS,FAO aquatic species distribution map of Bathyraja spinicauda (Spinetail ray)
4950,2d9b3126-06eb-4b89-b5ae-01a873388325,BFW:MONTH:MONTH,OGC:WMS-1.3.0-http-get-map,https%3A%2F%2Fio.apps.fao.org%2Fgeoserver%2Fwms%2FWATER%2FK2_BF%2Fv2%3Fservice%3DWMS%26version%3D1.3.0%26request%3DGetCapabilities,Base Flow (K2)
4962,fao-species-map-ygp,SPECIES_DIST_YGP,OGC:WMS-1.1.0-http-get-map,http%3A%2F%2Fwww.fao.org%2Ffishery%2Fgeoserver%2Fspecies%2Fows%3FSERVICE%3DWMS,FAO aquatic species distribution map of Actinopyga palauensis (Panning's blackfish)
4985,fao-species-map-yya,SPECIES_DIST_YYA,OGC:WMS-1.1.0-http-get-map,http%3A%2F%2Fwww.fao.org%2Ffishery%2Fgeoserver%2Fspecies%2Fows%3FSERVICE%3DWMS,FAO aquatic species distribution map of Bathypolypus arcticus (North Atlantic octopus)
5003,r_vda:03754-META:20181122:111000,NULL,Web Map Service (WMS),https%3A%2F%2Fgeoservizi.regione.vda.it%2Fgeoserver%2FsctGeologia%2Fwms%3Fservice%3DWMS%26version%3D1.1.0%26request%3DGetCapabilities,NULL
5006,r_vda:03755-META:20181123:080500,NULL,Web Map Service (WMS),https%3A%2F%2Fgeoservizi.regione.vda.it%2Fgeoserver%2FsctGeologia%2Fwms%3Fservice%3DWMS%26version%3D1.1.0%26request%3DGetCapabilities,NULL
5047,fe6d0480-746c-43e1-b765-7015354bba00,SO.SoilBody.WRB,ogc:wms,http%3A%2F%2Fmsdi.data.gov.mt%2Fgeoserver%2FMITA_WMS%2Fwms%3Fservice%3DWMS%26version%3D1.3.0%26request%3DGetCapabilities,NULL
5088,fffc68e2-30d9-4ead-9862-b77dc9d0c41b,Mullakaardi WMS teenuse getCapabilities,OGC:WMS,https%3A%2F%2Fteenus.maaamet.ee%2Fows%2Fmullakaart%3Fservice%3Dwms%26version%3D1.3.0%26request%3DGetCapabilities,NULL
5090,fffc68e2-30d9-4ead-9862-b77dc9d0c41b,INSPIRE WMS teenuse getCapabilities,OGC:WMS,https%3A%2F%2Finspire.geoportaal.ee%2Fgeoserver%2FSO_pinnas%2Fwms%3Fservice%3DWMS%26version%3D1.3.0%26request%3DGetCapabilities,NULL
5091,fffc68e2-30d9-4ead-9862-b77dc9d0c41b,INSPIRE WFS teenuse getCapabilities,OGC:WFS-1.0.0-http-get-capabilities,https%3A%2F%2Finspire.geoportaal.ee%2Fgeoserver%2FSO_pinnas%2Fwfs%3Fservice%3DWFS%26version%3D2.0.0%26request%3DGetCapabilities,NULL
5225,1b7f9465-7143-4c53-851d-3ef2de140ceb,RICCAR:rhmorp,OGC:WMS-1.3.0-http-get-map,https%3A%2F%2Fio.apps.fao.org%2Fgeoserver%2Fwms,Vulnerability Assessment Indicators - RHM Output (Reference Period)
5269,975558a1-1a8f-460c-8d4e-4023b32bed11,Planurile,OGC:WMS-1.1.1-http-get-capabilities,http%3A%2F%2Fsoluri.md%2Fen%2Fdefault%2Fwms%2Fpublic,Soil Map 10000
7036,eea_r_3035_100_m_uhi-modelling_p_2008-2017_v01_r00,NULL,OGC:WMS,https%3A%2F%2Fclimate.discomap.eea.europa.eu%2Farcgis%2Fservices%2FUAMV%2FUrban_Heat_Island_modelling%2FMapServer%2FWMSServer%3Frequest%3DGetCapabilities%26service%3DWMS,NULL
5353,713396f4-1687-11ea-a7c0-a0481ca9e724,ocs_0-30cm_mean,OGC:WMS,https%3A%2F%2Fmaps.isric.org%2Fmapserv%3Fmap%3D%2Fmap%2Focs.map,NULL
5397,689b490b-5a6b-467e-9d2c-6c205d9a660b,:wosis_latest_sites,OGC:WFS,https%3A%2F%2Fmaps.isric.org%2Fmapserv%3Fmap%3D%2Fmap%2Fwosis_latest.map,WoSIS latest - Sites
5400,689b490b-5a6b-467e-9d2c-6c205d9a660b,wosis_latest_sites,OGC:WMS,https%3A%2F%2Fmaps.isric.org%2Fmapserv%3Fmap%3D%2Fmap%2Fwosis_latest.map,WoSIS latest - Sites
7040,10.2909/551d6741-84d0-43fb-bda8-1768d51bbb4c,Urban Atlas 2006,OGC:WMS,https%3A%2F%2Fimage.discomap.eea.europa.eu%2Farcgis%2Fservices%2FUrbanAtlas%2FUA_UrbanAtlas_2006%2FMapServer%2FWMSServer%3Frequest%3DGetCapabilities%26service%3DWMS,NULL
7043,copernicus_v_3035_10_m_ua-2012_p_2011-2013_vxx_rxx,NULL,OGC:WMS,https%3A%2F%2Fimage.discomap.eea.europa.eu%2Farcgis%2Fservices%2FUrbanAtlas%2FUA_UrbanAtlas_2012%2FMapServer%2FWMSServer%3Frequest%3DGetCapabilities%26service%3DWMS,UrbanAtlas_2012
5489,2f99e113-183c-11e9-aba8-a0481ca9e724,:wosis_latest_cecph8,OGC:WFS,https%3A%2F%2Fmaps.isric.org%2Fmapserv%3Fmap%3D%2Fmap%2Fwosis_latest.map,WoSIS latest - Cation exchange capacity - buffered at pH8
5492,2f99e113-183c-11e9-aba8-a0481ca9e724,wosis_latest_cecph8,OGC:WMS,https%3A%2F%2Fmaps.isric.org%2Fmapserv%3Fmap%3D%2Fmap%2Fwosis_latest.map,WoSIS latest - Cation exchange capacity - buffered at pH8
5549,04111166-39d6-4d25-befe-14e8af3f0c91,DHI,OGC:WMS,https%3A%2F%2Fdata.apps.fao.org%2Fmap%2Fgsrv%2Fedit%2Fpak_hih%2Fwms,DHI
5576,87d11829-ae5e-4e5a-9b4a-c090c723e7c3,gyga_af_agg_30cm_tetas__m_1km,OGC:WMS,https%3A%2F%2Fmaps.isric.org%2Fmapserv%3Fmap%3D%2Fmap%2Fgyga.map,NULL
7051,10.2909/05cbf86d-0168-47f5-9384-18c84b14f59c,NULL,OGC:WMS,https%3A%2F%2Fbio.discomap.eea.europa.eu%2Farcgis%2Fservices%2FEUNIS%2FMosaic_Vegetated%2FImageServer%2FWMSServer%3Frequest%3DGetCapabilities%26service%3DWMS,NULL
7054,copernicus_v_3035_10_m_rz-2012-lclu_p_2011-2013_v01_r00,NULL,OGC:WMS,https%3A%2F%2Fimage.discomap.eea.europa.eu%2Farcgis%2Fservices%2FRiparianZones%2FLCLU%2FMapServer%2FWMSServer%3Fservice%3DWMS%26request%3DGetCapabilities%26version%3D1.3.0,NULL
7056,10.2909/047f71ee-dec6-4c7b-8044-7a153c025588,Urban Atlas Change 2006-2012,OGC:WMS,https%3A%2F%2Fimage.discomap.eea.europa.eu%2Farcgis%2Fservices%2FUrbanAtlas%2FUA_UrbanAtlasChange_2006_2012%2FMapServer%2FWMSServer%3Frequest%3DGetCapabilities%26service%3DWMS,NULL
7115,copernicus_v_3035_10_m_ua-2012_p_2011-2013_v02_r00,NULL,OGC:WMS,https%3A%2F%2Fimage.discomap.eea.europa.eu%2Farcgis%2Fservices%2FUrbanAtlas%2FUA_UrbanAtlas_2012%2FMapServer%2FWMSServer%3Frequest%3DGetCapabilities%26service%3DWMS,UrbanAtlas_2012
7120,10.2909/2afca4ec-76e2-4155-b4e6-7460f9f6ae01,Riparian Zones 2018 LCLU,OGC:WMS,https%3A%2F%2Fcopernicus.discomap.eea.europa.eu%2Farcgis%2Fservices%2FRiparianZones%2FRZ_2018%2FMapServer%2FWMSServer%3Frequest%3DGetCapabilities%26service%3DWMS,NULL
7124,"eea_r_3035_100_m_clc-2018-acc_p_2017-2018_v01_r00,DAT-214-en",0,OGC:WMS,https%3A%2F%2Fland.discomap.eea.europa.eu%2Farcgis%2Fservices%2FLand%2FCLC_accounting_layer_2018%2FImageServer%2FWMSServer%3Frequest%3DGetCapabilities%26service%3DWMS,CLC_accounting_layer_2018
7288,713396fd-1687-11ea-a7c0-a0481ca9e724,phh2o_15-30cm_mean,OGC:WMS,https%3A%2F%2Fmaps.isric.org%2Fmapserv%3Fmap%3D%2Fmap%2Fphh2o.map,NULL
5581,e25d6117-ff65-4f0c-a776-e31df6153b7b,INSPIRE Sols - Service de visualisation WMS,OGC:WMS,https%3A%2F%2Fgeoservices.wallonie.be%2FINSPIRE%2FWMS%2FSO%2FMapServer%2FWMSServer%3Frequest%3DGetCapabilities%26service%3DWMS,"Adresse de connexion au service de visualisation WMS-Inspire des couches de données du thème ""Sols""."
5645,713396f7-1687-11ea-a7c0-a0481ca9e724,clay_15-30cm_Q0.5,OGC:WMS,https%3A%2F%2Fmaps.isric.org%2Fmapserv%3Fmap%3D%2Fmap%2Fclay.map,NULL
5615,4f0daec9-4c10-4906-a778-43a8fa2251c3,gyga_af_agg_30cm_texclss__m_1km,OGC:WMS,https%3A%2F%2Fmaps.isric.org%2Fmapserv%3Fmap%3D%2Fmap%2Fgyga.map,NULL
5664,1e14846a-85ed-4381-8f62-f56d160dfd84,SRO:MONTH:MONTH,OGC:WMS-1.3.0-http-get-map,https%3A%2F%2Fio.apps.fao.org%2Fgeoserver%2Fwms%2FWATER%2FK2_SRO%2Fv2%3Fservice%3DWMS%26version%3D1.3.0%26request%3DGetCapabilities,Surface runoff (K2)
5668,8dd1d18f-b735-40e6-abe8-943ecda83fa4,af250m_nutrient_cu_m_agg30cm,OGC:WMS,https%3A%2F%2Fmaps.isric.org%2Fmapserv%3Fmap%3D%2Fmap%2Faf250m_nutrient.map,NULL
5695,21adc50b-d0a0-4efc-bcda-139738cef2fb,ETINCR:MONTH:MONTH,OGC:WMS-1.3.0-http-get-map,https%3A%2F%2Fio.apps.fao.org%2Fgeoserver%2Fwms%2FWATER%2FNIGER_ETINCR%2Fv2%3Frequest%3DGetCapabilities%26service%3DWMS%26version%3D1.1.1,Incremental evapotranspiration (Niger River Bain - Monthly - 100m)
5715,25488c3e-5593-4ab8-96de-cf30b7bf8342,SRO:MONTH:MONTH,OGC:WMS-1.3.0-http-get-map,https%3A%2F%2Fio.apps.fao.org%2Fgeoserver%2Fwms%2FWATER%2FK3_SRO%2Fv2%3Fservice%3DWMS%26version%3D1.3.0%26request%3DGetCapabilities,Surface Runoff (K3)
5716,2f99e109-183c-11e9-aba8-a0481ca9e724,:wosis_latest_phpwsl,OGC:WFS,https%3A%2F%2Fmaps.isric.org%2Fmapserv%3Fmap%3D%2Fmap%2Fwosis_latest.map,WoSIS latest - Phosphorus (P) - water soluble
5719,2f99e109-183c-11e9-aba8-a0481ca9e724,wosis_latest_phpwsl,OGC:WMS,https%3A%2F%2Fmaps.isric.org%2Fmapserv%3Fmap%3D%2Fmap%2Fwosis_latest.map,WoSIS latest - Phosphorus (P) - water soluble
5724,10aa9a8f-1433-11e9-a8fa-a0481ca9e724,gyga_af_agg_erzd_pwp__m_1km,OGC:WMS,https%3A%2F%2Fmaps.isric.org%2Fmapserv%3Fmap%3D%2Fmap%2Fgyga.map,NULL
5771,2f99e107-183c-11e9-aba8-a0481ca9e724,:wosis_latest_phetol,OGC:WFS,https%3A%2F%2Fmaps.isric.org%2Fmapserv%3Fmap%3D%2Fmap%2Fwosis_latest.map,WoSIS latest - Phosphorus (P) - Olsen
5774,2f99e107-183c-11e9-aba8-a0481ca9e724,wosis_latest_phetol,OGC:WMS,https%3A%2F%2Fmaps.isric.org%2Fmapserv%3Fmap%3D%2Fmap%2Fwosis_latest.map,WoSIS latest - Phosphorus (P) - Olsen
5776,79ee0152-3dc9-4a6e-8df7-b3d5b154bee0,gyga_af_erzd_limfactor__m_1km,OGC:WMS,https%3A%2F%2Fmaps.isric.org%2Fmapserv%3Fmap%3D%2Fmap%2Fgyga.map,NULL
5782,2f99e110-183c-11e9-aba8-a0481ca9e724,:wosis_latest_bdfifm,OGC:WFS,https%3A%2F%2Fmaps.isric.org%2Fmapserv%3Fmap%3D%2Fmap%2Fwosis_latest.map,WoSIS latest - Bulk density fine earth - field moist
5785,2f99e110-183c-11e9-aba8-a0481ca9e724,wosis_latest_bdfifm,OGC:WMS,https%3A%2F%2Fmaps.isric.org%2Fmapserv%3Fmap%3D%2Fmap%2Fwosis_latest.map,WoSIS latest - Bulk density fine earth - field moist
5798,2f99e11c-183c-11e9-aba8-a0481ca9e724,:wosis_latest_wg0100,OGC:WFS,https%3A%2F%2Fmaps.isric.org%2Fmapserv%3Fmap%3D%2Fmap%2Fwosis_latest.map,WoSIS latest - Water retention gravimetric - 100 kPa
5801,2f99e11c-183c-11e9-aba8-a0481ca9e724,wosis_latest_wg0100,OGC:WMS,https%3A%2F%2Fmaps.isric.org%2Fmapserv%3Fmap%3D%2Fmap%2Fwosis_latest.map,WoSIS latest - Water retention gravimetric - 100 kPa
5858,713396fc-1687-11ea-a7c0-a0481ca9e724,cec_0-5cm_mean,OGC:WMS,https%3A%2F%2Fmaps.isric.org%2Fmapserv%3Fmap%3D%2Fmap%2Fcec.map,NULL
5904,f0797a68-1692-11ea-a7c0-a0481ca9e724,nitrogen_0-5cm_mean,OGC:WMS,https%3A%2F%2Fmaps.isric.org%2Fmapserv%3Fmap%3D%2Fmap%2Fnitrogen.map,NULL
5933,33b088ba-49e9-4186-a9ef-80dee2f92586,0,ogc:wms,https%3A%2F%2Fservices.bgr.de%2Fwms%2Fboden%2Fgws1000%2F%3F,"Die Karte der Grundwasserbeeinflussung der Böden in Deutschland gibt einen Überblick über den Grad der Beeinflussung der Bodenentwicklung durch Grundwasser unterhalb der Geländeoberfläche. Böden, die durch Grundwasser beeinflusst sind, haben meist nur ein eingeschränktes Ertragspotential. Je höher der Grundwasserstand, desto größer ist der Einfluss auf das Pflanzenwachstum. Die Karte basiert auf der Auswertung der nutzungsdifferenzierten Bodenübersichtskarte 1:1.000.000 (BUEK1000N) und zeigt die klassifizierte Grundwasserstufe. Die Grundwasserstufe wird aus dem mittleren Grundwassertiefstand (MNGW) abgeleitet. Die Methode ist in der Bodenkundlichen Kartieranleitung (KA5) und in der Methodendokumentation Bodenkunde der Ad-hoc-AG Boden veröffentlicht. Für die nutzungsabhängige Differenzierung der Profildaten werden die Landnutzungsdaten aus CORINE Land Cover 2006 genutzt."
5964,39080483-1294-4b73-8f50-0516f336a7d4,SUPPLY:MONTH:MONTH,OGC:WMS-1.3.0-http-get-map,https%3A%2F%2Fio.apps.fao.org%2Fgeoserver%2Fwms%2FWATER%2FK3_SUPPLY%2Fv2%3Fservice%3DWMS%26version%3D1.3.0%26request%3DGetCapabilities,Supplied water (K3)
5973,393d8106-4400-51cd-9767-e8bbef2f73a6,bdgsf_classe_ru,ogc:wms,https%3A%2F%2Fagroenvgeo.data.inra.fr%2Fgeoserver%2Finra_bdgsf%2Fwms%3F,"Cette carte donne la classe de réserve utile en eau dominante par Unité Cartographique de Sol de la Base de Données Géographique des Sols de France à 1/1 000 000.La carte des réserves en eau utile de la France métropolitaine montre une relation forte avec la texture mais aussi la profondeur des sols. Ainsi, les sols présentant les plus fortes réserves en eau utile sont les sols limoneux du Bassin parisien qui cumulent une texture limoneuse favorable et une forte épaisseur. Les sols à plus faible réserve sont les sols sableux (Landes, Vosges) ou peu épais (Causses, Provence, seuil du Poitou)."
6004,23364050-f918-4cf3-9adf-6f7348c21c5e,SRO:MONTH:MONTH,OGC:WMS-1.3.0-http-get-map,https%3A%2F%2Fio.apps.fao.org%2Fgeoserver%2Fwms%2FWATER%2FLBN_LIT_SRO%2Fv2%3Frequest%3DGetCapabilities%26service%3DWMS%26version%3D1.1.1,"Surface Runoff (Litani River Basin, Lebanon - Monthly - 100m)"
6006,76bb6ba1-35ca-4830-9539-95579444ef24,:wosis_latest_phca,OGC:WFS,https%3A%2F%2Fmaps.isric.org%2Fmapserv%3Fmap%3D%2Fmap%2Fwosis_latest.map,WoSIS latest - pH CaCl2
6009,76bb6ba1-35ca-4830-9539-95579444ef24,wosis_latest_phca,OGC:WMS,https%3A%2F%2Fmaps.isric.org%2Fmapserv%3Fmap%3D%2Fmap%2Fwosis_latest.map,WoSIS latest - pH CaCl2
6028,40a26790-b4cf-4842-bd28-db5317841d2f,AET:MONTH:MONTH,OGC:WMS-1.3.0-http-get-map,https%3A%2F%2Fio.apps.fao.org%2Fgeoserver%2Fwms%2FWATER%2FKHM_ET%2Fv2%3Fservice%3DWMS%26version%3D1.3.0%26request%3DGetCapabilities,Actual EvapoTranspiration (Tonlé Sap
6053,8496a378-8d1e-11e9-8046-0cc47adaa92c,:wosis_latest_elco20,OGC:WFS,https%3A%2F%2Fmaps.isric.org%2Fmapserv%3Fmap%3D%2Fmap%2Fwosis_latest.map,WoSIS latest - Electrical conductivity - ratio 1:2
6056,8496a378-8d1e-11e9-8046-0cc47adaa92c,wosis_latest_elco20,OGC:WMS,https%3A%2F%2Fmaps.isric.org%2Fmapserv%3Fmap%3D%2Fmap%2Fwosis_latest.map,WoSIS latest - Electrical conductivity - ratio 1:2
6063,2f99e114-183c-11e9-aba8-a0481ca9e724,:wosis_latest_elcosp,OGC:WFS,https%3A%2F%2Fmaps.isric.org%2Fmapserv%3Fmap%3D%2Fmap%2Fwosis_latest.map,WoSIS latest - Electrical conductivity - saturated paste
6066,2f99e114-183c-11e9-aba8-a0481ca9e724,wosis_latest_elcosp,OGC:WMS,https%3A%2F%2Fmaps.isric.org%2Fmapserv%3Fmap%3D%2Fmap%2Fwosis_latest.map,WoSIS latest - Electrical conductivity - saturated paste
6144,https://www.dov.vlaanderen.be/geonetwork/srv/metadata/2035e01e-eef5-4806-948c-df7b966169a1,grndversch_gevoeligh,OGC:WFS,https%3A%2F%2Fwww.dov.vlaanderen.be%2Fgeoserver%2Fgrondverschuivingen%2Fwfs%3F,WFS-endpoint Gevoeligheid voor grondverschuivingen
6145,https://www.dov.vlaanderen.be/geonetwork/srv/metadata/2035e01e-eef5-4806-948c-df7b966169a1,grondverschuivingen:grndversch_gevoeligh,OGC:WFS-2.0.0-http-get-capabilities,https%3A%2F%2Fwww.dov.vlaanderen.be%2Fgeoserver%2Fgrondverschuivingen%2Fwfs%3FSERVICE%3DWFS%26version%3D2.0.0%26request%3DGetCapabilities,WFS-capabilities Gevoeligheid voor grondverschuivingen
6146,https://www.dov.vlaanderen.be/geonetwork/srv/metadata/2035e01e-eef5-4806-948c-df7b966169a1,grndversch_gevoeligh,OGC:WMS-1.3.0-http-get-capabilities,https%3A%2F%2Fwww.dov.vlaanderen.be%2Fgeoserver%2Fgrondverschuivingen%2Fwms%3FSERVICE%3DWMS%26version%3D1.3.0%26request%3DGetCapabilities,WMS-capabilities Gevoeligheid voor grondverschuivingen
6148,https://www.dov.vlaanderen.be/geonetwork/srv/metadata/2035e01e-eef5-4806-948c-df7b966169a1,grndversch_gevoeligh,OGC:WMS-1.3.0-http-get-map,https%3A%2F%2Fwww.dov.vlaanderen.be%2Fgeoserver%2Fgrondverschuivingen%2Fwms%3FSERVICE%3DWMS%26version%3D1.3.0%26request%3DGetMap,WMS-map Gevoeligheid voor grondverschuivingen
6149,https://www.dov.vlaanderen.be/geonetwork/srv/metadata/2035e01e-eef5-4806-948c-df7b966169a1,grndversch_gevoeligh,OGC:WMS,https%3A%2F%2Fwww.dov.vlaanderen.be%2Fgeoserver%2Fgrondverschuivingen%2Fwms%3F,WMS-endpoint Gevoeligheid voor grondverschuivingen
6150,https://www.dov.vlaanderen.be/geonetwork/srv/metadata/2035e01e-eef5-4806-948c-df7b966169a1,grndversch_gevoeligh,OGC:WFS-2.0.0-http-get-feature,https%3A%2F%2Fwww.dov.vlaanderen.be%2Fgeoserver%2Fgrondverschuivingen%2Fwfs%3FSERVICE%3DWFS%26version%3D2.0.0%26request%3DGetFeature%26count%3D1%26typeName%3Dgrndversch_gevoeligh,WFS-feature Gevoeligheid voor grondverschuivingen
6154,713396f9-1687-11ea-a7c0-a0481ca9e724,bdod_0-5cm_mean,OGC:WMS,https%3A%2F%2Fmaps.isric.org%2Fmapserv%3Fmap%3D%2Fmap%2Fbdod.map,NULL
6205,eea_r_3035_5_km_smoisture-anomalies-gs-2021_p_2000-2021_v01_r00,NULL,OGC:WMS,https%3A%2F%2Fland.discomap.eea.europa.eu%2Farcgis%2Fservices%2FDrought%2FGrowing_Season_Mean_Soil_Moisture_2000_2019%2FMapServer%2FWMSServer%3Frequest%3DGetCapabilities%26service%3DWMS,NULL
6209,"eea_r_3035_5_km_smoisture-anomalies-gs-2019_p_2000-2019_v01_r00,DAT-247-en",NULL,OGC:WMS,https%3A%2F%2Fland.discomap.eea.europa.eu%2Farcgis%2Fservices%2FDrought%2FGrowing_Season_Mean_Soil_Moisture_2000_2019%2FMapServer%2FWMSServer%3Frequest%3DGetCapabilities%26service%3DWMS,NULL
6255,eea_v_4258_100_k_impervious-area-umz_p_2015_v01_r00,NULL,OGC:WMS,https%3A%2F%2Fclimate.discomap.eea.europa.eu%2Farcgis%2Fservices%2FUAMV%2FPercentage_Impervious_Area_UMZ_2012%2FMapServer%2FWMSServer%3Frequest%3DGetCapabilities%26service%3DWMS,NULL
6262,eea_v_3035_1_km_n-p-agri-soil_p_2008-2019_v01_r00,NULL,OGC:WMS,https%3A%2F%2Fland.discomap.eea.europa.eu%2Farcgis%2Fservices%2FAgriculture%2Fconcentrations_of_nitrogen_phosphorus_in_EU_agricultural_soils%2FMapServer%2FWMSServer%3Frequest%3DGetCapabilities%26service%3DWMS,NULL
6265,eea_v_4258_100_k_impervious-area-city_p_2015_v01_r00,NULL,OGC:WMS,https%3A%2F%2Fclimate.discomap.eea.europa.eu%2Farcgis%2Fservices%2FUAMV%2FImpervious_Areas_Core_City%2FMapServer%2FWMSServer%3Frequest%3DGetCapabilities%26service%3DWMS,NULL
6291,eea_r_3035_100_m_imd-2009-acc_p_2008-2010_v01_r03,NULL,OGC:WMS,https%3A%2F%2Fland.discomap.eea.europa.eu%2Farcgis%2Fservices%2FImperviousness%2Fsealed2009%2FImageServer%2FWMSServer%3Frequest%3DGetCapabilities%26service%3DWMS,NULL
6292,3ca32c74-a47b-496d-9943-9db04d7918b5,:wosis_latest_orgm,OGC:WFS,https%3A%2F%2Fmaps.isric.org%2Fmapserv%3Fmap%3D%2Fmap%2Fwosis_latest.map,WoSIS latest - Organic matter (LOI)
6295,3ca32c74-a47b-496d-9943-9db04d7918b5,wosis_latest_orgm,OGC:WMS,https%3A%2F%2Fmaps.isric.org%2Fmapserv%3Fmap%3D%2Fmap%2Fwosis_latest.map,WoSIS latest - Organic matter (LOI)
6306,eea_r_3035_100_m_imd-2006-acc_p_2005-2007_v01_r03,NULL,OGC:WMS,https%3A%2F%2Fland.discomap.eea.europa.eu%2Farcgis%2Fservices%2FImperviousness%2Fsealed2006%2FImageServer%2FWMSServer%3Frequest%3DGetCapabilities%26service%3DWMS,NULL
6311,eea_r_3035_100_m_imd-2012-acc_p_2011-2013_v01_r03,NULL,OGC:WMS,https%3A%2F%2Fland.discomap.eea.europa.eu%2Farcgis%2Fservices%2FImperviousness%2Fsealed2012%2FImageServer%2FWMSServer%3Frequest%3DGetCapabilities%26service%3DWMS,NULL
6335,eea_r_3035_1_k_total-nutrient-input_p_2010_v01_r00,0,OGC:WMS,https%3A%2F%2Fland.discomap.eea.europa.eu%2Farcgis%2Fservices%2FAgriculture%2FNitrogen_Input_to_agroecosystems%2FMapServer%2FWMSServer%3Frequest%3DGetCapabilities%26service%3DWMS,Total nitrogen input 2010 (kg/ha/yr)
6370,10.2909/e3284161-abef-4a2e-a291-cd8ce1cab54e,https://image.discomap.eea.europa.eu/arcgis/services/GioLandPublic/HRL_ImperviousnessChange_15_18/ImageServer/WMSServer?request=GetCapabilities&service=WMS,OGC:WMS,https%3A%2F%2Fimage.discomap.eea.europa.eu%2Farcgis%2Fservices%2FGioLandPublic%2FHRL_ImperviousnessChange_15_18%2FImageServer%2FWMSServer%3Frequest%3DGetCapabilities%26service%3DWMS,NULL
6381,10.2909/96b7f7df-3f79-4001-b489-1d918c813a62,NULL,OGC:WMS,https%3A%2F%2Fbio.discomap.eea.europa.eu%2Farcgis%2Fservices%2FEUNIS%2FMosaic_Sparsely%2FImageServer%2FWMSServer%3Frequest%3DGetCapabilities%26service%3DWMS,NULL
6388,10.2909/3bf542bd-eebd-4d73-b53c-a0243f2ed862,https://image.discomap.eea.europa.eu/arcgis/services/GioLandPublic/HRL_ImperviousnessDensity_2018/ImageServer/WMSServer?request=GetCapabilities&service=WMS,OGC:WMS,https%3A%2F%2Fimage.discomap.eea.europa.eu%2Farcgis%2Fservices%2FGioLandPublic%2FHRL_ImperviousnessDensity_2018%2FImageServer%2FWMSServer%3Frequest%3DGetCapabilities%26service%3DWMS,NULL
6391,10.2909/73f0e3eb-ea21-4083-9b49-9c345c766775,https://image.discomap.eea.europa.eu/arcgis/services/GioLandPublic/HRL_ImperviousnessClassifiedChange_15_18/ImageServer/WMSServer?request=GetCapabilities&service=WMS,OGC:WMS,https%3A%2F%2Fimage.discomap.eea.europa.eu%2Farcgis%2Fservices%2FGioLandPublic%2FHRL_ImperviousnessClassifiedChange_15_18%2FImageServer%2FWMSServer%3Frequest%3DGetCapabilities%26service%3DWMS,NULL
6395,10.2909/3e412def-a4e6-4413-98bb-42b571afd15e,https://image.discomap.eea.europa.eu/arcgis/services/GioLandPublic/HRL_BuiltUp_2018/ImageServer/WMSServer?request=GetCapabilities&service=WMS,OGC:WMS,https%3A%2F%2Fimage.discomap.eea.europa.eu%2Farcgis%2Fservices%2FGioLandPublic%2FHRL_BuiltUp_2018%2FImageServer%2FWMSServer%3Frequest%3DGetCapabilities%26service%3DWMS,NULL
6408,eea_v_3035_1_mio_grass-intens-management_p_2010_v01_r00,0,OGC:WMS,https%3A%2F%2Fland.discomap.eea.europa.eu%2Farcgis%2Fservices%2FAgriculture%2FGrassland_intensification_2010%2FMapServer%2FWMSServer%3Frequest%3DGetCapabilities%26service%3DWMS,Percentage of grasslands per administrative unit under high pressure from management practices.
6421,eea_v_3035_1_mio_crop-intens-management_p_2010_v01_r00,0,OGC:WMS,https%3A%2F%2Fland.discomap.eea.europa.eu%2Farcgis%2Fservices%2FAgriculture%2FCropland_intensification_2010%2FMapServer%2FWMSServer%3Frequest%3DGetCapabilities%26service%3DWMS,Percentage of croplands per administrative unit under high pressure from management practices.
6422,4631cb7c-001c-4924-9df7-6c379da8c0e2,AET:MONTH:MONTH,OGC:WMS-1.3.0-http-get-map,https%3A%2F%2Fio.apps.fao.org%2Fgeoserver%2Fwms%2FWATER%2FK2_ET%2Fv2%3Fservice%3DWMS%26version%3D1.3.0%26request%3DGetCapabilities,Actual EvapoTranspiration (K2
6426,eea_v_3035_1_mio_grass-intens-lcf_p_2006-2012_v01_r00,0,OGC:WMS,https%3A%2F%2Fland.discomap.eea.europa.eu%2Farcgis%2Fservices%2FAgriculture%2FGrassland_intensification_LCF_2006_2012%2FMapServer%2FWMSServer%3Frequest%3DGetCapabilities%26service%3DWMS,Percentage of grasslands per administrative unit under intensification from management practices
6433,10.2909/9d131e52-0ce9-41a1-9a96-0310eb97c415,https://image.discomap.eea.europa.eu/arcgis/services/GioLandPublic/HRL_ImperviousnessClassifiedChange_12_15/MapServer/WMSServer?request=GetCapabilities&service=WMS,OGC:WMS,https%3A%2F%2Fimage.discomap.eea.europa.eu%2Farcgis%2Fservices%2FGioLandPublic%2FHRL_ImperviousnessClassifiedChange_12_15%2FMapServer%2FWMSServer%3Frequest%3DGetCapabilities%26service%3DWMS,NULL
6439,10.2909/61a2a6c8-9f9a-407d-a01d-d2101e9dcd65,0,OGC:WMS,https%3A%2F%2Fimage.discomap.eea.europa.eu%2Farcgis%2Fservices%2FGioLandPublic%2FHRL_ImperviousnessDensity_2009%2FMapServer%2FWMSServer%3Frequest%3DGetCapabilities%26service%3DWMS,Imperviousness density 2009
6441,10.2909/3eccb338-d7d4-43e5-be77-ac0b6afc9aa7,1,OGC:WMS,https%3A%2F%2Fimage.discomap.eea.europa.eu%2Farcgis%2Fservices%2FGioLandPublic%2FHRL_ImperviousnessChange_06_09%2FMapServer%2FWMSServer%3Frequest%3DGetCapabilities%26service%3DWMS,Imperviousness change 2006-2009 100m
6449,10.2909/899550c5-55fb-4291-87ad-6354b9b43e07,0,OGC:WMS,https%3A%2F%2Fimage.discomap.eea.europa.eu%2Farcgis%2Fservices%2FGioLandPublic%2FHRL_ImperviousnessChange_06_09%2FMapServer%2FWMSServer%3Frequest%3DGetCapabilities%26service%3DWMS,Imperviousness change 2006-2009 20m
6450,10.2909/dd62f02d-a9e0-4e4f-906c-d5a913062deb,Imperviousness density 2012 100m,OGC:WMS,https%3A%2F%2Fimage.discomap.eea.europa.eu%2Farcgis%2Fservices%2FGioLandPublic%2FHRL_Imperviousness_Density_2012%2FMapServer%2FWMSServer%3Frequest%3DGetCapabilities%26service%3DWMS,NULL
6458,10.2909/bb32d49d-71ce-4a89-884a-e7e6fb118333,https://image.discomap.eea.europa.eu/arcgis/services/GioLandPublic/HRL_ImperviousnessClassifiedChange_09_12/MapServer/WMSServer?request=GetCapabilities&service=WMS,OGC:WMS,https%3A%2F%2Fimage.discomap.eea.europa.eu%2Farcgis%2Fservices%2FGioLandPublic%2FHRL_ImperviousnessClassifiedChange_09_12%2FMapServer%2FWMSServer%3Frequest%3DGetCapabilities%26service%3DWMS,NULL
6463,10.2909/56b5c27b-ffaa-45c7-9b39-085dcbe725e4,https://image.discomap.eea.europa.eu/arcgis/services/GioLandPublic/HRL_ImperviousnessChange_12_15/MapServer/WMSServer?request=GetCapabilities&service=WMS,OGC:WMS,https%3A%2F%2Fimage.discomap.eea.europa.eu%2Farcgis%2Fservices%2FGioLandPublic%2FHRL_ImperviousnessChange_12_15%2FMapServer%2FWMSServer%3Frequest%3DGetCapabilities%26service%3DWMS,NULL
6473,10.2909/b1ccb4c2-be13-416c-ac17-246b3b5219cf,Imperviousness density change 06-12 100m,OGC:WMS,https%3A%2F%2Fimage.discomap.eea.europa.eu%2Farcgis%2Fservices%2FGioLandPublic%2FHRL_ImperviousnessChange_06_12%2FMapServer%2FWMSServer%3Frequest%3DGetCapabilities%26service%3DWMS,NULL
6476,10.2909/511912cb-8707-4930-ace5-97984cd6f1b6,HRL_CPL:CPBSB_S2017,OGC:WMS,https%3A%2F%2Fgeoserver.vlcc.geoville.com%2Fgeoserver%2Fows%3Fservice%3DWMS%26version%3D1.3.0%26request%3DGetCapabilities,CLMS_HRL_BareSoilBefore_S2017_R10m
6483,10.2909/454f6cd4-d7b2-4dfb-be9f-8ba1d667d69b,0,OGC:WMS,https%3A%2F%2Fimage.discomap.eea.europa.eu%2Farcgis%2Fservices%2FGioLandPublic%2FHRL_ImperviousnessClassifiedChange_06_12%2FMapServer%2FWMSServer%3Frequest%3DGetCapabilities%26service%3DWMS,Imperviousness Classified Change 2006 - 2012
6492,10.2909/8b83d30f-4731-4de3-bead-1c6432d9d30a,0,OGC:WMS,https%3A%2F%2Fimage.discomap.eea.europa.eu%2Farcgis%2Fservices%2FGioLandPublic%2FHRL_ImperviousnessDensity_2015%2FMapServer%2FWMSServer%3Fservice%3DWMS,Imperviousness Density 2015
6496,10.2909/62ab826c-9411-4dbf-b516-beb1db681830,https://image.discomap.eea.europa.eu/arcgis/services/GioLandPublic/HRL_ImperviousnessClassifiedChange_06_09/MapServer/WMSServer?request=GetCapabilities&service=WMS,OGC:WMS,https%3A%2F%2Fimage.discomap.eea.europa.eu%2Farcgis%2Fservices%2FGioLandPublic%2FHRL_ImperviousnessClassifiedChange_06_09%2FMapServer%2FWMSServer%3Frequest%3DGetCapabilities%26service%3DWMS,NULL
6498,10.2909/69a44d4d-ef2c-4ae3-bf38-ff9f565252e0,HRL_CPL:CPBSA_S2017,OGC:WMS,https%3A%2F%2Fgeoserver.vlcc.geoville.com%2Fgeoserver%2Fows%3Fservice%3DWMS%26version%3D1.3.0%26request%3DGetCapabilities,CLMS_HRL_BareSoilAfter_S2017_R10m
6507,10.2909/53eb2a55-4537-41ef-938f-603a52a5eb39,Imperviousness density change 09-12 20m,OGC:WMS,https%3A%2F%2Fimage.discomap.eea.europa.eu%2Farcgis%2Fservices%2FGioLandPublic%2FHRL_ImperviousnessChange_09_12%2FMapServer%2FWMSServer%3Frequest%3DGetCapabilities%26service%3DWMS,NULL
6515,10.2909/bd1c6abc-a413-489a-91c7-e2690e01ff0e,0,OGC:WMS,https%3A%2F%2Fimage.discomap.eea.europa.eu%2Farcgis%2Fservices%2FGioLandPublic%2FHRL_ImperviousnessDensity_2009%2FMapServer%2FWMSServer%3Frequest%3DGetCapabilities%26service%3DWMS,Imperviousness density 2009
6518,10.2909/c389689b-38b7-4e3d-bc7b-a403da0cac47,Imperviousness density change 09-12 100m,OGC:WMS,https%3A%2F%2Fimage.discomap.eea.europa.eu%2Farcgis%2Fservices%2FGioLandPublic%2FHRL_ImperviousnessChange_09_12%2FMapServer%2FWMSServer%3Frequest%3DGetCapabilities%26service%3DWMS,NULL
6521,10.2909/17b26358-df10-4def-9991-fb395ce64933,1,OGC:WMS,https%3A%2F%2Fimage.discomap.eea.europa.eu%2Farcgis%2Fservices%2FGioLandPublic%2FHRL_ImperviousnessDensity_2006%2FMapServer%2FWMSServer%3Frequest%3DGetCapabilities%26service%3DWMS,Imperviousness density 2006 100m
6528,10.2909/3de1ca12-d9a2-40bf-ae55-5c5026b8b90e,Imperviousness density change 06-12 20m,OGC:WMS,https%3A%2F%2Fimage.discomap.eea.europa.eu%2Farcgis%2Fservices%2FGioLandPublic%2FHRL_ImperviousnessChange_06_12%2FMapServer%2FWMSServer%3Frequest%3DGetCapabilities%26service%3DWMS,NULL
6533,10.2909/532f0b73-66c3-46f6-b5a5-d1cccd140433,0,OGC:WMS,https%3A%2F%2Fimage.discomap.eea.europa.eu%2Farcgis%2Fservices%2FGioLandPublic%2FHRL_ImperviousnessDensity_2006%2FMapServer%2FWMSServer%3Frequest%3DGetCapabilities%26service%3DWMS,Imperviousness density 2006 20m
6537,10.2909/463f357e-6419-461b-9ed1-c38948a75f09,https://image.discomap.eea.europa.eu/arcgis/services/GioLandPublic/HRL_ImperviousnessChange_12_15/MapServer/WMSServer?request=GetCapabilities&service=WMS,OGC:WMS,https%3A%2F%2Fimage.discomap.eea.europa.eu%2Farcgis%2Fservices%2FGioLandPublic%2FHRL_ImperviousnessChange_12_15%2FMapServer%2FWMSServer%3Frequest%3DGetCapabilities%26service%3DWMS,NULL
6544,eea_r_3035_1_k_nutrient-trend_p_2000-2005_v01_r00,0,OGC:WMS,https%3A%2F%2Fland.discomap.eea.europa.eu%2Farcgis%2Fservices%2FAgriculture%2FNitrogen_Input_to_agroecosystems_trend%2FMapServer%2FWMSServer%3Frequest%3DGetCapabilities%26service%3DWMS,Average N input 2000-2005 compared to 2000 (Difference in kg/ha/yr)
6583,10.2909/3641fdef-fb65-42a6-b6ec-92d168a4191b,HRL_NVLCC_IBUC_20m,OGC:WMS,https%3A%2F%2Fgeoserver.geoville.com%2Fgeoserver%2Fnvlcc%2Fows%3Fservice%3DWMS%26version%3D1.3.0%26request%3DGetCapabilities,CLMS_NVLCC_IBUC_C2018-2021_R20m
6547,scc_v_3035_10_k_virgin-forest-inventory-keo_i_2019_v01_r00,NULL,OGC:WMS,https%3A%2F%2Fland.discomap.eea.europa.eu%2Farcgis%2Fservices%2FCarpathians%2FVirginForestInventory%2FMapServer%2FWMSServer%3Frequest%3DGetCapabilities%26service%3DWMS,Virgin Forest Inventory of the Carpathians Dec. 2019
6551,eea_v_3035_1_mio_grass-intens-nuts3_p_2005-2010_v01_r00,0,OGC:WMS,https%3A%2F%2Fland.discomap.eea.europa.eu%2Farcgis%2Fservices%2FAgriculture%2FGrassland_intensification_Nutrient_2005_2010%2FMapServer%2FWMSServer%3Frequest%3DGetCapabilities%26service%3DWMS,Percentage of grasslands per administrative units with increased nutrient inputs
6560,eea_v_3035_1_mio_crop-intens-lcf_p_2006-2012_v01_r00,0,OGC:WMS,https%3A%2F%2Fland.discomap.eea.europa.eu%2Farcgis%2Fservices%2FAgriculture%2FCropland_intensification_LCF_2006_2012%2FMapServer%2FWMSServer%3Frequest%3DGetCapabilities%26service%3DWMS,Percentage of croplands per administrative unit under intensification from management practices.
6563,FCBBBFDA_1036_D80B_1051_A0A9BA56FF00,chm:espon_potential_environmental_impact,OGC:WMS-1.1.1-http-get-map,http%3A%2F%2Fclimate-adapt.eea.europa.eu%2Fgeoserver%2Fwms%3FSERVICE%3DWMS%26,Potential environmental impact (ESPON Climate project)
6567,ch.bafu.wald-wasserverfuegbarkeit_boden,ch.bafu.wald-wasserverfuegbarkeit_boden,OGC:WMS,https%3A%2F%2Fwms.geo.admin.ch%2F%3FSERVICE%3DWMS%26VERSION%3D1.3.0%26REQUEST%3DGetCapabilities%26lang%3Dde,"WMS-BGDI Dienst, Layer ""Wasserverfügbarkeit im Boden"""
6573,10.2909/9ab86774-f1f4-4562-85f1-42705da23ac0,HRL_NVLCC_IMCC_20m,OGC:WMS,https%3A%2F%2Fgeoserver.geoville.com%2Fgeoserver%2Fnvlcc%2Fows%3Fservice%3DWMS%26version%3D1.3.0%26request%3DGetCapabilities,CLMS_NVLCC_IMCC_C2018-2021_R20m
6587,10.2909/b862001d-6635-44c3-8448-d9e793188e8a,HRL_NVLCC_IMDC_20m,OGC:WMS,https%3A%2F%2Fgeoserver.geoville.com%2Fgeoserver%2Fnvlcc%2Fows%3Fservice%3DWMS%26version%3D1.3.0%26request%3DGetCapabilities,CLMS_NVLCC_IMDC_C2018-2021_R20m
6593,eea_v_3035_100_k_keo-boundary-buffer_p_2016_v01_r00,0,OGC:WMS,https%3A%2F%2Fland.discomap.eea.europa.eu%2Farcgis%2Fservices%2FCarpathians%2FKEO%2FMapServer%2FWMSServer%3Frequest%3DGetCapabilities%26service%3DWMS,Carpathians Environmental Outlook (KEO) boundary
6598,10.2909/707f3c1f-4ecd-4cd1-bb7e-5091f0f36c4c,NULL,OGC:WMS,https%3A%2F%2Fbio.discomap.eea.europa.eu%2Farcgis%2Fservices%2FEUNIS%2FSparsely_Distribution_point%2FMapServer%2FWMSServer%3Frequest%3DGetCapabilities%26service%3DWMS,NULL
6605,10.2909/34ef6334-d432-4041-a3da-67e156d6501d,HRL_NVLCC_IMD_10m,OGC:WMS,https%3A%2F%2Fgeoserver.geoville.com%2Fgeoserver%2Fnvlcc%2Fows%3Fservice%3DWMS%26version%3D1.3.0%26request%3DGetCapabilities,CLMS_NVLCC_IMD_S2021_R10m
6608,10.2909/d5948b24-0a46-4946-b1eb-1f96440c5685,HRL_NVLCC_IBU_10m,OGC:WMS,https%3A%2F%2Fgeoserver.geoville.com%2Fgeoserver%2Fnvlcc%2Fows%3Fservice%3DWMS%26version%3D1.3.0%26request%3DGetCapabilities,CLMS_NVLCC_IBU_S2021_R10m
6616,10.2909/a6c48c2d-114f-406e-ba99-c9085a5f5aee,NULL,OGC:WMS,https%3A%2F%2Fbio.discomap.eea.europa.eu%2Farcgis%2Fservices%2FEUNIS%2FMosaicProb_Sparsely%2FImageServer%2FWMSServer%3Frequest%3DGetCapabilities%26service%3DWMS,NULL
6625,eea_r_3035_1_km_naturalness-species-keo_p_2011_v01_r00,0,OGC:WMS,https%3A%2F%2Fforest.discomap.eea.europa.eu%2Farcgis%2Fservices%2FFISE%2Fnaturalness_species_keo_2011%2FImageServer%2FWMSServer%3Frequest%3DGetCapabilities%26service%3DWMS,Forest naturalness
6627,eea_r_3035_100_m_keo-forest-fragm_p_2015_v01_r00,0,OGC:WMS,https%3A%2F%2Fforest.discomap.eea.europa.eu%2Farcgis%2Fservices%2FFISE%2Fforest_fragm_keo_2015%2FImageServer%2FWMSServer%3Frequest%3DGetCapabilities%26service%3DWMS,forest_fragm_keo_2015
6632,"eea_v_3035_25_k_european-mountain_p_2008_v1_r00,DAT-215-en",NULL,OGC:WMS,https%3A%2F%2Fland.discomap.eea.europa.eu%2Farcgis%2Fservices%2FLand%2FEuropeanMountainAreas%2FMapServer%2FWMSServer%3Frequest%3DGetCapabilities%26service%3DWMS,European mountain areas
6638,"eea_r_3035_100_m_forest-area-2015_p_2014-2016_v01_r00,DAT-216-en",NULL,OGC:WMS,https%3A%2F%2Fforest.discomap.eea.europa.eu%2Farcgis%2Fservices%2FForest%2FForest_area_2015%2FMapServer%2FWMSServer%3Frequest%3DGetCapabilities%26service%3DWMS,NULL
6642,"eea_r_3035_100_m_forest-area-2012_p_2012_v01_r00,DAT-216-en",0,OGC:WMS,https%3A%2F%2Fforest.discomap.eea.europa.eu%2Farcgis%2Fservices%2FForest%2FForest_area_2012%2FMapServer%2FWMSServer%3Frequest%3DGetCapabilities%26service%3DWMS,NULL
6644,ch.blw.feldblockkarte,ch.blw.feldblockkarte,OGC:WMS,https%3A%2F%2Fwms.geo.admin.ch%2F%3FSERVICE%3DWMS%26VERSION%3D1.3.0%26REQUEST%3DGetCapabilities%26lang%3Dde,"WMS-BGDI Dienst, Layer ""Feldblockkarte"""
6652,eea_r_3035_1_km_fga1-m_p_2011-2016_v02_r00,0,OGC:WMS,https%3A%2F%2Fland.discomap.eea.europa.eu%2Farcgis%2Fservices%2FLand%2FMajor_anthropogenic_fragmentation_effective_mesh_size%2FMapServer%2FWMSServer%3Frequest%3DGetCapabilities%26service%3DWMS,Effective mesh size
6779,eea_r_3035_1_km_clc-forest-cover-loss-eu_p_2000-2006_v01_r00,NULL,OGC:WMS,https%3A%2F%2Fforest.discomap.eea.europa.eu%2Farcgis%2Fservices%2FForest_Ch_CLC%2FForest_cover_loss_CLC_00_06%2FMapServer%2FWMSServer%3Frequest%3DGetCapabilities%26service%3DWMS,NULL
6783,eea_r_3035_1_km_clc-forest-cover-loss-eu_p_2006-2012_v01_r00,NULL,OGC:WMS,https%3A%2F%2Fforest.discomap.eea.europa.eu%2Farcgis%2Fservices%2FForest_Ch_CLC%2FForest_cover_loss_CLC_06_12%2FMapServer%2FWMSServer%3Frequest%3DGetCapabilities%26service%3DWMS,NULL
6787,eea_r_3035_1_km_clc-forest-cover-loss-eu_p_2012-2018_v01_r00,NULL,OGC:WMS,https%3A%2F%2Fforest.discomap.eea.europa.eu%2Farcgis%2Fservices%2FForest_Ch_CLC%2FForest_cover_loss_CLC_12_18%2FMapServer%2FWMSServer%3Frequest%3DGetCapabilities%26service%3DWMS,NULL
6792,"eea_r_3035_1_km_forest-richness-hab-sps_p_2007-2012_v01_r00,DAT-219-en",0,OGC:WMS,https%3A%2F%2Fforest.discomap.eea.europa.eu%2Farcgis%2Fservices%2FForest%2FRichness_forest_habitats_sps%2FMapServer%2FWMSServer%3Frequest%3DGetCapabilities%26service%3DWMS,NULL
6797,10.2909/1e42e939-73ec-4e82-82ae-3625ecffc907,NULL,OGC:WMS,https%3A%2F%2Fland.discomap.eea.europa.eu%2Farcgis%2Fservices%2FImperviousness%2FImperviousness2018v2024%2FMapServer%2FWMSServer%3Frequest%3DGetCapabilities%26service%3DWMS,NULL
6804,10.2909/971345a4-c826-49ab-9c61-46d48dbc509b,NULL,OGC:WMS,https%3A%2F%2Fland.discomap.eea.europa.eu%2Farcgis%2Fservices%2FImperviousness%2FImperviousness2012v2024%2FMapServer%2FWMSServer%3Frequest%3DGetCapabilities%26service%3DWMS,NULL
6811,10.2909/deea2778-7023-4b81-8eab-8f3a0ac43661,NULL,OGC:WMS,https%3A%2F%2Fland.discomap.eea.europa.eu%2Farcgis%2Fservices%2FImperviousness%2FImperviousness2015v2024%2FMapServer%2FWMSServer%3Frequest%3DGetCapabilities%26service%3DWMS,NULL
6818,10.2909/de2df446-c93b-4bea-8fc1-cad0d1d976ce,NULL,OGC:WMS,https%3A%2F%2Fland.discomap.eea.europa.eu%2Farcgis%2Fservices%2FImperviousness%2FImperviousness2009v2024%2FMapServer%2FWMSServer%3Frequest%3DGetCapabilities%26service%3DWMS,NULL
6825,10.2909/7db5272f-5825-442b-9fa0-8b1c424f4ff1,NULL,OGC:WMS,https%3A%2F%2Fland.discomap.eea.europa.eu%2Farcgis%2Fservices%2FImperviousness%2FImperviousness2006v2024%2FMapServer%2FWMSServer%3Frequest%3DGetCapabilities%26service%3DWMS,NULL
6829,ch.bafu.wald-wasserverfuegbarkeit_pflanzen,ch.bafu.wald-wasserverfuegbarkeit_pflanzen,OGC:WMS,https%3A%2F%2Fwms.geo.admin.ch%2F%3FSERVICE%3DWMS%26VERSION%3D1.3.0%26REQUEST%3DGetCapabilities%26lang%3Dde,"WMS-BGDI Dienst, Layer ""Wasserverfügbarkeit für Pflanzen"""
6841,"eea_r_3035_1_km_forest-assemblage-sps_p_2006_v01_r00,DAT-220-en",0,OGC:WMS,https%3A%2F%2Fforest.discomap.eea.europa.eu%2Farcgis%2Fservices%2FForest%2FNatural_assemblage_indicator%2FMapServer%2FWMSServer%3Frequest%3DGetCapabilities%26service%3DWMS,NULL
6849,10.2909/917348e8-42ea-4df9-8fe8-4d47bcd8d241,NULL,OGC:WMS,https%3A%2F%2Fbio.discomap.eea.europa.eu%2Farcgis%2Fservices%2FEUNIS%2FMosaicSuit_Wetlands%2FImageServer%2FWMSServer%3Frequest%3DGetCapabilities%26service%3DWMS,WMS Web Map Service
6857,"eea_r_3035_100_m_fga2-s-2018_p_2017-2019_v01_r00,DAT-222-en",Fragmentation_2018_mesh_density:FragmentationSymbology,OGC:WMS,https%3A%2F%2Fland.discomap.eea.europa.eu%2Farcgis%2Fservices%2FFragmentation%2FFragmentation_2018_mesh_density%2FImageServer%2FWMSServer%3Frequest%3DGetCapabilities%26service%3DWMS,NULL
6860,"eea_r_3035_100_m_fga2-s-2015_p_2015-2016_v01_r00,DAT-222-en",NULL,OGC:WMS,https%3A%2F%2Fland.discomap.eea.europa.eu%2Farcgis%2Fservices%2FFragmentation%2FFragmentation_2015_mesh_density%2FImageServer%2FWMSServer%3Frequest%3DGetCapabilities%26service%3DWMS,NULL
6865,eea_r_3035_100_m_adm-boundaries-eea39_p_2016-2017_v01_r00,0,OGC:WMS,https%3A%2F%2Fland.discomap.eea.europa.eu%2Farcgis%2Fservices%2FLand%2FAdministrativeBoundaries_EEA39%2FMapServer%2FWMSServer%3Frequest%3DGetCapabilities%26service%3DWMS,ADM_EEA39
6868,eea_r_3035_1_km_env-zones_p_2018_v01_r00,NULL,OGC:WMS,https%3A%2F%2Fland.discomap.eea.europa.eu%2Farcgis%2Fservices%2FLand%2FEnvironmental_Zones_2018%2FImageServer%2FWMSServer%3Frequest%3DGetCapabilities%26service%3DWMS,NULL
6870,d29bdac4-4e0f-44e6-94da-d5e7f6ba91be,:wosis_latest_cfgr,OGC:WFS,https%3A%2F%2Fmaps.isric.org%2Fmapserv%3Fmap%3D%2Fmap%2Fwosis_latest.map,NULL
6873,d29bdac4-4e0f-44e6-94da-d5e7f6ba91be,wosis_latest_cfgr,OGC:WMS,https%3A%2F%2Fmaps.isric.org%2Fmapserv%3Fmap%3D%2Fmap%2Fwosis_latest.map,WoSIS latest - Coarse fragments gravimetric total
6877,"eea_r_3035_100_m_fga2-s-2012_p_2012-2016_v01_r00,DAT-222-en",NULL,OGC:WMS,https%3A%2F%2Fland.discomap.eea.europa.eu%2Farcgis%2Fservices%2FFragmentation%2FFragmentation_2012_mesh_density%2FImageServer%2FWMSServer%3Frequest%3DGetCapabilities%26service%3DWMS,NULL
6882,eea_r_3035_100_m_adm-boundaries-eea38-uk_p_2020_v01_r00,NULL,OGC:WMS,https%3A%2F%2Fland.discomap.eea.europa.eu%2Farcgis%2Fservices%2FBackground%2FEuropean_Administrative_boundaries_v2020%2FImageServer%2FWMSServer%3Frequest%3DGetCapabilities%26service%3DWMS,NULL
6886,"eea_r_3035_100_m_fga2-s-2009_p_2009-2016_v01_r00,DAT-222-en",NULL,OGC:WMS,https%3A%2F%2Fland.discomap.eea.europa.eu%2Farcgis%2Fservices%2FFragmentation%2FFragmentation_2009_mesh_density%2FImageServer%2FWMSServer%3Frequest%3DGetCapabilities%26service%3DWMS,NULL
6892,eea_r_3035_1_km_forest-horizontal-structure-2015_p_2015_v01_r00,WMS Web Map Service,OGC:WMS,https%3A%2F%2Fforest.discomap.eea.europa.eu%2Farcgis%2Fservices%2FForest_spatial_pattern%2FForest_Horizontal_Struct_2015%2FMapServer%2FWMSServer%3Frequest%3DGetCapabilities%26service%3DWMS,NULL
6896,eea_r_3035_100_m_forest-mspa-2012_p_2012_v01_r00,WMS Web Map Service,OGC:WMS,https%3A%2F%2Fforest.discomap.eea.europa.eu%2Farcgis%2Fservices%2FForest_spatial_pattern%2FMSPA_Forest_2012%2FMapServer%2FWMSServer%3Frequest%3DGetCapabilities%26service%3DWMS,NULL
37137,arls_031:m10914-cc-i11786,NULL,Web Map Service (WMS),https%3A%2F%2Fserviziogc.regione.fvg.it%2Fgeoserver%2FERSA%2Fwms%3Frequest%3DGetCapabilities%26service%3Dwms%26version%3D1.1.1,NULL
6901,eea_r_3035_1_km_fga2-m_p_2011-2016_v02_r00,0,OGC:WMS,https%3A%2F%2Fland.discomap.eea.europa.eu%2Farcgis%2Fservices%2FLand%2FMajor_and_medium_antropogenic_fragmentation_effective_mesh_size%2FMapServer%2FWMSServer%3Frequest%3DGetCapabilities%26service%3DWMS,Effective mesh size
6922,eea_r_3035_1_km_fga2-s_p_2011-2016_v02_r00,0,OGC:WMS,https%3A%2F%2Fland.discomap.eea.europa.eu%2Farcgis%2Fservices%2FLand%2FMajor_and_medium_anthropogenic_fragmentation_effective_mesh_density%2FMapServer%2FWMSServer%3Frequest%3DGetCapabilities%26service%3DWMS,Effective mesh density
6926,"eea_r_3035_1_km_fga1-s_p_2011-2016_v02_r00,DAT-222-en",0,OGC:WMS,https%3A%2F%2Fland.discomap.eea.europa.eu%2Farcgis%2Fservices%2FLand%2FMajor_anthropogenic_fragmentation_effective_mesh_density%2FMapServer%2FWMSServer%3Frequest%3DGetCapabilities%26service%3DWMS,Effective mesh density
6937,ch.bafu.gewaesserschutz-diffuse_eintraege_stickstoff,ch.bafu.gewaesserschutz-diffuse_eintraege_stickstoff,OGC:WMS,https%3A%2F%2Fwms.geo.admin.ch%2F%3FSERVICE%3DWMS%26VERSION%3D1.3.0%26REQUEST%3DGetCapabilities%26lang%3Dde,"WMS-BGDI Dienst, Layer ""Diffuse Gesamt-Stickstoffeinträge"""
6941,ch.bafu.gewaesserschutz-diffuse_eintraege_gesamt_phosphor,ch.bafu.gewaesserschutz-diffuse_eintraege_gesamt_phosphor,OGC:WMS,https%3A%2F%2Fwms.geo.admin.ch%2F%3FSERVICE%3DWMS%26VERSION%3D1.3.0%26REQUEST%3DGetCapabilities%26lang%3Dde,"WMS-BGDI Dienst, Layer ""Diffuse Gesamt-Phosphoreinträge"""
6951,10.2909/169b69b5-a1f8-4aed-8042-bfcb4c1e4948,NULL,OGC:WMS,https%3A%2F%2Fbio.discomap.eea.europa.eu%2Farcgis%2Fservices%2FEUNIS%2FMosaic_Forest%2FImageServer%2FWMSServer%3Frequest%3DGetCapabilities%26service%3DWMS,NULL
6957,10.2909/f425a73e-dc6c-40be-93d6-9d234d4bbe1b,NULL,OGC:WMS,https%3A%2F%2Fbio.discomap.eea.europa.eu%2Farcgis%2Fservices%2FEUNIS%2FMosaicProb_Forest%2FImageServer%2FWMSServer%3Frequest%3DGetCapabilities%26service%3DWMS,Forest probability WMS service
6963,10.2909/afde0fbb-6401-45cd-aabd-3aa7b4b3a7f0,0,OGC:WMS,https%3A%2F%2Fimage.discomap.eea.europa.eu%2Farcgis%2Fservices%2FDownloadLayers%2FHRL_SWF_2015_DL%2FMapServer%2FWMSServer%3Fservice%3DWMS%26request%3DGetCapabilities%26version%3D1.3.0,SWF_2015_DownloadLayer_WM
6966,10.2909/2adfe942-186d-4ee0-af41-b8b864dfb6b6,0,OGC:WMS,https%3A%2F%2Fimage.discomap.eea.europa.eu%2Farcgis%2Fservices%2FDownloadLayers%2FHRL_SWF_2015_DL%2FMapServer%2FWMSServer%3Fservice%3DWMS%26request%3DGetCapabilities%26version%3D1.3.0,SWF_2015_DownloadLayer_WM
7064,10.2909/70fbb9d1-b61b-4bdc-973b-fec4d8835ccd,NULL,OGC:WMS,https%3A%2F%2Fbio.discomap.eea.europa.eu%2Farcgis%2Fservices%2FEUNIS%2FMosaic_Grassland%2FImageServer%2FWMSServer%3Frequest%3DGetCapabilities%26service%3DWMS,NULL
7070,10.2909/5b3e4da9-4c14-498c-b20e-bc514470eab5,NULL,OGC:WMS,https%3A%2F%2Fbio.discomap.eea.europa.eu%2Farcgis%2Fservices%2FEUNIS%2FMosaic_Saltmarshes%2FImageServer%2FWMSServer%3Frequest%3DGetCapabilities%26service%3DWMS,NULL
7076,10.2909/156377d3-14ee-42f9-855e-71d8c710d441,NULL,OGC:WMS,https%3A%2F%2Fbio.discomap.eea.europa.eu%2Farcgis%2Fservices%2FEUNIS%2FMosaic_Heathlands%2FImageServer%2FWMSServer%3Frequest%3DGetCapabilities%26service%3DWMS,NULL
7083,10.2909/f97c9bdc-3bdc-45e9-8f28-e687702096d7,NULL,OGC:WMS,https%3A%2F%2Fbio.discomap.eea.europa.eu%2Farcgis%2Fservices%2FEUNIS%2FMosaic_Coastal%2FImageServer%2FWMSServer%3Frequest%3DGetCapabilities%26service%3DWMS,NULL
7086,"copernicus_r_utm-wgs84_20_m_hrsi-rlie_p_2016-now_v01_r00,DAT-244-en",https://cryo.land.copernicus.eu/wms/RLIE?service=WMS&request=GetCapabilities&version=1.3.0,OGC:WMS,https%3A%2F%2Fcryo.land.copernicus.eu%2Fwms%2FRLIE%3Fservice%3DWMS%26request%3DGetCapabilities%26version%3D1.3.0,NULL
6973,eea_r_3035_100_m_extended-wetland-ecosystem_p_2012_v01_r00,NULL,OGC:WMS,https%3A%2F%2Fland.discomap.eea.europa.eu%2Farcgis%2Fservices%2FLand%2FExtended_wetland_ecosystem_2012%2FImageServer%2FWMSServer%3Frequest%3DGetCapabilities%26service%3DWMS,NULL
6975,10.2909/4e92b07d-48b0-4a53-9db2-fd8d07070cc1,0,OGC:WMS,https%3A%2F%2Fimage.discomap.eea.europa.eu%2Farcgis%2Fservices%2FGioLandPublic%2FHRL_SmallWoodyFeatures_2015_005m%2FImageServer%2FWMSServer%3Frequest%3DGetCapabilities%26service%3DWMS,HRL_SmallWoodyFeatures_2015_005m
6991,eea_r_3035_1_km_clc-forest-cover-gain-eu_p_2006-2012_v01_r00,NULL,OGC:WMS,https%3A%2F%2Fforest.discomap.eea.europa.eu%2Farcgis%2Fservices%2FForest_Ch_CLC%2FForest_cover_gain_CLC_06_12%2FMapServer%2FWMSServer%3Frequest%3DGetCapabilities%26service%3DWMS,NULL
7000,"eea_r_3035_100_m_hnv-farm-2000-acc_p_2000_v01_r00,DAT-145-en",0,OGC:WMS,https%3A%2F%2Fland.discomap.eea.europa.eu%2Farcgis%2Fservices%2FLand%2FHNV_2000ac%2FMapServer%2FWMSServer%3Frequest%3DGetCapabilities%26service%3DWMS,HNV farmland 2000 accounting layer (100m) - Likelihood of HNV 2000 farmland presence
7003,eea_r_3035_1_km_clc-forest-cover-gain-eu_p_2012-2018_v01_r00,NULL,OGC:WMS,https%3A%2F%2Fforest.discomap.eea.europa.eu%2Farcgis%2Fservices%2FForest_Ch_CLC%2FForest_cover_gain_CLC_12_18%2FMapServer%2FWMSServer%3Frequest%3DGetCapabilities%26service%3DWMS,NULL
37138,arls_031:m10914-cc-i11786,NULL,Web Feature Service (WFS),https%3A%2F%2Fserviziogc.regione.fvg.it%2Fgeoserver%2FERSA%2Fwfs%3Frequest%3DGetCapabilities%26service%3Dwfs%26version%3D1.0.0,NULL
7007,eea_r_3035_1_km_clc-forest-cover-loss-eu_p_2000-2018_v01_r00,NULL,OGC:WMS,https%3A%2F%2Fforest.discomap.eea.europa.eu%2Farcgis%2Fservices%2FForest_Ch_CLC%2FForest_cover_loss_CLC_00_18%2FMapServer%2FWMSServer%3Frequest%3DGetCapabilities%26service%3DWMS,NULL
7012,"eea_r_3035_100_m_hnv-farm-2012-acc_p_2012_v01_r00,DAT-145-en",0,OGC:WMS,https%3A%2F%2Fland.discomap.eea.europa.eu%2Farcgis%2Fservices%2FLand%2FWMS_HNV_2012ac%2FMapServer%2FWMSServer%3Frequest%3DGetCapabilities%26service%3DWMS,HNV farmland 2012 accounting layer (100m) - Likelihood of HNV 2012 farmland presence
7094,"eea_r_3035_100_m_clc-2006-acc_p_2005-2007_v02_r00,DAT-214-en,DAT-37-en",0,OGC:WMS,https%3A%2F%2Fland.discomap.eea.europa.eu%2Farcgis%2Fservices%2FLand%2FCLC_accounting_layer_2006%2FImageServer%2FWMSServer%3Frequest%3DGetCapabilities%26service%3DWMS,CLC_accounting_layer_2006
7096,"eea_r_3035_100_m_clc-2012-acc_p_2011-2013_v02_r00,DAT-214-en",0,OGC:WMS,https%3A%2F%2Fland.discomap.eea.europa.eu%2Farcgis%2Fservices%2FLand%2FCLC_accounting_layer_2012%2FImageServer%2FWMSServer%3Frequest%3DGetCapabilities%26service%3DWMS,CLC_accounting_layer_2012
7102,copernicus_v_3035_10_m_rz-2012-lclu_p_2011-2013_v02_r00,NULL,OGC:WMS,https%3A%2F%2Fimage.discomap.eea.europa.eu%2Farcgis%2Fservices%2FRiparianZones%2FLCLU%2FMapServer%2FWMSServer%3Fservice%3DWMS%26request%3DGetCapabilities%26version%3D1.3.0,Riparian Zones 2012 LCLU
7106,"eea_r_3035_100_m_clc-2000-acc_p_1999-2001_v02_r00,DAT-214-en",0,OGC:WMS,https%3A%2F%2Fland.discomap.eea.europa.eu%2Farcgis%2Fservices%2FLand%2FCLC_accounting_layer_2000%2FImageServer%2FWMSServer%3Frequest%3DGetCapabilities%26service%3DWMS,CLC_accounting_layer_2000
7111,10.2909/debc1869-a4a2-4611-ae95-daeefce23490,UrbanAtlas_2012,OGC:WMS,https%3A%2F%2Fimage.discomap.eea.europa.eu%2Farcgis%2Fservices%2FUrbanAtlas%2FUA_UrbanAtlas_2012%2FMapServer%2FWMSServer%3Frequest%3DGetCapabilities%26service%3DWMS,NULL
7130,10.2909/d9aeb892-04d5-42c0-b24a-29b58831316f,https://copernicus.discomap.eea.europa.eu/arcgis/services/RiparianZones/RZ_Change/MapServer/WMSServer?request=GetCapabilities&service=WMS,OGC:WMS,https%3A%2F%2Fcopernicus.discomap.eea.europa.eu%2Farcgis%2Fservices%2FRiparianZones%2FRZ_Change%2FMapServer%2FWMSServer%3Frequest%3DGetCapabilities%26service%3DWMS,NULL
7134,10.2909/6aeb0dea-9d8c-42bd-a357-cd859f148929,Riparian Zones 2012 LCLU,OGC:WMS,https%3A%2F%2Fcopernicus.discomap.eea.europa.eu%2Farcgis%2Fservices%2FRiparianZones%2FRZ_2012%2FMapServer%2FWMSServer%3Frequest%3DGetCapabilities%26service%3DWMS,NULL
7139,eea_r_3035_100_m_eni-cha-2000-2018_p_2000-2019_v01_r00,NULL,OGC:WMS,https%3A%2F%2Fimage.discomap.eea.europa.eu%2Farcgis%2Fservices%2FENI_CLC_Pilot%2FENI_CHA_Pilot_2000_2018_WM%2FMapServer%2FWMSServer%3Frequest%3DGetCapabilities%26service%3DWMS,NULL
7149,eea_v_3035_100_m_eni-cha-2000-2018_p_2000-2019_v01_r00,NULL,OGC:WMS,https%3A%2F%2Fimage.discomap.eea.europa.eu%2Farcgis%2Fservices%2FENI_CLC_Pilot%2FENI_CHA_Pilot_2000_2018_WM%2FMapServer%2FWMSServer%3Frequest%3DGetCapabilities%26service%3DWMS,NULL
7154,eea_r_3035_100_m_eni-clc-2018_p_2017-2019_v01_r00,WMS Web Map Service,OGC:WMS,https%3A%2F%2Fimage.discomap.eea.europa.eu%2Farcgis%2Fservices%2FENI_CLC_Pilot%2FENI_CLC_Pilot_2018_WM%2FMapServer%2FWMSServer%3Frequest%3DGetCapabilities%26service%3DWMS,NULL
7159,eea_v_3035_100_m_eni-clc-2000_p_2000-2005_v01_r00,WMS Web Map Service,OGC:WMS,https%3A%2F%2Fimage.discomap.eea.europa.eu%2Farcgis%2Fservices%2FENI_CLC_Pilot%2FENI_CLC_Pilot_2000_WM%2FMapServer%2FWMSServer%3Frequest%3DGetCapabilities%26service%3DWMS,NULL
7168,eea_r_3035_100_m_eni-clc-2000_p_2000-2005_v01_r00,WMS Web Map Service,OGC:WMS,https%3A%2F%2Fimage.discomap.eea.europa.eu%2Farcgis%2Fservices%2FENI_CLC_Pilot%2FENI_CLC_Pilot_2000_WM%2FMapServer%2FWMSServer%3Frequest%3DGetCapabilities%26service%3DWMS,NULL
7176,575b4b32-2f3e-5c4d-bab6-debdde4f7ac8,teneur_n_tot_bdat,ogc:wms,https%3A%2F%2Fagroenvgeo.data.inra.fr%2Fgeoserver%2Fgissol_bdat%2Fwms%3F,"Carte des teneurs en Azote total par canton issues des données de la Base de données d'analyses de terre (BDAT) pour la période 2000-2004. Ces données n'utilisent pas toutes les analyses de la BDAT. Pour des données plus récentes, consulter l'application https://webapps.gissol.fr/geosol/. Les analyses proviennent de la Base de Données des Analyses de Terre (BDAT).Le programme Base de Données des Analyses de Terre (BDAT) regroupe depuis vingt ans les résultats d'analyses d'horizons de surface de sols cultivés, effectuées sur l'ensemble du territoire national, à la demande d'agriculteurs, par des laboratoires agréés par le Ministère en charge de l'agriculture. Cet article a pour objectif de présenter les derniers résultats produits par ce programme. Il aborde successivement la présentation de l'organisation du programme, des développements méthodologiques connexes et des principaux résultats sur le statut et l'évolution des propriétés des horizons de surface des sols cultivés. A ce jour, la BDAT recense 22 830 147 résultats analytiques provenant de 1 962 238 échantillons récoltés sur la période 1990-2009. L'analyse de ces données permet par exemple de mettre en évidence à l'échelle nationale une forte hétérogénéité spatiale de la richesse en phosphore assimilable, des baisses des teneurs en carbone des sols initialement les plus pourvus et d'une hausse généralisée des pH des sols non calcaires. Cependant, les biais statistiques inhérents à la stratégie d'échantillonnage adoptée peuvent être importants et difficilement quantifiables. Des précautions doivent être prises pour interpréter les résultats issus d'analyses d'une telle base de données. Cependant, le programme BDAT constitue une source d'informations importante sur la variabilité des propriétés des horizons de surface des sols cultivés et les résultats statistiques agrégés sont aujourd'hui librement disponibles sur internet (http://bdat.gissol.fr)."
7193,https://www.dov.vlaanderen.be/geonetwork/srv/metadata/a1547a01-b9fc-40fa-a2eb-009a39c02c7b,bodemtypes,OGC:WFS,https%3A%2F%2Fwww.dov.vlaanderen.be%2Fgeoserver%2Fbodemkaart%2Fwfs%3F,WFS-endpoint Digitale bodemkaart van het Vlaams Gewest: bodemtypes
7195,https://www.dov.vlaanderen.be/geonetwork/srv/metadata/a1547a01-b9fc-40fa-a2eb-009a39c02c7b,bodemkaart:bodemtypes,OGC:WFS-2.0.0-http-get-capabilities,https%3A%2F%2Fwww.dov.vlaanderen.be%2Fgeoserver%2Fbodemkaart%2Fwfs%3FSERVICE%3DWFS%26version%3D2.0.0%26request%3DGetCapabilities,WFS-capabilities Digitale bodemkaart van het Vlaams Gewest: bodemtypes
7196,https://www.dov.vlaanderen.be/geonetwork/srv/metadata/a1547a01-b9fc-40fa-a2eb-009a39c02c7b,bodemtypes,OGC:WMS-1.3.0-http-get-capabilities,https%3A%2F%2Fwww.dov.vlaanderen.be%2Fgeoserver%2Fbodemkaart%2Fwms%3FSERVICE%3DWMS%26version%3D1.3.0%26request%3DGetCapabilities,WMS-capabilities Digitale bodemkaart van het Vlaams Gewest: bodemtypes
7198,https://www.dov.vlaanderen.be/geonetwork/srv/metadata/a1547a01-b9fc-40fa-a2eb-009a39c02c7b,bodemtypes,OGC:WMS-1.3.0-http-get-map,https%3A%2F%2Fwww.dov.vlaanderen.be%2Fgeoserver%2Fbodemkaart%2Fwms%3FSERVICE%3DWMS%26version%3D1.3.0%26request%3DGetMap,WMS-map Digitale bodemkaart van het Vlaams Gewest: bodemtypes
7199,https://www.dov.vlaanderen.be/geonetwork/srv/metadata/a1547a01-b9fc-40fa-a2eb-009a39c02c7b,bodemtypes,OGC:WMS,https%3A%2F%2Fwww.dov.vlaanderen.be%2Fgeoserver%2Fbodemkaart%2Fwms%3F,WMS-endpoint Digitale bodemkaart van het Vlaams Gewest: bodemtypes
7201,https://www.dov.vlaanderen.be/geonetwork/srv/metadata/a1547a01-b9fc-40fa-a2eb-009a39c02c7b,bodemtypes,OGC:WFS-2.0.0-http-get-feature,https%3A%2F%2Fwww.dov.vlaanderen.be%2Fgeoserver%2Fbodemkaart%2Fwfs%3FSERVICE%3DWFS%26version%3D2.0.0%26request%3DGetFeature%26count%3D1%26typeName%3Dbodemtypes,WFS-feature Digitale bodemkaart van het Vlaams Gewest: bodemtypes
7313,65b1d51a-5af4-47fe-bf46-419bf643a5a9,aei_sal_38014,OGC:WMS-1.1.1-http-get-map,https%3A%2F%2Fdata.apps.fao.org%2Fmap%2Fgsrv%2Fgsrv1%2Fsolaw%2Fwms,Proportion of land salinized due to irrigation
7335,641D1613-5E4B-43B6-A0CB-723371356E62,"0,1,2,3,4,5,6,7,8,9",ogc:wms,https%3A%2F%2Fservices.bgr.de%2Fwms%2Fboden%2Fbodenwasserhaushalt%2F%3F,"Die Karte der nutzbaren Feldkapazität im effektiven Wurzelraum in Deutschland gibt einen Überblick über das Vermögen der Böden pflanzenverfügbares Wasser zu speichern. Die Größe des Wasserspeichers des Bodens hängt von der Bodenart, der Lagerungsdichte und dem Humusgehalt ab. Der effektive Wurzelraum wird anhand von Landnutzungs- und Bodendaten bestimmt. Die Karte basiert auf der Auswertung der nutzungsdifferenzierten Bodenübersichtskarte 1:1.000.000 (BUEK1000N) und zeigt die klassifizierte nutzbare Feldkapazität. Die Methode ist in der Bodenkundlichen Kartieranleitung (KA4) und in der Methodendokumentation Bodenkunde der Ad-hoc-AG Boden veröffentlicht. Als Landnutzungsinformation und zur nutzungsabhängigen Differenzierung der Profildaten werden Daten des CORINE Land Cover Projektes (2006) genutzt."
7373,44e9cac5-2cb7-41c3-9fbc-0bc8b716e993,:wosis_latest_phaq,OGC:WFS,https%3A%2F%2Fmaps.isric.org%2Fmapserv%3Fmap%3D%2Fmap%2Fwosis_latest.map,WoSIS latest - pH H2O
7376,44e9cac5-2cb7-41c3-9fbc-0bc8b716e993,wosis_latest_phaq,OGC:WMS,https%3A%2F%2Fmaps.isric.org%2Fmapserv%3Fmap%3D%2Fmap%2Fwosis_latest.map,WoSIS latest - pH H2O
9868,a172bb32-39fe-4b43-9f00-204958ca7343,WPR:YEAR:YEAR,OGC:WMS Get Capabilities Services 1.1.1,https%3A%2F%2Fio.apps.fao.org%2Fgeoserver%2Fwms%2FWAPOR_2%2FL1_GBWP_A%2Fv2%3Fservice%3DWMS%26version%3D1.3.0%26request%3DGetCapabilities,Gross Biomass Water Productivity (Africa and Near East - Annual - 250m)
9871,a33630e5-11af-4f22-bc53-13d1851af5d5,WATER_MM:DEKAD:10-DAYS,OGC:WMS-1.3.0-http-get-map,https%3A%2F%2Fio.apps.fao.org%2Fgeoserver%2Fwms%2FWAPOR_2%2FL3_KOG_T_D%2Fv2%3Fservice%3DWMS%26version%3D1.3.0%26request%3DGetCapabilities,Transpiration (Koga
9875,87a9657c-855b-4451-8098-4e5c72c8f891,WPR:YEAR:YEAR,OGC:WMS-1.3.0-http-get-map,https%3A%2F%2Fio.apps.fao.org%2Fgeoserver%2Fwms%2FWAPOR_2%2FL3_BUS_GBWP_S%2Fv2%3Fservice%3DWMS%26version%3D1.3.0%26request%3DGetCapabilities,Gross Biomass Water Productivity (Busia
9877,0cc1760d-89a5-42ae-a61f-4fe5adf60ce6,WPR:YEAR:YEAR,OGC:WMS-1.3.0-http-get-map,https%3A%2F%2Fio.apps.fao.org%2Fgeoserver%2Fwms%2FWAPOR_2%2FL3_LAM_GBWP_S%2Fv2%3Fservice%3DWMS%26version%3D1.3.0%26request%3DGetCapabilities,Gross Biomass Water Productivity (Lamego
7413,70f368f8-db6e-430d-9ae4-fe0acd55fe52,potential_soil_erosion,OGC:WFS,https%3A%2F%2Fwww.dov.vlaanderen.be%2Fgeoserver%2Ferosie%2Fwfs%3F,WFS-endpoint Potential soil erosion aggregated for a grid of 1 km by 1 km in Flanders
7414,70f368f8-db6e-430d-9ae4-fe0acd55fe52,erosie:potential_soil_erosion,OGC:WFS-2.0.0-http-get-capabilities,https%3A%2F%2Fwww.dov.vlaanderen.be%2Fgeoserver%2Ferosie%2Fwfs%3FSERVICE%3DWFS%26version%3D2.0.0%26request%3DGetCapabilities,WFS-capabilities Potential soil erosion aggregated for a grid of 1 km by 1 km in Flanders
7415,70f368f8-db6e-430d-9ae4-fe0acd55fe52,potential_soil_erosion,OGC:WMS-1.3.0-http-get-capabilities,https%3A%2F%2Fwww.dov.vlaanderen.be%2Fgeoserver%2Ferosie%2Fwms%3FSERVICE%3DWMS%26version%3D1.3.0%26request%3DGetCapabilities,WMS-capabilities Potential soil erosion aggregated for a grid of 1 km by 1 km in Flanders
7417,70f368f8-db6e-430d-9ae4-fe0acd55fe52,potential_soil_erosion,OGC:WMS-1.3.0-http-get-map,https%3A%2F%2Fwww.dov.vlaanderen.be%2Fgeoserver%2Ferosie%2Fwms%3FSERVICE%3DWMS%26version%3D1.3.0%26request%3DGetMap,WMS-map Potential soil erosion aggregated for a grid of 1 km by 1 km in Flanders
7418,70f368f8-db6e-430d-9ae4-fe0acd55fe52,potential_soil_erosion,OGC:WMS,https%3A%2F%2Fwww.dov.vlaanderen.be%2Fgeoserver%2Ferosie%2Fwms%3F,WMS-endpoint Potential soil erosion aggregated for a grid of 1 km by 1 km in Flanders
7419,70f368f8-db6e-430d-9ae4-fe0acd55fe52,potential_soil_erosion,OGC:WFS-2.0.0-http-get-feature,https%3A%2F%2Fwww.dov.vlaanderen.be%2Fgeoserver%2Ferosie%2Fwfs%3FSERVICE%3DWFS%26version%3D2.0.0%26request%3DGetFeature%26count%3D1%26typeName%3Dpotential_soil_erosion,WFS-feature Potential soil erosion aggregated for a grid of 1 km by 1 km in Flanders
7428,73421b27-a2c8-4bcd-b40f-1a40776f18e8,P_ET:MONTH:MONTH,OGC:WMS-1.3.0-http-get-map,https%3A%2F%2Fio.apps.fao.org%2Fgeoserver%2Fwms%2FWATER%2FMNG1_P_ET%2Fv2%3Fservice%3DWMS%26version%3D1.3.0%26request%3DGetCapabilities,Precipitation minus EvapoTranspiration (Selenge and Naushky)
7470,80e65321-2ec3-4c7a-a933-1e85e7472a19,WATER_MM:YEAR:YEAR,OGC:WMS-1.3.0-http-get-map,https%3A%2F%2Fio.apps.fao.org%2Fgeoserver%2Fwms%2FWAPOR_2%2FL3_ODN_E_A%2Fv2%3Fservice%3DWMS%26version%3D1.3.0%26request%3DGetCapabilities,Evaporation (Office du Niger
7474,https://basisregistratieondergrond.nl/inhoud-bro/registratieobjecten/bodem-grondonderzoek/booronderzoek-bhr/bodemkundig-booronderzoek-bhr/,bhr_kenset,OGC:WMS,https%3A%2F%2Fservice.pdok.nl%2Fbzk%2Fbrobhrpkenset%2Fwms%2Fv1_0%3Frequest%3DGetCapabilities%26service%3DWMS,NULL
7477,81c4eea5-3041-4d2d-886f-634c7e3dc879,AET:MONTH:MONTH,OGC:WMS-1.3.0-http-get-map,https%3A%2F%2Fio.apps.fao.org%2Fgeoserver%2Fwms%2FWATER%2FKAZ1_ET%2Fv2%3Fservice%3DWMS%26version%3D1.3.0%26request%3DGetCapabilities,Actual Evapotranspiration (Nura-Sarysu - Kazakhstan - Monthly - 500m)
7480,90e0b4b6-dfab-412a-bb60-5509af41e1c3,ETINCR:MONTH:MONTH,OGC:WMS-1.3.0-http-get-map,https%3A%2F%2Fio.apps.fao.org%2Fgeoserver%2Fwms%2FWATER%2FK2_ETINCR%2Fv2%3Fservice%3DWMS%26version%3D1.3.0%26request%3DGetCapabilities,"Incremental evapotranspiration (K2, Karnataka, India - Monthly - 250m)"
7484,94abbe48-fcaf-48a6-9d9d-f8656e5f9ad1,ETRAIN:MONTH:MONTH,OGC:WMS-1.3.0-http-get-map,https%3A%2F%2Fio.apps.fao.org%2Fgeoserver%2Fwms%2FWATER%2FNILE_ETRAIN%2Fv2%3Frequest%3DGetCapabilities%26service%3DWMS%26version%3D1.1.1,Evapotranspiration from precipitation (Nile River Basin - 100m)
7500,e2306334-0059-4861-b406-2aa20f9cf64c,ETRAIN:MONTH:MONTH,OGC:WMS-1.3.0-http-get-map,https%3A%2F%2Fio.apps.fao.org%2Fgeoserver%2Fwms%2FWATER%2FK3_ETRAIN%2Fv2%3Fservice%3DWMS%26version%3D1.3.0%26request%3DGetCapabilities,Rainfall EvapoTranspiration (K3)
7505,a2d41f5e-a758-490b-88f0-6b17b3007944,ETINCR:MONTH:MONTH,OGC:WMS-1.3.0-http-get-map,https%3A%2F%2Fio.apps.fao.org%2Fgeoserver%2Fwms%2FWATER%2FKAZ1_ETINCR%2Fv2%3Fservice%3DWMS%26version%3D1.3.0%26request%3DGetCapabilities,Incremental EvapoTranspiration (Nura-Sarysu basin)
7510,898cdbc4-b154-4b8a-a05a-59a47c7fd2d9,DROSE_A:YEAR:YEAR,OGC:WMS-1.3.0-http-get-map,https%3A%2F%2Fio.apps.fao.org%2Fgeoserver%2Fwms%2FFAOSTAT%2FDROSE_A%2Fv2%3Fservice%3DWMS%26version%3D1.3.0%26request%3DGetCapabilities,Drained Organic Soils Emissions (Annual)
7511,3f88e0ea-339a-4cb8-8a90-5728113f2eb8,ETINCR:MONTH:MONTH,OGC:WMS-1.3.0-http-get-map,https%3A%2F%2Fio.apps.fao.org%2Fgeoserver%2Fwms%2FWATER%2FLBN_LIT_ETINCR%2Fv2%3Frequest%3DGetCapabilities%26service%3DWMS%26version%3D1.1.1,"Incremental evapotranspiration (Litani River Basin, Lebanon - Monthly -100m)"
7514,5b10de2d-76d5-40fc-9a09-81411157734d,ETRAIN:MONTH:MONTH,OGC:WMS-1.3.0-http-get-map,https%3A%2F%2Fio.apps.fao.org%2Fgeoserver%2Fwms%2FWATER%2FNIGER_ETRAIN%2Fv2%3Frequest%3DGetCapabilities%26service%3DWMS%26version%3D1.1.1,Evapotranspiration from precipitation (Niger River Basin
7533,83d2a9e2-5ebe-4b15-8786-c3da8041ebb5,ETINCR:MONTH:MONTH,OGC:WMS-1.3.0-http-get-map,https%3A%2F%2Fio.apps.fao.org%2Fgeoserver%2Fwms%2FWATER%2FK3_ETINCR%2Fv2%3Fservice%3DWMS%26version%3D1.3.0%26request%3DGetCapabilities,Incremental EvapoTranspiration (K3
7559,fa16bb04-3fca-4817-95ad-7035068c1d5e,ETRAIN:MONTH:MONTH,OGC:WMS-1.3.0-http-get-map,https%3A%2F%2Fio.apps.fao.org%2Fgeoserver%2Fwms%2FWATER%2FKAZ1_ETRAIN%2Fv2%3Fservice%3DWMS%26version%3D1.3.0%26request%3DGetCapabilities,Rainfall EvapoTranspiration (Nura-Sarysu basin)
7562,9cce26c0-456d-4519-aeac-cb3ab7d616ed,gyga_af_agg_30cm_pwp__m_1km,OGC:WMS,https%3A%2F%2Fmaps.isric.org%2Fmapserv%3Fmap%3D%2Fmap%2Fgyga.map,NULL
7582,"BDETM-(période-1990---2010)--Statistiques-spatio-temporelles-par-petite-région-agricole-des-textures-(argiles,-limons,-sables)-issues-d’observations-collectées-dans-le-cadre-du-programme-BDETM",WFS,ogc:wfs,https%3A%2F%2Fagroenvgeo.data.inra.fr%2Fgeoserver%2Fgissol_geosol%2Fwfs%3Fservice%3DWFS%26version%3D2.0.0%26request%3DGetFeature%26typeName%3Dgissol_geosol%3Abdetm_pra_9010%26outputFormat%3Dshape-zip,NULL
7586,Bodenaciditaet,v_jrc_4km_bodenaciditaet,ogc:wms,https%3A%2F%2Fgdi.thuenen.de%2Fgeoserver%2Fbze1_wald%2Fwms%3Fservice%3DWMS%26version%3D1.3.0%26request%3DGetCapabilities,NULL
7598,CS---Topsoil---Soil-Moisture,SO.SoilTheme.Moisture,ogc:wms,https%3A%2F%2Fcatalogue.ceh.ac.uk%2Fmaps%2F6372b558-ba64-4fbe-8766-019e01535b37%3F,NULL
7600,CS--Topsoil--Soil-pH,"SO.SoilTheme.BulkDensity, SO.SoilTheme.pH",ogc:wms,https%3A%2F%2Fcatalogue.ceh.ac.uk%2Fmaps%2F6372b558-ba64-4fbe-8766-019e01535b37%3F,NULL
7602,Carte-des-teneurs-en-Capacité-dEchange-Cationique-(CEC)-(méthode-Metson),WMS,ogc:wms,https%3A%2F%2Fagroenvgeo.data.inra.fr%2Fgeoserver%2Fgissol_bdat%2Fwms%3F,NULL
7612,90b55df3-335c-45a0-a814-f1074cf9f4af,ETINCR:MONTH:MONTH,OGC:WMS-1.3.0-http-get-map,https%3A%2F%2Fio.apps.fao.org%2Fgeoserver%2Fwms%2FWATER%2FK4_ETINCR%2Fv2%3Fservice%3DWMS%26version%3D1.3.0%26request%3DGetCapabilities,Incremental EvapoTranspiration (K4)
7625,Les-sols-dominants-de-France-métropolitaine,WFS,ogc:wfs,https%3A%2F%2Fagroenvgeo.data.inra.fr%2Fgeoserver%2Fwfs,NULL
7630,Maannostietokanta-1250-000,WFS,ogc:wfs,http%3A%2F%2Fgtkdata.gtk.fi%2Farcgis%2Fservices%2FRajapinnat%2FGTK_Maapera_WFS%2FMapServer%2FWFSServer%3F,NULL
7638,ce1ec978-ce72-4ae9-ade9-51baba2aa4e9,ETINCR:MONTH:MONTH,OGC:WMS-1.3.0-http-get-map,https%3A%2F%2Fio.apps.fao.org%2Fgeoserver%2Fwms%2FWATER%2FPHL1_ETINCR%2Fv2%3Fservice%3DWMS%26version%3D1.3.0%26request%3DGetCapabilities,Incremental EvapoTranspiration (Mindanao)
7640,854bff75-b927-4383-a8ad-b245ebb2fa51,ETINCR:MONTH:MONTH,OGC:WMS-1.3.0-http-get-map,https%3A%2F%2Fio.apps.fao.org%2Fgeoserver%2Fwms%2FWATER%2FKHM_ETINCR%2Fv2%3Fservice%3DWMS%26version%3D1.3.0%26request%3DGetCapabilities,Incremental EvapoTranspiration (Tonle Sap)
7670,Potentielle-Verdichtungsempfindlichkeit-der-Böden-in-Deutschland,WMS,ogc:wms,https%3A%2F%2Fservices.bgr.de%2Fwms%2Fboden%2Fld1000%2F%3FSERVICE%3DWMS%26REQUEST%3DGetCapabilities,NULL
7680,Soil-Geographic-Regions-of-Bulgaria-(1974),WMS,ogc:wms,http%3A%2F%2F212.72.204.94%3A8080%2Fgeoserver%2Fwms%3Fservice%3DWMS%26version%3D1.1.0%26request%3DGetCapabilities,NULL
7683,Soil-Map-for-Northern-Ireland-(WRB-classification),WMS,ogc:wms,http%3A%2F%2Fwww.landis.org.uk%2Farcgis%2Fservices%2FUKSoilObservatory%2FWorldReferenceBase_AFBI%2FMapServer%2FWmsServer%3F,NULL
7691,"Soil-Map-of-Germany-11,000,000-(BÜK1000)",WMS,ogc:wms,https%3A%2F%2Fservices.bgr.de%2Fwms%2Fboden%2Fbuek1000%2F%3F,NULL
7694,Szemcseméret-frakciók-[%],WMS,ogc:wms,https%3A%2F%2Fmaps.rissac.hu%3A6443%2Farcgis%2Fservices%2Fdosoremi_web_mercator2%2FMapServer%2FWMSServer,NULL
7698,f3a257ac-0d5d-480a-80b7-70054d6680f2,gsoc:T_CLAY,OGC:WMS-1.3.0-http-get-map,https%3A%2F%2Fdata.apps.fao.org%2Fmap%2Fgsrv%2Fgsrv1%2Fgsoc%2Fwms%3Fservice%3DWMS%26version%3D1.3.0%26request%3DGetCapabilities,Topsoil Clay Fraction
7728,f6a8ee75-a8fd-489d-b7f4-023eb11846ff,nga_hdx_pond_state_avg,OGC:WMS-1.3.0-http-get-map,https%3A%2F%2Fdata.apps.fao.org%2Fmap%2Fgsrv%2Fedit%2Fnga_hih_mcda%2Fwms,Map service for Non-intensive fish farming systems location score state average: African Catfish and Nile Tilapia (Nigeria)
7735,e493bcde-03ba-41d9-9b6c-a89f42d24978,nga_cat_pond_const_poverty_abov_avg,OGC:WMS,https%3A%2F%2Fdata.apps.fao.org%2Fmap%2Fgsrv%2Fedit%2Fnga_hih_mcda%2Fwms,Non-intensive fish farming systems location score - poverty: African Catfish and Nile Tilapia (Nigeria)
7745,dce89881-104b-444e-8374-8c1486ef54a7,nga_cat_pond_extensive,OGC:WMS,https%3A%2F%2Fdata.apps.fao.org%2Fmap%2Fgsrv%2Fedit%2Fnga_hih_mcda%2Fwms,Non-intensive fish farming systems location score: African Catfish and Nile Tilapia (Nigeria)
7753,304f1b81-61ab-4ede-b367-75b8ebfc069e,glc_shv10_09_47948,OGC:WMS-1.3.0-http-get-map,https%3A%2F%2Fdata.apps.fao.org%2Fmap%2Fgsrv%2Fgsrv1%2Fgeonetwork%2Fwms,GLC-Share - Bare soil
7764,f7ccd330-bdce-11db-a0f6-000d939bc5d8,geonetwork:dom_soil_30587,OGC:WMS-1.1.1-http-get-map,https%3A%2F%2Fdata.apps.fao.org%2Fmap%2Fgsrv%2Fgsrv1%2Fgeonetwork%2Fwms%3Fstyles%3Dgeonetwork_dom_soil_30587_style,Dominant Soils
7779,0bb7237a-6740-4ea3-b2a1-e26b1647e4e0,AEZ_V9V2RED,OGC:WMS-1.3.0-http-get-map,https%3A%2F%2Fio.apps.fao.org%2Fgeoserver%2Fwms%2FGAEZ_V4%2FLR_AEZ_V9V2RED%2Fv2%3Fservice%3DWMS%26version%3D1.3.0%26request%3DGetCapabilities,Land and Water Resources - Agro-ecological Zones - Simplified AEZ classification (33 classes)
7786,fao-fsa-map-27.3.d.26,FSA_27-3-d-26,OGC:WMS-1.1.0-http-get-map,http%3A%2F%2Fwww.fao.org%2Ffishery%2Fgeoserver%2Ffsa%2Fows%3FSERVICE%3DWMS,Southern Central Baltic - East (Subdivision 27.3.d.26 of FAO Major Area 27)
7800,fd5a512c-f2a9-41f8-87bd-34fbf3f68652,topsoil_litani,OGC:WMS-1.3.0-http-get-map,https%3A%2F%2Fdata.apps.fao.org%2Fmap%2Fgsrv%2Fgsrv1%2Fwater_accounting%2Fwms,"Saturated Soil Water Content (Litani River Basin, Lebanon - 100m)"
7801,a67844ea-49e4-414d-8767-6eb9121a7ff5,WATER_MM:YEAR:YEAR,OGC:WMS-1.3.0-http-get-map,https%3A%2F%2Fio.apps.fao.org%2Fgeoserver%2Fwms%2FWAPOR_2%2FL3_AWA_E_A%2Fv2%3Fservice%3DWMS%26version%3D1.3.0%26request%3DGetCapabilities,Evaporation (Awash
7804,fea2e778-b41d-4faa-8947-613c669b24b7,af250m_nutrient_b_m_agg30cm,OGC:WMS,https%3A%2F%2Fmaps.isric.org%2Fmapserv%3Fmap%3D%2Fmap%2Faf250m_nutrient.map,NULL
7833,c852d812-1203-49cc-8a00-717334f85f4f,NPP:MONTH:MONTH,OGC:WMS-1.3.0-http-get-map,https%3A%2F%2Fio.apps.fao.org%2Fgeoserver%2Fwms%2FWAPOR_2%2FL3_BUS_NPP_M%2Fv2%3Fservice%3DWMS%26version%3D1.3.0%26request%3DGetCapabilities,Net Primary Production (Busia
7842,c18b5b90-88fd-11da-a88f-000d939bc5d8,geonetwork:slope_3831,OGC:WMS-1.1.1-http-get-map,https%3A%2F%2Fdata.apps.fao.org%2Fmap%2Fgsrv%2Fgsrv1%2Fgeonetwork%2Fwms%3Fstyles%3Dgeonetwork_slope_3831_style,Slope
7891,cbde7035-5050-4b60-9544-d55fd6d3c077,NPP:MONTH:MONTH,OGC:WMS-1.3.0-http-get-map,https%3A%2F%2Fio.apps.fao.org%2Fgeoserver%2Fwms%2FWAPOR_2%2FL3_BKA_NPP_M%2Fv2%3Fservice%3DWMS%26version%3D1.3.0%26request%3DGetCapabilities,Net Primary Production (Bekaa
7931,18329470-472d-11db-88e0-000d939bc5d8,geonetwork:cnt_bnd_vect_14039,OGC:WMS-1.1.1-http-get-map,https%3A%2F%2Fdata.apps.fao.org%2Fmap%2Fgsrv%2Fgsrv1%2Fgeonetwork%2Fwms%3Fstyles%3Dgeonetwork_cnt_bnd_vect_14039_style,Coastal and country boundaries of the world
7939,b3fd7c77-10ca-4ad2-9ad3-11b2727ef8f6,ETRAIN:MONTH:MONTH,OGC:WMS-1.3.0-http-get-map,https%3A%2F%2Fio.apps.fao.org%2Fgeoserver%2Fwms%2FWATER%2FKHM_ETRAIN%2Fv2%3Fservice%3DWMS%26version%3D1.3.0%26request%3DGetCapabilities,Rainfall EvapoTranspiration (Tonle Sap)
7951,a7db8443-31b3-41b9-8cbc-c84a24f9d68a,NPP:MONTH:MONTH,OGC:WMS-1.3.0-http-get-map,https%3A%2F%2Fio.apps.fao.org%2Fgeoserver%2Fwms%2FWAPOR_2%2FL3_AWA_NPP_M%2Fv2%3Fservice%3DWMS%26version%3D1.3.0%26request%3DGetCapabilities,Net Primary Production (Awash
7954,a894a1e4-f9a3-4799-83f5-b7e341a50478,ETRAIN:MONTH:MONTH,OGC:WMS-1.3.0-http-get-map,https%3A%2F%2Fio.apps.fao.org%2Fgeoserver%2Fwms%2FWATER%2FJOR_ETRAIN%2Fv2%3Frequest%3DGetCapabilities%26service%3DWMS%26version%3D1.1.1,Rainfall evapotranspiration (Jordan River Basin
7975,ba4fb7d3-2d3f-462a-b137-2426065fa2ba,NPP:MONTH:MONTH,OGC:WMS-1.3.0-http-get-map,https%3A%2F%2Fio.apps.fao.org%2Fgeoserver%2Fwms%2FWAPOR_2%2FL3_KOG_NPP_M%2Fv2%3Fservice%3DWMS%26version%3D1.3.0%26request%3DGetCapabilities,Net Primary Production (Koga
7979,ba8a7330-88fd-11da-a88f-000d939bc5d8,geonetwork:sub_mld_3848,OGC:WMS-1.1.1-http-get-map,https%3A%2F%2Fdata.apps.fao.org%2Fmap%2Fgsrv%2Fgsrv1%2Fgeonetwork%2Fwms%3Fstyles%3Dgeonetwork_sub_mld_3848_style,Suitability for small scale fish farming
7990,https://data.apps.fao.org/map/catalog/c3916b80-ec82-4576-87ab-63d608e75c1d,CTM:YEAR:YEAR,OGC:WMS-1.3.0-http-get-capabilities,https%3A%2F%2Fio.apps.fao.org%2Fgeoserver%2Fwms%2FFROM_GLC%2FCTM%2Fv2%3Frequest%3DGetCapabilities%26service%3DWMS%26version%3D1.3.0,China Terrace Map
7996,16f95ad0-51e6-11db-88e0-000d939bc5d8,geonetwork:water_997_14046,OGC:WMS-1.1.1-http-get-map,https%3A%2F%2Fdata.apps.fao.org%2Fmap%2Fgsrv%2Fgsrv1%2Fgeonetwork%2Fwms%3Fstyles%3Dgeonetwork_water_997_14046_style,Inland water bodies (FGGD)
8010,33597973-66f1-46a8-84e7-81310ba96566,NPP:MONTH:MONTH,OGC:WMS-1.3.0-http-get-map,https%3A%2F%2Fio.apps.fao.org%2Fgeoserver%2Fwms%2FWAPOR_2%2FL3_GEZ_NPP_M%2Fv2%3Fservice%3DWMS%26version%3D1.3.0%26request%3DGetCapabilities,Net Primary Production (Gezira
8018,907a6deb-01e9-4460-8862-c9e4adedd3f4,NPP:MONTH:MONTH,OGC:WMS-1.3.0-http-get-map,https%3A%2F%2Fio.apps.fao.org%2Fgeoserver%2Fwms%2FWAPOR_2%2FL3_ZAN_NPP_M%2Fv2%3Fservice%3DWMS%26version%3D1.3.0%26request%3DGetCapabilities,Net Primary Production (Zankalon
8047,c26de669-90f9-43a1-ae4d-6b1b9660f5e0,etoyr_7416,OGC:WMS-1.1.1-http-get-map,https%3A%2F%2Fdata.apps.fao.org%2Fmap%2Fgsrv%2Fgsrv1%2Faquamaps%2Fwms,example of GlobWat input: reference ET
8067,9a6bf4a7-1de3-477f-9eb1-80988b0f4353,NPP:MONTH:MONTH,OGC:WMS-1.3.0-http-get-map,https%3A%2F%2Fio.apps.fao.org%2Fgeoserver%2Fwms%2FWAPOR_2%2FL3_YAN_NPP_M%2Fv2%3Fservice%3DWMS%26version%3D1.3.0%26request%3DGetCapabilities,Net Primary Production (Yanze catchment
8074,75cf32b8-52ab-4d60-94fe-89366d7c246e,NPP:DEKAD:10-DAYS,OGC:WMS-1.3.0-http-get-map,https%3A%2F%2Fio.apps.fao.org%2Fgeoserver%2Fwms%2FWAPOR_2%2FL3_BKA_NPP_D%2Fv2%3Fservice%3DWMS%26version%3D1.3.0%26request%3DGetCapabilities,Net Primary Production (Bekaa
8078,c2254b9f-f99b-4a0e-ade3-4191102680bc,NPP:MONTH:MONTH,OGC:WMS-1.3.0-http-get-map,https%3A%2F%2Fio.apps.fao.org%2Fgeoserver%2Fwms%2FWAPOR_2%2FL1_NPP_M%2Fv2%3Fservice%3DWMS%26version%3D1.3.0%26request%3DGetCapabilities,Net Primary Production (Monthly)
8080,c136fa00-88fd-11da-a88f-000d939bc5d8,geonetwork:afr_mcli_6,OGC:WMS-1.1.1-http-get-map,https%3A%2F%2Fdata.apps.fao.org%2Fmap%2Fgsrv%2Fgsrv1%2Fgeonetwork%2Fwms%3Fstyles%3Dgeonetwork_afr_mcli_6_style,Major Climates of Africa
8086,1c412e71-c463-40a1-8243-82ae8537e0b6,WATER_MM:DEKAD:10-DAYS,OGC:WMS-1.3.0-http-get-map,https%3A%2F%2Fio.apps.fao.org%2Fgeoserver%2Fwms%2FWAPOR_2%2FL3_AWA_E_D%2Fv2%3Fservice%3DWMS%26version%3D1.3.0%26request%3DGetCapabilities,Evaporation (Awash
8088,c0595177-30d8-4353-9a2d-71c45165c564,WATER_MM:DEKAD:10-DAYS,OGC:WMS-1.3.0-http-get-map,https%3A%2F%2Fio.apps.fao.org%2Fgeoserver%2Fwms%2FWAPOR_2%2FL2_E_D%2Fv2%3Fservice%3DWMS%26version%3D1.3.0%26request%3DGetCapabilities,Evaporation (Dekadal)
8098,7b668e48-c211-4be2-8d80-f62c11543707,WATER_MM:DEKAD:10-DAYS,OGC:WMS-1.3.0-http-get-map,https%3A%2F%2Fio.apps.fao.org%2Fgeoserver%2Fwms%2FWAPOR_2%2FL3_LAK_E_D%2Fv2%3Fservice%3DWMS%26version%3D1.3.0%26request%3DGetCapabilities,Evaporation (Lower Akagera
8107,b5b9069f-1b21-4134-9914-837a15b8d17d,WATER_MM:DEKAD:10-DAYS,OGC:WMS Get Capabilities Services 1.1.1,https%3A%2F%2Fio.apps.fao.org%2Fgeoserver%2Fwms%2FWAPOR_2%2FL1_E_D%2Fv2%3Fservice%3DWMS%26version%3D1.3.0%26request%3DGetCapabilities,Evaporation (Dekadal)
8116,ff4f61b1-638a-4f15-ad98-c4fee8c87886,NPP:DEKAD:10-DAYS,OGC:WMS-1.3.0-http-get-map,https%3A%2F%2Fio.apps.fao.org%2Fgeoserver%2Fwms%2FWAPOR_2%2FL1_NPP_D%2Fv2%3Fservice%3DWMS%26version%3D1.3.0%26request%3DGetCapabilities,Net Primary Production (Dekadal)
8118,032bb56d-2165-4341-b10b-1ac341adc0df,NPP:DEKAD:10-DAYS,OGC:WMS-1.3.0-http-get-map,https%3A%2F%2Fio.apps.fao.org%2Fgeoserver%2Fwms%2FWAPOR_2%2FL3_KOG_NPP_D%2Fv2%3Fservice%3DWMS%26version%3D1.3.0%26request%3DGetCapabilities,Net Primary Production (Koga
8120,m_amte:299FN3:3291bd68-7059-4c5a-8074-f33989c46e7d,NULL,WMS,http%3A%2F%2Fwms.pcn.minambiente.it%2Fogc%3Fmap%3D%2Fms_ogc%2FWMS_v1.3%2FVettoriali%2FCarta_ecopedologica.map%26service%3Dwms%26request%3DgetCapabilities%26version%3D1.3.0,NULL
8121,m_amte:299FN3:3291bd68-7059-4c5a-8074-f33989c46e7d,NULL,WFS,http%3A%2F%2Fwms.pcn.minambiente.it%2Fogc%3Fmap%3D%2Fms_ogc%2Fwfs%2FCarta_ecopedologica.map%26service%3Dwfs%26request%3DgetCapabilities,NULL
8123,5b7904f3-e9f4-4ac3-b088-bf9b8b1b9a41,NPP:MONTH:MONTH,OGC:WMS-1.3.0-http-get-map,https%3A%2F%2Fio.apps.fao.org%2Fgeoserver%2Fwms%2FWAPOR_2%2FL2_NPP_M%2Fv2%3Fservice%3DWMS%26version%3D1.3.0%26request%3DGetCapabilities,Net Primary Production (Monthly)
8125,m_amte:299FN3:bd587278-b36b-4c88-ded1-cdff9039267c,NULL,WMS,http%3A%2F%2Fwms.pcn.minambiente.it%2Fogc%3Fmap%3D%2Fms_ogc%2FWMS_v1.3%2FVettoriali%2FAccelerazioni_Confronto_ERS_ENVISAT_Ascending.map%26service%3Dwms%26request%3DgetCapabilities%26version%3D1.3.0,NULL
8126,m_amte:299FN3:bd587278-b36b-4c88-ded1-cdff9039267c,NULL,WFS,http%3A%2F%2Fwms.pcn.minambiente.it%2Fogc%3Fmap%3D%2Fms_ogc%2Fwfs%2FAccelerazioni_Confronto_ERS_ENVISAT_Ascending.map%26service%3Dwfs%26request%3DgetCapabilities,NULL
8128,ddf0082a-6ffa-448c-b649-50ccf22f23eb,NPP:MONTH:MONTH,OGC:WMS-1.3.0-http-get-map,https%3A%2F%2Fio.apps.fao.org%2Fgeoserver%2Fwms%2FWAPOR_2%2FL3_MUV_NPP_M%2Fv2%3Fservice%3DWMS%26version%3D1.3.0%26request%3DGetCapabilities,Net Primary Production (Muvumba catchment
8130,maaamet_muld,Mullakaardi WMS teenuse getCapabilities,OGC:WMS,https%3A%2F%2Fteenus.maaamet.ee%2Fows%2Fmullakaart%3Fservice%3Dwms%26version%3D1.3.0%26request%3DGetCapabilities,NULL
8133,maaamet_muld,WMS teenuse getCapabilities,OGC:WMS,https%3A%2F%2Finspire.geoportaal.ee%2Fgeoserver%2FSO_pinnas%2Fwms%3Fservice%3DWMS%26version%3D1.3.0%26request%3DGetCapabilities,NULL
8135,c871591d-a554-4af3-909c-c530b1470481,SRO:MONTH:MONTH,OGC:WMS-1.3.0-http-get-map,https%3A%2F%2Fio.apps.fao.org%2Fgeoserver%2Fwms%2FWATER%2FK4_SRO%2Fv2%3Fservice%3DWMS%26version%3D1.3.0%26request%3DGetCapabilities,Surface Runoff (K4)
8138,fd7a7582-6c38-4d76-9259-ed07ea7bb087,NPP:DEKAD:10-DAYS,OGC:WMS-1.3.0-http-get-map,https%3A%2F%2Fio.apps.fao.org%2Fgeoserver%2Fwms%2FWAPOR_2%2FL3_LAK_NPP_D%2Fv2%3Fservice%3DWMS%26version%3D1.3.0%26request%3DGetCapabilities,Net Primary Production (Lower Akagera
8143,967871d0-ec44-4d35-91a1-75ef9abe07ef,WATER_MM:DEKAD:10-DAYS,OGC:WMS-1.3.0-http-get-map,https%3A%2F%2Fio.apps.fao.org%2Fgeoserver%2Fwms%2FWAPOR_2%2FL3_BKA_E_D%2Fv2%3Fservice%3DWMS%26version%3D1.3.0%26request%3DGetCapabilities,Evaporation (Bekaa
8147,ca5d8180-88fd-11da-a88f-000d939bc5d8,geonetwork:com_mld_3847,OGC:WMS-1.1.1-http-get-map,https%3A%2F%2Fdata.apps.fao.org%2Fmap%2Fgsrv%2Fgsrv1%2Fgeonetwork%2Fwms%3Fstyles%3Dgeonetwork_com_mld_3847_style,Suitability for commercial fish farming
8155,d6169455-7246-408a-93a5-e418f51f8fe5,NULL,OGC:WMS-1.3.0-http-get-map,https%3A%2F%2Fio.apps.fao.org%2Fgeoserver%2Fwms%2FWAPOR_2%2FL3_BUS_E_D%2Fv2%3Fservice%3DWMS%26version%3D1.3.0%26request%3DGetCapabilities,WaPOR_2:L3_BUS_E_D
8158,1bc7755d-bef2-4170-a71b-50513b1ace1a,WATER_MM:DEKAD:10-DAYS,OGC:WMS-1.3.0-http-get-map,https%3A%2F%2Fio.apps.fao.org%2Fgeoserver%2Fwms%2FWAPOR_2%2FL3_MAL_E_D%2Fv2%3Fservice%3DWMS%26version%3D1.3.0%26request%3DGetCapabilities,Evaporation (Malwathu Oya West Sub Catchment
8169,b49c00ac-2ffe-45bb-a033-398e65f32f0f,NPP:MONTH:MONTH,OGC:WMS-1.3.0-http-get-map,https%3A%2F%2Fio.apps.fao.org%2Fgeoserver%2Fwms%2FWAPOR_2%2FL3_LAK_NPP_M%2Fv2%3Fservice%3DWMS%26version%3D1.3.0%26request%3DGetCapabilities,Net Primary Production (Lower Akagera
8185,afd8c730-2c94-4bb9-8b6d-62b1b1688e92,WATER_MM:DEKAD:10-DAYS,OGC:WMS-1.3.0-http-get-map,https%3A%2F%2Fio.apps.fao.org%2Fgeoserver%2Fwms%2FWAPOR_2%2FL3_SED_E_D%2Fv2%3Fservice%3DWMS%26version%3D1.3.0%26request%3DGetCapabilities,Evaporation (Senegal Delta
8190,c17d0d8a-a318-458f-8164-21a003e93599,NPP:MONTH:MONTH,OGC:WMS-1.3.0-http-get-map,https%3A%2F%2Fio.apps.fao.org%2Fgeoserver%2Fwms%2FWAPOR_2%2FL3_SED_NPP_M%2Fv2%3Fservice%3DWMS%26version%3D1.3.0%26request%3DGetCapabilities,Net Primary Production (Senegal Delta
8442,e4b53170-f364-4b53-bc17-f5fa482f8aa3,teneur_cd_tot_bdetm,ogc:wms,https%3A%2F%2Fagroenvgeo.data.inra.fr%2Fgeoserver%2Fgissol_bdetm%2Fwms%3F,NULL
8200,3626e162-fac0-46c6-b223-05288eea7e91,NPP:DEKAD:10-DAYS,OGC:WMS-1.3.0-http-get-map,https%3A%2F%2Fio.apps.fao.org%2Fgeoserver%2Fwms%2FWAPOR_2%2FL3_MAL_NPP_D%2Fv2%3Fservice%3DWMS%26version%3D1.3.0%26request%3DGetCapabilities,Net Primary Production (Malwathu Oya West Sub Catchment
8202,e535a1a6-5699-4c0a-9ec9-c3c18779b7b6,WATER_MM:DEKAD:10-DAYS,OGC:WMS-1.3.0-http-get-map,https%3A%2F%2Fio.apps.fao.org%2Fgeoserver%2Fwms%2FWAPOR_2%2FL3_LAM_E_D%2Fv2%3Fservice%3DWMS%26version%3D1.3.0%26request%3DGetCapabilities,Evaporation (Lamego
8207,e0b9483d-22ec-4c42-a71d-ef6637732d73,WATER_MM:DEKAD:10-DAYS,OGC:WMS-1.3.0-http-get-map,https%3A%2F%2Fio.apps.fao.org%2Fgeoserver%2Fwms%2FWAPOR_2%2FL3_GEZ_E_D%2Fv2%3Fservice%3DWMS%26version%3D1.3.0%26request%3DGetCapabilities,Evaporation (Gezira
8217,6e93e744-d64a-4053-ac16-be191d37e067,NPP:DEKAD:10-DAYS,OGC:WMS-1.3.0-http-get-map,https%3A%2F%2Fio.apps.fao.org%2Fgeoserver%2Fwms%2FWAPOR_2%2FL3_AWA_NPP_D%2Fv2%3Fservice%3DWMS%26version%3D1.3.0%26request%3DGetCapabilities,Net Primary Production (Awash
8229,301d4b47-01ca-4d46-9644-3888b532f246,WATER_MM:DEKAD:10-DAYS,OGC:WMS-1.3.0-http-get-map,https%3A%2F%2Fio.apps.fao.org%2Fgeoserver%2Fwms%2FWAPOR_2%2FL3_YAN_E_D%2Fv2%3Fservice%3DWMS%26version%3D1.3.0%26request%3DGetCapabilities,Evaporation (Yanze catchment
8241,3867a9a5-2a39-4cd5-831c-c52f4856247a,NPP:DEKAD:10-DAYS,OGC:WMS-1.3.0-http-get-map,https%3A%2F%2Fio.apps.fao.org%2Fgeoserver%2Fwms%2FWAPOR_2%2FL3_GEZ_NPP_D%2Fv2%3Fservice%3DWMS%26version%3D1.3.0%26request%3DGetCapabilities,Net Primary Production (Gezira
8259,ded5c4cc-e507-4406-a91c-997915de9ff4,WATER_MM:DEKAD:10-DAYS,OGC:WMS-1.3.0-http-get-map,https%3A%2F%2Fio.apps.fao.org%2Fgeoserver%2Fwms%2FWAPOR_2%2FL3_ZAN_E_D%2Fv2%3Fservice%3DWMS%26version%3D1.3.0%26request%3DGetCapabilities,Evaporation (Zankalon
8274,3ce00b7f-78a4-4e64-9889-58036ab7d577,NPP:DEKAD:10-DAYS,OGC:WMS-1.3.0-http-get-capabilities,https%3A%2F%2Fio.apps.fao.org%2Fgeoserver%2Fwms%2FWAPOR_2%2FL3_ODN_NPP_D%2Fv2%3Fservice%3DWMS%26version%3D1.3.0%26request%3DGetCapabilities,Net Primary Production (Office du Niger
8283,d60d8925-06fd-455d-b5fe-62ad78766e0a,0,ogc:wms,https%3A%2F%2Fservices.bgr.de%2Fwms%2Fboden%2Flkwe1000%2F%3F,"Die Karte der Luftkapazität im effektiven Wurzelraum in Deutschland gibt einen Überblick über die Größe des Luftspeichers der Böden. Unter Luftkapazität wird der Porenraum verstanden, der bei Feldkapazität mit Luft gefüllt ist. Damit stellt sie ein Maß für die Versorgung der Wurzeln mit Sauerstoff dar. Die Größe des Luftspeichers im Boden hängt von der Bodenart, der Lagerungsdichte und dem Humusgehalt ab. Der effektive Wurzelraum wird anhand von Landnutzungs- und Bodendaten bestimmt. Die Karte basiert auf der Auswertung der nutzungsdifferenzierten Bodenübersichtskarte 1:1.000.000 (BUEK1000N) und zeigt die klassifizierte Luftkapazität in Volumen-%. Die Methode ist in der Bodenkundlichen Kartieranleitung (KA4) und in der Methodendokumentation Bodenkunde der Ad-hoc-AG Boden veröffentlicht. Als Landnutzungsinformation und zur nutzungsabhängigen Differenzierung der Profildaten werden Daten des CORINE Land Cover Projektes (2006) herangezogen."
8286,e936958b-15bb-4b7b-96f8-4902215b42e7,NPP:DEKAD:10-DAYS,OGC:WMS-1.3.0-http-get-map,https%3A%2F%2Fio.apps.fao.org%2Fgeoserver%2Fwms%2FWAPOR_2%2FL3_ZAN_NPP_D%2Fv2%3Fservice%3DWMS%26version%3D1.3.0%26request%3DGetCapabilities,Net Primary Production (Zankalon
8292,r_friuve:m3969-cc-i1471,NULL,Web Feature Service (WFS),https%3A%2F%2Fserviziogc.regione.fvg.it%2Fgeoserver%2FCAR_GEO%2Fwfs%3Frequest%3DGetCapabilities%26service%3Dwfs%26version%3D2.0.0,NULL
8293,r_friuve:m3969-cc-i1471,NULL,Web Map Service (WMS),https%3A%2F%2Fserviziogc.regione.fvg.it%2Fgeoserver%2FCAR_GEO%2Fwms%3Frequest%3DGetCapabilities%26service%3Dwms%26version%3D1.3.0,NULL
8302,4a89e634-6ed3-431a-97f1-49d8c536d0af,NPP:MONTH:MONTH,OGC:WMS-1.3.0-http-get-map,https%3A%2F%2Fio.apps.fao.org%2Fgeoserver%2Fwms%2FWAPOR_2%2FL3_MAL_NPP_M%2Fv2%3Fservice%3DWMS%26version%3D1.3.0%26request%3DGetCapabilities,Net Primary Production (Malwathu Oya West Sub Catchment
8304,676a04c9-2c30-428d-8450-5ad29a15e7b6,NPP:DEKAD:10-DAYS,OGC:WMS-1.3.0-http-get-map,https%3A%2F%2Fio.apps.fao.org%2Fgeoserver%2Fwms%2FWAPOR_2%2FL3_LAM_NPP_D%2Fv2%3Fservice%3DWMS%26version%3D1.3.0%26request%3DGetCapabilities,Net Primary Production (Lamego
8306,d734d6df-2343-49bd-b11b-01873c25b21c,P_ET:MONTH:MONTH,OGC:WMS-1.3.0-http-get-map,https%3A%2F%2Fio.apps.fao.org%2Fgeoserver%2Fwms%2FWATER%2FPHL1_P_ET%2Fv2%3Fservice%3DWMS%26version%3D1.3.0%26request%3DGetCapabilities,Precipitation minus EvapoTranspiration (Mindanao)
8307,r_liguri:D.2262,NULL,Web Map Service (WMS),https%3A%2F%2Fgeoservizi.regione.liguria.it%2Fgeoserver%2FM2262%2Fwms%3Fversion%3D1.3.0%26request%3Dgetcapabilities,NULL
8309,r_liguri:D.2262,NULL,Web Feature Service (WFS),https%3A%2F%2Fgeoservizi.regione.liguria.it%2Fgeoserver%2FM2262%2Fwfs%3Fversion%3D2.0.0%26request%3Dgetcapabilities,NULL
8310,5cdaa162-d1c8-45ad-9506-112142219cfd,NPP:DEKAD:10-DAYS,OGC:WMS-1.3.0-http-get-map,https%3A%2F%2Fio.apps.fao.org%2Fgeoserver%2Fwms%2FWAPOR_2%2FL2_NPP_D%2Fv2%3Fservice%3DWMS%26version%3D1.3.0%26request%3DGetCapabilities,Net Primary Production (Dekadal)
8317,63f54f38-8ee9-43e6-9936-a47bcb8fee35,WATER_MM:DEKAD:10-DAYS,OGC:WMS-1.3.0-http-get-map,https%3A%2F%2Fio.apps.fao.org%2Fgeoserver%2Fwms%2FWAPOR_2%2FL3_MUV_E_D%2Fv2%3Fservice%3DWMS%26version%3D1.3.0%26request%3DGetCapabilities,Evaporation (Muvumba catchment
8319,6ca3ab2c-d890-47a8-bbd6-f9e3db33b531,WATER_MM:DEKAD:10-DAYS,OGC:WMS-1.3.0-http-get-map,https%3A%2F%2Fio.apps.fao.org%2Fgeoserver%2Fwms%2FWAPOR_2%2FL3_ODN_E_D%2Fv2%3Fservice%3DWMS%26version%3D1.3.0%26request%3DGetCapabilities,Evaporation (Office du Niger
8326,c8996444-6d68-4f93-b2ae-be88d11cba2b,NPP:DEKAD:10-DAYS,OGC:WMS-1.3.0-http-get-map,https%3A%2F%2Fio.apps.fao.org%2Fgeoserver%2Fwms%2FWAPOR_2%2FL3_YAN_NPP_D%2Fv2%3Fservice%3DWMS%26version%3D1.3.0%26request%3DGetCapabilities,Net Primary Production (Yanze catchment
8335,e639682b-236b-4703-9268-14dce80eacc4,NPP:DEKAD:10-DAYS,OGC:WMS-1.3.0-http-get-map,https%3A%2F%2Fio.apps.fao.org%2Fgeoserver%2Fwms%2FWAPOR_2%2FL3_MUV_NPP_D%2Fv2%3Fservice%3DWMS%26version%3D1.3.0%26request%3DGetCapabilities,Net Primary Production (Muvumba catchment
8355,r_lombar:75d66de5-dee6-494a-8c4e-51aa095f4ea4,NULL,WMS,https%3A%2F%2Fwww.cartografia.servizirl.it%2Farcgis1%2Fservices%2Fterritorio%2Fvalanghe%2FMapServer%2FWMSServer%3F,NULL
8380,e8c78225-68f3-425b-b9cb-a5b6cfe4fb66,AET:MONTH:MONTH,OGC:WMS-1.3.0-http-get-map,https%3A%2F%2Fio.apps.fao.org%2Fgeoserver%2Fwms%2FWATER%2FMNG1_ET%2Fv2%3Fservice%3DWMS%26version%3D1.3.0%26request%3DGetCapabilities,Actual EvapoTranspiration (Selenge and Naushky
8391,deb2cc4b-b2d5-4a82-bb9d-fb8a4c837e06,WATER_MM:YEAR:YEAR,OGC:WMS-1.3.0-http-get-map,https%3A%2F%2Fio.apps.fao.org%2Fgeoserver%2Fwms%2FWAPOR_2%2FL3_MUV_E_A%2Fv2%3Fservice%3DWMS%26version%3D1.3.0%26request%3DGetCapabilities,Evaporation (Muvumba catchment
8413,r_lombar:e6bcffe3-73de-4681-8e7e-3be5cb50c70a,NULL,WMS,https%3A%2F%2Fwww.cartografia.servizirl.it%2Farcgis1%2Fservices%2Fterritorio%2Fcaspita%2FMapServer%2FWMSServer%3F,NULL
8424,541d36ab-cd77-4e6d-bb7a-61b761acda02,EVP:MONTH:MONTH,OGC:WMS-1.3.0-http-get-map,https%3A%2F%2Fio.apps.fao.org%2Fgeoserver%2Fwms%2FWATER%2FK2_E%2Fv2%3Fservice%3DWMS%26version%3D1.3.0%26request%3DGetCapabilities,Evaporation (K2)
8426,r_piemon:39192f81-1dfd-4792-b0bb-7c19b3889637,Cpeso,Web Map Service (WMS),https%3A%2F%2Fgeomap.reteunitaria.piemonte.it%2Fws%2Fagrigeo%2Frp-01%2Fcarboniowms%2Fwms_carbonio_organico%3Fservice%3Dwms%26request%3Dgetcapabilities%26version%3D1.3.0,NULL
8439,e4a43ce0-1294-498c-bbfd-42999d3aeb13,TFW:MONTH:MONTH,OGC:WMS-1.3.0-http-get-map,https%3A%2F%2Fio.apps.fao.org%2Fgeoserver%2Fwms%2FWATER%2FK2_TF%2Fv2%3Fservice%3DWMS%26version%3D1.3.0%26request%3DGetCapabilities,Total flow (K2)
8448,cfed122c-3d1f-4735-8ad8-5433d8b046ba,AET:MONTH:MONTH,OGC:WMS-1.3.0-http-get-map,https%3A%2F%2Fio.apps.fao.org%2Fgeoserver%2Fwms%2FWATER%2FK4_ET%2Fv2%3Fservice%3DWMS%26version%3D1.3.0%26request%3DGetCapabilities,Actual EvapoTranspiration (K4)
8488,fao-species-map-mrc,SPECIES_DIST_MRC,OGC:WMS-1.1.0-http-get-map,http%3A%2F%2Fwww.fao.org%2Ffishery%2Fgeoserver%2Fspecies%2Fows%3FSERVICE%3DWMS,FAO aquatic species distribution map of Macruronus capensis (Cape grenadier)
8502,b8e6dd7e-8b3f-43f0-9fa2-96d3a2abf69f,gonini:stuwmeer,OGC:WMS,https%3A%2F%2Fwww.gonini.org%2Fgeoserver%2Fgonini%2Fwms%3Frequest%3DGetCapabilities,Suriname prof. dr. ir. W.J. van Blommensteinmeer
8507,fao-species-map-fpi,SPECIES_DIST_FPI,OGC:WMS-1.1.0-http-get-map,http%3A%2F%2Fwww.fao.org%2Ffishery%2Fgeoserver%2Fspecies%2Fows%3FSERVICE%3DWMS,FAO aquatic species distribution map of Esox lucius (Northern pike)
8522,a8646a85-3f35-40b2-bc0f-db6f0008d364,gsoc:sq3,OGC:WMS-1.1.1-http-get-map,https%3A%2F%2Fdata.apps.fao.org%2Fmap%2Fgsrv%2Fgsrv1%2Fgsoc%2Fwms%3Fservice%3DWMS%26version%3D1.3.0%26request%3DGetCapabilities,Soil Quality: Rooting Conditions (HWSD)
8530,63ee4619-6a99-45e7-8078-eb1fd29ecf38,gsoc:REF_DEPTH,OGC:WMS-1.3.0-http-get-map,https%3A%2F%2Fdata.apps.fao.org%2Fmap%2Fgsrv%2Fgsrv1%2Fgsoc%2Fwms%3Fservice%3DWMS%26version%3D1.3.0%26request%3DGetCapabilities,Soil Reference Depth
8556,6B346278-D020-48BE-9617-CE8BA1513308,SO.SoilObservedProfile.CarbonContent,OGC:WMS-1.3.0-http-get-capabilities,https%3A%2F%2Fwms.inspire.geoportail.lu%2Fgeoserver%2Fso%2Fwms%3FSERVICE%3DWMS%26service%3DWMS%26version%3D1.3.0%26request%3DGetCapabilities,Soil organic carbon - Content
8574,3607167d-926d-47d8-b466-3bda654e7834,gsoc:T_OC,OGC:WMS-1.3.0-http-get-map,https%3A%2F%2Fdata.apps.fao.org%2Fmap%2Fgsrv%2Fgsrv1%2Fgsoc%2Fwms%3Fservice%3DWMS%26version%3D1.3.0%26request%3DGetCapabilities,Topsoil Organic Carbon
8579,c7f13600-4f5d-44e9-9672-c976d9f55ea3,INT:MONTH:MONTH,OGC:WMS-1.3.0-http-get-map,https%3A%2F%2Fio.apps.fao.org%2Fgeoserver%2Fwms%2FWATER%2FKAZ1_I%2Fv2%3Fservice%3DWMS%26version%3D1.3.0%26request%3DGetCapabilities,Interception (Nura-Sarysu basin)
8586,fao-fsa-map-57.5,FSA_57-5,OGC:WMS-1.1.0-http-get-map,http%3A%2F%2Fwww.fao.org%2Ffishery%2Fgeoserver%2Ffsa%2Fows%3FSERVICE%3DWMS,Western Australia (Subarea 57.5 of FAO Major Area 57)
8596,Augsnes-laukumi-,WMS,ogc:wms,https%3A%2F%2Fdpps.viss.gov.lv%2FDPPS.REQ%2FURN_IVIS_100001_ISS-ZM-Zemes_novertejums_WMS_geop-v1-0%2Fguest%2FURN_IVIS_100273_LIC-DC3672A84F866340AD11ED9D1AFFEC6C%3Frequest%3DGetCapabilities%26service%3DWMS,NULL
8607,684aa31b-375b-45e1-837f-334af42fc0e5,k4_smsat_hihydrosoils,OGC:WMS-1.3.0-http-get-map,https%3A%2F%2Fdata.apps.fao.org%2Fmap%2Fgsrv%2Fgsrv1%2Fadb%2Fwms,Saturated Soil Water Content (K4)
8627,b1f7eac6-baed-4227-bedc-28bc67086299,Agricultural Soil Map of Austria - Soil Reference Group Code from the World Reference Base (WRB Lev1),OGC:WMS,https%3A%2F%2Finspire.lfrz.gv.at%2F000604%2Fwms%3Fversion%3D1.3.0%26request%3DGetCapabilities,Agricultural Soil Map of Austria - Soil Reference Group Code from the World Reference Base (WRB Lev1)
8634,Dirvožemio-drėgmės-atsargos,WMS,ogc:wms,http%3A%2F%2F192.168.166.27%3A8080%2Fgeoserver%2FAtlasas_Tema-3%2Fwms%3Fservice%3DWMS%26version%3D1.1.0%26request%3DGetMap%26layers%3DAtlasas_Tema-3%3A28_5,NULL
8644,93ce3ec3-cdc9-4ac1-952f-4a8da9ab6d05,gsoc:ROOTS,OGC:WMS-1.3.0-http-get-map,https%3A%2F%2Fdata.apps.fao.org%2Fmap%2Fgsrv%2Fgsrv1%2Fgsoc%2Fwms%3Fservice%3DWMS%26version%3D1.3.0%26request%3DGetCapabilities,Obstacle to Roots
8676,1d1e1137-de10-464c-9ea7-a945198cf7dc,gsoc:T_REF_BULK,OGC:WMS-1.3.0-http-get-map,https%3A%2F%2Fdata.apps.fao.org%2Fmap%2Fgsrv%2Fgsrv1%2Fgsoc%2Fwms%3Fservice%3DWMS%26version%3D1.3.0%26request%3DGetCapabilities,Topsoil Reference Bulk Density
8680,WRB-Soil-Units-40k,wrb_40000,OGC:WFS,https%3A%2F%2Fwww.dov.vlaanderen.be%2Fgeoserver%2Fbodemkaart_afgeleid%2Fwfs%3F,WFS-endpoint WRB Soil Units 40k: Bodemkaart van het Vlaamse Gewest volgens het internationale bodemclassificatiesysteem World Reference Base op schaal 1:40.000
8681,WRB-Soil-Units-40k,bodemkaart_afgeleid:wrb_40000,OGC:WFS-2.0.0-http-get-capabilities,https%3A%2F%2Fwww.dov.vlaanderen.be%2Fgeoserver%2Fbodemkaart_afgeleid%2Fwfs%3FSERVICE%3DWFS%26version%3D2.0.0%26request%3DGetCapabilities,WFS-capabilities WRB Soil Units 40k: Bodemkaart van het Vlaamse Gewest volgens het internationale bodemclassificatiesysteem World Reference Base op schaal 1:40.000
8682,WRB-Soil-Units-40k,wrb_40000,OGC:WMS-1.3.0-http-get-capabilities,https%3A%2F%2Fwww.dov.vlaanderen.be%2Fgeoserver%2Fbodemkaart_afgeleid%2Fwms%3FSERVICE%3DWMS%26version%3D1.3.0%26request%3DGetCapabilities,WMS-capabilities WRB Soil Units 40k: Bodemkaart van het Vlaamse Gewest volgens het internationale bodemclassificatiesysteem World Reference Base op schaal 1:40.000
8684,WRB-Soil-Units-40k,wrb_40000,OGC:WMS-1.3.0-http-get-map,https%3A%2F%2Fwww.dov.vlaanderen.be%2Fgeoserver%2Fbodemkaart_afgeleid%2Fwms%3FSERVICE%3DWMS%26version%3D1.3.0%26request%3DGetMap,WMS-map WRB Soil Units 40k: Bodemkaart van het Vlaamse Gewest volgens het internationale bodemclassificatiesysteem World Reference Base op schaal 1:40.000
8685,WRB-Soil-Units-40k,wrb_40000,OGC:WMS,https%3A%2F%2Fwww.dov.vlaanderen.be%2Fgeoserver%2Fbodemkaart_afgeleid%2Fwms%3F,WMS-endpoint WRB Soil Units 40k: Bodemkaart van het Vlaamse Gewest volgens het internationale bodemclassificatiesysteem World Reference Base op schaal 1:40.000
8686,WRB-Soil-Units-40k,wrb_40000,OGC:WFS-2.0.0-http-get-feature,https%3A%2F%2Fwww.dov.vlaanderen.be%2Fgeoserver%2Fbodemkaart_afgeleid%2Fwfs%3FSERVICE%3DWFS%26version%3D2.0.0%26request%3DGetFeature%26count%3D1%26typeName%3Dwrb_40000,WFS-feature WRB Soil Units 40k: Bodemkaart van het Vlaamse Gewest volgens het internationale bodemclassificatiesysteem World Reference Base op schaal 1:40.000
8689,WRB-Soil-Units-40k,wrb_40000,ogc:wms,https%3A%2F%2Fwww.dov.vlaanderen.be%2Fgeoserver%2Fbodemkaart_afgeleid%2Fwms,"Op basis van de resultaten van een intensieve bodemkartering gedurende de jaren ’50 tot ’70 werd de Belgische bodemkaart opgesteld. Deze Belgische bodemkaart steunt op het Belgische bodemclassificatiesysteem. Het is een nationaal systeem dat uitsluitend voor de Belgische bodems werd opgesteld. Voor het Vlaamse Gewest werd deze bodemkaart daarom omgezet naar WRB-2014, de 3de editie van het internationaal bodemclassificatiesysteem World Reference Base. Het veld ‘Soil Unit’ geeft de standaard bodemnaam volgens WRB. Door het gebruik van ‘Reference Soil Groups' (gekleurde vlakken) en ‘Principal Qualifiers’ (bruin omlijnde polygonen met labels) kan de belangrijkste informatie uit de bodemkaart van België vertaald worden naar het WRB-systeem. Informatie over textuur, drainage, bodemmorfologie en chemische bodemvruchtbaarheid is weerhouden in 4 groepen van Supplementary Qualifiers. Het veld ‘Belgisch bodemtype’ is overgenomen van de oorspronkelijk bodemkaart. De vertaling werd gedaan per bodemdistrict aangegeven in het veld ‘Belgisch_bodemdistrict’."
8690,WRB-Soil-Units-40k,WFS,ogc:wfs,https%3A%2F%2Fwww.dov.vlaanderen.be%2Fgeoserver%2Fwfs%3FSERVICE%3DWFS%26version%3D1.1.0%26request%3DGetFeature+.,NULL
8693,3f9be529-5672-4286-86c7-a63c7da39853,gsoc:T_PH_H2O,OGC:WMS-1.3.0-http-get-map,https%3A%2F%2Fdata.apps.fao.org%2Fmap%2Fgsrv%2Fgsrv1%2Fgsoc%2Fwms%3Fservice%3DWMS%26version%3D1.3.0%26request%3DGetCapabilities,Topsoil pH (H2O)
8698,5f474931-ece5-47c1-a000-d18a368fd22f,"Avloppsslam på jordbruksmark, visningstjänst",HTTP:OGC:WMS,https%3A%2F%2Fgeodata.naturvardsverket.se%2Finspire%2Faf%2Fows%3F,"Slamdata, visningstjänst"
8709,68B4F032-A0CE-4B47-89C2-23DB80414102,SO.SoilBody.25000_Raster-01,OGC:WMS-1.3.0-http-get-capabilities,https%3A%2F%2Fwms.inspire.geoportail.lu%2Fgeoserver%2Fso%2Fwms%3FSERVICE%3DWMS%26service%3DWMS%26version%3D1.3.0%26request%3DGetCapabilities,Soil map - 25000 - Raster - Sheet 1 Troisvierges
8720,530b194d-5f66-482f-b536-22db24249f91,Service de visualisation WMS,OGC:WMS,https%3A%2F%2Fgeoservices.wallonie.be%2Farcgis%2Fservices%2FSOL_SOUS_SOL%2FCARBIOSOL%2FMapServer%2FWMSServer%3Frequest%3DGetCapabilities%26service%3DWMS,Adresse de connexion au service de visualisation WMS de la couche de données CARBIOSOL - Stocks en Carbone organique total des sols - période 2005-2014
8722,530b194d-5f66-482f-b536-22db24249f91,INSPIRE - Sols en Wallonie (BE) - Service de visualisation WMS,OGC:WMS,https%3A%2F%2Fgeoservices.wallonie.be%2FINSPIRE%2FWMS%2FSO%2FMapServer%2FWMSServer%3Frequest%3DGetCapabilities%26service%3DWMS,NULL
8739,985366a9-cb3a-46e4-9f89-d44cad6a4154,MiljøGIS WFS,OGC:WFS,https%3A%2F%2Fwfs2-miljoegis.mim.dk%2Fgrukos%2Fows%3Fservice%3DWFS%26version%3D1.0.0%26request%3DGetCapabilities,NULL
8743,b23dbf43-ee30-452e-ba37-e036c4dc933d,Service de visualisation WMS,OGC:WMS,https%3A%2F%2Fgeoservices.wallonie.be%2Farcgis%2Fservices%2FSOL_SOUS_SOL%2FCARBIOSOL%2FMapServer%2FWMSServer%3Frequest%3DGetCapabilities%26service%3DWMS,Adresse de connexion au service de visualisation WMS de la couche de données CARBIOSOL - Teneurs prédites en Carbone organique total - période 2004-2014
8744,b23dbf43-ee30-452e-ba37-e036c4dc933d,INSPIRE - Sols en Wallonie (BE) - Service de visualisation WMS,OGC:WMS,https%3A%2F%2Fgeoservices.wallonie.be%2FINSPIRE%2FWMS%2FSO%2FMapServer%2FWMSServer%3Frequest%3DGetCapabilities%26service%3DWMS,NULL
8748,431940bc-833f-4abb-84f5-95212fe6dc48,BIOSOIL Austria (SITE),OGC:WMS,https%3A%2F%2Finspire.lfrz.gv.at%2F000602%2Fwms%3Fversion%3D1.3.0%26request%3DGetCapabilities,General site information
8751,43ACDDFF-4F47-443E-B697-D36330486A75,SO.SoilBody.100000_Raster,OGC:WMS-1.3.0-http-get-capabilities,https%3A%2F%2Fwms.inspire.geoportail.lu%2Fgeoserver%2Fso%2Fwms%3FSERVICE%3DWMS%26service%3DWMS%26version%3D1.3.0%26request%3DGetCapabilities,Soil map - 100000 - Raster
8755,44db5dd4-936d-4a5e-8c31-9fbd8a593662,NZ.HazardArea,OGC:WMS-1.1.1-http-get-map,https%3A%2F%2Fwms.mapama.gob.es%2Fsig%2FBiodiversidad%2FINESErosionPotencial%2Fwms.aspx,Erosión potencial
8759,92adadcb-0e68-4c1a-a1ad-ed38aac9a03b,kazakhstan_wa_nura_sarysu_smsat_hihydrosoils,OGC:WMS-1.3.0-http-get-map,https%3A%2F%2Fdata.apps.fao.org%2Fmap%2Fgsrv%2Fgsrv1%2Fadb%2Fwms,Saturated soil water content (Nura-Sarysu basin)
8764,arls_031:m10807-cc-i11449,NULL,Web Feature Service (WFS),https%3A%2F%2Fserviziogc.regione.fvg.it%2Fgeoserver%2FERSA%2Fwfs%3Frequest%3DGetCapabilities%26service%3Dwfs%26version%3D2.0.0,NULL
8765,arls_031:m10807-cc-i11449,NULL,Web Map Service (WMS),https%3A%2F%2Fserviziogc.regione.fvg.it%2Fgeoserver%2FERSA%2Fwms%3Frequest%3DGetCapabilities%26service%3Dwms%26version%3D1.3.0,NULL
8770,7e659554-141f-4618-bac3-d7fc28ce0f54,k3_smsat_hihdrosoils,OGC:WMS-1.3.0-http-get-map,https%3A%2F%2Fdata.apps.fao.org%2Fmap%2Fgsrv%2Fgsrv1%2Fadb%2Fwms,Saturated Soil Water Content (K3)
8789,bf320d32-289b-476d-9dd2-abb916d8bb25,gsoc:S_SAND,OGC:WMS-1.3.0-http-get-map,https%3A%2F%2Fdata.apps.fao.org%2Fmap%2Fgsrv%2Fgsrv1%2Fgsoc%2Fwms%3Fservice%3DWMS%26version%3D1.3.0%26request%3DGetCapabilities,Subsoil Sand Fraction
8798,6d7bffef-ea99-4a92-9b26-89b4c915361a,gsoc:T_SAND,OGC:WMS-1.3.0-http-get-map,https%3A%2F%2Fdata.apps.fao.org%2Fmap%2Fgsrv%2Fgsrv1%2Fgsoc%2Fwms%3Fservice%3DWMS%26version%3D1.3.0%26request%3DGetCapabilities,Topsoil Sand Fraction
8810,35821c18-cea8-47c4-bde0-4580d6808c11,NULL,OGC:WMS-1.3.0-http-get-map,https%3A%2F%2Fgeoservices.madeira.gov.pt%2Fgeoserver%2FSO_CARTASOLOS%2Fwms%3FVERSION%3D1.3.0%26service%3DWMS%26REQUEST%3DGetCapabilities,NULL
8814,46691b3c-9f41-4bd1-bea3-dcec11010ca7,PERCO:MONTH:MONTH,OGC:WMS-1.3.0-http-get-map,https%3A%2F%2Fio.apps.fao.org%2Fgeoserver%2Fwms%2FWATER%2FLBN_LIT_PERCO%2Fv2%3Frequest%3DGetCapabilities%26service%3DWMS%26version%3D1.1.1,"Percolation (Litani River Basin, Lebanon - Monthly - 100m)"
8829,ee459221-eb61-49cd-91f6-5c49fa841ba9,SUPPLY:MONTH:MONTH,OGC:WMS-1.3.0-http-get-map,https%3A%2F%2Fio.apps.fao.org%2Fgeoserver%2Fwms%2FWATER%2FK2_SUPPLY%2Fv2%3Fservice%3DWMS%26version%3D1.3.0%26request%3DGetCapabilities,Supplied water (K2)
10238,ba4526fd-cdbf-4028-a1bd-5a559c4bff38,glc_shv10_07_47948,OGC:WMS,https%3A%2F%2Fdata.apps.fao.org%2Fmap%2Fgsrv%2Fgsrv1%2Fgeonetwork%2Fwms,GLC-Share - Mangroves
8843,3ed0d2a2-8822-421b-8e89-a7f3bb8a973a,:wosis_latest_ecec,OGC:WFS,https%3A%2F%2Fmaps.isric.org%2Fmapserv%3Fmap%3D%2Fmap%2Fwosis_latest.map,WoSIS latest - Effective cation exchange capacity - ISRIC
8846,3ed0d2a2-8822-421b-8e89-a7f3bb8a973a,wosis_latest_ecec,OGC:WMS,https%3A%2F%2Fmaps.isric.org%2Fmapserv%3Fmap%3D%2Fmap%2Fwosis_latest.map,WoSIS latest - Effective cation exchange capacity - ISRIC
8849,c342d437-a804-4778-9a1e-c2ff2eb1c7d0,PERC_DROUGHT:MONTH:MONTH,OGC:WMS-1.3.0-http-get-map,https%3A%2F%2Fio.apps.fao.org%2Fgeoserver%2Fwms%2FRDMS%2FPERC_SMO%2Fv2%3Fservice%3DWMS%26version%3D1.3.0%26request%3DGetCapabilities,Soil Moisture
8852,Půdní-mapa-1--1-000-000,WMS,ogc:wms,http%3A%2F%2Fmapy.geology.cz%2Farcgis%2Fservices%2FInspire%2FPudni_typy%2FMapServer%2FWMSServer,NULL
8855,Větrná-eroze-půd-ČR,WMS,ogc:wms,https%3A%2F%2Fgeoportal.gov.cz%2Fweb%2Fguest%2Fmap%3Fwms%3Dhttp%3A%2F%2Fgeoportal.vumop.cz%2Fwms_vumop%2Fzchbpej.asp,NULL
8865,7726cc56-8ee0-47f4-9a7f-5b9456b66151,teneur_k_tot_rmqs,ogc:wms,https%3A%2F%2Fagroenvgeo.data.inra.fr%2Fgeoserver%2Fgissol_rmqs%2Fwms%3F,NULL
8881,b86eb648-884f-4bf3-9418-7581a4d06548,:wosis_latest_phprtn,OGC:WFS,https%3A%2F%2Fmaps.isric.org%2Fmapserv%3Fmap%3D%2Fmap%2Fwosis_latest.map,WoSIS latest - Phosphorus (P) - retention
8884,b86eb648-884f-4bf3-9418-7581a4d06548,wosis_latest_phprtn,OGC:WMS,https%3A%2F%2Fmaps.isric.org%2Fmapserv%3Fmap%3D%2Fmap%2Fwosis_latest.map,WoSIS latest - Phosphorus (P) - retention
8886,d692fa1f-973f-464f-9e0b-b032eaff29fb,teneur_ph_eau_rmqs,ogc:wms,https%3A%2F%2Fagroenvgeo.data.inra.fr%2Fgeoserver%2Fgissol_rmqs%2Fwms%3F,NULL
8899,92e6034f-e7c9-4e83-80bb-de820c0bb801,unredd:SOC_prd,OGC:WMS,http%3A%2F%2F178.33.8.120%2Fstg_geoserver%2Fwms%3Frequest%3DGetCapabilities,Tanzania soil organic carbon concentration (%)
8916,"Soil-World-Reference-Base,-Scotland",WMS,ogc:wms,http%3A%2F%2Fdruid.hutton.ac.uk%2Farcgis%2Fservices%2FHutton_NSIS_and_Soils%2FMapServer%2FWMSServer%3Frequest%3DGetCapabilities%26service%3DWMS,NULL
8923,4e970a98-149d-4103-a7da-a6e8f974aad3,af250m_nutrient_zn_m_agg30cm,OGC:WMS,https%3A%2F%2Fmaps.isric.org%2Fmapserv%3Fmap%3D%2Fmap%2Faf250m_nutrient.map,NULL
8927,5dad673a-b96b-4b5c-b2f8-6f8dbdcb6cbd,gyga_af_agg_30cm_crfvol__m_1km,OGC:WMS,https%3A%2F%2Fmaps.isric.org%2Fmapserv%3Fmap%3D%2Fmap%2Fgyga.map,NULL
8947,6f418905-226b-4c87-b10a-a44511487b53,af250m_nutrient_mn_m_agg30cm,OGC:WMS,https%3A%2F%2Fmaps.isric.org%2Fmapserv%3Fmap%3D%2Fmap%2Faf250m_nutrient.map,NULL
8954,be22b520-88fd-11da-a88f-000d939bc5d8,geonetwork:soilslop_3797,OGC:WMS-1.1.1-http-get-map,https%3A%2F%2Fdata.apps.fao.org%2Fmap%2Fgsrv%2Fgsrv1%2Fgeonetwork%2Fwms%3Fstyles%3Dgeonetwork_soilslop_3797_style,Soil and terrain suitability for ponds
8963,1e25bd5b-81d4-4b41-a3a5-2368d4f1f617,:wosis_latest_wg0006,OGC:WFS,https%3A%2F%2Fmaps.isric.org%2Fmapserv%3Fmap%3D%2Fmap%2Fwosis_latest.map,WoSIS latest - Water retention gravimetric - 6 kPa
8966,1e25bd5b-81d4-4b41-a3a5-2368d4f1f617,wosis_latest_wg0006,OGC:WMS,https%3A%2F%2Fmaps.isric.org%2Fmapserv%3Fmap%3D%2Fmap%2Fwosis_latest.map,WoSIS latest - Water retention gravimetric - 6 kPa
8976,Potentiële-bodemerosiekaart-per-perceel-,so_potbdmerosiepp_2018,OGC:WFS,https%3A%2F%2Fwww.dov.vlaanderen.be%2Fgeoserver%2Ferosie%2Fwfs%3F,WFS-endpoint Potentiële bodemerosiekaart per perceel (2018)
8977,Potentiële-bodemerosiekaart-per-perceel-,erosie:so_potbdmerosiepp_2018,OGC:WFS-2.0.0-http-get-capabilities,https%3A%2F%2Fwww.dov.vlaanderen.be%2Fgeoserver%2Ferosie%2Fwfs%3FSERVICE%3DWFS%26version%3D2.0.0%26request%3DGetCapabilities,WFS-capabilities Potentiële bodemerosiekaart per perceel (2018)
8978,Potentiële-bodemerosiekaart-per-perceel-,so_potbdmerosiepp_2018,OGC:WMS-1.3.0-http-get-capabilities,https%3A%2F%2Fwww.dov.vlaanderen.be%2Fgeoserver%2Ferosie%2Fwms%3FSERVICE%3DWMS%26version%3D1.3.0%26request%3DGetCapabilities,WMS-capabilities Potentiële bodemerosiekaart per perceel (2018)
8980,Potentiële-bodemerosiekaart-per-perceel-,so_potbdmerosiepp_2018,OGC:WMS-1.3.0-http-get-map,https%3A%2F%2Fwww.dov.vlaanderen.be%2Fgeoserver%2Ferosie%2Fwms%3FSERVICE%3DWMS%26version%3D1.3.0%26request%3DGetMap,WMS-map Potentiële bodemerosiekaart per perceel (2018)
8981,Potentiële-bodemerosiekaart-per-perceel-,so_potbdmerosiepp_2018,OGC:WMS,https%3A%2F%2Fwww.dov.vlaanderen.be%2Fgeoserver%2Ferosie%2Fwms%3F,WMS-endpoint Potentiële bodemerosiekaart per perceel (2018)
8982,Potentiële-bodemerosiekaart-per-perceel-,so_potbdmerosiepp_2018,OGC:WFS-2.0.0-http-get-feature,https%3A%2F%2Fwww.dov.vlaanderen.be%2Fgeoserver%2Ferosie%2Fwfs%3FSERVICE%3DWFS%26version%3D2.0.0%26request%3DGetFeature%26count%3D1%26typeName%3Dso_potbdmerosiepp_2018,WFS-feature Potentiële bodemerosiekaart per perceel (2018)
9016,2f99e116-183c-11e9-aba8-a0481ca9e724,wosis_latest_phptot,OGC:WMS,https%3A%2F%2Fmaps.isric.org%2Fmapserv%3Fmap%3D%2Fmap%2Fwosis_latest.map,WoSIS latest - Phosphorus (P) - total
10355,713396fe-1687-11ea-a7c0-a0481ca9e724,ocd_60-100cm_Q0.95,OGC:WMS,https%3A%2F%2Fmaps.isric.org%2Fmapserv%3Fmap%3D%2Fmap%2Focd.map,NULL
8984,Potentiële-bodemerosiekaart-per-perceel-,so_potbdmerosiepp_2018,ogc:wms,https%3A%2F%2Fwww.dov.vlaanderen.be%2Fgeoserver%2Ferosie%2Fwms%3Flayers%3Dso_potbdmerosiepp_2018,"De potentiële bodemerosiekaart per perceel (2018) geeft aan de hand van een klasse-indeling de totale potentiële erosie van een bepaald landbouwperceel weer. De totale potentiële erosie houdt geen rekening met het huidige landgebruik (grasland of akkerland). In het veld ‘Erosiegevoeligheid verzamelaanvraag’ staat de informatie die overeenkomt met de erosiegevoeligheid op de verzamelaanvraag 2018. De goedgekeurde bezwaren werden zowel in het veld 'Erosiegevoeligheid verzamelaanvraag' als in het veld 'Totale erosie' verwerkt. De goedgekeurde aanvragen van de verlaging van de erosiegevoeligheidsklasse op basis van een hoog koolstofgehalte werden in het veld 'Erosiegevoeligheid verzamelaanvraag' verwerkt met aanduiding van ‘/ C’ achter de erosiegevoeligheid, maar het veld 'Totale erosie' behield zijn oorspronkelijke waarde voor deze percelen.
Erosie door water is een proces waarbij bodemdeeltjes door de impact van regendruppels en afstromend water worden losgemaakt en getransporteerd, hetzij laagsgewijs over een grote oppervlakte, hetzij geconcentreerd in geulen en ravijnen. Dit leidt o.m. tot een afname van de bodemkwaliteit en -productiviteit, maar ook tot belangrijke schade door modderoverlast in stroomafwaarts gelegen (woon)gebieden. Bodemerosie is een van de belangrijkste vormen van bodemaantasting in Vlaanderen. 
De potentiële bodemerosiekaart per perceel is gebaseerd op de percelenkaart 2017. De potentiële bodemerosiekaart per perceel werd opgesteld door middel van computermodellering met een ruimtelijke resolutie van 5x5 m. De berekening van de erosie is gebaseerd op de herziene universele bodemverliesvergelijking of R.U.S.L.E. (Revised Universal Soil Loss Equation, Renard et al, 1991). Het betreft een empirisch model waarmee de gemiddelde jaarlijkse bodemerosiesnelheid per oppervlakte-eenheid als gevolg van intergeul- en geulerosie wordt berekend als een product van 6 factoren."
8985,Potentiële-bodemerosiekaart-per-perceel-,WFS,ogc:wfs,https%3A%2F%2Fwww.dov.vlaanderen.be%2Fgeoserver%2Fwfs%3FSERVICE%3DWFS%26version%3D1.1.0%26request%3DGetCapabilities,NULL
9005,2f99e118-183c-11e9-aba8-a0481ca9e724,:wosis_latest_wg0200,OGC:WFS,https%3A%2F%2Fmaps.isric.org%2Fmapserv%3Fmap%3D%2Fmap%2Fwosis_latest.map,WoSIS latest - Water retention gravimetric - 200 kPa
9008,2f99e118-183c-11e9-aba8-a0481ca9e724,wosis_latest_wg0200,OGC:WMS,https%3A%2F%2Fmaps.isric.org%2Fmapserv%3Fmap%3D%2Fmap%2Fwosis_latest.map,WoSIS latest - Water retention gravimetric - 200 kPa
9013,2f99e116-183c-11e9-aba8-a0481ca9e724,:wosis_latest_phptot,OGC:WFS,https%3A%2F%2Fmaps.isric.org%2Fmapserv%3Fmap%3D%2Fmap%2Fwosis_latest.map,WoSIS latest - Phosphorus (P) - total
9027,960fabed-6e0b-4e43-bf1c-d23eaaf979de,EVP:MONTH:MONTH,OGC:WMS-1.3.0-http-get-map,https%3A%2F%2Fio.apps.fao.org%2Fgeoserver%2Fwms%2FWATER%2FK4_E%2Fv2%3Fservice%3DWMS%26version%3D1.3.0%26request%3DGetCapabilities,Evaporation (K4)
9051,2f99e11d-183c-11e9-aba8-a0481ca9e724,:wosis_latest_wv0010,OGC:WFS,https%3A%2F%2Fmaps.isric.org%2Fmapserv%3Fmap%3D%2Fmap%2Fwosis_latest.map,WoSIS latest - Water retention volumetric - 10 kPa
9054,2f99e11d-183c-11e9-aba8-a0481ca9e724,wosis_latest_wv0010,OGC:WMS,https%3A%2F%2Fmaps.isric.org%2Fmapserv%3Fmap%3D%2Fmap%2Fwosis_latest.map,WoSIS latest - Water retention volumetric - 10 kPa
9057,5cd5336c-2f45-4430-a9a8-312aa2095cb6,af250m_nutrient_fe_m_agg30cm,OGC:WMS,https%3A%2F%2Fmaps.isric.org%2Fmapserv%3Fmap%3D%2Fmap%2Faf250m_nutrient.map,NULL
9069,24236b32-ab5d-4fc2-ac4c-350d69ed8a4e,af250m_nutrient_k_m_agg30cm,OGC:WMS,https%3A%2F%2Fmaps.isric.org%2Fmapserv%3Fmap%3D%2Fmap%2Faf250m_nutrient.map,NULL
9074,2b643ef9-4bee-44d4-b50d-5020c9133b8b,:wosis_latest_orgc,OGC:WFS,https%3A%2F%2Fmaps.isric.org%2Fmapserv%3Fmap%3D%2Fmap%2Fwosis_latest.map,WoSIS latest - Organic carbon
9077,2b643ef9-4bee-44d4-b50d-5020c9133b8b,wosis_latest_orgc,OGC:WMS,https%3A%2F%2Fmaps.isric.org%2Fmapserv%3Fmap%3D%2Fmap%2Fwosis_latest.map,WoSIS latest - Organic carbon
9078,2f99e117-183c-11e9-aba8-a0481ca9e724,:wosis_latest_wg1500,OGC:WFS,https%3A%2F%2Fmaps.isric.org%2Fmapserv%3Fmap%3D%2Fmap%2Fwosis_latest.map,WoSIS latest - Water retention gravimetric - 1500 kPa
9081,2f99e117-183c-11e9-aba8-a0481ca9e724,wosis_latest_wg1500,OGC:WMS,https%3A%2F%2Fmaps.isric.org%2Fmapserv%3Fmap%3D%2Fmap%2Fwosis_latest.map,WoSIS latest - Water retention gravimetric - 1500 kPa
9102,062735bd-fe92-40a3-af13-2f845b0e2f25,ETRAIN:MONTH:MONTH,OGC:WMS-1.3.0-http-get-map,https%3A%2F%2Fio.apps.fao.org%2Fgeoserver%2Fwms%2FWATER%2FK4_ETRAIN%2Fv2%3Fservice%3DWMS%26version%3D1.3.0%26request%3DGetCapabilities,Rainfall EvapoTranspiration (K4)
9129,https://www.dov.vlaanderen.be/geonetwork/srv/metadata/5e1146a5-4f72-4e93-a71d-8297d3dfec6c,grndversch_gekarteerd,OGC:WFS,https%3A%2F%2Fwww.dov.vlaanderen.be%2Fgeoserver%2Fgrondverschuivingen%2Fwfs%3F,WFS-endpoint Gekarteerde grondverschuivingen
9130,https://www.dov.vlaanderen.be/geonetwork/srv/metadata/5e1146a5-4f72-4e93-a71d-8297d3dfec6c,grondverschuivingen:grndversch_gekarteerd,OGC:WFS-2.0.0-http-get-capabilities,https%3A%2F%2Fwww.dov.vlaanderen.be%2Fgeoserver%2Fgrondverschuivingen%2Fwfs%3FSERVICE%3DWFS%26version%3D2.0.0%26request%3DGetCapabilities,WFS-capabilities Gekarteerde grondverschuivingen
9131,https://www.dov.vlaanderen.be/geonetwork/srv/metadata/5e1146a5-4f72-4e93-a71d-8297d3dfec6c,grndversch_gekarteerd,OGC:WMS-1.3.0-http-get-capabilities,https%3A%2F%2Fwww.dov.vlaanderen.be%2Fgeoserver%2Fgrondverschuivingen%2Fwms%3FSERVICE%3DWMS%26version%3D1.3.0%26request%3DGetCapabilities,WMS-capabilities Gekarteerde grondverschuivingen
9133,https://www.dov.vlaanderen.be/geonetwork/srv/metadata/5e1146a5-4f72-4e93-a71d-8297d3dfec6c,grndversch_gekarteerd,OGC:WMS-1.3.0-http-get-map,https%3A%2F%2Fwww.dov.vlaanderen.be%2Fgeoserver%2Fgrondverschuivingen%2Fwms%3FSERVICE%3DWMS%26version%3D1.3.0%26request%3DGetMap,WMS-map Gekarteerde grondverschuivingen
9134,https://www.dov.vlaanderen.be/geonetwork/srv/metadata/5e1146a5-4f72-4e93-a71d-8297d3dfec6c,grndversch_gekarteerd,OGC:WMS,https%3A%2F%2Fwww.dov.vlaanderen.be%2Fgeoserver%2Fgrondverschuivingen%2Fwms%3F,WMS-endpoint Gekarteerde grondverschuivingen
9135,https://www.dov.vlaanderen.be/geonetwork/srv/metadata/5e1146a5-4f72-4e93-a71d-8297d3dfec6c,grndversch_gekarteerd,OGC:WFS-2.0.0-http-get-feature,https%3A%2F%2Fwww.dov.vlaanderen.be%2Fgeoserver%2Fgrondverschuivingen%2Fwfs%3FSERVICE%3DWFS%26version%3D2.0.0%26request%3DGetFeature%26count%3D1%26typeName%3Dgrndversch_gekarteerd,WFS-feature Gekarteerde grondverschuivingen
9163,0d096f9b-ba14-4801-b395-634f0c8c9e25,DOSA:YEAR:YEAR,OGC:WMS-1.3.0-http-get-map,https%3A%2F%2Fio.apps.fao.org%2Fgeoserver%2Fwms%2FFAOSTAT%2FDROSA_A%2Fv2%3Fservice%3DWMS%26version%3D1.3.0%26request%3DGetCapabilities,Drained Organic Soils Area (Annual)
9164,5154e6e4-5a2d-4a7b-b0a4-9b18e3ef40c0,ETINCR:MONTH:MONTH,OGC:WMS-1.3.0-http-get-map,https%3A%2F%2Fio.apps.fao.org%2Fgeoserver%2Fwms%2FWATER%2FMNG1_ETINCR%2Fv2%3Fservice%3DWMS%26version%3D1.3.0%26request%3DGetCapabilities,Incremental EvapoTranspiration (Selenge and Naushky)
9168,33a2e642-57ec-4827-89c5-a240f706c4c8,BFW:MONTH:MONTH,OGC:WMS-1.3.0-http-get-map,https%3A%2F%2Fio.apps.fao.org%2Fgeoserver%2Fwms%2FWATER%2FLBN_LIT_BF%2Fv2%3Frequest%3DGetCapabilities%26service%3DWMS%26version%3D1.1.1,"Base flow (Litani River Basin, Lebanon - Monthly - 100m)"
9176,0dd36219-902b-4771-8062-eda528a183bd,TFW:MONTH:MONTH,OGC:WMS-1.3.0-http-get-map,https%3A%2F%2Fio.apps.fao.org%2Fgeoserver%2Fwms%2FWATER%2FK4_TF%2Fv2%3Fservice%3DWMS%26version%3D1.3.0%26request%3DGetCapabilities,Total Flow (K4
9186,1feedb4a-90e4-4edd-b105-970b1c4bf12f,EVP:MONTH:MONTH,OGC:WMS-1.3.0-http-get-map,https%3A%2F%2Fio.apps.fao.org%2Fgeoserver%2Fwms%2FWATER%2FK3_E%2Fv2%3Fservice%3DWMS%26version%3D1.3.0%26request%3DGetCapabilities,Evaporation (K3)
9188,500e7063-e828-4e82-b533-91c80a010817,"0,1",ogc:wms,http%3A%2F%2Fmapy.geology.cz%2Farcgis%2Fservices%2FPudy%2Fpudni_typy50%2FMapServer%2FWmsServer,NULL
9192,57873d25-73c4-46eb-a4da-3fdfc0a80153,"0,1,4",ogc:wms,http%3A%2F%2Fgeoportal.gov.cz%2Farcgis%2Fservices%2Fprojekty%2FNIKM%2FMapServer%2FWmsServer%3FSERVICE%3DWMS%26REQUEST%3DGetCapabilities,NULL
9200,2c3d7b4a-f070-43ce-af4f-ba36b15cea18,SUPPLY:MONTH:MONTH,OGC:WMS-1.3.0-http-get-map,https%3A%2F%2Fio.apps.fao.org%2Fgeoserver%2Fwms%2FWATER%2FK4_SUPPLY%2Fv2%3Fservice%3DWMS%26version%3D1.3.0%26request%3DGetCapabilities,Supplied water (K4)
9208,36610498-8286-4c46-80dd-9314417149b6,WATER_MM:YEAR:YEAR,OGC:WMS-1.3.0-http-get-map,https%3A%2F%2Fio.apps.fao.org%2Fgeoserver%2Fwms%2FWAPOR_2%2FL3_BKA_E_A%2Fv2%3Fservice%3DWMS%26version%3D1.3.0%26request%3DGetCapabilities,Evaporation (Bekaa
9211,24bf52b6-568b-494f-ade8-e19a1947e4fe,eneur_calc_tot_rmqs,ogc:wms,https%3A%2F%2Fagroenvgeo.data.inra.fr%2Fgeoserver%2Fgissol_rmqs%2Fwms%3F,NULL
9216,1c6e3219-5525-4862-8a31-6221418595b6,WATER_MM:YEAR:YEAR,OGC:WMS-1.3.0-http-get-map,https%3A%2F%2Fio.apps.fao.org%2Fgeoserver%2Fwms%2FWAPOR_2%2FL3_ZAN_E_A%2Fv2%3Fservice%3DWMS%26version%3D1.3.0%26request%3DGetCapabilities,Evaporation (Zankalon
9241,23682345-53fb-461c-bad5-a9bbc557ef6a,geonetwork:climaf_suitweight_dif_fut35his95_12crops_47958,OGC:WMS-1.1.1-http-get-map,https%3A%2F%2Fdata.apps.fao.org%2Fmap%2Fgsrv%2Fgsrv1%2Fgeonetwork%2Fwms,Suitability index changes between the historical (1981-2010) and the future period (2021-2050)
9252,71b57dbf-6eee-4fec-91d9-506d7f5cd83d,WATER_MM:YEAR:YEAR,OGC:WMS-1.3.0-http-get-map,https%3A%2F%2Fio.apps.fao.org%2Fgeoserver%2Fwms%2FWAPOR_2%2FL3_KOG_AETI_A%2Fv2%3Fservice%3DWMS%26version%3D1.3.0%26request%3DGetCapabilities,Actual EvapoTranspiration and Interception (Koga
9258,c2117b80-88fd-11da-a88f-000d939bc5d8,geonetwork:small_sl_3801,OGC:WMS-1.1.1-http-get-map,https%3A%2F%2Fdata.apps.fao.org%2Fmap%2Fgsrv%2Fgsrv1%2Fgeonetwork%2Fwms%3Fstyles%3Dgeonetwork_small_sl_3801_style,Suitability for small-scale fish farming
9261,Szén---készlet-1992,WMS,ogc:wms,https%3A%2F%2Fmaps.rissac.hu%3A6443%2Farcgis%2Fservices%2Fdosoremi_web_mercator2%2FMapServer%2FWMSServer,NULL
9268,c4bf8480-88fd-11da-a88f-000d939bc5d8,geonetwork:comerc_3802,OGC:WMS-1.1.1-http-get-map,https%3A%2F%2Fdata.apps.fao.org%2Fmap%2Fgsrv%2Fgsrv1%2Fgeonetwork%2Fwms%3Fstyles%3Dgeonetwork_comerc_3802_style,Suitability for commercial fish farming
9274,f37ea2a0-e2a5-4a54-932e-51395e172207,AEZ_V9V2,OGC:WMS-1.3.0-http-get-map,https%3A%2F%2Fio.apps.fao.org%2Fgeoserver%2Fwms%2FGAEZ_V4%2FLR_AEZ_V9V2%2Fv2%3Fservice%3DWMS%26version%3D1.3.0%26request%3DGetCapabilities,AEZ classification by climate/soil/terrain/LC (57 classes)
9285,f49efe0a-7a54-4c6e-8e91-1166bd210ce8,SUPPLY:MONTH:MONTH,OGC:WMS-1.3.0-http-get-map,https%3A%2F%2Fio.apps.fao.org%2Fgeoserver%2Fwms%2FWATER%2FLBN_LIT_SUPPLY%2Fv2%3Frequest%3DGetCapabilities%26service%3DWMS%26version%3D1.1.1,"Supplied water (Litani River Basin, Lebanon - Monthly - 100m)"
9287,b8d49228-2a40-42ab-a9d7-4f526f43c894,RICCAR:pisnat,OGC:WMS-1.3.0-http-get-map,https%3A%2F%2Fio.apps.fao.org%2Fgeoserver%2Fwms,Vulnerability Assessment Indicators - Natural
9291,f58ca6b0-88fd-11da-a88f-000d939bc5d8,geonetwork:wrl_mcli_12246,OGC:WMS-1.1.1-http-get-map,https%3A%2F%2Fdata.apps.fao.org%2Fmap%2Fgsrv%2Fgsrv1%2Fgeonetwork%2Fwms%3Fstyles%3Dgeonetwork_wrl_mcli_12246_style,Major Climates of the Developing World
9293,f58ef0a0-88fd-11da-a88f-000d939bc5d8,geonetwork:wrldlgp_12247,OGC:WMS-1.1.1-http-get-map,https%3A%2F%2Fdata.apps.fao.org%2Fmap%2Fgsrv%2Fgsrv1%2Fgeonetwork%2Fwms%3Fstyles%3Dgeonetwork_wrldlgp_12247_style,Lengths Growing Period Zones in Developing World
9297,f858525a-9fea-5ae3-93ab-43afab78483,carte_carbone_fao,ogc:wms,https%3A%2F%2Fagroenvgeo.data.inra.fr%2Fgeoserver%2Fgissol_gsm%2Fwms%3F,"La carte de la France métropolitaine (hors Corse) des stocks de carbone dans les sols a été préparée par l’INRA dans le cadre d’un exercice mondial piloté par le Partenariat Mondial sur les Sols hébergé par l’Organisation des Nations-Unies pour l’alimentation et l’agriculture, la FAO. La carte ainsi produite, en suivant les spécifications décidées par cette instance, a été intégrée à la carte mondiale des stocks de carbone. Elle exploite une précédente production réalisée dans le cadre du programme Global Soil Map (Mulder et al. 2016) et résulte d’un travail de cartographie numérique par modélisation réalisé à partir des données ponctuelles issues des deux programmes nationaux IGCS et RMQS du GIS Sol.La carte transmise à la FAO estime sur une grille de 1km de résolution les stocks de carbone sur 30 cm. Elle fournit des indications précieuses quant à la distribution spatiale et la variabilité des stocks de carbone dans les sols français, avec toutefois des zones où les estimations présentent de forts niveaux d’incertitude, notamment en région montagneuse. Conformément aux spécifications du programme Global Soil Map (Arrouays et al., 2014), ces incertitudes sont symbolisées par des cartes du stock de carbone prenant en compte la borne inférieure et supérieure de l'intervalle de confiance. Ces cartes comprenant les intervalles de confiance, ainsi que la carte des stocks de carbone intégrée à la FAO sont disponibles en visualisation et en téléchargement ci-dessous. IMPORTANT : en cas d’utilisation de ce jeu de données, il est fortement recommandé de prendre en compte les incertitudes fournies (cartes d’intervalles de confiance).Ce travail confirme les précédentes publications nationales puisque les stocks les plus faibles sont observés en Languedoc-Roussillon (région fortement viticole et caractérisée par un climat chaud et des sols peu épais) et dans quelques zones de culture très intensive (Beauce Chartraine, Nord). Les stocks de carbone faibles à moyens (40-50 t/ha) sont caractéristiques des sols des grandes plaines de culture intensive de France ainsi que des sols limoneux comme par exemple le grand Bassin parisien, une partie du Bassin aquitain, le Toulousain et le sillon rhodanien. Les stocks de carbone moyennement élevés (50-70 t/ha) sont caractéristiques des grandes régions forestières ou fourragères de France (Bretagne, Est, Massif central, Normandie) et les stocks de carbone les plus élevés correspondent à des situations climatiques (sols situés en altitude), minéralogiques (sols volcaniques du Massif central) ou hydriques extrêmes (marais de l’Ouest, delta du Rhône)."
9301,fdaa1c19-6c25-44e7-a2d8-2b3441645258,ETINCR:MONTH:MONTH,OGC:WMS-1.3.0-http-get-map,https%3A%2F%2Fio.apps.fao.org%2Fgeoserver%2Fwms%2FWATER%2FNILE_ETINCR%2Fv2%3Frequest%3DGetCapabilities%26service%3DWMS%26version%3D1.1.1,Incremental evapotranspiration (Nile River Basin - Monthly - 100m)
9302,0083642f-36bd-465f-8e32-3859649ad9b4,WATER_MM:YEAR:YEAR,OGC:WMS-1.3.0-http-get-map,https%3A%2F%2Fio.apps.fao.org%2Fgeoserver%2Fwms%2FWAPOR_2%2FL3_LAM_E_A%2Fv2%3Fservice%3DWMS%26version%3D1.3.0%26request%3DGetCapabilities,Evaporation (Lamego
9318,a5aa3c6c-44a7-47dc-af17-fd411debec43,WATER_MM:MONTH:MONTH,OGC:WMS-1.3.0-http-get-map,https%3A%2F%2Fio.apps.fao.org%2Fgeoserver%2Fwms%2FWAPOR_2%2FL3_LAM_AETI_M%2Fv2%3Fservice%3DWMS%26version%3D1.3.0%26request%3DGetCapabilities,Actual EvapoTranspiration and Interception (Lamego
9332,92eddf95-845b-441c-813b-8d9f3635b595,WATER_MM:YEAR:YEAR,OGC:WMS-1.3.0-http-get-capabilities,https%3A%2F%2Fio.apps.fao.org%2Fgeoserver%2Fwms%2FWAPOR_2%2FL3_AWA_AETI_A%2Fv2%3Fservice%3DWMS%26version%3D1.3.0%26request%3DGetCapabilities,Actual EvapoTranspiration and Interception (Awash
9336,8b9b7150-cc76-4f5f-8364-3612466f6500,WATER_MM:YEAR:YEAR,OGC:WMS-1.3.0-http-get-map,https%3A%2F%2Fio.apps.fao.org%2Fgeoserver%2Fwms%2FWAPOR_2%2FL3_ZAN_AETI_A%2Fv2%3Fservice%3DWMS%26version%3D1.3.0%26request%3DGetCapabilities,Actual EvapoTranspiration and Interception (Zankalon
9338,ae34227a-c4ac-46c7-8b19-e3204d633aeb,WATER_MM:YEAR:YEAR,OGC:WMS-1.3.0-http-get-map,https%3A%2F%2Fio.apps.fao.org%2Fgeoserver%2Fwms%2FWAPOR_2%2FL3_GEZ_AETI_A%2Fv2%3Fservice%3DWMS%26version%3D1.3.0%26request%3DGetCapabilities,Actual EvapoTranspiration and Interception (Gezira
9342,218fabef-22b3-4aed-baaa-14c03a863de7,WATER_MM:YEAR:YEAR,OGC:WMS-1.3.0-http-get-map,https%3A%2F%2Fio.apps.fao.org%2Fgeoserver%2Fwms%2FWAPOR_2%2FL1_AETI_A%2Fv2%3Fservice%3DWMS%26version%3D1.3.0%26request%3DGetCapabilities,Actual EvapoTranspiration and Interception (Annual)
9344,daf2a070-ee5b-422d-8950-8f5267949cee,WATER_MM:DEKAD:10-DAYS,OGC:WMS-1.3.0-http-get-map,https%3A%2F%2Fio.apps.fao.org%2Fgeoserver%2Fwms%2FWAPOR_2%2FL1_AETI_D%2Fv2%3Fservice%3DWMS%26version%3D1.3.0%26request%3DGetCapabilities,Actual EvapoTranspiration and Interception (Dekadal)
9346,https://data.isric.org/geonetwork/srv/metadata/25d0cf4d-1865-4d2a-be32-40a1b2483936,pt_infosolo,OGC:WFS,https%3A%2F%2Fmaps.isric.org%2Fmapserv%3Fmap%3D%2Fmap%2Fexternal.map,NULL
9364,24387b26-833f-4048-b936-5a92543bea89,WATER_MM:DEKAD:10-DAYS,OGC:WMS-1.3.0-http-get-map,https%3A%2F%2Fio.apps.fao.org%2Fgeoserver%2Fwms%2FWAPOR_2%2FL3_MUV_AETI_D%2Fv2%3Fservice%3DWMS%26version%3D1.3.0%26request%3DGetCapabilities,Actual EvapoTranspiration and Interception (Muvumba catchment
9386,6f2cefd7-00a2-4cc0-982b-f4f56a9fc6ab,WATER_MM:YEAR:YEAR,OGC:WMS-1.3.0-http-get-map,https%3A%2F%2Fio.apps.fao.org%2Fgeoserver%2Fwms%2FWAPOR_2%2FL3_LAK_E_A%2Fv2%3Fservice%3DWMS%26version%3D1.3.0%26request%3DGetCapabilities,Evaporation (Lower Akagera
9388,c4d6f482-7e10-4c70-95c6-13bee0c0a939,WATER_MM:MONTH:MONTH,OGC:WMS-1.3.0-http-get-map,https%3A%2F%2Fio.apps.fao.org%2Fgeoserver%2Fwms%2FWAPOR_2%2FL3_ZAN_AETI_M%2Fv2%3Fservice%3DWMS%26version%3D1.3.0%26request%3DGetCapabilities,Actual EvapoTranspiration and Interception (Zankalon
9392,10317e57-8a2c-4f8b-b6ec-28c36841b508,WATER_MM:YEAR:YEAR,OGC:WMS-1.3.0-http-get-map,https%3A%2F%2Fio.apps.fao.org%2Fgeoserver%2Fwms%2FWAPOR_2%2FL3_YAN_E_A%2Fv2%3Fservice%3DWMS%26version%3D1.3.0%26request%3DGetCapabilities,Evaporation (Yanze catchment
9400,2df7ab30-4d0f-4794-bd54-5aa11b7ceecc,WATER_MM:MONTH:MONTH,OGC:WMS-1.3.0-http-get-map,https%3A%2F%2Fio.apps.fao.org%2Fgeoserver%2Fwms%2FWAPOR_2%2FL3_BKA_AETI_M%2Fv2%3Fservice%3DWMS%26version%3D1.3.0%26request%3DGetCapabilities,Actual EvapoTranspiration and Interception (Bekaa
9414,bc217c59-6a09-4f72-a4e2-792d8b02623e,WATER_MM:YEAR:YEAR,OGC:WMS-1.3.0-http-get-map,https%3A%2F%2Fio.apps.fao.org%2Fgeoserver%2Fwms%2FWAPOR_2%2FL3_BKA_AETI_A%2Fv2%3Fservice%3DWMS%26version%3D1.3.0%26request%3DGetCapabilities,Actual EvapoTranspiration and Interception (Bekaa
9419,Dirvožemio-bonitavimas,WMS,ogc:wms,http%3A%2F%2F192.168.166.27%3A8080%2Fgeoserver%2FAtlasas_Tema-2%2Fwms%3Fservice%3DWMS%26version%3D1.1.0%26request%3DGetMap%26layers%3DAtlasas_Tema-2%3A23_3,NULL
9426,aaab57df-1782-40e2-8605-e7df01426246,WATER_MM:DEKAD:10-DAYS,OGC:WMS-1.3.0-http-get-map,https%3A%2F%2Fio.apps.fao.org%2Fgeoserver%2Fwms%2FWAPOR_2%2FL3_AWA_AETI_D%2Fv2%3Fservice%3DWMS%26version%3D1.3.0%26request%3DGetCapabilities,Actual EvapoTranspiration and Interception (Awash
9431,2660727e-3d92-4215-b3ce-dfcde880afe8,WATER_MM:DEKAD:10-DAYS,OGC:WMS-1.3.0-http-get-map,https%3A%2F%2Fio.apps.fao.org%2Fgeoserver%2Fwms%2FWAPOR_2%2FL3_BUS_AETI_D%2Fv2%3Fservice%3DWMS%26version%3D1.3.0%26request%3DGetCapabilities,Actual EvapoTranspiration and Interception (Busia
9436,d01fbd92-6063-4172-94f2-96c871d28b72,WATER_MM:DEKAD:10-DAYS,OGC:WMS-1.3.0-http-get-map,https%3A%2F%2Fio.apps.fao.org%2Fgeoserver%2Fwms%2FWAPOR_2%2FL3_GEZ_AETI_D%2Fv2%3Fservice%3DWMS%26version%3D1.3.0%26request%3DGetCapabilities,Actual EvapoTranspiration and Interception (Gezira
9444,e40c09bf-584f-4966-b592-22f1a449d3ac,WATER_MM:YEAR:YEAR,OGC:WMS-1.3.0-http-get-map,https%3A%2F%2Fio.apps.fao.org%2Fgeoserver%2Fwms%2FWAPOR_2%2FL3_BUS_AETI_A%2Fv2%3Fservice%3DWMS%26version%3D1.3.0%26request%3DGetCapabilities,Actual EvapoTranspiration and Interception (Busia
9449,f25ddb56-a592-4dbb-bbbb-163091fe2abe,WATER_MM:YEAR:YEAR,OGC:WMS-1.3.0-http-get-map,https%3A%2F%2Fio.apps.fao.org%2Fgeoserver%2Fwms%2FWAPOR_2%2FL3_ODN_AETI_A%2Fv2%3Fservice%3DWMS%26version%3D1.3.0%26request%3DGetCapabilities,Actual EvapoTranspiration and Interception (Office du Niger
9454,bc3eade1-ec8d-4ec4-8de8-a294dfd069f6,WATER_MM:DEKAD:10-DAYS,OGC:WMS-1.3.0-http-get-map,https%3A%2F%2Fio.apps.fao.org%2Fgeoserver%2Fwms%2FWAPOR_2%2FL3_LAK_AETI_D%2Fv2%3Fservice%3DWMS%26version%3D1.3.0%26request%3DGetCapabilities,Actual EvapoTranspiration and Interception (Lower Akagera
9457,4c84d2a4-1b62-4a56-9fc4-6e81ed701824,WATER_MM:MONTH:MONTH,OGC:WMS-1.3.0-http-get-map,https%3A%2F%2Fio.apps.fao.org%2Fgeoserver%2Fwms%2FWAPOR_2%2FL3_KOG_AETI_M%2Fv2%3Fservice%3DWMS%26version%3D1.3.0%26request%3DGetCapabilities,Actual EvapoTranspiration and Interception (Koga
9459,https://www.dov.vlaanderen.be/geonetwork/srv/metadata/3f507fd9-24c0-40ab-9328-29f0dff571fe,bodemlocaties,OGC:WFS,https%3A%2F%2Fwww.dov.vlaanderen.be%2Fgeoserver%2Fbodem%2Fwfs%3F,WFS-endpoint Bodemlocaties
9460,https://www.dov.vlaanderen.be/geonetwork/srv/metadata/3f507fd9-24c0-40ab-9328-29f0dff571fe,bodem:bodemlocaties,OGC:WFS-2.0.0-http-get-capabilities,https%3A%2F%2Fwww.dov.vlaanderen.be%2Fgeoserver%2Fbodem%2Fwfs%3FSERVICE%3DWFS%26version%3D2.0.0%26request%3DGetCapabilities,WFS-capabilities Bodemlocaties
9461,https://www.dov.vlaanderen.be/geonetwork/srv/metadata/3f507fd9-24c0-40ab-9328-29f0dff571fe,bodemlocaties,OGC:WMS-1.3.0-http-get-capabilities,https%3A%2F%2Fwww.dov.vlaanderen.be%2Fgeoserver%2Fbodem%2Fwms%3FSERVICE%3DWMS%26version%3D1.3.0%26request%3DGetCapabilities,WMS-capabilities Bodemlocaties
9463,https://www.dov.vlaanderen.be/geonetwork/srv/metadata/3f507fd9-24c0-40ab-9328-29f0dff571fe,bodemlocaties,OGC:WMS-1.3.0-http-get-map,https%3A%2F%2Fwww.dov.vlaanderen.be%2Fgeoserver%2Fbodem%2Fwms%3FSERVICE%3DWMS%26version%3D1.3.0%26request%3DGetMap,WMS-map Bodemlocaties
9464,https://www.dov.vlaanderen.be/geonetwork/srv/metadata/3f507fd9-24c0-40ab-9328-29f0dff571fe,bodemlocaties,OGC:WMS,https%3A%2F%2Fwww.dov.vlaanderen.be%2Fgeoserver%2Fbodem%2Fwms%3F,WMS-endpoint Bodemlocaties
9465,https://www.dov.vlaanderen.be/geonetwork/srv/metadata/3f507fd9-24c0-40ab-9328-29f0dff571fe,bodemlocaties,OGC:WFS-2.0.0-http-get-feature,https%3A%2F%2Fwww.dov.vlaanderen.be%2Fgeoserver%2Fbodem%2Fwfs%3FSERVICE%3DWFS%26version%3D2.0.0%26request%3DGetFeature%26count%3D1%26typeName%3Dbodemlocaties,WFS-feature Bodemlocaties
9468,https://www.dov.vlaanderen.be/geonetwork/srv/metadata/bf8c35ad-ab45-4084-b1e1-3042c66204aa,carbon_40,OGC:WMS-1.3.0-http-get-capabilities,https%3A%2F%2Fwww.dov.vlaanderen.be%2Fgeoserver%2Forganische_koolstof%2Fwms%3FSERVICE%3DWMS%26version%3D1.3.0%26request%3DGetCapabilities,WMS-capabilities Soil Organic Carbon Stock Maps for Belgium: mean (40 m grid)
9470,https://www.dov.vlaanderen.be/geonetwork/srv/metadata/bf8c35ad-ab45-4084-b1e1-3042c66204aa,carbon_40,OGC:WMS-1.3.0-http-get-map,https%3A%2F%2Fwww.dov.vlaanderen.be%2Fgeoserver%2Forganische_koolstof%2Fwms%3FSERVICE%3DWMS%26version%3D1.3.0%26request%3DGetMap,WMS-map Soil Organic Carbon Stock Maps for Belgium: mean (40 m grid)
9471,https://www.dov.vlaanderen.be/geonetwork/srv/metadata/bf8c35ad-ab45-4084-b1e1-3042c66204aa,carbon_40,OGC:WMS,https%3A%2F%2Fwww.dov.vlaanderen.be%2Fgeoserver%2Forganische_koolstof%2Fwms%3F,WMS-endpoint Soil Organic Carbon Stock Maps for Belgium: mean (40 m grid)
9472,https://www.dov.vlaanderen.be/geonetwork/srv/metadata/bf8c35ad-ab45-4084-b1e1-3042c66204aa,organische_koolstof:carbon_40,OGC:WCS-1.1.1-http-get-capabilities,https%3A%2F%2Fwww.dov.vlaanderen.be%2Fgeoserver%2Forganische_koolstof%2Fwcs%3FSERVICE%3DWCS%26version%3D1.1.1%26request%3DGetCapabilities,WCS-capabilities Soil Organic Carbon Stock Maps for Belgium: mean (40 m grid)
9473,https://www.dov.vlaanderen.be/geonetwork/srv/metadata/bf8c35ad-ab45-4084-b1e1-3042c66204aa,carbon_40,OGC:WCS-1.1.1-http-get-coverage,https%3A%2F%2Fwww.dov.vlaanderen.be%2Fgeoserver%2Forganische_koolstof%2Fwcs%3FSERVICE%3DWCS%26version%3D1.1.1%26request%3DGetCoverage,WCS-coverage Soil Organic Carbon Stock Maps for Belgium: mean (40 m grid)
9474,https://www.dov.vlaanderen.be/geonetwork/srv/metadata/bf8c35ad-ab45-4084-b1e1-3042c66204aa,carbon_40,OGC:WCS,https%3A%2F%2Fwww.dov.vlaanderen.be%2Fgeoserver%2Forganische_koolstof%2Fwcs%3F,WCS-endpoint Soil Organic Carbon Stock Maps for Belgium: mean (40 m grid)
9478,41b1ee89-328b-466e-8a1c-e5718043d07e,WATER_MM:DEKAD:10-DAYS,OGC:WMS-1.3.0-http-get-map,https%3A%2F%2Fio.apps.fao.org%2Fgeoserver%2Fwms%2FWAPOR_2%2FL3_ZAN_AETI_D%2Fv2%3Fservice%3DWMS%26version%3D1.3.0%26request%3DGetCapabilities,Actual EvapoTranspiration and Interception (Zankalon
9481,91aa5400-28d1-4e8e-9fe6-4248b752dc9e,WATER_MM:MONTH:MONTH,OGC:WMS-1.3.0-http-get-map,https%3A%2F%2Fio.apps.fao.org%2Fgeoserver%2Fwms%2FWAPOR_2%2FL3_LAK_AETI_M%2Fv2%3Fservice%3DWMS%26version%3D1.3.0%26request%3DGetCapabilities,Actual EvapoTranspiration and Interception (Lower Akagera
9483,Dirvožemio-įšalas,WMS,ogc:wms,http%3A%2F%2F192.168.166.27%3A8080%2Fgeoserver%2FAtlasas_Tema-3%2Fwms%3Fservice%3DWMS%26version%3D1.1.0%26request%3DGetMap%26layers%3DAtlasas_Tema-3%3A28_3,NULL
9488,5ff59a5d-4892-4997-a32d-d78b2cd3c0d8,WATER_MM:MONTH:MONTH,OGC:WMS-1.3.0-http-get-map,https%3A%2F%2Fio.apps.fao.org%2Fgeoserver%2Fwms%2FWAPOR_2%2FL3_MUV_AETI_M%2Fv2%3Fservice%3DWMS%26version%3D1.3.0%26request%3DGetCapabilities,Actual EvapoTranspiration and Interception (Muvumba catchment
9489,Pedonomorfotopai,WMS,ogc:wms,http%3A%2F%2F192.168.166.27%3A8080%2Fgeoserver%2FAtlasas_Tema-6%2Fwms%3Fservice%3DWMS%26version%3D1.1.0%26request%3DGetMap%26layers%3DAtlasas_Tema-6%3A44_2,NULL
9491,0d0093fa-15e4-4b6a-b7cc-3f3a56fad431,ETINCR:MONTH:MONTH,OGC:WMS-1.3.0-http-get-map,https%3A%2F%2Fio.apps.fao.org%2Fgeoserver%2Fwms%2FWATER%2FJOR_ETINCR%2Fv2%3Frequest%3DGetCapabilities%26service%3DWMS%26version%3D1.1.1,Incremental evapotranspiration (Jordan River Basin - Monthly - 100m)
9495,0ac61c4f-84ee-465d-a6df-8bd869f3d922,WATER_MM:MONTH:MONTH,OGC:WMS-1.3.0-http-get-map,https%3A%2F%2Fio.apps.fao.org%2Fgeoserver%2Fwms%2FWAPOR_2%2FL1_AETI_M%2Fv2%3Fservice%3DWMS%26version%3D1.3.0%26request%3DGetCapabilities,Actual EvapoTranspiration and Interception (Monthly)
9507,870a96a5-7298-49e3-8ae6-919342858f8f,WATER_MM:MONTH:MONTH,OGC:WMS-1.3.0-http-get-map,https%3A%2F%2Fio.apps.fao.org%2Fgeoserver%2Fwms%2FWAPOR_2%2FL3_ODN_AETI_M%2Fv2%3Fservice%3DWMS%26version%3D1.3.0%26request%3DGetCapabilities,Actual EvapoTranspiration and Interception (Office du Niger
9509,373b7a09-30a0-4e8b-9163-2074585d6c92,WATER_MM:DEKAD:10-DAYS,OGC:WMS-1.3.0-http-get-map,https%3A%2F%2Fio.apps.fao.org%2Fgeoserver%2Fwms%2FWAPOR_2%2FL3_KOG_AETI_D%2Fv2%3Fservice%3DWMS%26version%3D1.3.0%26request%3DGetCapabilities,Actual EvapoTranspiration and Interception (Koga
9511,6fc3e10d-5e3f-4943-b08e-727c4c7fae08,WATER_MM:DEKAD:10-DAYS,OGC:WMS-1.3.0-http-get-map,https%3A%2F%2Fio.apps.fao.org%2Fgeoserver%2Fwms%2FWAPOR_2%2FL3_ODN_AETI_D%2Fv2%3Fservice%3DWMS%26version%3D1.3.0%26request%3DGetCapabilities,Actual EvapoTranspiration and Interception (Office du Niger
9513,71d575dc-36ac-4926-89ca-713655db8744,WATER_MM:YEAR:YEAR,OGC:WMS-1.3.0-http-get-map,https%3A%2F%2Fio.apps.fao.org%2Fgeoserver%2Fwms%2FWAPOR_2%2FL3_KOG_E_A%2Fv2%3Fservice%3DWMS%26version%3D1.3.0%26request%3DGetCapabilities,Evaporation (Koga
9528,Bonitované-pôdno-ekologické-jednotky,WFS,ogc:wfs,https%3A%2F%2Frpi.gov.sk%2Fclient%2Fmap%2Fsummary%2F%3Frid%3Dhttps%3A%2F%2Fdata.gov.sk%2Fset%2Frpi%2Fgmd%2F42337402%2FB0159E9499E53CBAE0530110000AB12C,NULL
9532,498a7881-87ef-43f4-9e3a-c1a3abbda0de,WATER_MM:MONTH:MONTH,OGC:WMS-1.3.0-http-get-map,https%3A%2F%2Fio.apps.fao.org%2Fgeoserver%2Fwms%2FWAPOR_2%2FL3_BUS_AETI_M%2Fv2%3Fservice%3DWMS%26version%3D1.3.0%26request%3DGetCapabilities,Actual EvapoTranspiration and Interception (Busia
9534,d77083b5-c409-4859-8493-74517edae4d1,WATER_MM:DEKAD:10-DAYS,OGC:WMS-1.3.0-http-get-map,https%3A%2F%2Fio.apps.fao.org%2Fgeoserver%2Fwms%2FWAPOR_2%2FL3_YAN_AETI_D%2Fv2%3Fservice%3DWMS%26version%3D1.3.0%26request%3DGetCapabilities,Actual EvapoTranspiration and Interception (Yanze catchment
9542,56c1e15f-cba2-4753-9aed-42bc22d4b87b,ETINCR:MONTH:MONTH,OGC:WMS-1.3.0-http-get-map,https%3A%2F%2Fio.apps.fao.org%2Fgeoserver%2Fwms%2FWATER%2FAWA_ETINCR%2Fv2%3Fservice%3DWMS%26version%3D1.3.0%26request%3DGetCapabilities,Incremental EvapoTranspiration (Awash
9546,f186959b-c68b-42fb-be83-912cd72987b0,PERC_DROUGHT:MONTH:MONTH,OGC:WMS-1.3.0-http-get-map,https%3A%2F%2Fio.apps.fao.org%2Fgeoserver%2Fwms%2FRDMS%2FFINAL_CDI%2Fv2%3Fservice%3DWMS%26version%3D1.3.0%26request%3DGetCapabilities,Composite Drought Index
9555,83d14367-7366-4873-af21-70fffa121709,WATER_MM:DEKAD:10-DAYS,OGC:WMS-1.3.0-http-get-map,https%3A%2F%2Fio.apps.fao.org%2Fgeoserver%2Fwms%2FWAPOR_2%2FL3_BKA_AETI_D%2Fv2%3Fservice%3DWMS%26version%3D1.3.0%26request%3DGetCapabilities,Actual EvapoTranspiration and Interception (Bekaa
9568,8cb4fba8-fe29-464c-a3c8-1e4fa06c41c5,WATER_MM:YEAR:YEAR,OGC:WMS-1.3.0-http-get-map,https%3A%2F%2Fio.apps.fao.org%2Fgeoserver%2Fwms%2FWAPOR_2%2FL1_E_A%2Fv2%3Fservice%3DWMS%26version%3D1.3.0%26request%3DGetCapabilities,Evaporation (Annual)
9578,1ec7d847-cf8d-48a1-a185-b84ebf3a30ee,WATER_MM:YEAR:YEAR,OGC:WMS-1.3.0-http-get-map,https%3A%2F%2Fio.apps.fao.org%2Fgeoserver%2Fwms%2FWAPOR_2%2FL3_BUS_E_A%2Fv2%3Fservice%3DWMS%26version%3D1.3.0%26request%3DGetCapabilities,Evaporation (Busia
9592,beefc920-88fd-11da-a88f-000d939bc5d8,geonetwork:rainfall_3829,OGC:WMS-1.1.1-http-get-map,https%3A%2F%2Fdata.apps.fao.org%2Fmap%2Fgsrv%2Fgsrv1%2Fgeonetwork%2Fwms%3Fstyles%3Dgeonetwork_rainfall_3829_style,Annual rainfall
9600,029db21f-4b5f-4377-89b6-f1e41ccd0a7c,WATER_MM:YEAR:YEAR,OGC:WMS-1.3.0-http-get-map,https%3A%2F%2Fio.apps.fao.org%2Fgeoserver%2Fwms%2FWAPOR_2%2FL3_GEZ_E_A%2Fv2%3Fservice%3DWMS%26version%3D1.3.0%26request%3DGetCapabilities,Evaporation (Gezira
9602,e61c73c5-28ac-4bf7-839b-d1ed6f6ef8f0,L3_ZAN_LCC:DEKAD:10-DAYS,OGC:WMS-1.3.0-http-get-map,https%3A%2F%2Fio.apps.fao.org%2Fgeoserver%2Fwms%2FWAPOR_2%2FL3_ZAN_LCC_D%2Fv2%3Fservice%3DWMS%26version%3D1.3.0%26request%3DGetCapabilities,Land Cover Classification (Zankalon
9607,aeec8374-1563-4b1c-8af1-6755fcc8f57e,WATER_MM:MONTH:MONTH,OGC:WMS-1.3.0-http-get-map,https%3A%2F%2Fio.apps.fao.org%2Fgeoserver%2Fwms%2FWAPOR_2%2FL3_GEZ_AETI_M%2Fv2%3Fservice%3DWMS%26version%3D1.3.0%26request%3DGetCapabilities,Actual EvapoTranspiration and Interception (Gezira
9613,r_friuve:m3953-cc-i1444,NULL,Web Map Service (WMS),https%3A%2F%2Fserviziogc.regione.fvg.it%2Fgeoserver%2FCAR_GEO%2Fwms%3Frequest%3DGetCapabilities%26service%3Dwms%26version%3D1.3.0,NULL
9614,r_friuve:m3953-cc-i1444,NULL,Web Feature Service (WFS),https%3A%2F%2Fserviziogc.regione.fvg.it%2Fgeoserver%2FCAR_GEO%2Fwfs%3Frequest%3DGetCapabilities%26service%3Dwfs%26version%3D2.0.0,NULL
9615,d1570d9e-6091-4f04-806a-6ca615db155f,WATER_MM:YEAR:YEAR,OGC:WMS-1.3.0-http-get-map,https%3A%2F%2Fio.apps.fao.org%2Fgeoserver%2Fwms%2FWAPOR_2%2FL3_LAM_AETI_A%2Fv2%3Fservice%3DWMS%26version%3D1.3.0%26request%3DGetCapabilities,Actual EvapoTranspiration and Interception (Lamego
9620,r_liguri:D.2281,NULL,Web Map Service (WMS),https%3A%2F%2Fgeoservizi.regione.liguria.it%2Fgeoserver%2FM2281%2Fwms%3Fversion%3D1.3.0%26request%3Dgetcapabilities,NULL
9622,r_liguri:D.2281,NULL,Web Feature Service (WFS),https%3A%2F%2Fgeoservizi.regione.liguria.it%2Fgeoserver%2FM2281%2Fwfs%3Fversion%3D2.0.0%26request%3Dgetcapabilities,NULL
9636,dcd5df6d-37cb-499e-adff-30f8100a78d5,WATER_MM:YEAR:YEAR,OGC:WMS-1.3.0-http-get-map,https%3A%2F%2Fio.apps.fao.org%2Fgeoserver%2Fwms%2FWAPOR_2%2FL3_LAK_AETI_A%2Fv2%3Fservice%3DWMS%26version%3D1.3.0%26request%3DGetCapabilities,Actual EvapoTranspiration and Interception (Lower Akagera
9642,927aaead-cbb5-4027-a372-3b36a68428d2,WATER_MM:DEKAD:10-DAYS,OGC:WMS-1.3.0-http-get-map,https%3A%2F%2Fio.apps.fao.org%2Fgeoserver%2Fwms%2FWAPOR_2%2FL3_MAL_AETI_D%2Fv2%3Fservice%3DWMS%26version%3D1.3.0%26request%3DGetCapabilities,Actual EvapoTranspiration and Interception (Malwathu Oya West Sub Catchment
9648,r_lombar:bcb4a0f4-04fb-4e6b-8830-c3af0ee13a3a,NULL,WMS,https%3A%2F%2Fwww.cartografia.servizirl.it%2Farcgis2%2Fservices%2Fprotciv%2Frischio_frana%2FMapServer%2FWMSServer%3F,NULL
9655,beec94d0-88fd-11da-a88f-000d939bc5d8,geonetwork:s_cpsub1_3811,OGC:WMS-1.1.1-http-get-map,https%3A%2F%2Fdata.apps.fao.org%2Fmap%2Fgsrv%2Fgsrv1%2Fgeonetwork%2Fwms%3Fstyles%3Dgeonetwork_s_cpsub1_3811_style,Suitability for small-scale farming and potential yield (crops/y) of Common carp
9661,3c554c88-c723-49cd-9385-8cdb1740a937,WPR:YEAR:YEAR,OGC:WMS-1.3.0-http-get-map,https%3A%2F%2Fio.apps.fao.org%2Fgeoserver%2Fwms%2FWAPOR_2%2FL3_MUV_GBWP_S%2Fv2%3Fservice%3DWMS%26version%3D1.3.0%26request%3DGetCapabilities,Gross Biomass Water Productivity (Muvumba catchment
9665,c1a4aff0-88fd-11da-a88f-000d939bc5d8,geonetwork:s_comerc_3816,OGC:WMS-1.1.1-http-get-map,https%3A%2F%2Fdata.apps.fao.org%2Fmap%2Fgsrv%2Fgsrv1%2Fgeonetwork%2Fwms%3Fstyles%3Dgeonetwork_s_comerc_3816_style,"Suitability for commercial farming and potential yield (crops/y) of Nile tilapia, African catfish and Common carp"
9669,9b451068-e233-4cfc-9bc6-01bfe4012bca,RICCAR:romrp,OGC:WMS-1.3.0-http-get-map,https%3A%2F%2Fio.apps.fao.org%2Fgeoserver%2Fwms,RHM Ensemble - Monthly Runoff (Reference Period)
9672,6e14ddd2-8479-43e1-87f4-15d563bdee92,WPR:YEAR:YEAR,OGC:WMS-1.3.0-http-get-map,https%3A%2F%2Fio.apps.fao.org%2Fgeoserver%2Fwms%2FWAPOR_2%2FL3_YAN_GBWP_S%2Fv2%3Fservice%3DWMS%26version%3D1.3.0%26request%3DGetCapabilities,Gross Biomass Water Productivity (Yanze catchment
9674,d635fff9-4e73-4a4f-ad08-7646369d7f4c,WATER_MM:DEKAD:10-DAYS,OGC:WMS-1.3.0-http-get-map,https%3A%2F%2Fio.apps.fao.org%2Fgeoserver%2Fwms%2FWAPOR_2%2FL3_MAL_T_D%2Fv2%3Fservice%3DWMS%26version%3D1.3.0%26request%3DGetCapabilities,Transpiration (Malwathu Oya West Sub Catchment
9681,b1d2e9eb-b9dc-47da-bc9a-d4caf792753a,WPR:YEAR:YEAR,OGC:WMS-1.3.0-http-get-map,https%3A%2F%2Fio.apps.fao.org%2Fgeoserver%2Fwms%2FWAPOR_2%2FL3_AWA_GBWP_S%2Fv2%3Fservice%3DWMS%26version%3D1.3.0%26request%3DGetCapabilities,Gross Biomass Water Productivity (Awash
9757,CS--Topsoil-Nutrients---Total-N-concentration,SO.SoilTheme.TotalN,ogc:wms,https%3A%2F%2Fcatalogue.ceh.ac.uk%2Fmaps%2F6372b558-ba64-4fbe-8766-019e01535b37%3F,NULL
9700,b7cae18c-f6dd-417e-86ef-245bfc5b0534,WPR:YEAR:YEAR,OGC:WMS-1.3.0-http-get-capabilities,https%3A%2F%2Fio.apps.fao.org%2Fgeoserver%2Fwms%2FWAPOR_2%2FL3_ODN_GBWP_S%2Fv2%3Fservice%3DWMS%26version%3D1.3.0%26request%3DGetCapabilities,Gross Biomass Water Productivity (Office du Niger
9716,be9ec2f0-88fd-11da-a88f-000d939bc5d8,geonetwork:s_catsub1_3810,OGC:WMS-1.1.1-http-get-map,https%3A%2F%2Fdata.apps.fao.org%2Fmap%2Fgsrv%2Fgsrv1%2Fgeonetwork%2Fwms%3Fstyles%3Dgeonetwork_s_catsub1_3810_style,Suitability for small-scale farming and potential yield (crops/y) of African catfish
9724,Advanced-soil-geochemical-atlas-of-England-and-Wales,"Topsoil.Aluminium, Topsoil.Arsenic, Topsoil.Barium, Topsoil.Bismuth, Topsoil.Bromine, Topsoil.Bromine, Topsoil.Bromine, Topsoil.Bromine, Topsoil.Bromine, Topsoil.Cobalt, Topsoil.Chromium, Topsoil.Chromium, Topsoil.Chromium, Topsoil.Iron, Topsoil.Gallium, Topsoil.Germanium, Topsoil.Hafnium, Topsoil.Iodine, Topsoil.Potassium, Topsoil.Lanthanum, Topsoil.Lanthanum, Topsoil.Lanthanum, Topsoil.Lanthanum, Topsoil.Sodium, Topsoil.Niobium, Topsoil.Neodymium, Topsoil.Neodymium, Topsoil.Phosphorus, Topsoil.lead, Topsoil.Phosphorus, Topsoil.Sulphur, Topsoil.Antimony, Topsoil.Scandium, Topsoil.Selenium,  Topsoil.Silicon, Topsoil.Samarium, Topsoil.Tin, Topsoil.Strontium, Topsoil.Tantalum, Topsoil.Thorium, Topsoil.Titanium, Topsoil.Thallium, Topsoil.Thallium, Topsoil.Vanadium, Topsoil.Tungsten, Topsoil.Yttrium, Topsoil.Ytterbium, Topsoil.Zinc, Topsoil.Zirconium",ogc:wms,https%3A%2F%2Fmap.bgs.ac.uk%2Farcgis%2Fservices%2FUKSO%2FUKSO_BGS_NSI%2FMapServer%2FWmsServer%3F,The concentrations of aluminium were determined using wavelength dispersive X-ray fluorescence spectrometry with a lower limit of detection of 0.05 % and typical coefficients of variation of around 3% for repeated analyses of certified reference materials. The coefficient of variation (CV) expresses the error associated with subsampling and analysis; CV values of less than around 10 % suggest that analyses are reasonably accurate.
9730,bc4828c0-88fd-11da-a88f-000d939bc5d8,geonetwork:s_catcom1_3813,OGC:WMS-1.1.1-http-get-map,https%3A%2F%2Fdata.apps.fao.org%2Fmap%2Fgsrv%2Fgsrv1%2Fgeonetwork%2Fwms%3Fstyles%3Dgeonetwork_s_catcom1_3813_style,Suitability for commercial farming and potential yield (crops/y) of African catfish
9732,CS--Topsoil-Carbon---Carbon--concentration,SO.SoilTheme.CarbonConcentration,ogc:wms,https%3A%2F%2Fcatalogue.ceh.ac.uk%2Fmaps%2F6372b558-ba64-4fbe-8766-019e01535b37%3F,NULL
9734,a6e55e45-e6f4-48a5-8aa9-c1648fd06a69,WATER_MM:MONTH:MONTH,OGC:WMS-1.3.0-http-get-map,https%3A%2F%2Fio.apps.fao.org%2Fgeoserver%2Fwms%2FWAPOR_2%2FL3_MAL_AETI_M%2Fv2%3Fservice%3DWMS%26version%3D1.3.0%26request%3DGetCapabilities,Actual EvapoTranspiration and Interception (Malwathu Oya West Sub Catchment
9737,CS--Topsoil-Nutrients---Olsen-P,SO.SoilTheme.OlsenPhosphorus,ogc:wms,https%3A%2F%2Fcatalogue.ceh.ac.uk%2Fmaps%2F6372b558-ba64-4fbe-8766-019e01535b37%3F,NULL
9740,60870bbf-1674-4685-9a81-5aa7c2851b94,WATER_MM:MONTH:MONTH,OGC:WMS-1.3.0-http-get-map,https%3A%2F%2Fio.apps.fao.org%2Fgeoserver%2Fwms%2FWAPOR_2%2FL3_SED_AETI_M%2Fv2%3Fservice%3DWMS%26version%3D1.3.0%26request%3DGetCapabilities,Actual EvapoTranspiration and Interception (Senegal Delta
9747,CS--Topsoil-Carbon---loss-on-ignition,SO.SoilTheme.CarbonConcentration,ogc:wms,https%3A%2F%2Fcatalogue.ceh.ac.uk%2Fmaps%2F6372b558-ba64-4fbe-8766-019e01535b37%3F,NULL
9769,a7854145-c70a-4bd5-8d26-c221e518aca6,WATER_MM:DEKAD:10-DAYS,OGC:WMS-1.3.0-http-get-map,https%3A%2F%2Fio.apps.fao.org%2Fgeoserver%2Fwms%2FWAPOR_2%2FL3_YAN_T_D%2Fv2%3Fservice%3DWMS%26version%3D1.3.0%26request%3DGetCapabilities,Transpiration (Yanze catchment
9774,75aad96d-8d8a-4f5d-a13b-8b003e7ac911,WATER_MM:DEKAD:10-DAYS,OGC:WMS-1.3.0-http-get-map,https%3A%2F%2Fio.apps.fao.org%2Fgeoserver%2Fwms%2FWAPOR_2%2FL3_MUV_T_D%2Fv2%3Fservice%3DWMS%26version%3D1.3.0%26request%3DGetCapabilities,Transpiration (Muvumba catchment
9778,c6b38c50-88fd-11da-a88f-000d939bc5d8,geonetwork:s_cpcom1_3814,OGC:WMS-1.1.1-http-get-map,https%3A%2F%2Fdata.apps.fao.org%2Fmap%2Fgsrv%2Fgsrv1%2Fgeonetwork%2Fwms%3Fstyles%3Dgeonetwork_s_cpcom1_3814_style,Suitability for commercial farming and potential yield (crops/y) of Common carp
9780,NSRI-detailed-soil-mapping,WMS,ogc:wms,http%3A%2F%2Fwww.landis.org.uk%2Farcgis%2Fservices%2FUKSoilObservatory%2FDetailedSoilMapping_Cranfield%2FMapServer%2FWmsServer%3F,NULL
9784,d2fc17f6-db91-4733-acac-fbf5164182ee,WATER_MM:DEKAD:10-DAYS,OGC:WMS-1.3.0-http-get-map,https%3A%2F%2Fio.apps.fao.org%2Fgeoserver%2Fwms%2FWAPOR_2%2FL2_AETI_D%2Fv2%3Fservice%3DWMS%26version%3D1.3.0%26request%3DGetCapabilities,Actual EvapoTranspiration and Interception (Dekadal)
9791,bea1f740-88fd-11da-a88f-000d939bc5d8,geonetwork:s_tlcom1_3812,OGC:WMS-1.1.1-http-get-map,https%3A%2F%2Fdata.apps.fao.org%2Fmap%2Fgsrv%2Fgsrv1%2Fgeonetwork%2Fwms%3Fstyles%3Dgeonetwork_s_tlcom1_3812_style,Suitability for commercial farming and potential yield (crops/y) of Nile tilapia
9793,cf0826f2-a9ad-4bae-a2b8-1fde3eebf720,WATER_MM:YEAR:YEAR,OGC:WMS-1.3.0-http-get-map,https%3A%2F%2Fio.apps.fao.org%2Fgeoserver%2Fwms%2FWAPOR_2%2FL2_E_A%2Fv2%3Fservice%3DWMS%26version%3D1.3.0%26request%3DGetCapabilities,Evaporation (Annual)
9795,National-Soil-Map-of-Scotland,WMS,ogc:wms,http%3A%2F%2Fdruid.hutton.ac.uk%2Farcgis%2Fservices%2FHutton_Map_Extents_WGS84%2FMapServer%2FWMSServer%3F,NULL
9799,c8193fe8-4fa5-4df3-8cb4-15bc2a250462,WATER_MM:YEAR:YEAR,OGC:WMS-1.3.0-http-get-map,https%3A%2F%2Fio.apps.fao.org%2Fgeoserver%2Fwms%2FWAPOR_2%2FL3_SED_E_A%2Fv2%3Fservice%3DWMS%26version%3D1.3.0%26request%3DGetCapabilities,Evaporation (Senegal Delta
9806,Soil-Layer-depth-50k,"Parent.Material.Soil.layer.thickness, Parent.Material.Soil.layer.thickness.1km",ogc:wms,https%3A%2F%2Fmap.bgs.ac.uk%2Farcgis%2Fservices%2FUKSO%2FUKSO_BGS%2FMapServer%2FWMSServer%3F,NULL
9808,def62b88-4305-460e-924e-815596bc0220,WATER_MM:YEAR:YEAR,OGC:WMS-1.3.0-http-get-map,https%3A%2F%2Fio.apps.fao.org%2Fgeoserver%2Fwms%2FWAPOR_2%2FL3_MAL_AETI_A%2Fv2%3Fservice%3DWMS%26version%3D1.3.0%26request%3DGetCapabilities,Actual EvapoTranspiration and Interception (Malwathu Oya West Sub Catchment
9810,3480d264-b480-4a3b-8987-01a9684079cc,WATER_MM:DEKAD:10-DAYS,OGC:WMS-1.3.0-http-get-map,https%3A%2F%2Fio.apps.fao.org%2Fgeoserver%2Fwms%2FWAPOR_2%2FL3_AWA_T_D%2Fv2%3Fservice%3DWMS%26version%3D1.3.0%26request%3DGetCapabilities,Transpiration (Awash
9814,f6321e3e-d4f1-4ae5-9859-e245b64f8a19,WPR:YEAR:YEAR,OGC:WMS-1.3.0-http-get-map,https%3A%2F%2Fio.apps.fao.org%2Fgeoserver%2Fwms%2FWAPOR_2%2FL3_KOG_GBWP_S%2Fv2%3Fservice%3DWMS%26version%3D1.3.0%26request%3DGetCapabilities,"Gross Biomass Water Productivity (Koga, Ethiopia - Seasonal - 30m)"
9816,Soil-map-for-England-and-Wales,WMS,ogc:wms,http%3A%2F%2Fwww.landis.org.uk%2Farcgis%2Fservices%2FUKSoilObservatory%2FSoilscapes_Cranfield%2FMapServer%2FWmsServer%3F,NULL
9821,beb9c500-88fd-11da-a88f-000d939bc5d8,geonetwork:s_smallc_3815,OGC:WMS-1.1.1-http-get-map,https%3A%2F%2Fdata.apps.fao.org%2Fmap%2Fgsrv%2Fgsrv1%2Fgeonetwork%2Fwms%3Fstyles%3Dgeonetwork_s_smallc_3815_style,"Suitability for small-scale farming and potential yield (crops/y) of Nile tilapia, African catfish and Common carp"
9824,Subsoil-Carbonate-Content-50k,Parent.Material.Parent.calcareous.content,ogc:wms,https%3A%2F%2Fmap.bgs.ac.uk%2Farcgis%2Fservices%2FUKSO%2FUKSO_BGS%2FMapServer%2FWMSServer%3F,NULL
9826,8073916b-a176-41df-8196-bb88fe827210,WATER_MM:DEKAD:10-DAYS,OGC:WMS-1.3.0-http-get-map,https%3A%2F%2Fio.apps.fao.org%2Fgeoserver%2Fwms%2FWAPOR_2%2FL3_LAM_T_D%2Fv2%3Fservice%3DWMS%26version%3D1.3.0%26request%3DGetCapabilities,Transpiration (Lamego
9828,Topsoil-pH-of-Scottish-soils,WMS,ogc:wms,http%3A%2F%2FDRUID.HUTTON.AC.UK%2Farcgis%2Fservices%2FHutton_Soil_pH%2FMapServer%2FWMSServer%3F,NULL
9830,4db2d9c7-5d60-405f-84bd-2d866559a225,WATER_MM:DEKAD:10-DAYS,OGC:WMS-1.3.0-http-get-map,https%3A%2F%2Fio.apps.fao.org%2Fgeoserver%2Fwms%2FWAPOR_2%2FL3_ODN_T_D%2Fv2%3Fservice%3DWMS%26version%3D1.3.0%26request%3DGetCapabilities,Transpiration (Office du Niger
9832,Topsoil-Texture-in-Scotland,WMS,ogc:wms,http%3A%2F%2FDRUID.HUTTON.AC.UK%2Farcgis%2Fservices%2FHutton_SoilTexture%2FMapServer%2FWMSServer%3F,NULL
9835,soil-texture,"Parent.Material.Soil.texture.simple, Parent.Material.Soil.texture.simple.1km",ogc:wms,https%3A%2F%2Fmap.bgs.ac.uk%2Farcgis%2Fservices%2FUKSO%2FUKSO_BGS%2FMapServer%2FWMSServer%3Fservice%3DWMS%26version%3D1.3.0%26request%3DGetCapabilities%26,NULL
9837,7a0f1cbf-9f3d-4ac3-a62c-16f460ab0758,WATER_MM:DEKAD:10-DAYS,OGC:WMS-1.3.0-http-get-map,https%3A%2F%2Fio.apps.fao.org%2Fgeoserver%2Fwms%2FWAPOR_2%2FL3_LAK_T_D%2Fv2%3Fservice%3DWMS%26version%3D1.3.0%26request%3DGetCapabilities,Transpiration (Lower Akagera
9840,f890f1a5-1081-4d0b-a2a6-e1c5c1b20ae4,WATER_MM:DEKAD:10-DAYS,OGC:WMS-1.3.0-http-get-map,https%3A%2F%2Fio.apps.fao.org%2Fgeoserver%2Fwms%2FWAPOR_2%2FL3_ZAN_T_D%2Fv2%3Fservice%3DWMS%26version%3D1.3.0%26request%3DGetCapabilities,Transpiration (Zankalon
9845,1c6133b7-38f8-4b8b-b48a-7c3136329d35,WATER_MM:YEAR:YEAR,OGC:WMS-1.3.0-http-get-map,https%3A%2F%2Fio.apps.fao.org%2Fgeoserver%2Fwms%2FWAPOR_2%2FL3_YAN_AETI_A%2Fv2%3Fservice%3DWMS%26version%3D1.3.0%26request%3DGetCapabilities,Actual EvapoTranspiration and Interception (Yanze catchment
9848,dba089a3-540b-43f5-ad7b-257c551d59a8,WATER_MM:DEKAD:10-DAYS,OGC:WMS-1.3.0-http-get-map,https%3A%2F%2Fio.apps.fao.org%2Fgeoserver%2Fwms%2FWAPOR_2%2FL3_BUS_T_D%2Fv2%3Fservice%3DWMS%26version%3D1.3.0%26request%3DGetCapabilities,Transpiration (Busia
9851,c67e41d8-4e33-48f3-b45f-350b547ff016,WATER_MM:DEKAD:10-DAYS,OGC:WMS-1.3.0-http-get-map,https%3A%2F%2Fio.apps.fao.org%2Fgeoserver%2Fwms%2FWAPOR_2%2FL3_BKA_T_D%2Fv2%3Fservice%3DWMS%26version%3D1.3.0%26request%3DGetCapabilities,Transpiration (Bekaa
9855,693b46d9-d14b-4f37-80e5-7f64713a0189,WATER_MM:DEKAD:10-DAYS,OGC:WMS-1.3.0-http-get-map,https%3A%2F%2Fio.apps.fao.org%2Fgeoserver%2Fwms%2FWAPOR_2%2FL3_SED_AETI_D%2Fv2%3Fservice%3DWMS%26version%3D1.3.0%26request%3DGetCapabilities,Actual EvapoTranspiration and Interception (Senegal Delta
9860,d79c5bd3-b42a-4a9d-a33d-3b2ab6be89b5,WPR:YEAR:YEAR,OGC:WMS-1.3.0-http-get-map,https%3A%2F%2Fio.apps.fao.org%2Fgeoserver%2Fwms%2FWAPOR_2%2FL1_NBWP_A%2Fv2%3Fservice%3DWMS%26version%3D1.3.0%26request%3DGetCapabilities,Net Biomass Water Productivity (Africa and Near East - Annual - 250m)
9882,a95fa045-789e-4e85-93e1-b05fa09a9667,WATER_MM:MONTH:MONTH,OGC:WMS-1.3.0-http-get-map,https%3A%2F%2Fio.apps.fao.org%2Fgeoserver%2Fwms%2FWAPOR_2%2FL3_YAN_AETI_M%2Fv2%3Fservice%3DWMS%26version%3D1.3.0%26request%3DGetCapabilities,Actual EvapoTranspiration and Interception (Yanze catchment
9897,254f14c6-1cb7-4bee-b5ba-7647068dbb21,WPR:YEAR:YEAR,OGC:WMS-1.3.0-http-get-map,https%3A%2F%2Fio.apps.fao.org%2Fgeoserver%2Fwms%2FWAPOR_2%2FL3_BKA_GBWP_S%2Fv2%3Fservice%3DWMS%26version%3D1.3.0%26request%3DGetCapabilities,Gross Biomass Water Productivity (Bekaa
9900,4e448356-b59c-4b42-b64a-574772ea4bbb,WPR:YEAR:YEAR,OGC:WMS-1.3.0-http-get-map,https%3A%2F%2Fio.apps.fao.org%2Fgeoserver%2Fwms%2FWAPOR_2%2FL3_ZAN_GBWP_S%2Fv2%3Fservice%3DWMS%26version%3D1.3.0%26request%3DGetCapabilities,Gross Biomass Water Productivity (Zankalon
9902,10256e65-3086-4318-afa6-2264501ff4e4,WATER_MM:DEKAD:10-DAYS,OGC:WMS-1.3.0-http-get-map,https%3A%2F%2Fio.apps.fao.org%2Fgeoserver%2Fwms%2FWAPOR_2%2FL2_T_D%2Fv2%3Fservice%3DWMS%26version%3D1.3.0%26request%3DGetCapabilities,Transpiration (Dekadal)
9904,38687cf6-4bb9-43a4-a54c-03d1347b8a75,NZ.HazardArea,OGC:WMS-1.1.1-http-get-map,https%3A%2F%2Fwms.mapama.gob.es%2Fsig%2FBiodiversidad%2FINESErosionPotencial%2Fwms.aspx,Erosión Potencial
9906,93df2c3a-dc9b-4372-9b9b-ad9cb5e18814,BIOSOIL Austria (SOIL),OGC:WMS,https%3A%2F%2Finspire.lfrz.gv.at%2F000602%2Fwms%3Fversion%3D1.3.0%26request%3DGetCapabilities,Soil horizon description
9909,0f16e3cb-b174-4f22-951c-38ef248fbb9c,WATER_MM:YEAR:YEAR,OGC:WMS-1.3.0-http-get-map,https%3A%2F%2Fio.apps.fao.org%2Fgeoserver%2Fwms%2FWAPOR_2%2FL3_SED_AETI_A%2Fv2%3Fservice%3DWMS%26version%3D1.3.0%26request%3DGetCapabilities,Actual EvapoTranspiration and Interception (Senegal Delta
9911,91319a0e-e25c-4e00-924b-d13fd4de14f0,geonetwork:Aggregatedlandcover,OGC:WMS-1.1.1-http-get-map,http%3A%2F%2Flocalhost%3A8080%2Fgeoserver%2Fwms,NULL
9912,ed3f5d2c-e867-40cd-b3f7-fcf4cba716c2,WPR:YEAR:YEAR,OGC:WMS-1.3.0-http-get-map,https%3A%2F%2Fio.apps.fao.org%2Fgeoserver%2Fwms%2FWAPOR_2%2FL3_SED_GBWP_S%2Fv2%3Fservice%3DWMS%26version%3D1.3.0%26request%3DGetCapabilities,Gross Biomass Water Productivity (Senegal Delta
9914,bb4d5946-0702-4851-af0c-f8d96bc1602e,WATER_MM:YEAR:YEAR,OGC:WMS-1.3.0-http-get-map,https%3A%2F%2Fio.apps.fao.org%2Fgeoserver%2Fwms%2FWAPOR_2%2FL3_MAL_E_A%2Fv2%3Fservice%3DWMS%26version%3D1.3.0%26request%3DGetCapabilities,Evaporation (Malwathu Oya West Sub Catchment
9916,b0ab02b4-f172-41fb-ade8-cc3c46b322df,BORIS_2018,OGC:WMS-http-get-map,https%3A%2F%2Finspire.lfrz.gv.at%2F000806%2Fwms%3Fversion%3D1.3.0%26request%3DGetCapabilities,BORIS_2018
9919,b0ab02b4-f172-41fb-ade8-cc3c46b322df,BORIS Bodeninformationssystem,OGC:WFS-http-get-capabilities,https%3A%2F%2Fhaleconnect.com%2Fows%2Fservices%2Forg.224.7bb653af-d47e-4231-9496-1e6552cacaa3_wfs%3FSERVICE%3DWFS%26REQUEST%3DGetCapabilities%26VERSION%3D2.0.0,BORIS Bodeninformationssystem
9920,b0ab02b4-f172-41fb-ade8-cc3c46b322df,NULL,OGC:WMS-http-get-map,https%3A%2F%2Fhaleconnect.com%2Fows%2Fservices%2Forg.224.7bb653af-d47e-4231-9496-1e6552cacaa3_wms%3FSERVICE%3DWMS%26REQUEST%3DGetCapabilities%26VERSION%3D1.3.0,BORIS - Bodeninformationssystem Österreich
9921,3141c4ea-647b-4028-a90b-c1a9219db9fd,WATER_MM:YEAR:YEAR,OGC:WMS-1.3.0-http-get-map,https%3A%2F%2Fio.apps.fao.org%2Fgeoserver%2Fwms%2FWAPOR_2%2FL2_AETI_A%2Fv2%3Fservice%3DWMS%26version%3D1.3.0%26request%3DGetCapabilities,Actual EvapoTranspiration and Interception (Annual)
9926,6c34ec8b-f31e-4976-9344-fd11b738a850,SOLAW:dom_lu_38215,OGC:WMS-1.1.1-http-get-map,https%3A%2F%2Fdata.apps.fao.org%2Fmap%2Fgsrv%2Fgsrv1%2Fsolaw%2Fwms%3Fstyles%3Dsolaw_dom_lu_38215_style,Dominant Land Cover and Use
9927,5997b6fd-8936-456a-807c-2d3582f62e38,WPR:YEAR:YEAR,OGC:WMS-1.3.0-http-get-map,https%3A%2F%2Fio.apps.fao.org%2Fgeoserver%2Fwms%2FWAPOR_2%2FL3_GEZ_GBWP_S%2Fv2%3Fservice%3DWMS%26version%3D1.3.0%26request%3DGetCapabilities,Gross Biomass Water Productivity (Gezira
9931,6afa5b5b-bb32-4a2a-8592-c2099b6e4d3d,WATER_MM:MONTH:MONTH,OGC:WMS-1.3.0-http-get-map,https%3A%2F%2Fio.apps.fao.org%2Fgeoserver%2Fwms%2FWAPOR_2%2FL2_AETI_M%2Fv2%3Fservice%3DWMS%26version%3D1.3.0%26request%3DGetCapabilities,Actual EvapoTranspiration and Interception (Monthly)
9936,086f1583-8e75-4775-8252-fabe6cc4c73b,WATER_MM:DEKAD:10-DAYS,OGC:WMS-1.3.0-http-get-map,https%3A%2F%2Fio.apps.fao.org%2Fgeoserver%2Fwms%2FWAPOR_2%2FL3_SED_T_D%2Fv2%3Fservice%3DWMS%26version%3D1.3.0%26request%3DGetCapabilities,Transpiration (Senegal Delta
9989,24df3a0d-28d4-4c47-bb9a-1ea744ab4b71,NULL,WMS Get Capabilities Services 1.1.1,https%3A%2F%2Fio.apps.fao.org%2Fgismgr%2Fapi%2Fv1%2FRICCAR%2FETAF%2Fwms%3FVERSION%3D1.1.1,RHM Ensemble - Annual Evapotranspiration (Future)
9993,409fac90-4c8b-446b-99bd-a822f03108bf,NULL,WMS Get Capabilities Services 1.1.1,https%3A%2F%2Fio.apps.fao.org%2Fgismgr%2Fapi%2Fv1%2FRICCAR%2FETMRP%2Fwms%3FVERSION%3D1.1.1,RHM Ensemble - Monthly Evapotranspiration (Reference Period)
10003,def113dd-851f-4e45-ae3d-4ed17aa891ba,NULL,OGC:WMS-1.1.1-http-get-capabilities,https%3A%2F%2Fio.apps.fao.org%2Fgismgr%2Fapi%2Fv1%2FRICCAR%2FROARP%2Fwms%3FVERSION%3D1.1.1,RHM Ensemble - Annual Runoff (Reference Period)
10020,fb89aca0-bef6-46d0-9ab5-3ec93fb68b03,RICCAR:etmf,OGC:WMS-1.3.0-http-get-map,https%3A%2F%2Fio.apps.fao.org%2Fgeoserver%2Fwms,RHM Ensemble - Monthly Evapotranspiration (Future)
10026,303ceaa4-9375-4f42-8a00-d091adcd3ae0,fs_level_1_2010_56894,OGC:WMS,https%3A%2F%2Fdata.apps.fao.org%2Fmap%2Fgsrv%2Fgsrv1%2Fgeonetwork%2Fwms,"Africa Farming Systems 2015 Level 1 - Farming Systems for the Africa region at the continental level to capture current spatial extent of systems and provide a basis for updated analysis, trends, issues and strategic priorities for each system."
10027,303ceaa4-9375-4f42-8a00-d091adcd3ae0,fs_level_2_2010_56894,OGC:WMS,https%3A%2F%2Fdata.apps.fao.org%2Fmap%2Fgsrv%2Fgsrv1%2Fgeonetwork%2Fwms%3Fservice%3DWMS,Africa Farming Systems 2015 Level 2
10034,1a16f815-5452-4ed9-94e4-1e25c5191e01,NULL,WMS Get Capabilities Services 1.1.1,https%3A%2F%2Fio.apps.fao.org%2Fgismgr%2Fapi%2Fv1%2FRICCAR%2FETARP%2Fwms%3FVERSION%3D1.1.1,RHM Ensemble - Annual Evapotranspiration (Reference Period)
10039,17b86ea9-c932-47d8-a2cd-a7590cd0072c,WPR:YEAR:YEAR,OGC:WMS-1.3.0-http-get-map,https%3A%2F%2Fio.apps.fao.org%2Fgeoserver%2Fwms%2FWAPOR_2%2FL2_GBWP_S%2Fv2%3Fservice%3DWMS%26version%3D1.3.0%26request%3DGetCapabilities,Gross Biomass Water Productivity (Africa and Near East - Seasonal - 100m)
10256,78f93047-74f8-4419-ac3d-fc62e4b0477b,geonetwork:phy_landf_7386,OGC:WMS,https%3A%2F%2Fdata.apps.fao.org%2Fmap%2Fgsrv%2Fgsrv1%2Fgeonetwork%2Fwms,Physiography of North and Central Eurasia Landform
10260,Carte-des-sols-1100'000,WMS,ogc:wms,http%3A%2F%2Fws.geoportail.lu%2F250k,NULL
10261,Carte-des-sols-1100'000,WMS,ogc:wms,https%3A%2F%2Fdata.public.lu%2Ffr%2Fdatasets%2Fr%2F79ae39b4-9a86-4693-88d9-fdfc51a2f139,NULL
10265,Mapa-kategorii-glebowych,WMS,ogc:wms,http%3A%2F%2Fmapy.geoportal.gov.pl%2Fwss%2Fservice%2Fpub%2Fguest%2FG2_GO_WMS%2FMapServer%2FWMSServer%3F,NULL
10271,Pôdna-mapa-Slovenska-v-mierke-1400-000,WMS,ogc:wms,http%3A%2F%2Fsscri.vupop.sk%2Farcgis%2Fservices%2Fvupop_wms%2FMapServer%2FWMSServer%3FREQUEST%3DGetCapabilities%26SERVICE%3DWMS%26VERSION%3D1.3.0,NULL
10282,Čiastkový-monitorovací-systém---PÔDA,WFS,ogc:wfs,http%3A%2F%2Fsscri.vupop.sk%2Farcgis%2Fservices%2FCMS%2Fcms_wfs%2FMapServer%2FWFSServer%3Frequest%3DGetCapabilities%26service%3DWFS%26VERSION%3D1.1.0,NULL
10323,6cd66f9c-6a16-47f3-b79e-c88675de7d1d,NZ.HazardArea,OGC:WMS-1.1.1-http-get-map,https%3A%2F%2Fwms.mapama.gob.es%2Fsig%2FBiodiversidad%2FINESErosionEolica%2Fwms.aspx,Erosión Eólica
10328,6fd05da0-853c-11db-b9b2-000d939bc5d8,geonetwork:major_soil_14129,OGC:WMS-1.1.1-http-get-map,https%3A%2F%2Fdata.apps.fao.org%2Fmap%2Fgsrv%2Fgsrv1%2Fgeonetwork%2Fwms%3F,Major soil groups of the world (FGGD)
10370,Soil-organic-carbon-content-of-scottish-topsoil,WMS,ogc:wms,http%3A%2F%2Fdruid.hutton.ac.uk%2Farcgis%2Fservices%2FGSSOIL_TOC%2FMapServer%2FWMSServer%3F,NULL
10377,1689d1b7-ef22-417a-becd-d8d9a8a90a10,Bodemgebruik - Land Cover (INSPIRE geharmoniseerd) WMS,OGC:WMS,https%3A%2F%2Fservice.pdok.nl%2Fkadaster%2Flc%2Fwms%2Fv1_0%3Frequest%3DGetCapabilities%26service%3DWMS,NULL
10378,1689d1b7-ef22-417a-becd-d8d9a8a90a10,Bodemgebruik - Land Cover (INSPIRE geharmoniseerd) WFS,OGC:WFS,https%3A%2F%2Fservice.pdok.nl%2Fkadaster%2Flc%2Fwfs%2Fv1_0%3Frequest%3DGetCapabilities%26service%3DWFS,NULL
10380,cc10b8b5-6e70-4fd5-b207-aa6562c5e5aa,WFS,OGC:WFS,https%3A%2F%2Fservice.pdok.nl%2Frvo%2Freferentiepercelen%2Fwfs%2Fv1_0%3Frequest%3DGetCapabilities%26service%3DWFS,NULL
10381,f2f1f877-05f8-4e92-b401-cdc509238e4b,altr_a14_ri_bodemctotaal,OGC:WMS,http%3A%2F%2Fdata.rivm.nl%2Fgeo%2Fank%2Fwms%3F,PotentiÃÂ«le bodemkoolstofvastlegging realistisch totaal voor alle maatregelen
10382,f2f1f877-05f8-4e92-b401-cdc509238e4b,altr_a14_ri_bodemctotaal,OGC:WFS,http%3A%2F%2Fdata.rivm.nl%2Fgeo%2Fank%2Fwfs%3F,NULL
10383,0e4c899b-42b1-4654-906e-4ad2a8d838cb,BRO - Bodemkaart (SGM) WMS,OGC:WMS,https%3A%2F%2Fservice.pdok.nl%2Fbzk%2Fbro-bodemkaart%2Fwms%2Fv1_0%3Frequest%3DgetCapabilities%26service%3DWMS,BRO Bodemkaart van Nederland
10385,6318009c-7b11-4ab9-9929-735584dfb692,WMS Existing Land Use NL,OGC:WMS,https%3A%2F%2Fservice.pdok.nl%2Fcbs%2Flanduse%2Fwms%2Fv1_0%3Frequest%3DGetCapabilities%26service%3DWMS,NULL
10386,6318009c-7b11-4ab9-9929-735584dfb692,WFS Existing Land Use NL,OGC:WFS,https%3A%2F%2Fservice.pdok.nl%2Fcbs%2Flanduse%2Fwfs%2Fv1_0%3Frequest%3DGetCapabilities%26service%3DWFS,NULL
10390,d9bf1ce1-5197-409e-b19e-340e50afafc4,bestandbodemgebruik_2017_hoofdgroep,OGC:WMS,https%3A%2F%2Fservice.pdok.nl%2Fcbs%2Fbestandbodemgebruik%2F2017%2Fwms%2Fv1_0%3Frequest%3DgetCapabilities%26service%3DWMS,Bestand Bodemgebruik 2017 hoofdgroep
10392,d9bf1ce1-5197-409e-b19e-340e50afafc4,bestandbodemgebruik:BBG2017,OGC:WFS,https%3A%2F%2Fservice.pdok.nl%2Fcbs%2Fbestandbodemgebruik%2F2017%2Fwfs%2Fv1_0%3Frequest%3DgetCapabilities%26service%3DWFS,CBS Bestand Bodemgebruik 2017
10394,{c60fabfd-d6ba-429a-b2d7-fea4bda8b09e},geogwd_bdmkrtzldvvl,OGC:WMS,https%3A%2F%2Fopengeodata.zeeland.nl%2Fgeoserver%2Fbodem%2Fwms%3Frequest%3DGetCapabilities,Bodemkaart Zeeland
10395,{c60fabfd-d6ba-429a-b2d7-fea4bda8b09e},geogwd_bdmkrtzldvvl,OGC:WFS,https%3A%2F%2Fopengeodata.zeeland.nl%2Fgeoserver%2Fbodem%2Fwfs%3Frequest%3DGetCapabilities,Bodemkaart Zeeland
10398,1ec5bc2f-a82e-467d-8e22-3e035419db2e,GEONAM_AKK_BWGSHRST,OGC:WMS,https%3A%2F%2Fopengeodata.zeeland.nl%2Fgeoserver%2Frasters%2Fwms%3Frequest%3DGetCapabilities,Bodemkundige geschiktheid voor akkerbouw
10399,1ec5bc2f-a82e-467d-8e22-3e035419db2e,GEONAM_AKK_BWGSHRST,OGC:WCS,https%3A%2F%2Fopengeodata.zeeland.nl%2Fgeoserver%2Frasters%2Fwcs%3Frequest%3DGetCapabilities,Bodemkundige geschiktheid voor akkerbouw
10400,264bf251-8c0b-4a7b-aa46-5017ba176ac3,GEONAM_KLKGHLTLGRST,OGC:WMS,https%3A%2F%2Fopengeodata.zeeland.nl%2Fgeoserver%2Frasters%2Fwms%3Frequest%3DGetCapabilities,Kalkgehalte toplaag van de bodem
10401,264bf251-8c0b-4a7b-aa46-5017ba176ac3,GEONAM_KLKGHLTLGRST,OGC:WCS,https%3A%2F%2Fopengeodata.zeeland.nl%2Fgeoserver%2Frasters%2Fwcs%3Frequest%3DGetCapabilities,Kalkgehalte toplaag van de bodem
10402,aed54b04-03fe-4751-8889-9663f10ce9c4,GEONAM_ZGRTLGRST,OGC:WMS,https%3A%2F%2Fopengeodata.zeeland.nl%2Fgeoserver%2Frasters%2Fwms%3Frequest%3DGetCapabilities,Zuurgraad toplaag van de bodem
10403,aed54b04-03fe-4751-8889-9663f10ce9c4,GEONAM_ZGRTLGRST,OGC:WCS,https%3A%2F%2Fopengeodata.zeeland.nl%2Fgeoserver%2Frasters%2Fwcs%3Frequest%3DGetCapabilities,Zuurgraad toplaag van de bodem
10404,c149614e-773c-4b56-80bf-cef91f7dc42c,GEONAM_ORGSTFTLGRST,OGC:WMS,https%3A%2F%2Fopengeodata.zeeland.nl%2Fgeoserver%2Frasters%2Fwms%3Frequest%3DGetCapabilities,Organische stofgehalte toplaag van de bodem
10405,c149614e-773c-4b56-80bf-cef91f7dc42c,GEONAM_ORGSTFTLGRST,OGC:WCS,https%3A%2F%2Fopengeodata.zeeland.nl%2Fgeoserver%2Frasters%2Fwcs%3Frequest%3DGetCapabilities,Organische stofgehalte toplaag van de bodem
10406,431657a6-c438-4fd9-b588-35bc5fec52a2,geonam_bdmtpskrtvlk,OGC:WMS,https%3A%2F%2Fopengeodata.zeeland.nl%2Fgeoserver%2Fbodem%2Fwms%3Frequest%3DGetCapabilities,Bodemtoepassingskaart
10407,431657a6-c438-4fd9-b588-35bc5fec52a2,geonam_bdmtpskrtvlk,OGC:WFS,https%3A%2F%2Fopengeodata.zeeland.nl%2Fgeoserver%2Fbodem%2Fwfs%3Frequest%3DGetCapabilities,Bodemtoepassingskaart
10408,d4608f62-da32-4ee6-b432-386c01871ee1,geonam_bdmfnckrtvlk,OGC:WMS,https%3A%2F%2Fopengeodata.zeeland.nl%2Fgeoserver%2Fbodem%2Fwms%3Frequest%3DGetCapabilities,Bodemfunctiekaart Zeeland
10409,d4608f62-da32-4ee6-b432-386c01871ee1,geonam_bdmfnckrtvlk,OGC:WFS,https%3A%2F%2Fopengeodata.zeeland.nl%2Fgeoserver%2Fbodem%2Fwfs%3Frequest%3DGetCapabilities,Bodemfunctiekaart Zeeland
10776,eea_r_3035_1_km_eunis-hab-t_p_1940-2017_v01_r00,NULL,OGC:WMS,https%3A%2F%2Fbio.discomap.eea.europa.eu%2Farcgis%2Fservices%2FEUNIS%2FMosaic_Forest%2FImageServer%2FWMSServer%3Frequest%3DGetCapabilities%26service%3DWMS,NULL
13286,3ab1d271-7ab9-4b20-b90e-747e50ad0ccc,WATER_MM:DEKAD:10-DAYS,OGC:WMS-1.3.0-http-get-map,https%3A%2F%2Fio.apps.fao.org%2Fgeoserver%2Fwms%2FWAPOR_2%2FL3_MUV_I_D%2Fv2%3Fservice%3DWMS%26version%3D1.3.0%26request%3DGetCapabilities,Interception (Muvumba catchment
43593,https://registry.gdi-de.org/id/de.be.csw/a06f3c31-418c-3edf-8e4b-1e2a4a00ea7a,NULL,Darstellungsdienst - Nährstoffspeicher- / Schadstoffbindungsvermögen der Böden (KAKeff-Wert) 2020 (Umweltatlas) (WMS),https%3A%2F%2Fgdi.berlin.de%2Fservices%2Fwms%2Fua_boden_schadstoff_2020%3Frequest%3DGetCapabilities%26service%3DWMS,Darstellungsdienst - Nährstoffspeicher- / Schadstoffbindungsvermögen der Böden (KAKeff-Wert) 2020 (Umweltatlas) (WMS)
43656,https://registry.gdi-de.org/id/de.be.csw/f11dff3b-0db9-38f8-a905-219b077fba07,NULL,Darstellungsdienst - Lebensraumfunktion für naturnahe und seltene Pflanzengesellschaften der Böden 2020 (Umweltatlas) (WMS),https%3A%2F%2Fgdi.berlin.de%2Fservices%2Fwms%2Fua_boden_lebensfkt_2020%3Frequest%3DGetCapabilities%26service%3DWMS,Darstellungsdienst - Lebensraumfunktion für naturnahe und seltene Pflanzengesellschaften der Böden 2020 (Umweltatlas) (WMS)
43657,https://registry.gdi-de.org/id/de.be.csw/f11dff3b-0db9-38f8-a905-219b077fba07,NULL,Darstellungsdienst - Ertragsfunktion der Böden für Kulturpflanzen 2020 (Umweltatlas) (WMS),https%3A%2F%2Fgdi.berlin.de%2Fservices%2Fwms%2Fua_boden_ertragfkt_2020%3Frequest%3DGetCapabilities%26service%3DWMS,Darstellungsdienst - Ertragsfunktion der Böden für Kulturpflanzen 2020 (Umweltatlas) (WMS)
43658,https://registry.gdi-de.org/id/de.be.csw/f11dff3b-0db9-38f8-a905-219b077fba07,NULL,Darstellungsdienst - Puffer- und Filterfunktion der Böden 2020 (Umweltatlas) (WMS),https%3A%2F%2Fgdi.berlin.de%2Fservices%2Fwms%2Fua_boden_pufffkt_2020%3Frequest%3DGetCapabilities%26service%3DWMS,Darstellungsdienst - Puffer- und Filterfunktion der Böden 2020 (Umweltatlas) (WMS)
43659,https://registry.gdi-de.org/id/de.be.csw/f11dff3b-0db9-38f8-a905-219b077fba07,NULL,Darstellungsdienst - Regelungsfunktion für den Wasserhaushalt der Böden 2020 (Umweltatlas) (WMS),https%3A%2F%2Fgdi.berlin.de%2Fservices%2Fwms%2Fua_boden_regelfkt_2020%3Frequest%3DGetCapabilities%26service%3DWMS,Darstellungsdienst - Regelungsfunktion für den Wasserhaushalt der Böden 2020 (Umweltatlas) (WMS)
43660,https://registry.gdi-de.org/id/de.be.csw/f11dff3b-0db9-38f8-a905-219b077fba07,NULL,Darstellungsdienst - Archivfunktion der Böden für die Naturgeschichte 2020 (Umweltatlas) (WMS),https%3A%2F%2Fgdi.berlin.de%2Fservices%2Fwms%2Fua_boden_archivfkt_2020%3Frequest%3DGetCapabilities%26service%3DWMS,Darstellungsdienst - Archivfunktion der Böden für die Naturgeschichte 2020 (Umweltatlas) (WMS)
43661,https://registry.gdi-de.org/id/de.be.csw/f11dff3b-0db9-38f8-a905-219b077fba07,NULL,Darstellungsdienst - Leistungsfähigkeit der Böden 2020 (Umweltatlas) (WMS),https%3A%2F%2Fgdi.berlin.de%2Fservices%2Fwms%2Fua_boden_leist_2020%3Frequest%3DGetCapabilities%26service%3DWMS,Darstellungsdienst - Leistungsfähigkeit der Böden 2020 (Umweltatlas) (WMS)
43662,https://registry.gdi-de.org/id/de.be.csw/f11dff3b-0db9-38f8-a905-219b077fba07,NULL,Darstellungsdienst - Verdunstungspotenzial der Böden auf Grundlage der Bodeneigenschaften 2020 (Umweltatlas) (WMS),https%3A%2F%2Fgdi.berlin.de%2Fservices%2Fwms%2Fua_boden_vpot_2020%3Frequest%3DGetCapabilities%26service%3DWMS,Darstellungsdienst - Verdunstungspotenzial der Böden auf Grundlage der Bodeneigenschaften 2020 (Umweltatlas) (WMS)
43663,https://registry.gdi-de.org/id/de.be.csw/f11dff3b-0db9-38f8-a905-219b077fba07,NULL,Darstellungsdienst - Kühlleistung der Böden ohne Berücksichtigung der Versiegelung 2020 (Umweltatlas) (WMS),https%3A%2F%2Fgdi.berlin.de%2Fservices%2Fwms%2Fua_boden_bklov_2020%3Frequest%3DGetCapabilities%26service%3DWMS,Darstellungsdienst - Kühlleistung der Böden ohne Berücksichtigung der Versiegelung 2020 (Umweltatlas) (WMS)
43664,https://registry.gdi-de.org/id/de.be.csw/f11dff3b-0db9-38f8-a905-219b077fba07,NULL,Darstellungsdienst - Kühlleistung der Böden mit Berücksichtigung der Versiegelung 2020 (Umweltatlas) (WMS),https%3A%2F%2Fgdi.berlin.de%2Fservices%2Fwms%2Fua_boden_bklmv_2020%3Frequest%3DGetCapabilities%26service%3DWMS,Darstellungsdienst - Kühlleistung der Böden mit Berücksichtigung der Versiegelung 2020 (Umweltatlas) (WMS)
43665,https://registry.gdi-de.org/id/de.be.csw/f11dff3b-0db9-38f8-a905-219b077fba07,NULL,Darstellungsdienst - Planungshinweise zum Bodenschutz 2020 (Umweltatlas) (WMS),https%3A%2F%2Fgdi.berlin.de%2Fservices%2Fwms%2Fua_boden_bodplan_2020%3Frequest%3DGetCapabilities%26service%3DWMS,Darstellungsdienst - Planungshinweise zum Bodenschutz 2020 (Umweltatlas) (WMS)
43666,https://registry.gdi-de.org/id/de.be.csw/f11dff3b-0db9-38f8-a905-219b077fba07,NULL,Downloaddienst - Lebensraumfunktion für naturnahe und seltene Pflanzengesellschaften der Böden 2020 (Umweltatlas) (WFS),https%3A%2F%2Fgdi.berlin.de%2Fservices%2Fwfs%2Fua_boden_lebensfkt_2020%3Frequest%3DGetCapabilities%26service%3DWFS,Downloaddienst - Lebensraumfunktion für naturnahe und seltene Pflanzengesellschaften der Böden 2020 (Umweltatlas) (WFS)
43667,https://registry.gdi-de.org/id/de.be.csw/f11dff3b-0db9-38f8-a905-219b077fba07,NULL,Downloaddienst - Ertragsfunktion der Böden für Kulturpflanzen 2020 (Umweltatlas) (WFS),https%3A%2F%2Fgdi.berlin.de%2Fservices%2Fwfs%2Fua_boden_ertragfkt_2020%3Frequest%3DGetCapabilities%26service%3DWFS,Downloaddienst - Ertragsfunktion der Böden für Kulturpflanzen 2020 (Umweltatlas) (WFS)
43668,https://registry.gdi-de.org/id/de.be.csw/f11dff3b-0db9-38f8-a905-219b077fba07,NULL,Downloaddienst - Puffer- und Filterfunktion der Böden 2020 (Umweltatlas) (WFS),https%3A%2F%2Fgdi.berlin.de%2Fservices%2Fwfs%2Fua_boden_pufffkt_2020%3Frequest%3DGetCapabilities%26service%3DWFS,Downloaddienst - Puffer- und Filterfunktion der Böden 2020 (Umweltatlas) (WFS)
43669,https://registry.gdi-de.org/id/de.be.csw/f11dff3b-0db9-38f8-a905-219b077fba07,NULL,Downloaddienst - Regelungsfunktion für den Wasserhaushalt der Böden 2020 (Umweltatlas) (WFS),https%3A%2F%2Fgdi.berlin.de%2Fservices%2Fwfs%2Fua_boden_regelfkt_2020%3Frequest%3DGetCapabilities%26service%3DWFS,Downloaddienst - Regelungsfunktion für den Wasserhaushalt der Böden 2020 (Umweltatlas) (WFS)
43670,https://registry.gdi-de.org/id/de.be.csw/f11dff3b-0db9-38f8-a905-219b077fba07,NULL,Downloaddienst - Archivfunktion der Böden für die Naturgeschichte 2020 (Umweltatlas) (WFS),https%3A%2F%2Fgdi.berlin.de%2Fservices%2Fwfs%2Fua_boden_archivfkt_2020%3Frequest%3DGetCapabilities%26service%3DWFS,Downloaddienst - Archivfunktion der Böden für die Naturgeschichte 2020 (Umweltatlas) (WFS)
43671,https://registry.gdi-de.org/id/de.be.csw/f11dff3b-0db9-38f8-a905-219b077fba07,NULL,Downloaddienst - Leistungsfähigkeit der Böden 2020 (Umweltatlas) (WFS),https%3A%2F%2Fgdi.berlin.de%2Fservices%2Fwfs%2Fua_boden_leist_2020%3Frequest%3DGetCapabilities%26service%3DWFS,Downloaddienst - Leistungsfähigkeit der Böden 2020 (Umweltatlas) (WFS)
43672,https://registry.gdi-de.org/id/de.be.csw/f11dff3b-0db9-38f8-a905-219b077fba07,NULL,Downloaddienst - Verdunstungspotenzial der Böden auf Grundlage der Bodeneigenschaften 2020 (Umweltatlas) (WFS),https%3A%2F%2Fgdi.berlin.de%2Fservices%2Fwfs%2Fua_boden_vpot_2020%3Frequest%3DGetCapabilities%26service%3DWFS,Downloaddienst - Verdunstungspotenzial der Böden auf Grundlage der Bodeneigenschaften 2020 (Umweltatlas) (WFS)
43673,https://registry.gdi-de.org/id/de.be.csw/f11dff3b-0db9-38f8-a905-219b077fba07,NULL,Downloaddienst - Kühlleistung der Böden ohne Berücksichtigung der Versiegelung 2020 (Umweltatlas) (WFS),https%3A%2F%2Fgdi.berlin.de%2Fservices%2Fwfs%2Fua_boden_bklov_2020%3Frequest%3DGetCapabilities%26service%3DWFS,Downloaddienst - Kühlleistung der Böden ohne Berücksichtigung der Versiegelung 2020 (Umweltatlas) (WFS)
43674,https://registry.gdi-de.org/id/de.be.csw/f11dff3b-0db9-38f8-a905-219b077fba07,NULL,Downloaddienst - Kühlleistung der Böden mit Berücksichtigung der Versiegelung 2020 (Umweltatlas) (WFS),https%3A%2F%2Fgdi.berlin.de%2Fservices%2Fwfs%2Fua_boden_bklmv_2020%3Frequest%3DGetCapabilities%26service%3DWFS,Downloaddienst - Kühlleistung der Böden mit Berücksichtigung der Versiegelung 2020 (Umweltatlas) (WFS)
43675,https://registry.gdi-de.org/id/de.be.csw/f11dff3b-0db9-38f8-a905-219b077fba07,NULL,Downloaddienst - Planungshinweise zum Bodenschutz 2020 (Umweltatlas) (WFS),https%3A%2F%2Fgdi.berlin.de%2Fservices%2Fwfs%2Fua_boden_bodplan_2020%3Frequest%3DGetCapabilities%26service%3DWFS,Downloaddienst - Planungshinweise zum Bodenschutz 2020 (Umweltatlas) (WFS)
43676,https://registry.gdi-de.org/id/de.be.csw/f11dff3b-0db9-38f8-a905-219b077fba07,NULL,Downloaddienst - Bodenfunktionen und Planungshinweise 2020 (Umweltatlas) (WFS),https%3A%2F%2Fgdi.berlin.de%2Fservices%2Fwfs%2Fua_boden_4_2020%3Frequest%3DGetCapabilities%26service%3DWFS,Downloaddienst - Bodenfunktionen und Planungshinweise 2020 (Umweltatlas) (WFS)
43715,1f9cac1e-ac71-4007-bec1-bdf979fa4403,0,ogc:wms,https%3A%2F%2Fservices.bgr.de%2Fwms%2Fboden%2Ffk10dm1000%2F%3F,"Die Karte der Wasserspeicherfähigkeit der Böden in Deutschland gibt einen Überblick über die Feldkapazität der Böden bis in 1m Tiefe unter Geländeoberfläche. Als Feldkapazität wird die Wassermenge bezeichnet, die maximal gegen die Schwerkraft im Boden gespeichert werden kann. Nur ein Teil dieser Wassermenge ist pflanzenverfügbar. Die Karte basiert auf der Auswertung der nutzungsdifferenzierten Bodenübersichtskarte 1:1.000.000 (BUEK1000N) und zeigt die klassifizierte Feldkapazität. Die Methode ist in der Bodenkundlichen Kartieranleitung (KA4) und in der Methodendokumentation Bodenkunde der Ad-hoc-AG Boden veröffentlicht. Zur nutzungsabhängigen Differenzierung der Profildaten werden die Landnutzungsdaten CORINE Land Cover 2006 herangezogen."
43761,http://www.podnemapy.sk/portal/prave_menu/podna_mapa/podna_mapa.aspx,WMS,WMS,https%3A%2F%2Fwww.nlcsk.org%2Farcgis%2Fservices%2FMPRV%2FSO_PodnaMapa%2FMapServer%2FWMSServer%3Fversion%3D1.3.0%26service%3DWMS%26request%3DGetCapabilities,NULL
43762,http://www.podnemapy.sk/portal/prave_menu/podna_mapa/podna_mapa.aspx,WFS,WFS,https%3A%2F%2Fwww.nlcsk.org%2Farcgis%2Fservices%2FMPRV%2FSO_PodnaMapa%2FMapServer%2FWFSServer%3Fservice%3DWFS%26AcceptVersions%3D2.0.0%26request%3DGetCapabilities,NULL
43887,"SO.SoilThemeCoverage.COT__CV_TENEURS_2015_2019,62180757-5fed-464c-a450-a05757d02864",INSPIRE - Sols en Wallonie (BE) - Service de visualisation WMS,OGC:WMS,https%3A%2F%2Fgeoservices.wallonie.be%2Fgeoserver%2Finspire_so%2Fows%3Fservice%3DWMS%26version%3D1.3.0%26request%3DGetCapabilities,"Ce service de visualisation WMS-INSPIRE permet de consulter la série de couches de données conforme au thème INSPIRE ""Sols""."
43921,"/LC_AgriculturalArea_LPIS_2021,da6558c3-507b-47b3-9cd3-2db71d7f3136",INSPIRE- Occupation des terres en Wallonie (BE) - Service de visualisation WMS,OGC:WMS,https%3A%2F%2Fgeoservices.wallonie.be%2Fgeoserver%2Finspire_lc%2Fows%3Fservice%3DWMS%26version%3D1.3.0%26request%3DGetCapabilities,"Ce service de visualisation WMS-INSPIRE permet de consulter la série de couches de données conforme au thème INSPIRE ""Occupation des terres""."
43938,https://registry.gdi-de.org/id/de.be.csw/0d7dda82-9fc2-3e50-a4d1-8bf453695170,NULL,Darstellungsdienst - Regionale Seltenheit der Bodengesellschaften 2020 (Umweltatlas) (WMS),https%3A%2F%2Fgdi.berlin.de%2Fservices%2Fwms%2Fua_boden_seltenheit_2020%3Frequest%3DGetCapabilities%26service%3DWMS,Darstellungsdienst - Regionale Seltenheit der Bodengesellschaften 2020 (Umweltatlas) (WMS)
43959,DADB8BB6-4A7A-4CB7-908D-EA0767B068D7,"0,1,2",ogc:wms,https%3A%2F%2Fservices.bgr.de%2Fwms%2Fboden%2Fbodeneigenschaften%2F%3F,"Die Karte Bodenarten der Oberböden Deutschlands vermittelt einen visuellen Eindruck über die Verbreitung typischer, d.h. flächenhaft dominierender (i.S. von häufigsten) Bodenarten in Oberböden Deutschlands. Mit der Karte werden Ergebnisse von Untersuchungen visualisiert, die in dem BGR-Bericht Bodenarten der Böden Deutschlands; BGR Archiv, Nr. 0127305, dokumentiert sind. Dabei erfolgte eine Ableitung der Bodenart aus den Analysedaten zu Kornfraktionen der Feinböden für 16.132 Standorte in Deutschland und eine Zuweisung der dominierenden Bordenartengruppe zu den Legendeneinheiten der nutzungsdifferenzierten Bodenübersichtskarte 1:1.000.000 (BÜK1000N V2.3). Aus Gründen der dem Maßstab (1:1.000.000) angepassten Übersichtlichkeit beschränkt sich die Darstellung auf die Ebene der Bodenarten-Gruppe gem. Bodenkundlicher Kartieranleitung (KA5). Die Version 2.0 basiert auf den topographischen Grundlagen der Digitalen Topographischen Karte 1:1.000.000 (DTK1000-V) des Bundesamtes für Kartographie und Geodäsie, welche von der BGR in Teilen modifiziert wurde."
44188,89a66120-85aa-456f-bd8f-84e67c79581f,WFS,OGC:WFS,https%3A%2F%2Fwww.dov.vlaanderen.be%2Fgeoserver-inspire%2Fobservedsoilprofile%2Fwfs%3F,WFS INSPIRE geharmoniseerd - Bodemlocaties - Databank Ondergrond Vlaanderen
44189,89a66120-85aa-456f-bd8f-84e67c79581f,WFS,OGC:WFS-2.0.0-http-get-capabilities,https%3A%2F%2Fwww.dov.vlaanderen.be%2Fgeoserver-inspire%2Fobservedsoilprofile%2Fwfs%3Fservice%3DWFS%26version%3D2.0.0%26request%3DGetCapabilities,WFS INSPIRE geharmoniseerd - Bodemlocaties - Databank Ondergrond Vlaanderen
44190,89a66120-85aa-456f-bd8f-84e67c79581f,WFS,OGC:WFS-2.0.0-http-describefeaturetype,https%3A%2F%2Fwww.dov.vlaanderen.be%2Fgeoserver-inspire%2Fobservedsoilprofile%2Fwfs%3Fservice%3DWFS%26version%3D2.0.0%26request%3DDescribeFeatureType,WFS INSPIRE geharmoniseerd - Bodemlocaties - Databank Ondergrond Vlaanderen
44191,89a66120-85aa-456f-bd8f-84e67c79581f,WFS,OGC:WFS-2.0.0-http-get-feature,https%3A%2F%2Fwww.dov.vlaanderen.be%2Fgeoserver-inspire%2Fobservedsoilprofile%2Fwfs%3Fservice%3DWFS%26version%3D2.0.0%26request%3DGetFeature,WFS INSPIRE geharmoniseerd - Bodemlocaties - Databank Ondergrond Vlaanderen
44199,https://registry.gdi-de.org/id/de.be.csw/145a97bf-df5f-3aeb-a085-b012c968509e,NULL,Darstellungsdienst - Puffer- und Filterfunktion der Böden 2020 (Umweltatlas) (WMS),https%3A%2F%2Fgdi.berlin.de%2Fservices%2Fwms%2Fua_boden_pufffkt_2020%3Frequest%3DGetCapabilities%26service%3DWMS,Darstellungsdienst - Puffer- und Filterfunktion der Böden 2020 (Umweltatlas) (WMS)
44205,https://registry.gdi-de.org/id/de.be.csw/a32fe260-a50b-335b-ac9a-b02016346bf3,NULL,Darstellungsdienst - Bodenkundliche Kartierungen - Übersicht (WMS),https%3A%2F%2Fgdi.berlin.de%2Fservices%2Fwms%2Fbodenkundliche_kartierungen%3Frequest%3DGetCapabilities%26service%3DWMS,Darstellungsdienst - Bodenkundliche Kartierungen - Übersicht (WMS)
44213,https://registry.gdi-de.org/id/de.be.csw/a98d621d-2702-34bd-a0e6-41ccf1d7a15f,NULL,Darstellungsdienst - Ertragsfunktion der Böden für Kulturpflanzen 2020 (Umweltatlas) (WMS),https%3A%2F%2Fgdi.berlin.de%2Fservices%2Fwms%2Fua_boden_ertragfkt_2020%3Frequest%3DGetCapabilities%26service%3DWMS,Darstellungsdienst - Ertragsfunktion der Böden für Kulturpflanzen 2020 (Umweltatlas) (WMS)
44234,r_friuve:m3968-cc-i1470,NULL,Web Feature Service (WFS),https%3A%2F%2Fserviziogc.regione.fvg.it%2Fgeoserver%2FCAR_GEO%2Fwfs%3Frequest%3DGetCapabilities%26service%3Dwfs%26version%3D2.0.0,NULL
44235,r_friuve:m3968-cc-i1470,NULL,Web Map Service (WMS),https%3A%2F%2Fserviziogc.regione.fvg.it%2Fgeoserver%2FCAR_GEO%2Fwms%3Frequest%3DGetCapabilities%26service%3Dwms%26version%3D1.3.0,NULL
44245,r_friuve:m3977-cc-i1482,NULL,Web Feature Service (WFS),https%3A%2F%2Fserviziogc.regione.fvg.it%2Fgeoserver%2FCAR_GEO%2Fwfs%3Frequest%3DGetCapabilities%26service%3Dwfs%26version%3D2.0.0,NULL
44246,r_friuve:m3977-cc-i1482,NULL,Web Map Service (WMS),https%3A%2F%2Fserviziogc.regione.fvg.it%2Fgeoserver%2FCAR_GEO%2Fwms%3Frequest%3DGetCapabilities%26service%3Dwms%26version%3D1.3.0,NULL
44261,r_friuve:m3978-cc-i1485,NULL,Web Map Service (WMS),https%3A%2F%2Fserviziogc.regione.fvg.it%2Fgeoserver%2FCAR_GEO%2Fwms%3Frequest%3DGetCapabilities%26service%3Dwms%26version%3D1.3.0,NULL
44262,r_friuve:m3978-cc-i1485,NULL,Web Feature Service (WFS),https%3A%2F%2Fserviziogc.regione.fvg.it%2Fgeoserver%2FCAR_GEO%2Fwfs%3Frequest%3DGetCapabilities%26service%3Dwfs%26version%3D2.0.0,NULL
44267,r_friuve:m4000-cc-i1391,NULL,Web Map Service (WMS),https%3A%2F%2Fserviziogc.regione.fvg.it%2Fgeoserver%2FCAR_GEO%2Fwms%3Frequest%3DGetCapabilities%26service%3Dwms%26version%3D1.3.0,NULL
44268,r_friuve:m4000-cc-i1391,NULL,Web Feature Service (WFS),https%3A%2F%2Fserviziogc.regione.fvg.it%2Fgeoserver%2FCAR_GEO%2Fwfs%3Frequest%3DGetCapabilities%26service%3Dwfs%26version%3D2.0.0,NULL
44294,csw,SO.ObservedSoilProfile,OGC:WMS,https%3A%2F%2Fservice.pdok.nl%2Ftno%2Fbro-bodemkundig-booronderzoek-bodem-geharmoniseerd%2Fwms%2Fv1_0%3Frequest%3DGetCapabilities%26service%3DWMS,NULL
44333,c1e28873-45a1-44c9-86b6-048a83c4816d,NULL,OGC:WMS,https%3A%2F%2Fservice.pdok.nl%2Ftno%2Fbro-bodemkundig-booronderzoek%2Fwms%2Fv1_0%3Frequest%3DGetCapabilities%26service%3DWMS,NULL
44343,cmto:d7c0991c-e1c4-45d9-915d-f41378492c63,Aree produttive dismesse (WMS),Web Map Service (WMS),https%3A%2F%2Fopengis.csi.it%2Fws%2Fcmtogis%2Fcmto-01%2Fcmtowmsniger%2Fwms_aree_produttive_dismesse%3F,NULL
44385,https://registry.gdi-de.org/id/de.be.csw/4fc9f736-ec61-3cf1-876e-7a6247476ef6,NULL,Downloaddienst - pH-Werte des Oberbodens 2020 (Umweltatlas) (WFS),https%3A%2F%2Fgdi.berlin.de%2Fservices%2Fwfs%2Fua_boden_ph_2020%3Frequest%3DGetCapabilities%26service%3DWFS,Downloaddienst - pH-Werte des Oberbodens 2020 (Umweltatlas) (WFS)
44387,"http://maaamet.ee/andmekogu/pinnas/mullastiku_kaart,ee.maaamet.so-mullakaart,70003098-mullakaart",https://teenus.maaamet.ee/ows/mullakaart?,OGC:WMS,https%3A%2F%2Fteenus.maaamet.ee%2Fows%2Fmullakaart%3Fservice%3Dwms%26version%3D1.3.0%26request%3DGetCapabilities,Mullakaardi WMS teenus.
44388,"http://maaamet.ee/andmekogu/pinnas/mullastiku_kaart,ee.maaamet.so-mullakaart,70003098-mullakaart",http://kaart.maaamet.ee/wms/alus?,OGC:WMS,http%3A%2F%2Fkaart.maaamet.ee%2Fwms%2Falus%3Fservice%3DWMS%26version%3D1.3.0%26request%3DGetCapabilities,Maa- ja Ruumiameti aluskaardid.
44389,"http://maaamet.ee/andmekogu/pinnas/mullastiku_kaart,ee.maaamet.so-mullakaart,70003098-mullakaart",https://inspire.geoportaal.ee/geoserver/SO_pinnas/wms?,OGC:WMS,https%3A%2F%2Finspire.geoportaal.ee%2Fgeoserver%2FSO_pinnas%2Fwms%3Fservice%3DWMS%26version%3D1.3.0%26request%3DGetCapabilities,Andmed INSPIRE andmemudelil.
44390,"http://maaamet.ee/andmekogu/pinnas/mullastiku_kaart,ee.maaamet.so-mullakaart,70003098-mullakaart",https://inspire.geoportaal.ee/geoserver/SO_pinnas/wfs?,OGC:WFS-1.0.0-http-get-capabilities,https%3A%2F%2Finspire.geoportaal.ee%2Fgeoserver%2FSO_pinnas%2Fwfs%3Fservice%3DWFS%26version%3D2.0.0%26request%3DGetCapabilities,Andmed INSPIRE andmemudelil.
44402,https://www.dov.vlaanderen.be/dataset/c7970c8d-3eaa-42e4-8373-dbdf44f28d34,carbon_sd_1000,OGC:WMS-1.3.0-http-get-capabilities,https%3A%2F%2Fwww.dov.vlaanderen.be%2Fgeoserver%2Forganische_koolstof%2Fwms%3FSERVICE%3DWMS%26version%3D1.3.0%26request%3DGetCapabilities,WMS-capabilities Soil Organic Carbon Stock Maps for Belgium: standard deviation (1 km grid)
44404,https://www.dov.vlaanderen.be/dataset/c7970c8d-3eaa-42e4-8373-dbdf44f28d34,carbon_sd_1000,OGC:WMS-1.3.0-http-get-map,https%3A%2F%2Fwww.dov.vlaanderen.be%2Fgeoserver%2Forganische_koolstof%2Fwms%3FSERVICE%3DWMS%26version%3D1.3.0%26request%3DGetMap,WMS-map Soil Organic Carbon Stock Maps for Belgium: standard deviation (1 km grid)
44405,https://www.dov.vlaanderen.be/dataset/c7970c8d-3eaa-42e4-8373-dbdf44f28d34,carbon_sd_1000,OGC:WMS,https%3A%2F%2Fwww.dov.vlaanderen.be%2Fgeoserver%2Forganische_koolstof%2Fwms%3F,WMS-endpoint Soil Organic Carbon Stock Maps for Belgium: standard deviation (1 km grid)
44406,https://www.dov.vlaanderen.be/dataset/c7970c8d-3eaa-42e4-8373-dbdf44f28d34,organische_koolstof:carbon_sd_1000,OGC:WCS-2.0.1-http-get-capabilities,https%3A%2F%2Fwww.dov.vlaanderen.be%2Fgeoserver%2Forganische_koolstof%2Fwcs%3FSERVICE%3DWCS%26version%3D2.0.1%26request%3DGetCapabilities,WCS-capabilities Soil Organic Carbon Stock Maps for Belgium: standard deviation (1 km grid)
44407,https://www.dov.vlaanderen.be/dataset/c7970c8d-3eaa-42e4-8373-dbdf44f28d34,carbon_sd_1000,OGC:WCS-2.0.1-http-get-coverage,https%3A%2F%2Fwww.dov.vlaanderen.be%2Fgeoserver%2Forganische_koolstof%2Fwcs%3FSERVICE%3DWCS%26version%3D2.0.1%26request%3DGetCoverage,WCS-coverage Soil Organic Carbon Stock Maps for Belgium: standard deviation (1 km grid)
44408,https://www.dov.vlaanderen.be/dataset/c7970c8d-3eaa-42e4-8373-dbdf44f28d34,carbon_sd_1000,OGC:WCS,https%3A%2F%2Fwww.dov.vlaanderen.be%2Fgeoserver%2Forganische_koolstof%2Fwcs%3F,WCS-endpoint Soil Organic Carbon Stock Maps for Belgium: standard deviation (1 km grid)
44412,ba5a9e27-f218-4316-af98-b8e6b6e20416,observedsoilprofile:ObservedSoilProfile,OGC:WMS,https%3A%2F%2Fwww.dov.vlaanderen.be%2Fgeoserver-inspire%2Fobservedsoilprofile%2Fwms%3F,WMS-endpoint INSPIRE geharmoniseerd - Bodemlocaties
44413,ba5a9e27-f218-4316-af98-b8e6b6e20416,observedsoilprofile:ObservedSoilProfile,OGC:WMS-1.3.0-http-get-capabilities,https%3A%2F%2Fwww.dov.vlaanderen.be%2Fgeoserver-inspire%2Fobservedsoilprofile%2Fwms%3FSERVICE%3DWMS%26version%3D1.3.0%26request%3DGetCapabilities,WMS-capabilities INSPIRE geharmoniseerd - Bodemlocaties
44414,ba5a9e27-f218-4316-af98-b8e6b6e20416,observedsoilprofile:ObservedSoilProfile,OGC:WMS-1.3.0-http-get-map,https%3A%2F%2Fwww.dov.vlaanderen.be%2Fgeoserver-inspire%2Fobservedsoilprofile%2Fwms%3FSERVICE%3DWMS%26version%3D1.3.0%26request%3DGetMap,WMS-map INSPIRE geharmoniseerd - Bodemlocaties
44415,ba5a9e27-f218-4316-af98-b8e6b6e20416,observedsoilprofile:ObservedSoilProfile,OGC:WFS,https%3A%2F%2Fwww.dov.vlaanderen.be%2Fgeoserver-inspire%2Fobservedsoilprofile%2Fwfs%3F,WFS-endpoint INSPIRE geharmoniseerd - Bodemlocaties
44416,ba5a9e27-f218-4316-af98-b8e6b6e20416,observedsoilprofile:ObservedSoilProfile,OGC:WFS-2.0.0-http-get-capabilities,https%3A%2F%2Fwww.dov.vlaanderen.be%2Fgeoserver-inspire%2Fobservedsoilprofile%2Fwfs%3FSERVICE%3DWFS%26version%3D2.0.0%26request%3DGetCapabilities,WFS-capabilities INSPIRE geharmoniseerd - Bodemlocaties
44417,ba5a9e27-f218-4316-af98-b8e6b6e20416,observedsoilprofile:ObservedSoilProfile,OGC:WFS-2.0.0-http-get-feature,https%3A%2F%2Fwww.dov.vlaanderen.be%2Fgeoserver-inspire%2Fobservedsoilprofile%2Fwfs%3FSERVICE%3DWFS%26version%3D2.0.0%26request%3DGetFeature%26count%3D1%26typeName%3DObservedSoilProfile,WFS-feature INSPIRE geharmoniseerd - Bodemlocaties
44437,ESMAGRAMAWMSINESMOVMASA20110616000,NZ.HazardArea,OGC:WMS-1.1.1-http-get-map,https%3A%2F%2Fwms.mapama.gob.es%2Fsig%2FBiodiversidad%2FINESMovimientosMasa,Movimientos en masa
44447,https://registry.gdi-de.org/id/de.be.csw/d2e22e7a-9615-3c52-9822-fed256616d52,NULL,Darstellungsdienst - Forstliche Standorteinheiten (WMS),https%3A%2F%2Fgdi.berlin.de%2Fservices%2Fwms%2Fforststandort%3Frequest%3DGetCapabilities%26service%3DWMS,Darstellungsdienst - Forstliche Standorteinheiten (WMS)
44466,r_friuve:m3973-cc-i1477,NULL,Web Feature Service (WFS),https%3A%2F%2Fserviziogc.regione.fvg.it%2Fgeoserver%2FCAR_GEO%2Fwfs%3Frequest%3DGetCapabilities%26service%3Dwfs%26version%3D2.0.0,NULL
44467,r_friuve:m3973-cc-i1477,NULL,Web Map Service (WMS),https%3A%2F%2Fserviziogc.regione.fvg.it%2Fgeoserver%2FCAR_GEO%2Fwms%3Frequest%3DGetCapabilities%26service%3Dwms%26version%3D1.3.0,NULL
44478,r_lombar:7d0158d2-7129-4042-955a-05a7be20f5f1,NULL,WMS,https%3A%2F%2Fwww.cartografia.servizirl.it%2Fexpo%2Fservices%2Fgpt%2FGrado_suscettivita%2FMapServer%2FWMSServer%3F,NULL
44482,recordsb756dabe-a331-42cd-b45e-f61828ee4534,Model Grondwaterspiegeldiepte (WDM) WMS,OGC:WMS,https%3A%2F%2Fservice.pdok.nl%2Ftno%2Fbro-model-grondwaterspiegeldiepte%2Fwms%2Fv2_0%3Frequest%3DGetCapabilities%26service%3DWMS,BRO Grondwaterspiegeldieptemodel
44483,recordsb756dabe-a331-42cd-b45e-f61828ee4534,bodem:water_depth_model_observation,OGC:WFS,https%3A%2F%2Fmaps.bodemdata.nl%2Fgeoserver%2Fows%3Fservice%3DWFS%26version%3D1.1.0%26request%3DGetCapabilities%26service%3DWFS%26typeName%3Dbodem%3Awater_depth_model_observation%26srsName%3DEPSG%3A28992,BRO - Model Grondwaterspiegeldiepte (WDM) WFS - observaties
44484,recordsb756dabe-a331-42cd-b45e-f61828ee4534,BRO - Model Grondwaterspiegeldiepte (WDM) WCS,OGC:WCS,https%3A%2F%2Fmaps.bodemdata.nl%2Fgeoserver%2Fows%3Fservice%3DWCS%26request%3DGetCapabilities,BRO - Model Grondwaterspiegeldiepte (WDM) WCS Geotiffs
44487,https://registry.gdi-de.org/id/de.be.csw/94fb5a17-31a8-37fb-9318-91c6c8978a38,NULL,Downloaddienst - Nutzbare Feldkapazität der Böden des effektiven Wurzelraumes 2020 (Umweltatlas) (WFS),https%3A%2F%2Fgdi.berlin.de%2Fservices%2Fwfs%2Fua_boden_nfkwe_2020%3Frequest%3DGetCapabilities%26service%3DWFS,Downloaddienst - Nutzbare Feldkapazität der Böden des effektiven Wurzelraumes 2020 (Umweltatlas) (WFS)
44490,https://registry.gdi-de.org/id/de.be.csw/8f75afc0-1e01-338d-834b-092644a71ce2,NULL,Darstellungsdienst - Verdunstungspotenzial der Böden auf Grundlage der Bodeneigenschaften 2020 (Umweltatlas) (WMS),https%3A%2F%2Fgdi.berlin.de%2Fservices%2Fwms%2Fua_boden_vpot_2020%3Frequest%3DGetCapabilities%26service%3DWMS,Darstellungsdienst - Verdunstungspotenzial der Böden auf Grundlage der Bodeneigenschaften 2020 (Umweltatlas) (WMS)
44499,https://registry.gdi-de.org/id/de.be.csw/d53ce245-e556-3934-af43-46746b79ab15,NULL,Downloaddienst - Moore (Umweltatlas) (WFS),https%3A%2F%2Fgdi.berlin.de%2Fservices%2Fwfs%2Fua_moore%3Frequest%3DGetCapabilities%26service%3DWFS,Downloaddienst - Moore (Umweltatlas) (WFS)
44500,m_amte:299FN3:3094ea44-4c91-4ad3-f190-418d8a36634f,NULL,WMS,http%3A%2F%2Fwms.pcn.minambiente.it%2Fogc%3Fmap%3D%2Fms_ogc%2FWMS_v1.3%2FVettoriali%2FCarta_ecopedologica.map%26service%3Dwms%26request%3DgetCapabilities%26version%3D1.3.0,NULL
44501,m_amte:299FN3:3094ea44-4c91-4ad3-f190-418d8a36634f,NULL,WFS,http%3A%2F%2Fwms.pcn.minambiente.it%2Fogc%3Fmap%3D%2Fms_ogc%2Fwfs%2FCarta_ecopedologica.map%26service%3Dwfs%26request%3DgetCapabilities,NULL
44505,a4eeec18-1ab6-48f8-b394-ce0dfb9fa459,soilsite:SoilSite,OGC:WMS,https%3A%2F%2Fwww.dov.vlaanderen.be%2Fgeoserver-inspire%2Fsoilsite%2Fwms%3F,WMS-endpoint INSPIRE geharmoniseerd - Bodemsites
44506,a4eeec18-1ab6-48f8-b394-ce0dfb9fa459,soilsite:SoilSite,OGC:WMS-1.3.0-http-get-capabilities,https%3A%2F%2Fwww.dov.vlaanderen.be%2Fgeoserver-inspire%2Fsoilsite%2Fwms%3FSERVICE%3DWMS%26version%3D1.3.0%26request%3DGetCapabilities,WMS-capabilities INSPIRE geharmoniseerd - Bodemsites
44507,a4eeec18-1ab6-48f8-b394-ce0dfb9fa459,soilsite:SoilSite,OGC:WMS-1.3.0-http-get-map,https%3A%2F%2Fwww.dov.vlaanderen.be%2Fgeoserver-inspire%2Fsoilsite%2Fwms%3FSERVICE%3DWMS%26version%3D1.3.0%26request%3DGetMap,WMS-map INSPIRE geharmoniseerd - Bodemsites
44508,a4eeec18-1ab6-48f8-b394-ce0dfb9fa459,soilsite:SoilSite,OGC:WFS,https%3A%2F%2Fwww.dov.vlaanderen.be%2Fgeoserver-inspire%2Fsoilsite%2Fwfs%3F,WFS-endpoint INSPIRE geharmoniseerd - Bodemsites
44509,a4eeec18-1ab6-48f8-b394-ce0dfb9fa459,soilsite:SoilSite,OGC:WFS-2.0.0-http-get-capabilities,https%3A%2F%2Fwww.dov.vlaanderen.be%2Fgeoserver-inspire%2Fsoilsite%2Fwfs%3FSERVICE%3DWFS%26version%3D2.0.0%26request%3DGetCapabilities,WFS-capabilities INSPIRE geharmoniseerd - Bodemsites
44510,a4eeec18-1ab6-48f8-b394-ce0dfb9fa459,soilsite:SoilSite,OGC:WFS-2.0.0-http-get-feature,https%3A%2F%2Fwww.dov.vlaanderen.be%2Fgeoserver-inspire%2Fsoilsite%2Fwfs%3FSERVICE%3DWFS%26version%3D2.0.0%26request%3DGetFeature%26count%3D1%26typeName%3DSoilSite,WFS-feature INSPIRE geharmoniseerd - Bodemsites
44514,90042866-e202-4abc-ae6b-ba997e5195ce,physicalparameter:physicalParameter,OGC:WMS,https%3A%2F%2Fwww.dov.vlaanderen.be%2Fgeoserver-inspire%2Fphysicalparameter%2Fwms%3F,WMS-endpoint INSPIRE geharmoniseerd - Fysische parameter
44515,90042866-e202-4abc-ae6b-ba997e5195ce,physicalparameter:physicalParameter,OGC:WMS-1.3.0-http-get-capabilities,https%3A%2F%2Fwww.dov.vlaanderen.be%2Fgeoserver-inspire%2Fphysicalparameter%2Fwms%3FSERVICE%3DWMS%26version%3D1.3.0%26request%3DGetCapabilities,WMS-capabilities INSPIRE geharmoniseerd - Fysische parameter
44516,90042866-e202-4abc-ae6b-ba997e5195ce,physicalparameter:physicalParameter,OGC:WMS-1.3.0-http-get-map,https%3A%2F%2Fwww.dov.vlaanderen.be%2Fgeoserver-inspire%2Fphysicalparameter%2Fwms%3FSERVICE%3DWMS%26version%3D1.3.0%26request%3DGetMap,WMS-map INSPIRE geharmoniseerd - Fysische parameter
44517,90042866-e202-4abc-ae6b-ba997e5195ce,physicalparameter:physicalParameter,OGC:WFS,https%3A%2F%2Fwww.dov.vlaanderen.be%2Fgeoserver-inspire%2Fphysicalparameter%2Fwfs%3F,WFS-endpoint INSPIRE geharmoniseerd - Fysische parameter
44518,90042866-e202-4abc-ae6b-ba997e5195ce,physicalparameter:physicalParameter,OGC:WFS-2.0.0-http-get-capabilities,https%3A%2F%2Fwww.dov.vlaanderen.be%2Fgeoserver-inspire%2Fphysicalparameter%2Fwfs%3FSERVICE%3DWFS%26version%3D2.0.0%26request%3DGetCapabilities,WFS-capabilities INSPIRE geharmoniseerd - Fysische parameter
44519,90042866-e202-4abc-ae6b-ba997e5195ce,physicalparameter:physicalParameter,OGC:WFS-2.0.0-http-get-feature,https%3A%2F%2Fwww.dov.vlaanderen.be%2Fgeoserver-inspire%2Fphysicalparameter%2Fwfs%3FSERVICE%3DWFS%26version%3D2.0.0%26request%3DGetFeature%26count%3D1%26typeName%3DphysicalParameter,WFS-feature INSPIRE geharmoniseerd - Fysische parameter
44523,ea1720ce-77e9-418f-97f4-1b2dc25e491b,biologicalparameter:biologicalParameter,OGC:WMS,https%3A%2F%2Fwww.dov.vlaanderen.be%2Fgeoserver-inspire%2Fbiologicalparameter%2Fwms%3F,WMS-endpoint INSPIRE geharmoniseerd - Biologische parameter
44524,ea1720ce-77e9-418f-97f4-1b2dc25e491b,biologicalparameter:biologicalParameter,OGC:WMS-1.3.0-http-get-capabilities,https%3A%2F%2Fwww.dov.vlaanderen.be%2Fgeoserver-inspire%2Fbiologicalparameter%2Fwms%3FSERVICE%3DWMS%26version%3D1.3.0%26request%3DGetCapabilities,WMS-capabilities INSPIRE geharmoniseerd - Biologische parameter
44525,ea1720ce-77e9-418f-97f4-1b2dc25e491b,biologicalparameter:biologicalParameter,OGC:WMS-1.3.0-http-get-map,https%3A%2F%2Fwww.dov.vlaanderen.be%2Fgeoserver-inspire%2Fbiologicalparameter%2Fwms%3FSERVICE%3DWMS%26version%3D1.3.0%26request%3DGetMap,WMS-map INSPIRE geharmoniseerd - Biologische parameter
44526,ea1720ce-77e9-418f-97f4-1b2dc25e491b,biologicalparameter:biologicalParameter,OGC:WFS,https%3A%2F%2Fwww.dov.vlaanderen.be%2Fgeoserver-inspire%2Fbiologicalparameter%2Fwfs%3F,WFS-endpoint INSPIRE geharmoniseerd - Biologische parameter
44527,ea1720ce-77e9-418f-97f4-1b2dc25e491b,biologicalparameter:biologicalParameter,OGC:WFS-2.0.0-http-get-capabilities,https%3A%2F%2Fwww.dov.vlaanderen.be%2Fgeoserver-inspire%2Fbiologicalparameter%2Fwfs%3FSERVICE%3DWFS%26version%3D2.0.0%26request%3DGetCapabilities,WFS-capabilities INSPIRE geharmoniseerd - Biologische parameter
44528,ea1720ce-77e9-418f-97f4-1b2dc25e491b,biologicalparameter:biologicalParameter,OGC:WFS-2.0.0-http-get-feature,https%3A%2F%2Fwww.dov.vlaanderen.be%2Fgeoserver-inspire%2Fbiologicalparameter%2Fwfs%3FSERVICE%3DWFS%26version%3D2.0.0%26request%3DGetFeature%26count%3D1%26typeName%3DbiologicalParameter,WFS-feature INSPIRE geharmoniseerd - Biologische parameter
44542,r_lombar:d2b45068-22de-4ad3-8520-d1c2a5127f8f,NULL,WMS,https%3A%2F%2Fwww.cartografia.servizirl.it%2Farcgis1%2Fservices%2Fterritorio%2Fstudi_geologici_comunali_utm%2FMapServer%2FWMSServer%3F,NULL
44571,9da315bf-62fb-49eb-be6f-118b84426174,SolulAreal,OGC:WMS-1.1.1-http-get-capabilities,https%3A%2F%2Fsoluri.gov.md%2Fen%2Fdefault%2Fwms%2Fpublic,Solul areal
44633,https://registry.gdi-de.org/id/de.be.csw/a1a646e4-49f8-394a-b4ae-17199b1511fb,NULL,Darstellungsdienst - Wasserhaushalt 2022 - Versickerung aus Niederschlägen (Umweltatlas) (WMS),https%3A%2F%2Fgdi.berlin.de%2Fservices%2Fwms%2Fua_versickerung_2022%3Frequest%3DGetCapabilities%26service%3DWMS,Darstellungsdienst - Wasserhaushalt 2022 - Versickerung aus Niederschlägen (Umweltatlas) (WMS)
44634,https://registry.gdi-de.org/id/de.be.csw/a1a646e4-49f8-394a-b4ae-17199b1511fb,NULL,Downloaddienst - Wasserhaushalt 2022 - Versickerung aus Niederschlägen (Umweltatlas) (WFS),https%3A%2F%2Fgdi.berlin.de%2Fservices%2Fwfs%2Fua_versickerung_2022%3Frequest%3DGetCapabilities%26service%3DWFS,Downloaddienst - Wasserhaushalt 2022 - Versickerung aus Niederschlägen (Umweltatlas) (WFS)
44647,https://www.dov.vlaanderen.be/dataset/62667b12-ae06-4c3a-b744-debc4331d398,carbon_sd_40,OGC:WMS-1.3.0-http-get-capabilities,https%3A%2F%2Fwww.dov.vlaanderen.be%2Fgeoserver%2Forganische_koolstof%2Fwms%3FSERVICE%3DWMS%26version%3D1.3.0%26request%3DGetCapabilities,WMS-capabilities Soil Organic Carbon Stock Maps for Belgium: standard deviation (40 m grid)
44649,https://www.dov.vlaanderen.be/dataset/62667b12-ae06-4c3a-b744-debc4331d398,carbon_sd_40,OGC:WMS-1.3.0-http-get-map,https%3A%2F%2Fwww.dov.vlaanderen.be%2Fgeoserver%2Forganische_koolstof%2Fwms%3FSERVICE%3DWMS%26version%3D1.3.0%26request%3DGetMap,WMS-map Soil Organic Carbon Stock Maps for Belgium: standard deviation (40 m grid)
44650,https://www.dov.vlaanderen.be/dataset/62667b12-ae06-4c3a-b744-debc4331d398,carbon_sd_40,OGC:WMS,https%3A%2F%2Fwww.dov.vlaanderen.be%2Fgeoserver%2Forganische_koolstof%2Fwms%3F,WMS-endpoint Soil Organic Carbon Stock Maps for Belgium: standard deviation (40 m grid)
44651,https://www.dov.vlaanderen.be/dataset/62667b12-ae06-4c3a-b744-debc4331d398,organische_koolstof:carbon_sd_40,OGC:WCS-2.0.1-http-get-capabilities,https%3A%2F%2Fwww.dov.vlaanderen.be%2Fgeoserver%2Forganische_koolstof%2Fwcs%3FSERVICE%3DWCS%26version%3D2.0.1%26request%3DGetCapabilities,WCS-capabilities Soil Organic Carbon Stock Maps for Belgium: standard deviation (40 m grid)
44652,https://www.dov.vlaanderen.be/dataset/62667b12-ae06-4c3a-b744-debc4331d398,carbon_sd_40,OGC:WCS-2.0.1-http-get-coverage,https%3A%2F%2Fwww.dov.vlaanderen.be%2Fgeoserver%2Forganische_koolstof%2Fwcs%3FSERVICE%3DWCS%26version%3D2.0.1%26request%3DGetCoverage,WCS-coverage Soil Organic Carbon Stock Maps for Belgium: standard deviation (40 m grid)
44653,https://www.dov.vlaanderen.be/dataset/62667b12-ae06-4c3a-b744-debc4331d398,carbon_sd_40,OGC:WCS,https%3A%2F%2Fwww.dov.vlaanderen.be%2Fgeoserver%2Forganische_koolstof%2Fwcs%3F,WCS-endpoint Soil Organic Carbon Stock Maps for Belgium: standard deviation (40 m grid)
44655,r_liguri:D.2262.VS,NULL,Web Map Service (WMS),https%3A%2F%2Fgeoservizi.regione.liguria.it%2Fgeoserver%2FM2262%2Fwms%3Fversion%3D1.3.0%26request%3Dgetcapabilities,NULL
44666,r_toscan:57bfac79-54a7-438a-a49f-93695c0bf3ef,NULL,Web Map Service (WMS),https%3A%2F%2Fwww502.regione.toscana.it%2Fows2%2Fcom.rt.wms.RTmap%2Fwms%3Fmap%3Dowspedologia%26map_resolution%3D91%26,NULL
44738,r_friuve:m3971-cc-i1475,NULL,Web Map Service (WMS),https%3A%2F%2Fserviziogc.regione.fvg.it%2Fgeoserver%2FCAR_GEO%2Fwms%3Frequest%3DGetCapabilities%26service%3Dwms%26version%3D1.3.0,NULL
44739,r_friuve:m3971-cc-i1475,NULL,Web Feature Service (WFS),https%3A%2F%2Fserviziogc.regione.fvg.it%2Fgeoserver%2FCAR_GEO%2Fwfs%3Frequest%3DGetCapabilities%26service%3Dwfs%26version%3D2.0.0,NULL
44752,a2d52409-ca8b-448d-beec-396ccb5b4fa5,Capabilities van de MercatorNet Publieke WFS Download Service,wfs:WFS_Capabilities (WFS 2.0),https%3A%2F%2Fwww.mercator.vlaanderen.be%2Fraadpleegdienstenmercatorpubliek%2Fwfs%3Fservice%3DWFS%26version%3D2.0.0%26request%3DGetCapabilities,NULL
44766,https://data.inspire.gv.at/93df2c3a-dc9b-4372-9b9b-ad9cb5e18814,BIOSOIL Austria (SOIL),OGC:WMS,https%3A%2F%2Finspire.lfrz.gv.at%2F000602%2Fwms%3Fversion%3D1.3.0%26request%3DGetCapabilities,Soil horizon description
44770,https://data.inspire.gv.at/93df2c3a-dc9b-4372-9b9b-ad9cb5e18814,BIOSOIL Austria (SOIL) - WFS,OGC:WFS-http-get-capabilities,https%3A%2F%2Fgis.lfrz.gv.at%2Fapi%2Fgeodata%2Fi000602%2Fogc%2Ffeatures%2Fv1%2F,BIOSOIL Austria (SOIL) - WFS
44809,http://www.lgl-bw.de/8478fb9a-cbe6-11ea-8259-005056865142,INSPIRE-WFS BW Boden ALKIS,OGC:WFS-http-get-capabilities,https%3A%2F%2Fowsproxy.lgl-bw.de%2Fowsproxy%2Fwfs%2FWFS_INSP_BW_Boden_ALKIS%3Fversion%3D2.0.0,NULL
44826,https://registry.gdi-de.org/id/de.be.csw/60cb4c8a-bc9b-368b-972f-f7eca677f440,NULL,Downloaddienst - Nährstoffversorgung des Oberbodens (S-Wert) 2020 (Umweltatlas) (WFS),https%3A%2F%2Fgdi.berlin.de%2Fservices%2Fwfs%2Fua_boden_naehrstoff_2020%3Frequest%3DGetCapabilities%26service%3DWFS,Downloaddienst - Nährstoffversorgung des Oberbodens (S-Wert) 2020 (Umweltatlas) (WFS)
44935,cb369b77-de8a-4f3a-9c3d-e144a39c8877,NULL,OGC:WMS-1.3.0-http-get-capabilities,http%3A%2F%2Fgeodata.fvm.dk%2Fgeoserver%2FGB_MFO_og_groenne_krav%2Fwms%3F,NULL
44940,Arealanvendelse,NULL,OGC:WMS,http%3A%2F%2Fgeodata.fvm.dk%2Fgeoserver%2FGB_MFO_og_groenne_krav%2Fwms%3F,NULL
44941,Arealanvendelse,NULL,OGC:WFS,http%3A%2F%2Fgeodata.fvm.dk%2Fgeoserver%2FGB_MFO_og_groenne_krav%2Fwfs%3F,NULL
44955,p_bz:Soil,NULL,OGC:WMS,https%3A%2F%2Fgeoservices6.civis.bz.it%2Fgeoserver%2Fows%3Fservice%3DWMS%26version%3D1.3.0%26request%3DGetCapabilities,NULL
44970,ESMAGRAMAINESEOLICA20110616000,NZ.HazardArea,OGC:WMS-1.1.1-http-get-map,https%3A%2F%2Fwms.mapama.gob.es%2Fsig%2FBiodiversidad%2FINESErosionEolica,Erosión Eólica
44977,https://registry.gdi-de.org/id/de.be.csw/ec555d00-5ffc-3634-9e59-c9c051c69d15,NULL,Downloaddienst - Bodenkundliche Kartierungen - Übersicht (WFS),https%3A%2F%2Fgdi.berlin.de%2Fservices%2Fwfs%2Fbodenkundliche_kartierungen%3Frequest%3DGetCapabilities%26service%3DWFS,Downloaddienst - Bodenkundliche Kartierungen - Übersicht (WFS)
44991,"SO.SoilThemeCoverage.COT__TENEURS_2004_2014,04481ab6-e5ee-4742-a330-88649c17b2ce",INSPIRE - Sols en Wallonie (BE) - Service de visualisation WMS,OGC:WMS,https%3A%2F%2Fgeoservices.wallonie.be%2Fgeoserver%2Finspire_so%2Fows%3Fservice%3DWMS%26version%3D1.3.0%26request%3DGetCapabilities,NULL
44994,9abd0cb8-c4fe-401c-b60f-74d285c222fa,WFS,OGC:WFS,https%3A%2F%2Fwww.dov.vlaanderen.be%2Fgeoserver-inspire%2Fchemicalparameter%2Fwfs%3F,WFS INSPIRE geharmoniseerd - Chemische parameter - Databank Ondergrond Vlaanderen
44995,9abd0cb8-c4fe-401c-b60f-74d285c222fa,WFS,OGC:WFS-2.0.0-http-get-capabilities,https%3A%2F%2Fwww.dov.vlaanderen.be%2Fgeoserver-inspire%2Fchemicalparameter%2Fwfs%3Fservice%3DWFS%26version%3D2.0.0%26request%3DGetCapabilities,WFS INSPIRE geharmoniseerd - Chemische parameter - Databank Ondergrond Vlaanderen
44996,9abd0cb8-c4fe-401c-b60f-74d285c222fa,WFS,OGC:WFS-2.0.0-http-describefeaturetype,https%3A%2F%2Fwww.dov.vlaanderen.be%2Fgeoserver-inspire%2Fchemicalparameter%2Fwfs%3Fservice%3DWFS%26version%3D2.0.0%26request%3DDescribeFeatureType,WFS INSPIRE geharmoniseerd - Chemische parameter - Databank Ondergrond Vlaanderen
44997,9abd0cb8-c4fe-401c-b60f-74d285c222fa,WFS,OGC:WFS-2.0.0-http-get-feature,https%3A%2F%2Fwww.dov.vlaanderen.be%2Fgeoserver-inspire%2Fchemicalparameter%2Fwfs%3Fservice%3DWFS%26version%3D2.0.0%26request%3DGetFeature,WFS INSPIRE geharmoniseerd - Chemische parameter - Databank Ondergrond Vlaanderen
45003,b0203a76-ab90-4564-9789-9b7c21fb9c65,Agricultural Soil Map of Austria - Dominant parent material (PAR-MAT-DOM) - WFS,OGC:WFS-http-get-capabilities,https%3A%2F%2Fgis.lfrz.gv.at%2Fapi%2Fgeodata%2Fi000604%2Fogc%2Ffeatures%2Fv1%2F,Agricultural Soil Map of Austria - Dominant parent material (PAR-MAT-DOM) - WFS
45008,http://soluri.md/,SoilBody,OGC:WMS-1.1.1-http-get-map,http%3A%2F%2Fsoluri.md%2Fen%2Fdefault%2Fwms%2Fpublic,Soil Body
45015,r_lombar:2fd6a5d3-a0e6-4cf1-8155-8b42f19c5190,NULL,WMS,https%3A%2F%2Fwww.cartografia.servizirl.it%2Farcgis1%2Fservices%2Fterritorio%2Fpericolosita_sismica_locale%2FMapServer%2FWMSServer%3Frequest%3DGetCapabilities%26service%3DWMS,NULL
45021,r_friuve:m3964-cc-i1463,NULL,Web Map Service (WMS),https%3A%2F%2Fserviziogc.regione.fvg.it%2Fgeoserver%2FCAR_GEO%2Fwms%3Frequest%3DGetCapabilities%26service%3Dwms%26version%3D1.3.0,NULL
45022,r_friuve:m3964-cc-i1463,NULL,Web Feature Service (WFS),https%3A%2F%2Fserviziogc.regione.fvg.it%2Fgeoserver%2FCAR_GEO%2Fwfs%3Frequest%3DGetCapabilities%26service%3Dwfs%26version%3D2.0.0,NULL
45025,e9941118-761a-4636-a6aa-ba2662bfa510,apl:s0100_seismic_zones,OGC:WFS,https%3A%2F%2Fgislocal.md%2Fgeoserver%2Fapl%2Fwms,Zone Seismice mun. Chișinău
45036,https://registry.gdi-de.org/id/de.be.csw/8650ee3b-2d59-3175-a8d6-f7011ee88a50,NULL,Downloaddienst - Kriterien zur Bewertung der Bodenfunktionen 2020 (Umweltatlas) (WFS),https%3A%2F%2Fgdi.berlin.de%2Fservices%2Fwfs%2Fua_boden_3_2020%3Frequest%3DGetCapabilities%26service%3DWFS,Downloaddienst - Kriterien zur Bewertung der Bodenfunktionen 2020 (Umweltatlas) (WFS)
45038,https://registry.gdi-de.org/id/de.be.csw/3dc6aa29-d3c3-3f6c-bc77-fa16b109d64f,NULL,Darstellungsdienst - Bodengesellschaften 2020 (Umweltatlas) (WMS),https%3A%2F%2Fgdi.berlin.de%2Fservices%2Fwms%2Fua_bodengesellschaften_2020%3Frequest%3DGetCapabilities%26service%3DWMS,Darstellungsdienst - Bodengesellschaften 2020 (Umweltatlas) (WMS)
45058,3f507fd9-24c0-40ab-9328-29f0dff571fe,bodemlocaties,OGC:WFS,https%3A%2F%2Fwww.dov.vlaanderen.be%2Fgeoserver%2Fbodem%2Fwfs%3F,WFS-endpoint Bodemlocaties
45059,3f507fd9-24c0-40ab-9328-29f0dff571fe,bodem:bodemlocaties,OGC:WFS-2.0.0-http-get-capabilities,https%3A%2F%2Fwww.dov.vlaanderen.be%2Fgeoserver%2Fbodem%2Fwfs%3FSERVICE%3DWFS%26version%3D2.0.0%26request%3DGetCapabilities,WFS-capabilities Bodemlocaties
45060,3f507fd9-24c0-40ab-9328-29f0dff571fe,bodemlocaties,OGC:WMS-1.3.0-http-get-capabilities,https%3A%2F%2Fwww.dov.vlaanderen.be%2Fgeoserver%2Fbodem%2Fwms%3FSERVICE%3DWMS%26version%3D1.3.0%26request%3DGetCapabilities,WMS-capabilities Bodemlocaties
45062,3f507fd9-24c0-40ab-9328-29f0dff571fe,bodemlocaties,OGC:WMS-1.3.0-http-get-map,https%3A%2F%2Fwww.dov.vlaanderen.be%2Fgeoserver%2Fbodem%2Fwms%3FSERVICE%3DWMS%26version%3D1.3.0%26request%3DGetMap,WMS-map Bodemlocaties
45063,3f507fd9-24c0-40ab-9328-29f0dff571fe,bodemlocaties,OGC:WMS,https%3A%2F%2Fwww.dov.vlaanderen.be%2Fgeoserver%2Fbodem%2Fwms%3F,WMS-endpoint Bodemlocaties
45064,3f507fd9-24c0-40ab-9328-29f0dff571fe,bodemlocaties,OGC:WFS-2.0.0-http-get-feature,https%3A%2F%2Fwww.dov.vlaanderen.be%2Fgeoserver%2Fbodem%2Fwfs%3FSERVICE%3DWFS%26version%3D2.0.0%26request%3DGetFeature%26count%3D1%26typeName%3Dbodemlocaties,WFS-feature Bodemlocaties
45218,ch.bazl.kataster-belasteter-standorte-zivilflugplaetze,ch.bazl.kataster-belasteter-standorte-zivilflugplaetze,OGC:WMS,https%3A%2F%2Fwms.geo.admin.ch%2F%3FSERVICE%3DWMS%26VERSION%3D1.3.0%26REQUEST%3DGetCapabilities%26lang%3Dde,Link zum WMS
45553,64e8a11d-5602-4ad5-b370-e4d396fe218f,wrb_250000,OGC:WFS,https%3A%2F%2Fwww.dov.vlaanderen.be%2Fgeoserver%2Fbodemkaart_afgeleid%2Fwfs%3F,WFS-endpoint WRB Reference Soil Groups 250k: Bodemkaart van het Vlaamse Gewest volgens het internationale bodemclassificatiesysteem World Reference Base op schaal 1:250.000
45554,64e8a11d-5602-4ad5-b370-e4d396fe218f,bodemkaart_afgeleid:wrb_250000,OGC:WFS-2.0.0-http-get-capabilities,https%3A%2F%2Fwww.dov.vlaanderen.be%2Fgeoserver%2Fbodemkaart_afgeleid%2Fwfs%3FSERVICE%3DWFS%26version%3D2.0.0%26request%3DGetCapabilities,WFS-capabilities WRB Reference Soil Groups 250k: Bodemkaart van het Vlaamse Gewest volgens het internationale bodemclassificatiesysteem World Reference Base op schaal 1:250.000
45555,64e8a11d-5602-4ad5-b370-e4d396fe218f,wrb_250000,OGC:WMS-1.3.0-http-get-capabilities,https%3A%2F%2Fwww.dov.vlaanderen.be%2Fgeoserver%2Fbodemkaart_afgeleid%2Fwms%3FSERVICE%3DWMS%26version%3D1.3.0%26request%3DGetCapabilities,WMS-capabilities WRB Reference Soil Groups 250k: Bodemkaart van het Vlaamse Gewest volgens het internationale bodemclassificatiesysteem World Reference Base op schaal 1:250.000
45557,64e8a11d-5602-4ad5-b370-e4d396fe218f,wrb_250000,OGC:WMS-1.3.0-http-get-map,https%3A%2F%2Fwww.dov.vlaanderen.be%2Fgeoserver%2Fbodemkaart_afgeleid%2Fwms%3FSERVICE%3DWMS%26version%3D1.3.0%26request%3DGetMap,WMS-map WRB Reference Soil Groups 250k: Bodemkaart van het Vlaamse Gewest volgens het internationale bodemclassificatiesysteem World Reference Base op schaal 1:250.000
45558,64e8a11d-5602-4ad5-b370-e4d396fe218f,wrb_250000,OGC:WMS,https%3A%2F%2Fwww.dov.vlaanderen.be%2Fgeoserver%2Fbodemkaart_afgeleid%2Fwms%3F,WMS-endpoint WRB Reference Soil Groups 250k: Bodemkaart van het Vlaamse Gewest volgens het internationale bodemclassificatiesysteem World Reference Base op schaal 1:250.000
45559,64e8a11d-5602-4ad5-b370-e4d396fe218f,wrb_250000,OGC:WFS-2.0.0-http-get-feature,https%3A%2F%2Fwww.dov.vlaanderen.be%2Fgeoserver%2Fbodemkaart_afgeleid%2Fwfs%3FSERVICE%3DWFS%26version%3D2.0.0%26request%3DGetFeature%26count%3D1%26typeName%3Dwrb_250000,WFS-feature WRB Reference Soil Groups 250k: Bodemkaart van het Vlaamse Gewest volgens het internationale bodemclassificatiesysteem World Reference Base op schaal 1:250.000
45608,https://registry.gdi-de.org/id/de.be.csw/00f7d37e-35f9-3e58-a63a-cdd789e64170,NULL,Darstellungsdienst - Boden im INSPIRE-Datenmodell (Bodenkundliche Kartierungen) (WMS),https%3A%2F%2Fgdi.berlin.de%2Fservices%2Fwms%2Fso_boka%3Frequest%3DGetCapabilities%26service%3DWMS,Darstellungsdienst - Boden im INSPIRE-Datenmodell (Bodenkundliche Kartierungen) (WMS)
47130,298d34a4-d459-4fc8-a9be-e8e26cd9b354,so_potbdmerosiepp_2020,OGC:WFS,https%3A%2F%2Fwww.dov.vlaanderen.be%2Fgeoserver%2Ferosie%2Fwfs%3F,WFS-endpoint Potentiële bodemerosiekaart per perceel (2020)
47214,a1547a01-b9fc-40fa-a2eb-009a39c02c7b,bodemtypes,OGC:WMS,https%3A%2F%2Fwww.dov.vlaanderen.be%2Fgeoserver%2Fbodemkaart%2Fwms%3F,WMS-endpoint Digitale bodemkaart van het Vlaams Gewest: bodemtypes
47131,298d34a4-d459-4fc8-a9be-e8e26cd9b354,erosie:so_potbdmerosiepp_2020,OGC:WFS-2.0.0-http-get-capabilities,https%3A%2F%2Fwww.dov.vlaanderen.be%2Fgeoserver%2Ferosie%2Fwfs%3FSERVICE%3DWFS%26version%3D2.0.0%26request%3DGetCapabilities,WFS-capabilities Potentiële bodemerosiekaart per perceel (2020)
47132,298d34a4-d459-4fc8-a9be-e8e26cd9b354,so_potbdmerosiepp_2020,OGC:WMS-1.3.0-http-get-capabilities,https%3A%2F%2Fwww.dov.vlaanderen.be%2Fgeoserver%2Ferosie%2Fwms%3FSERVICE%3DWMS%26version%3D1.3.0%26request%3DGetCapabilities,WMS-capabilities Potentiële bodemerosiekaart per perceel (2020)
47134,298d34a4-d459-4fc8-a9be-e8e26cd9b354,so_potbdmerosiepp_2020,OGC:WMS-1.3.0-http-get-map,https%3A%2F%2Fwww.dov.vlaanderen.be%2Fgeoserver%2Ferosie%2Fwms%3FSERVICE%3DWMS%26version%3D1.3.0%26request%3DGetMap,WMS-map Potentiële bodemerosiekaart per perceel (2020)
47135,298d34a4-d459-4fc8-a9be-e8e26cd9b354,so_potbdmerosiepp_2020,OGC:WMS,https%3A%2F%2Fwww.dov.vlaanderen.be%2Fgeoserver%2Ferosie%2Fwms%3F,WMS-endpoint Potentiële bodemerosiekaart per perceel (2020)
47136,298d34a4-d459-4fc8-a9be-e8e26cd9b354,so_potbdmerosiepp_2020,OGC:WFS-2.0.0-http-get-feature,https%3A%2F%2Fwww.dov.vlaanderen.be%2Fgeoserver%2Ferosie%2Fwfs%3FSERVICE%3DWFS%26version%3D2.0.0%26request%3DGetFeature%26count%3D1%26typeName%3Dso_potbdmerosiepp_2020,WFS-feature Potentiële bodemerosiekaart per perceel (2020)
47140,5e1146a5-4f72-4e93-a71d-8297d3dfec6c,grndversch_gekarteerd,OGC:WFS,https%3A%2F%2Fwww.dov.vlaanderen.be%2Fgeoserver%2Fgrondverschuivingen%2Fwfs%3F,WFS-endpoint Gekarteerde grondverschuivingen
47141,5e1146a5-4f72-4e93-a71d-8297d3dfec6c,grondverschuivingen:grndversch_gekarteerd,OGC:WFS-2.0.0-http-get-capabilities,https%3A%2F%2Fwww.dov.vlaanderen.be%2Fgeoserver%2Fgrondverschuivingen%2Fwfs%3FSERVICE%3DWFS%26version%3D2.0.0%26request%3DGetCapabilities,WFS-capabilities Gekarteerde grondverschuivingen
47142,5e1146a5-4f72-4e93-a71d-8297d3dfec6c,grndversch_gekarteerd,OGC:WMS-1.3.0-http-get-capabilities,https%3A%2F%2Fwww.dov.vlaanderen.be%2Fgeoserver%2Fgrondverschuivingen%2Fwms%3FSERVICE%3DWMS%26version%3D1.3.0%26request%3DGetCapabilities,WMS-capabilities Gekarteerde grondverschuivingen
47144,5e1146a5-4f72-4e93-a71d-8297d3dfec6c,grndversch_gekarteerd,OGC:WMS-1.3.0-http-get-map,https%3A%2F%2Fwww.dov.vlaanderen.be%2Fgeoserver%2Fgrondverschuivingen%2Fwms%3FSERVICE%3DWMS%26version%3D1.3.0%26request%3DGetMap,WMS-map Gekarteerde grondverschuivingen
47145,5e1146a5-4f72-4e93-a71d-8297d3dfec6c,grndversch_gekarteerd,OGC:WMS,https%3A%2F%2Fwww.dov.vlaanderen.be%2Fgeoserver%2Fgrondverschuivingen%2Fwms%3F,WMS-endpoint Gekarteerde grondverschuivingen
47146,5e1146a5-4f72-4e93-a71d-8297d3dfec6c,grndversch_gekarteerd,OGC:WFS-2.0.0-http-get-feature,https%3A%2F%2Fwww.dov.vlaanderen.be%2Fgeoserver%2Fgrondverschuivingen%2Fwfs%3FSERVICE%3DWFS%26version%3D2.0.0%26request%3DGetFeature%26count%3D1%26typeName%3Dgrndversch_gekarteerd,WFS-feature Gekarteerde grondverschuivingen
47164,2035e01e-eef5-4806-948c-df7b966169a1,grndversch_gevoeligh,OGC:WFS,https%3A%2F%2Fwww.dov.vlaanderen.be%2Fgeoserver%2Fgrondverschuivingen%2Fwfs%3F,WFS-endpoint Gevoeligheid voor grondverschuivingen
47165,2035e01e-eef5-4806-948c-df7b966169a1,grondverschuivingen:grndversch_gevoeligh,OGC:WFS-2.0.0-http-get-capabilities,https%3A%2F%2Fwww.dov.vlaanderen.be%2Fgeoserver%2Fgrondverschuivingen%2Fwfs%3FSERVICE%3DWFS%26version%3D2.0.0%26request%3DGetCapabilities,WFS-capabilities Gevoeligheid voor grondverschuivingen
47166,2035e01e-eef5-4806-948c-df7b966169a1,grndversch_gevoeligh,OGC:WMS-1.3.0-http-get-capabilities,https%3A%2F%2Fwww.dov.vlaanderen.be%2Fgeoserver%2Fgrondverschuivingen%2Fwms%3FSERVICE%3DWMS%26version%3D1.3.0%26request%3DGetCapabilities,WMS-capabilities Gevoeligheid voor grondverschuivingen
47168,2035e01e-eef5-4806-948c-df7b966169a1,grndversch_gevoeligh,OGC:WMS-1.3.0-http-get-map,https%3A%2F%2Fwww.dov.vlaanderen.be%2Fgeoserver%2Fgrondverschuivingen%2Fwms%3FSERVICE%3DWMS%26version%3D1.3.0%26request%3DGetMap,WMS-map Gevoeligheid voor grondverschuivingen
47169,2035e01e-eef5-4806-948c-df7b966169a1,grndversch_gevoeligh,OGC:WMS,https%3A%2F%2Fwww.dov.vlaanderen.be%2Fgeoserver%2Fgrondverschuivingen%2Fwms%3F,WMS-endpoint Gevoeligheid voor grondverschuivingen
47170,2035e01e-eef5-4806-948c-df7b966169a1,grndversch_gevoeligh,OGC:WFS-2.0.0-http-get-feature,https%3A%2F%2Fwww.dov.vlaanderen.be%2Fgeoserver%2Fgrondverschuivingen%2Fwfs%3FSERVICE%3DWFS%26version%3D2.0.0%26request%3DGetFeature%26count%3D1%26typeName%3Dgrndversch_gevoeligh,WFS-feature Gevoeligheid voor grondverschuivingen
47183,"Chartin C., Kruger I., Van Wesemael B., Carnol M., (2017) Carbiosol, Carbone organique, biomasse et activité microbienne des sols ,vers un indicateur de la qualité des sols en Wallonie-Rapport final, 111 pages",1,OGC:WMS,https%3A%2F%2Fgeoservices.wallonie.be%2Farcgis%2Fservices%2FSOL_SOUS_SOL%2FCARBIOSOL%2FMapServer%2FWMSServer%3Frequest%3DGetCapabilities%26service%3DWMS,NULL
47192,bf8c35ad-ab45-4084-b1e1-3042c66204aa,carbon_40,OGC:WMS-1.3.0-http-get-capabilities,https%3A%2F%2Fwww.dov.vlaanderen.be%2Fgeoserver%2Forganische_koolstof%2Fwms%3FSERVICE%3DWMS%26version%3D1.3.0%26request%3DGetCapabilities,WMS-capabilities Soil Organic Carbon Stock Maps for Belgium: mean (40 m grid)
47194,bf8c35ad-ab45-4084-b1e1-3042c66204aa,carbon_40,OGC:WMS-1.3.0-http-get-map,https%3A%2F%2Fwww.dov.vlaanderen.be%2Fgeoserver%2Forganische_koolstof%2Fwms%3FSERVICE%3DWMS%26version%3D1.3.0%26request%3DGetMap,WMS-map Soil Organic Carbon Stock Maps for Belgium: mean (40 m grid)
47195,bf8c35ad-ab45-4084-b1e1-3042c66204aa,carbon_40,OGC:WMS,https%3A%2F%2Fwww.dov.vlaanderen.be%2Fgeoserver%2Forganische_koolstof%2Fwms%3F,WMS-endpoint Soil Organic Carbon Stock Maps for Belgium: mean (40 m grid)
47196,bf8c35ad-ab45-4084-b1e1-3042c66204aa,organische_koolstof:carbon_40,OGC:WCS-1.1.1-http-get-capabilities,https%3A%2F%2Fwww.dov.vlaanderen.be%2Fgeoserver%2Forganische_koolstof%2Fwcs%3FSERVICE%3DWCS%26version%3D1.1.1%26request%3DGetCapabilities,WCS-capabilities Soil Organic Carbon Stock Maps for Belgium: mean (40 m grid)
47197,bf8c35ad-ab45-4084-b1e1-3042c66204aa,carbon_40,OGC:WCS-1.1.1-http-get-coverage,https%3A%2F%2Fwww.dov.vlaanderen.be%2Fgeoserver%2Forganische_koolstof%2Fwcs%3FSERVICE%3DWCS%26version%3D1.1.1%26request%3DGetCoverage,WCS-coverage Soil Organic Carbon Stock Maps for Belgium: mean (40 m grid)
47198,bf8c35ad-ab45-4084-b1e1-3042c66204aa,carbon_40,OGC:WCS,https%3A%2F%2Fwww.dov.vlaanderen.be%2Fgeoserver%2Forganische_koolstof%2Fwcs%3F,WCS-endpoint Soil Organic Carbon Stock Maps for Belgium: mean (40 m grid)
47208,a1547a01-b9fc-40fa-a2eb-009a39c02c7b,bodemtypes,OGC:WFS,https%3A%2F%2Fwww.dov.vlaanderen.be%2Fgeoserver%2Fbodemkaart%2Fwfs%3F,WFS-endpoint Digitale bodemkaart van het Vlaams Gewest: bodemtypes
47210,a1547a01-b9fc-40fa-a2eb-009a39c02c7b,bodemkaart:bodemtypes,OGC:WFS-2.0.0-http-get-capabilities,https%3A%2F%2Fwww.dov.vlaanderen.be%2Fgeoserver%2Fbodemkaart%2Fwfs%3FSERVICE%3DWFS%26version%3D2.0.0%26request%3DGetCapabilities,WFS-capabilities Digitale bodemkaart van het Vlaams Gewest: bodemtypes
47211,a1547a01-b9fc-40fa-a2eb-009a39c02c7b,bodemtypes,OGC:WMS-1.3.0-http-get-capabilities,https%3A%2F%2Fwww.dov.vlaanderen.be%2Fgeoserver%2Fbodemkaart%2Fwms%3FSERVICE%3DWMS%26version%3D1.3.0%26request%3DGetCapabilities,WMS-capabilities Digitale bodemkaart van het Vlaams Gewest: bodemtypes
47213,a1547a01-b9fc-40fa-a2eb-009a39c02c7b,bodemtypes,OGC:WMS-1.3.0-http-get-map,https%3A%2F%2Fwww.dov.vlaanderen.be%2Fgeoserver%2Fbodemkaart%2Fwms%3FSERVICE%3DWMS%26version%3D1.3.0%26request%3DGetMap,WMS-map Digitale bodemkaart van het Vlaams Gewest: bodemtypes
47216,a1547a01-b9fc-40fa-a2eb-009a39c02c7b,bodemtypes,OGC:WFS-2.0.0-http-get-feature,https%3A%2F%2Fwww.dov.vlaanderen.be%2Fgeoserver%2Fbodemkaart%2Fwfs%3FSERVICE%3DWFS%26version%3D2.0.0%26request%3DGetFeature%26count%3D1%26typeName%3Dbodemtypes,WFS-feature Digitale bodemkaart van het Vlaams Gewest: bodemtypes
47234,692a9efb-8509-4a6f-a3be-6887f969867d,erosiebestrijding_gemeente,OGC:WFS,https%3A%2F%2Fwww.dov.vlaanderen.be%2Fgeoserver%2Ferosie%2Fwfs%3F,WFS-endpoint Kleinschalige erosiebestrijdingswerken
47235,692a9efb-8509-4a6f-a3be-6887f969867d,erosie:erosiebestrijding_gemeente,OGC:WFS-2.0.0-http-get-capabilities,https%3A%2F%2Fwww.dov.vlaanderen.be%2Fgeoserver%2Ferosie%2Fwfs%3FSERVICE%3DWFS%26version%3D2.0.0%26request%3DGetCapabilities,WFS-capabilities Kleinschalige erosiebestrijdingswerken
47236,692a9efb-8509-4a6f-a3be-6887f969867d,erosiebestrijding_gemeente,OGC:WMS-1.3.0-http-get-capabilities,https%3A%2F%2Fwww.dov.vlaanderen.be%2Fgeoserver%2Ferosie%2Fwms%3FSERVICE%3DWMS%26version%3D1.3.0%26request%3DGetCapabilities,WMS-capabilities Kleinschalige erosiebestrijdingswerken
47238,692a9efb-8509-4a6f-a3be-6887f969867d,erosiebestrijding_gemeente,OGC:WMS-1.3.0-http-get-map,https%3A%2F%2Fwww.dov.vlaanderen.be%2Fgeoserver%2Ferosie%2Fwms%3FSERVICE%3DWMS%26version%3D1.3.0%26request%3DGetMap,WMS-map Kleinschalige erosiebestrijdingswerken
47239,692a9efb-8509-4a6f-a3be-6887f969867d,erosiebestrijding_gemeente,OGC:WMS,https%3A%2F%2Fwww.dov.vlaanderen.be%2Fgeoserver%2Ferosie%2Fwms%3F,WMS-endpoint Kleinschalige erosiebestrijdingswerken
47240,692a9efb-8509-4a6f-a3be-6887f969867d,erosiebestrijding_gemeente,OGC:WFS-2.0.0-http-get-feature,https%3A%2F%2Fwww.dov.vlaanderen.be%2Fgeoserver%2Ferosie%2Fwfs%3FSERVICE%3DWFS%26version%3D2.0.0%26request%3DGetFeature%26count%3D1%26typeName%3Derosiebestrijding_gemeente,WFS-feature Kleinschalige erosiebestrijdingswerken
47301,https://rpi.gov.sk/metadata/84fd1bec-4108-4ec3-a16f-8b1f1675afaf,WMS link,WMS,https%3A%2F%2Fwww.nlcsk.org%2Fmgs%2Fservices%2FMPRV%2FLU_LPIS%2FMapServer%2FWMSServer%3Fversion%3D1.3.0%26service%3DWMS%26request%3DGetCapabilities,NULL
47302,https://rpi.gov.sk/metadata/84fd1bec-4108-4ec3-a16f-8b1f1675afaf,WFS link,WFS,https%3A%2F%2Fwww.nlcsk.org%2Fmgs%2Fservices%2FMPRV%2FLU_LPIS%2FMapServer%2FWFSServer%3Fservice%3DWFS%26AcceptVersions%3D2.0.0%26request%3DGetCapabilities,NULL
47322,http://www.podnemapy.sk/portal/verejnost/bpej/bpej.aspx,WMS,WMS,https%3A%2F%2Fwww.nlcsk.org%2Farcgis%2Fservices%2FMPRV%2FSO_BPEJ%2FMapServer%2FWMSServer%3Fversion%3D1.3.0%26service%3DWMS%26request%3DGetCapabilities,NULL
47323,http://www.podnemapy.sk/portal/verejnost/bpej/bpej.aspx,WFS,WFS,https%3A%2F%2Fwww.nlcsk.org%2Farcgis%2Fservices%2FMPRV%2FSO_BPEJ%2FMapServer%2FWFSServer%3Fservice%3DWFS%26AcceptVersions%3D2.0.0%26request%3DGetCapabilities,NULL
47572,5c129f2d-4498-4bc3-8860-01cb2d513f8f,bodemtypes,OGC:WFS,https%3A%2F%2Fwww.dov.vlaanderen.be%2Fgeoserver%2Fbodemkaart%2Fwfs%3F,WFS-endpoint Digitale bodemkaart van het Vlaams Gewest: bodemtypes
47574,5c129f2d-4498-4bc3-8860-01cb2d513f8f,bodemkaart:bodemtypes,OGC:WFS-2.0.0-http-get-capabilities,https%3A%2F%2Fwww.dov.vlaanderen.be%2Fgeoserver%2Fbodemkaart%2Fwfs%3FSERVICE%3DWFS%26version%3D2.0.0%26request%3DGetCapabilities,WFS-capabilities Digitale bodemkaart van het Vlaams Gewest: bodemtypes
47575,5c129f2d-4498-4bc3-8860-01cb2d513f8f,bodemtypes,OGC:WMS-1.3.0-http-get-capabilities,https%3A%2F%2Fwww.dov.vlaanderen.be%2Fgeoserver%2Fbodemkaart%2Fwms%3FSERVICE%3DWMS%26version%3D1.3.0%26request%3DGetCapabilities,WMS-capabilities Digitale bodemkaart van het Vlaams Gewest: bodemtypes
47577,5c129f2d-4498-4bc3-8860-01cb2d513f8f,bodemtypes,OGC:WMS-1.3.0-http-get-map,https%3A%2F%2Fwww.dov.vlaanderen.be%2Fgeoserver%2Fbodemkaart%2Fwms%3FSERVICE%3DWMS%26version%3D1.3.0%26request%3DGetMap,WMS-map Digitale bodemkaart van het Vlaams Gewest: bodemtypes
47578,5c129f2d-4498-4bc3-8860-01cb2d513f8f,bodemtypes,OGC:WMS,https%3A%2F%2Fwww.dov.vlaanderen.be%2Fgeoserver%2Fbodemkaart%2Fwms%3F,WMS-endpoint Digitale bodemkaart van het Vlaams Gewest: bodemtypes
47580,5c129f2d-4498-4bc3-8860-01cb2d513f8f,bodemtypes,OGC:WFS-2.0.0-http-get-feature,https%3A%2F%2Fwww.dov.vlaanderen.be%2Fgeoserver%2Fbodemkaart%2Fwfs%3FSERVICE%3DWFS%26version%3D2.0.0%26request%3DGetFeature%26count%3D1%26typeName%3Dbodemtypes,WFS-feature Digitale bodemkaart van het Vlaams Gewest: bodemtypes
47583,5c129f2d-4498-4bc3-8860-01cb2d513f8f,bodemtypes,ogc:wms,https%3A%2F%2Fwww.dov.vlaanderen.be%2Fgeoserver%2Fbodemkaart%2Fwms%3Flayers%3Dbodemtypes,"https://www.dov.vlaanderen.be/page/bodemkaarten
Digitale vectoriële dataset van de analoge Bodemkaart van België voor het grondgebied van Vlaanderen.
Alle kaartelementen van de analoge kaarten (gepubliceerd op kaartschaal 1: 20 000) zijn zorgvuldig manueel gedigitaliseerd en voorzien van een code, overeenkomstig het gebruikte classificatiesysteem: morfogenetisch voor binnen-Vlaanderen (substraat, textuurklasse, drainageklasse, profielontwikkelingsgroep, fase en variante) en geomorfologisch voor de Kuststreek (substraat, serie, subserie, type, subtype en variante).
De digitale versie van de bodemkaart is vrijwel systematisch gecontroleerd t.o.v. de analoge bodemkaarten. De polygonen werden ingekleurd zoals op de analoge bodemkaart. Waar beschikbaar zijn voor elk bodemtype de algemene kenmerken  (Van Ranst E. en Sys C., 2000) en foto's van een representatief bodemprofiel en representatieve omgevingen weergegeven. Tenslotte bestaat voor elke polygoon de mogelijkheid om de scan van het analoge bodemkaartblad, het toelichtingsboekje en de basiskaarten op schaal 1:5000 op te roepen.
Deze dataset is omwille van de visualisatie onderverdeeld in 5 kaartlagen bij publicatie in de bodemverkenner: bodemtypes, substraten, fasen, varianten van het moedermateriaal en de profielontwikkeling. De kaartlaag met de bodemtypes bevat ook al de attributen van de andere kaartlagen. De bodemkaart werd in juni 2017 geupdate met enkele militaire domeinen en een unibodemtype voor de classficatie van de zeepolders en verschillende fouten werden verbeterd."
47584,5c129f2d-4498-4bc3-8860-01cb2d513f8f,WFS,ogc:wfs,https%3A%2F%2Fwww.dov.vlaanderen.be%2Fgeoserver%2Fwfs%3F,NULL
47631,30e01cb0-3f8a-4a48-b72e-444b4a6fd531,so_potbdmerosiepp_2018,OGC:WFS,https%3A%2F%2Fwww.dov.vlaanderen.be%2Fgeoserver%2Ferosie%2Fwfs%3F,WFS-endpoint Potentiële bodemerosiekaart per perceel (2018)
47632,30e01cb0-3f8a-4a48-b72e-444b4a6fd531,erosie:so_potbdmerosiepp_2018,OGC:WFS-2.0.0-http-get-capabilities,https%3A%2F%2Fwww.dov.vlaanderen.be%2Fgeoserver%2Ferosie%2Fwfs%3FSERVICE%3DWFS%26version%3D2.0.0%26request%3DGetCapabilities,WFS-capabilities Potentiële bodemerosiekaart per perceel (2018)
47633,30e01cb0-3f8a-4a48-b72e-444b4a6fd531,so_potbdmerosiepp_2018,OGC:WMS-1.3.0-http-get-capabilities,https%3A%2F%2Fwww.dov.vlaanderen.be%2Fgeoserver%2Ferosie%2Fwms%3FSERVICE%3DWMS%26version%3D1.3.0%26request%3DGetCapabilities,WMS-capabilities Potentiële bodemerosiekaart per perceel (2018)
47635,30e01cb0-3f8a-4a48-b72e-444b4a6fd531,so_potbdmerosiepp_2018,OGC:WMS-1.3.0-http-get-map,https%3A%2F%2Fwww.dov.vlaanderen.be%2Fgeoserver%2Ferosie%2Fwms%3FSERVICE%3DWMS%26version%3D1.3.0%26request%3DGetMap,WMS-map Potentiële bodemerosiekaart per perceel (2018)
47636,30e01cb0-3f8a-4a48-b72e-444b4a6fd531,so_potbdmerosiepp_2018,OGC:WMS,https%3A%2F%2Fwww.dov.vlaanderen.be%2Fgeoserver%2Ferosie%2Fwms%3F,WMS-endpoint Potentiële bodemerosiekaart per perceel (2018)
47637,30e01cb0-3f8a-4a48-b72e-444b4a6fd531,so_potbdmerosiepp_2018,OGC:WFS-2.0.0-http-get-feature,https%3A%2F%2Fwww.dov.vlaanderen.be%2Fgeoserver%2Ferosie%2Fwfs%3FSERVICE%3DWFS%26version%3D2.0.0%26request%3DGetFeature%26count%3D1%26typeName%3Dso_potbdmerosiepp_2018,WFS-feature Potentiële bodemerosiekaart per perceel (2018)
47639,30e01cb0-3f8a-4a48-b72e-444b4a6fd531,so_potbdmerosiepp_2018,ogc:wms,https%3A%2F%2Fwww.dov.vlaanderen.be%2Fgeoserver%2Ferosie%2Fwms%3Flayers%3Dso_potbdmerosiepp_2018,"De potentiële bodemerosiekaart per perceel (2018) geeft aan de hand van een klasse-indeling de totale potentiële erosie van een bepaald landbouwperceel weer. De totale potentiële erosie houdt geen rekening met het huidige landgebruik (grasland of akkerland). In het veld ‘Erosiegevoeligheid verzamelaanvraag’ staat de informatie die overeenkomt met de erosiegevoeligheid op de verzamelaanvraag 2018. De goedgekeurde bezwaren werden zowel in het veld 'Erosiegevoeligheid verzamelaanvraag' als in het veld 'Totale erosie' verwerkt. De goedgekeurde aanvragen van de verlaging van de erosiegevoeligheidsklasse op basis van een hoog koolstofgehalte werden in het veld 'Erosiegevoeligheid verzamelaanvraag' verwerkt met aanduiding van ‘/ C’ achter de erosiegevoeligheid, maar het veld 'Totale erosie' behield zijn oorspronkelijke waarde voor deze percelen.
Erosie door water is een proces waarbij bodemdeeltjes door de impact van regendruppels en afstromend water worden losgemaakt en getransporteerd, hetzij laagsgewijs over een grote oppervlakte, hetzij geconcentreerd in geulen en ravijnen. Dit leidt o.m. tot een afname van de bodemkwaliteit en -productiviteit, maar ook tot belangrijke schade door modderoverlast in stroomafwaarts gelegen (woon)gebieden. Bodemerosie is een van de belangrijkste vormen van bodemaantasting in Vlaanderen. 
De potentiële bodemerosiekaart per perceel is gebaseerd op de percelenkaart 2017. De potentiële bodemerosiekaart per perceel werd opgesteld door middel van computermodellering met een ruimtelijke resolutie van 5x5 m. De berekening van de erosie is gebaseerd op de herziene universele bodemverliesvergelijking of R.U.S.L.E. (Revised Universal Soil Loss Equation, Renard et al, 1991). Het betreft een empirisch model waarmee de gemiddelde jaarlijkse bodemerosiesnelheid per oppervlakte-eenheid als gevolg van intergeul- en geulerosie wordt berekend als een product van 6 factoren."
47640,30e01cb0-3f8a-4a48-b72e-444b4a6fd531,WFS,ogc:wfs,https%3A%2F%2Fwww.dov.vlaanderen.be%2Fgeoserver%2Fwfs%3FSERVICE%3DWFS%26version%3D1.1.0%26request%3DGetCapabilities,NULL
47673,Carte-du-nom-de-sol-dominant-en-WRB-issue-de-la-Base-de-Données-Géographique-des-Sols-de-France,WFS,ogc:wfs,https%3A%2F%2Fagroenvgeo.data.inra.fr%2Fgeoserver%2Fwfs,NULL
47698,876F61A9-36C0-4CDD-9FC1-C243685BC1E8,"1,3,5,7",ogc:wms,https%3A%2F%2Fservices.bgr.de%2Fwms%2Fboden%2Fpegwasser1000%2F%3F,"Die Karte der potentiellen Erosionsgefährdung von Ackerböden durch Wasser gibt einen Überblick über das mögliche Risiko von Bodenabtrag (in t/(ha*a)) durch Wasser in Deutschland auf Basis von bodenkundlichen, morphographischen und klimatischen Faktoren. Bodenerosion durch Wasser zerstört langfristig den Boden und damit die natürliche Lebensgrundlage für künftige Generationen. Die Karte wurde mit Hilfe des Langfristmodells ABAG (Allgemeinen Bodenabtragsgleichung) erstellt. Sie ist die Anpassung des Modells Universal Soil Equation (USLE) an deutsche Verhältnisse. Die Methode ist in der DIN 19708:2005-02 und in der Methodendokumentation der Ad-hoc-AG Boden veröffentlicht. Für die Anwendung auf Bodenkarten wurde das Verfahren von der Bundesanstalt für Geowissenschaften und Rohstoffe (BGR) verändert. In die Karte fließen bodenkundliche Kennwerte (K-Faktor) aus der nutzungsdifferenzierten Bodenübersichtskarte von Deutschland 1:1.000.000 (BÜK1000N), morphologische Kennwerte (S-Faktor) aus dem DGM50 des Bundesamtes für Kartographie und Geodäsie (BKG) und klimatischen Kennwerte (R-Faktor) aus den Niederschlagsdaten des Deutschen Wetterdienstes (DWD) für den Zeitraum 1961–1990 ein. Die Ackerstandorte werden aus dem Landnutzungsdatensatz CORINE Land Cover von 2006 gewonnen."
47709,02F23B5B-5FB8-48BA-ADDA-7ECA7481C4DE,0,ogc:wms,https%3A%2F%2Fservices.bgr.de%2Fwms%2Fboden%2Fhumus1000ob%2F%3F,"Die Karte der Gehalte an organischer Substanz in Oberböden Deutschlands 1:1.000.000 visualisiert die Ergebnisse der deutschlandweiten Zusammenstellung von typischen Gehalten an organischer Substanz der Oberböden differenziert nach 15 Bodenausgangsgesteinsgruppen, der Landnutzung und vier Klimaregionen. Die Auswertung basiert auf mehr als 9000 Bodenprofilen, zu denen qualitätsgesicherte Daten zur organischen Substanz aus einem zwanzigjährigen Zeitraum vorlagen. Das methodische Vorgehen ist in dem Bericht 'Gehalte an organischer Substanz in Oberböden Deutschlands', BGR Archiv, Nr. 0127036 dokumentiert. Die in der Karte dargestellten Klassen entsprechen der Klasseneinteilung in der Bodenkundlichen Kartieranleitung (KA5), wobei die Klassen h2–h5 der KA5 jeweils in der Klassenmitte geteilt wurden. Damit gibt die Karte insbesondere in den Klassen geringer Gehalte ein differenzierteres Bild wider. Die Version 2.0 basiert auf den topographischen Grundlagen der Digitalen Topographischen Karte 1:1.000.000 (DTK1000-V) des Bundesamtes für Kartographie und Geodäsie, welche von der BGR in Teilen modifiziert wurde."
48022,https://registry.gdi-de.org/id/de.be.csw/b989994b-cde1-3584-9f30-4745ca0bb4c2,NULL,Darstellungsdienst - Nutzbare Feldkapazität der Böden für Flachwurzler 2020 (Umweltatlas) (WMS),https%3A%2F%2Fgdi.berlin.de%2Fservices%2Fwms%2Fua_boden_nfk30_2020%3Frequest%3DGetCapabilities%26service%3DWMS,Darstellungsdienst - Nutzbare Feldkapazität der Böden für Flachwurzler 2020 (Umweltatlas) (WMS)
48024,https://registry.gdi-de.org/id/de.be.csw/4ecf6704-5302-3739-a05e-fba86c741125,NULL,Darstellungsdienst - Bindungsstärke für Schwermetalle der Böden 2020 (Umweltatlas) (WMS),https%3A%2F%2Fgdi.berlin.de%2Fservices%2Fwms%2Fua_boden_bindung_2020%3Frequest%3DGetCapabilities%26service%3DWMS,Darstellungsdienst - Bindungsstärke für Schwermetalle der Böden 2020 (Umweltatlas) (WMS)
48026,https://registry.gdi-de.org/id/de.be.csw/99a6d2c0-0515-3af2-b9e7-75c8bd555c13,NULL,Downloaddienst - Lebensraumfunktion für naturnahe und seltene Pflanzengesellschaften der Böden 2020 (Umweltatlas) (WFS),https%3A%2F%2Fgdi.berlin.de%2Fservices%2Fwfs%2Fua_boden_lebensfkt_2020%3Frequest%3DGetCapabilities%26service%3DWFS,Downloaddienst - Lebensraumfunktion für naturnahe und seltene Pflanzengesellschaften der Böden 2020 (Umweltatlas) (WFS)
48027,https://registry.gdi-de.org/id/de.be.csw/d0072cf8-b210-3077-b4c3-aa5e9232f463,NULL,Downloaddienst - Mittlere effektive Kationenaustauschkapazität (KAKeff) der Böden 2020 (Umweltatlas) (WFS),https%3A%2F%2Fgdi.berlin.de%2Fservices%2Fwfs%2Fua_boden_kakeff_2020%3Frequest%3DGetCapabilities%26service%3DWFS,Downloaddienst - Mittlere effektive Kationenaustauschkapazität (KAKeff) der Böden 2020 (Umweltatlas) (WFS)
48032,https://registry.gdi-de.org/id/de.be.csw/533fea38-6de0-3174-8339-b0acc7b8e564,NULL,Darstellungsdienst - Boden im INSPIRE-Datenmodell (Moore) (WMS),https%3A%2F%2Fgdi.berlin.de%2Fservices%2Fwms%2Fso_moore2015%3Frequest%3DGetCapabilities%26service%3DWMS,Darstellungsdienst - Boden im INSPIRE-Datenmodell (Moore) (WMS)
48053,r_lombar:e6ff8f10-1ec7-426e-9ba9-93c3f4ade8d5,NULL,WMS,https%3A%2F%2Fwww.cartografia.servizirl.it%2Farcgis1%2Fservices%2Fterritorio%2FAree_RME_TitoloIV_PAI%2FMapServer%2FWMSServer%3Frequest%3DGetCapabilities%26service%3DWMS,NULL
48055,r_lombar:e6ff8f10-1ec7-426e-9ba9-93c3f4ade8d5,NULL,WFS,https%3A%2F%2Fwww.cartografia.servizirl.it%2Farcgis1%2Fservices%2Fterritorio%2FAree_RME_TitoloIV_PAI%2FMapServer%2FWFSServer%3Frequest%3DGetCapabilities%26service%3DWFS,NULL
48059,https://registry.gdi-de.org/id/de.be.csw/ba947e5a-657f-35ee-a905-6466da9cf789,NULL,Downloaddienst - Besondere naturräumliche Eigenart der Böden 2020 (Umweltatlas) (WFS),https%3A%2F%2Fgdi.berlin.de%2Fservices%2Fwfs%2Fua_boden_eigenart_2020%3Frequest%3DGetCapabilities%26service%3DWFS,Downloaddienst - Besondere naturräumliche Eigenart der Böden 2020 (Umweltatlas) (WFS)
48062,https://registry.gdi-de.org/id/de.be.csw/05c1911d-88bd-3099-8b51-16213d772c5a,NULL,Darstellungsdienst - Humusmenge der Böden 2020 (Umweltatlas) (WMS),https%3A%2F%2Fgdi.berlin.de%2Fservices%2Fwms%2Fua_boden_humus_2020%3Frequest%3DGetCapabilities%26service%3DWMS,Darstellungsdienst - Humusmenge der Böden 2020 (Umweltatlas) (WMS)
48072,https://registry.gdi-de.org/id/de.be.csw/7f95e9b8-0364-36aa-9bfc-292d5fb00fac,NULL,Darstellungsdienst - Moore (Umweltatlas) (WMS),https%3A%2F%2Fgdi.berlin.de%2Fservices%2Fwms%2Fua_moore%3Frequest%3DGetCapabilities%26service%3DWMS,Darstellungsdienst - Moore (Umweltatlas) (WMS)
48075,https://registry.gdi-de.org/id/de.be.csw/f4885d1d-6f90-3589-b749-2c97cb21de21,NULL,Darstellungsdienst - Nährstoffversorgung des Oberbodens (S-Wert) 2020 (Umweltatlas) (WMS),https%3A%2F%2Fgdi.berlin.de%2Fservices%2Fwms%2Fua_boden_naehrstoff_2020%3Frequest%3DGetCapabilities%26service%3DWMS,Darstellungsdienst - Nährstoffversorgung des Oberbodens (S-Wert) 2020 (Umweltatlas) (WMS)
48081,r_lombar:0a90d4fe-8ae7-4a22-a269-ec04a7d4b63d,NULL,WMS,https%3A%2F%2Fwww.cartografia.servizirl.it%2Farcgis5%2Fservices%2FPRA%2FPRA_Valanghe%2FMapServer%2FWMSServer%3F,NULL
48086,https://registry.gdi-de.org/id/de.be.csw/cfdafe93-134f-3f04-ab28-5da0ab833c02,NULL,Downloaddienst - Forstliche Standorteinheiten (WFS),https%3A%2F%2Fgdi.berlin.de%2Fservices%2Fwfs%2Fforststandort%3Frequest%3DGetCapabilities%26service%3DWFS,Downloaddienst - Forstliche Standorteinheiten (WFS)
48087,https://registry.gdi-de.org/id/de.be.csw/e92aa814-9914-3cdf-b99d-963f2af1dd27,NULL,Downloaddienst - Verdunstungspotenzial der Böden auf Grundlage der Bodeneigenschaften 2020 (Umweltatlas) (WFS),https%3A%2F%2Fgdi.berlin.de%2Fservices%2Fwfs%2Fua_boden_vpot_2020%3Frequest%3DGetCapabilities%26service%3DWFS,Downloaddienst - Verdunstungspotenzial der Böden auf Grundlage der Bodeneigenschaften 2020 (Umweltatlas) (WFS)
48088,https://registry.gdi-de.org/id/de.be.csw/7897d313-d4f4-3c0c-8977-28e4ba99e84d,NULL,Darstellungsdienst - Wasserversorgung der Böden 2020 (Umweltatlas) (WMS),https%3A%2F%2Fgdi.berlin.de%2Fservices%2Fwms%2Fua_boden_wasserversorgung_2020%3Frequest%3DGetCapabilities%26service%3DWMS,Darstellungsdienst - Wasserversorgung der Böden 2020 (Umweltatlas) (WMS)
48091,r_lombar:599a7674-a9a2-4543-9d5b-6d0e4904ab8a,NULL,WMS,https%3A%2F%2Fwww.cartografia.servizirl.it%2Farcgis1%2Fservices%2Fterritorio%2FDissesti_puntiformi_Art9_PAI%2FMapServer%2FWMSServer%3Frequest%3DGetCapabilities%26service%3DWMS,NULL
48093,r_lombar:599a7674-a9a2-4543-9d5b-6d0e4904ab8a,NULL,WFS,https%3A%2F%2Fwww.cartografia.servizirl.it%2Farcgis1%2Fservices%2Fterritorio%2FDissesti_puntiformi_Art9_PAI%2FMapServer%2FWFSServer%3Frequest%3DGetCapabilities%26service%3DWFS,NULL
48094,https://registry.gdi-de.org/id/de.be.csw/60ef5d6c-f8ac-311d-a4c9-e050b0d13b7b,NULL,Downloaddienst - Regelungsfunktion für den Wasserhaushalt der Böden 2020 (Umweltatlas) (WFS),https%3A%2F%2Fgdi.berlin.de%2Fservices%2Fwfs%2Fua_boden_regelfkt_2020%3Frequest%3DGetCapabilities%26service%3DWFS,Downloaddienst - Regelungsfunktion für den Wasserhaushalt der Böden 2020 (Umweltatlas) (WFS)
48095,https://registry.gdi-de.org/id/de.be.csw/47dfc3ed-1b0a-3797-93e8-3b4a37337b0e,NULL,Darstellungsdienst - Lebensraumfunktion für naturnahe und seltene Pflanzengesellschaften der Böden 2020 (Umweltatlas) (WMS),https%3A%2F%2Fgdi.berlin.de%2Fservices%2Fwms%2Fua_boden_lebensfkt_2020%3Frequest%3DGetCapabilities%26service%3DWMS,Darstellungsdienst - Lebensraumfunktion für naturnahe und seltene Pflanzengesellschaften der Böden 2020 (Umweltatlas) (WMS)
48097,https://registry.gdi-de.org/id/de.be.csw/bc2da03a-8fb3-317e-a3d0-c4c6b73f7099,NULL,Darstellungsdienst - Organischer Kohlenstoffvorrat der Böden 2020 (Umweltatlas) (WMS),https%3A%2F%2Fgdi.berlin.de%2Fservices%2Fwms%2Fua_boden_corg_2020%3Frequest%3DGetCapabilities%26service%3DWMS,Darstellungsdienst - Organischer Kohlenstoffvorrat der Böden 2020 (Umweltatlas) (WMS)
48099,https://registry.gdi-de.org/id/de.be.csw/83ada24b-8626-3d26-8763-ef177495f7c2,NULL,Downloaddienst - Bodenpunktdatenbank (WFS),https%3A%2F%2Fgdi.berlin.de%2Fservices%2Fwfs%2Fbodenpunktdatenbank%3Frequest%3DGetCapabilities%26service%3DWFS,Downloaddienst - Bodenpunktdatenbank (WFS)
48101,https://registry.gdi-de.org/id/de.be.csw/bcfd52c5-a39a-3a28-81fe-7ff125e2f58f,NULL,Darstellungsdienst - Boden im INSPIRE-Datenmodell (Bodenkundliche Kennwerte 2020) (WMS),https%3A%2F%2Fgdi.berlin.de%2Fservices%2Fwms%2Fso_bokw2020%3Frequest%3DGetCapabilities%26service%3DWMS,Darstellungsdienst - Boden im INSPIRE-Datenmodell (Bodenkundliche Kennwerte 2020) (WMS)
48106,e25d6117-ff65-4f0c-a776-e31df6153b7b,INSPIRE Sols - Service de visualisation WMS,OGC:WMS,https%3A%2F%2Fgeoservices.wallonie.be%2Fgeoserver%2Finspire_so%2Fows%3Fservice%3DWMS%26version%3D1.3.0%26request%3DGetCapabilities,"Adresse de connexion au service de visualisation WMS-Inspire des couches de données du thème ""Sols""."
48110,https://registry.gdi-de.org/id/de.be.csw/79d91507-b5bd-3394-93ee-6a5e136267f9,NULL,Darstellungsdienst - Boden im INSPIRE-Datenmodell (Bodenkundliche Kartierungen) (WMS),https%3A%2F%2Fgdi.berlin.de%2Fservices%2Fwms%2Fso_boka%3Frequest%3DGetCapabilities%26service%3DWMS,Darstellungsdienst - Boden im INSPIRE-Datenmodell (Bodenkundliche Kartierungen) (WMS)
48116,https://registry.gdi-de.org/id/de.be.csw/347999a6-f9c6-3eff-abcc-4612c27c8b81,NULL,Downloaddienst - Organischer Kohlenstoffvorrat der Böden 2020 (Umweltatlas) (WFS),https%3A%2F%2Fgdi.berlin.de%2Fservices%2Fwfs%2Fua_boden_corg_2020%3Frequest%3DGetCapabilities%26service%3DWFS,Downloaddienst - Organischer Kohlenstoffvorrat der Böden 2020 (Umweltatlas) (WFS)
48121,https://registry.gdi-de.org/id/de.be.csw/1f37b418-d573-3eb9-9e0d-1ee6df5869a9,NULL,Darstellungsdienst - Boden im INSPIRE-Datenmodell (Bodengesellschaften und Bodenarten 2020) (WMS),https%3A%2F%2Fgdi.berlin.de%2Fservices%2Fwms%2Fso_bogeboa2020%3Frequest%3DGetCapabilities%26service%3DWMS,Darstellungsdienst - Boden im INSPIRE-Datenmodell (Bodengesellschaften und Bodenarten 2020) (WMS)
48127,https://registry.gdi-de.org/id/de.be.csw/a0d15a87-76a4-3ed6-9ae8-e79017554d9a,NULL,Downloaddienst - Bodenkundliche Kennwerte 2020 (Umweltatlas) (WFS),https%3A%2F%2Fgdi.berlin.de%2Fservices%2Fwfs%2Fua_boden_2_2020%3Frequest%3DGetCapabilities%26service%3DWFS,Downloaddienst - Bodenkundliche Kennwerte 2020 (Umweltatlas) (WFS)
48139,e6eb5062-9088-4ded-872b-62015f9e5442,s0100_fill_soil,OGC:WMS,https%3A%2F%2Fgislocal.md%2Fgeoserver%2Fapl%2Fwms,Umpluturi de sol mun. Chișinău
48157,https://registry.gdi-de.org/id/de.be.csw/3dbaa694-df86-3d54-bbb5-9f70d5eebe29,NULL,Downloaddienst - Ertragsfunktion der Böden für Kulturpflanzen 2020 (Umweltatlas) (WFS),https%3A%2F%2Fgdi.berlin.de%2Fservices%2Fwfs%2Fua_boden_ertragfkt_2020%3Frequest%3DGetCapabilities%26service%3DWFS,Downloaddienst - Ertragsfunktion der Böden für Kulturpflanzen 2020 (Umweltatlas) (WFS)
48161,https://registry.gdi-de.org/id/de.be.csw/422bbec1-6aff-3066-8da6-b3ecf5236e22,NULL,Darstellungsdienst - Filtervermögen der Böden (kf-Wert) 2020 (Umweltatlas) (WMS),https%3A%2F%2Fgdi.berlin.de%2Fservices%2Fwms%2Fua_boden_filter_2020%3Frequest%3DGetCapabilities%26service%3DWMS,Darstellungsdienst - Filtervermögen der Böden (kf-Wert) 2020 (Umweltatlas) (WMS)
48181,https://registry.gdi-de.org/id/de.be.csw/a54329fc-9976-323c-8c44-b9728d551ea9,NULL,Downloaddienst - Kühlleistung der Böden ohne Berücksichtigung der Versiegelung 2020 (Umweltatlas) (WFS),https%3A%2F%2Fgdi.berlin.de%2Fservices%2Fwfs%2Fua_boden_bklov_2020%3Frequest%3DGetCapabilities%26service%3DWFS,Downloaddienst - Kühlleistung der Böden ohne Berücksichtigung der Versiegelung 2020 (Umweltatlas) (WFS)
48183,https://registry.gdi-de.org/id/de.be.csw/fabeb1cf-8a09-3940-9f5c-652d60924e3f,NULL,Darstellungsdienst - Boden im INSPIRE-Datenmodell (Bodenfunktionen und Planungshinweise 2020) (WMS),https%3A%2F%2Fgdi.berlin.de%2Fservices%2Fwms%2Fso_bofplhi2020%3Frequest%3DGetCapabilities%26service%3DWMS,Darstellungsdienst - Boden im INSPIRE-Datenmodell (Bodenfunktionen und Planungshinweise 2020) (WMS)
48185,https://registry.gdi-de.org/id/de.be.csw/91f49505-59a4-33f8-8f84-76e601b23c19,NULL,Downloaddienst - Puffer- und Filterfunktion der Böden 2020 (Umweltatlas) (WFS),https%3A%2F%2Fgdi.berlin.de%2Fservices%2Fwfs%2Fua_boden_pufffkt_2020%3Frequest%3DGetCapabilities%26service%3DWFS,Downloaddienst - Puffer- und Filterfunktion der Böden 2020 (Umweltatlas) (WFS)
48192,https://registry.gdi-de.org/id/de.be.csw/3c3d6dfc-b127-3c7d-971f-207ed5b9d206,NULL,Darstellungsdienst - Leistungsfähigkeit der Böden 2020 (Umweltatlas) (WMS),https%3A%2F%2Fgdi.berlin.de%2Fservices%2Fwms%2Fua_boden_leist_2020%3Frequest%3DGetCapabilities%26service%3DWMS,Darstellungsdienst - Leistungsfähigkeit der Böden 2020 (Umweltatlas) (WMS)
48195,https://registry.gdi-de.org/id/de.be.csw/2a28709a-c72a-3333-92ed-9f03a18594e8,NULL,Downloaddienst - Gesättigte Wasserleitfähigkeit (kf-Wert) der Böden 2020 (Umweltatlas) (WFS),https%3A%2F%2Fgdi.berlin.de%2Fservices%2Fwfs%2Fua_boden_kf_2020%3Frequest%3DGetCapabilities%26service%3DWFS,Downloaddienst - Gesättigte Wasserleitfähigkeit (kf-Wert) der Böden 2020 (Umweltatlas) (WFS)
48201,ESMAGRAMAINESMOVMASA20110616000,NZ.HazardArea,OGC:WMS-1.1.1-http-get-map,https%3A%2F%2Fwms.mapama.gob.es%2Fsig%2FBiodiversidad%2FINESMovimientosMasa,Movimientos en masa
48211,arls_031:m10581-cc-i10499,NULL,Web Map Service (WMS),https%3A%2F%2Fserviziogc.regione.fvg.it%2Fgeoserver%2FERSA%2Fwms%3Frequest%3DGetCapabilities%26service%3Dwms%26version%3D1.3.0,NULL
48212,arls_031:m10581-cc-i10499,NULL,Web Feature Service (WFS),https%3A%2F%2Fserviziogc.regione.fvg.it%2Fgeoserver%2FERSA%2Fwfs%3Frequest%3DGetCapabilities%26service%3Dwfs%26version%3D2.0.0,NULL
48213,r_liguri:D.2262.DS,NULL,Web Feature Service (WFS),https%3A%2F%2Fgeoservizi.regione.liguria.it%2Fgeoserver%2FM2262%2Fwfs%3Fversion%3D2.0.0%26request%3Dgetcapabilities,NULL
48217,r_liguri:D.2281.DS,NULL,Web Feature Service (WFS),https%3A%2F%2Fgeoservizi.regione.liguria.it%2Fgeoserver%2FM2281%2Fwfs%3Fversion%3D2.0.0%26request%3Dgetcapabilities,NULL
48226,https://registry.gdi-de.org/id/de.be.csw/4af87e4f-6ee9-3e43-a1b0-ee4e60fdff7c,NULL,Downloaddienst - Bodenarten 2020 (Umweltatlas) (WFS),https%3A%2F%2Fgdi.berlin.de%2Fservices%2Fwfs%2Fua_bodenarten_2020%3Frequest%3DGetCapabilities%26service%3DWFS,Downloaddienst - Bodenarten 2020 (Umweltatlas) (WFS)
48231,https://registry.gdi-de.org/id/de.be.csw/53647440-0bce-300d-88a2-e8a95a1c0891,NULL,Darstellungsdienst - Boden im INSPIRE-Datenmodell (Bodenfunktionen und Planungshinweise 2020) (WMS),https%3A%2F%2Fgdi.berlin.de%2Fservices%2Fwms%2Fso_bofplhi2020%3Frequest%3DGetCapabilities%26service%3DWMS,Darstellungsdienst - Boden im INSPIRE-Datenmodell (Bodenfunktionen und Planungshinweise 2020) (WMS)
48264,https://registry.gdi-de.org/id/de.be.csw/19c43776-62d9-30e6-abf2-3a17857312b7,NULL,Downloaddienst - Naturnähe der Böden 2020 (Umweltatlas) (WFS),https%3A%2F%2Fgdi.berlin.de%2Fservices%2Fwfs%2Fua_boden_naturnaehe_2020%3Frequest%3DGetCapabilities%26service%3DWFS,Downloaddienst - Naturnähe der Böden 2020 (Umweltatlas) (WFS)
48283,https://registry.gdi-de.org/id/de.be.csw/82fa2fef-6087-3cd3-b903-3c5a77edb1c2,NULL,Darstellungsdienst - Archivfunktion der Böden für die Naturgeschichte 2020 (Umweltatlas) (WMS),https%3A%2F%2Fgdi.berlin.de%2Fservices%2Fwms%2Fua_boden_archivfkt_2020%3Frequest%3DGetCapabilities%26service%3DWMS,Darstellungsdienst - Archivfunktion der Böden für die Naturgeschichte 2020 (Umweltatlas) (WMS)
48307,r_friuve:m4005-cc-i4087,NULL,Web Map Service (WMS),https%3A%2F%2Fserviziogc.regione.fvg.it%2Fgeoserver%2FCAR_GEO%2Fwms%3Frequest%3DGetCapabilities%26service%3Dwms%26version%3D1.3.0,NULL
48308,r_friuve:m4005-cc-i4087,NULL,Web Feature Service (WFS),https%3A%2F%2Fserviziogc.regione.fvg.it%2Fgeoserver%2FCAR_GEO%2Fwfs%3Frequest%3DGetCapabilities%26service%3Dwfs%26version%3D2.0.0,NULL
48324,https://registry.gdi-de.org/id/de.be.csw/5f93b130-3802-3a3b-a1d7-4617cc011584,NULL,Darstellungsdienst - Kühlleistung der Böden ohne Berücksichtigung der Versiegelung 2020 (Umweltatlas) (WMS),https%3A%2F%2Fgdi.berlin.de%2Fservices%2Fwms%2Fua_boden_bklov_2020%3Frequest%3DGetCapabilities%26service%3DWMS,Darstellungsdienst - Kühlleistung der Böden ohne Berücksichtigung der Versiegelung 2020 (Umweltatlas) (WMS)
48327,874b2bf3-238e-478a-b03d-098e7eb529f3,WFS,OGC:WFS,https%3A%2F%2Fwww.dov.vlaanderen.be%2Fgeoserver-inspire%2Fsoilbody%2Fwfs%3F,WFS INSPIRE geharmoniseerd - WRB Soil Units 40k Vlaanderen - Databank Ondergrond Vlaanderen
48328,874b2bf3-238e-478a-b03d-098e7eb529f3,WFS,OGC:WFS-2.0.0-http-get-capabilities,https%3A%2F%2Fwww.dov.vlaanderen.be%2Fgeoserver-inspire%2Fsoilbody%2Fwfs%3Fservice%3DWFS%26version%3D2.0.0%26request%3DGetCapabilities,WFS INSPIRE geharmoniseerd - WRB Soil Units 40k Vlaanderen - Databank Ondergrond Vlaanderen
48329,874b2bf3-238e-478a-b03d-098e7eb529f3,WFS,OGC:WFS-2.0.0-http-describefeaturetype,https%3A%2F%2Fwww.dov.vlaanderen.be%2Fgeoserver-inspire%2Fsoilbody%2Fwfs%3Fservice%3DWFS%26version%3D2.0.0%26request%3DDescribeFeatureType,WFS INSPIRE geharmoniseerd - WRB Soil Units 40k Vlaanderen - Databank Ondergrond Vlaanderen
48330,874b2bf3-238e-478a-b03d-098e7eb529f3,WFS,OGC:WFS-2.0.0-http-get-feature,https%3A%2F%2Fwww.dov.vlaanderen.be%2Fgeoserver-inspire%2Fsoilbody%2Fwfs%3Fservice%3DWFS%26version%3D2.0.0%26request%3DGetFeature,WFS INSPIRE geharmoniseerd - WRB Soil Units 40k Vlaanderen - Databank Ondergrond Vlaanderen
48331,ESMAGRAMAWMSINESEROLAM20110616000,NZ.HazardArea,OGC:WMS-1.1.1-http-get-map,https%3A%2F%2Fwms.mapama.gob.es%2Fsig%2FBiodiversidad%2FINESErosionLaminarRaster,Erosión Laminar
48335,bd9e3350-eccc-4b0e-af08-fb39441a7b27,WFS,OGC:WFS,https%3A%2F%2Fwww.dov.vlaanderen.be%2Fgeoserver-inspire%2Fbiologicalparameter%2Fwfs%3F,WFS INSPIRE geharmoniseerd - Biologische parameter - Databank Ondergrond Vlaanderen
48336,bd9e3350-eccc-4b0e-af08-fb39441a7b27,WFS,OGC:WFS-2.0.0-http-get-capabilities,https%3A%2F%2Fwww.dov.vlaanderen.be%2Fgeoserver-inspire%2Fbiologicalparameter%2Fwfs%3Fservice%3DWFS%26version%3D2.0.0%26request%3DGetCapabilities,WFS INSPIRE geharmoniseerd - Biologische parameter - Databank Ondergrond Vlaanderen
48337,bd9e3350-eccc-4b0e-af08-fb39441a7b27,WFS,OGC:WFS-2.0.0-http-describefeaturetype,https%3A%2F%2Fwww.dov.vlaanderen.be%2Fgeoserver-inspire%2Fbiologicalparameter%2Fwfs%3Fservice%3DWFS%26version%3D2.0.0%26request%3DDescribeFeatureType,WFS INSPIRE geharmoniseerd - Biologische parameter - Databank Ondergrond Vlaanderen
48338,bd9e3350-eccc-4b0e-af08-fb39441a7b27,WFS,OGC:WFS-2.0.0-http-get-feature,https%3A%2F%2Fwww.dov.vlaanderen.be%2Fgeoserver-inspire%2Fbiologicalparameter%2Fwfs%3Fservice%3DWFS%26version%3D2.0.0%26request%3DGetFeature,WFS INSPIRE geharmoniseerd - Biologische parameter - Databank Ondergrond Vlaanderen
48343,https://registry.gdi-de.org/id/de.be.csw/07261315-3b78-3a8f-82af-e0be42a4fc85,NULL,Downloaddienst - Bodenfunktionen und Planungshinweise 2020 (Umweltatlas) (WFS),https%3A%2F%2Fgdi.berlin.de%2Fservices%2Fwfs%2Fua_boden_4_2020%3Frequest%3DGetCapabilities%26service%3DWFS,Downloaddienst - Bodenfunktionen und Planungshinweise 2020 (Umweltatlas) (WFS)
48344,https://registry.gdi-de.org/id/de.be.csw/9d7dc063-b29b-3735-a881-35d4958f473a,NULL,Darstellungsdienst - Bodenpunktdatenbank (WMS),https%3A%2F%2Fgdi.berlin.de%2Fservices%2Fwms%2Fbodenpunktdatenbank%3Frequest%3DGetCapabilities%26service%3DWMS,Darstellungsdienst - Bodenpunktdatenbank (WMS)
48348,https://registry.gdi-de.org/id/de.be.csw/7c59bcbd-4086-3c87-a679-1cce480d054b,NULL,Darstellungsdienst - Kühlleistung der Böden mit Berücksichtigung der Versiegelung 2020 (Umweltatlas) (WMS),https%3A%2F%2Fgdi.berlin.de%2Fservices%2Fwms%2Fua_boden_bklmv_2020%3Frequest%3DGetCapabilities%26service%3DWMS,Darstellungsdienst - Kühlleistung der Böden mit Berücksichtigung der Versiegelung 2020 (Umweltatlas) (WMS)
48363,r_piemon:90453476-6f0f-4f76-8f0e-0aa4452bddc9,PopSeme,Web Map Service (WMS),https%3A%2F%2Fgisserver.territorio.csi.it%2Fgeoserver%2Fdecsiraogc_idf_pop_seme%2Fwms%3F,NULL
48364,r_piemon:90453476-6f0f-4f76-8f0e-0aa4452bddc9,Risorse genetiche forestali - Mappa,Web Feature Service (WFS),https%3A%2F%2Fgisserver.territorio.csi.it%2Fgeoserver%2Fdecsiraogc_idf_pop_seme%2Fwfs%3F,NULL
48372,909fe1f8-4c85-46cb-b16f-c70f7981c01e,apl:s0100_fill_soil,OGC:WFS,https%3A%2F%2Fgislocal.md%2Fgeoserver%2Fapl%2Fwfs,Umpluturi de sol mun. Chișinău
48386,r_friuve:m3985-cc-i4001,NULL,Web Map Service (WMS),https%3A%2F%2Fserviziogc.regione.fvg.it%2Fgeoserver%2FCAR_GEO%2Fwms%3Frequest%3DGetCapabilities%26service%3Dwms%26version%3D1.3.0,NULL
48387,r_friuve:m3985-cc-i4001,NULL,Web Feature Service (WFS),https%3A%2F%2Fserviziogc.regione.fvg.it%2Fgeoserver%2FCAR_GEO%2Fwfs%3Frequest%3DGetCapabilities%26service%3Dwfs%26version%3D2.0.0,NULL
48388,https://registry.gdi-de.org/id/de.be.csw/9906ef04-afe0-300e-ba93-b8387e304768,NULL,Darstellungsdienst - Planungshinweise zum Bodenschutz 2020 (Umweltatlas) (WMS),https%3A%2F%2Fgdi.berlin.de%2Fservices%2Fwms%2Fua_boden_bodplan_2020%3Frequest%3DGetCapabilities%26service%3DWMS,Darstellungsdienst - Planungshinweise zum Bodenschutz 2020 (Umweltatlas) (WMS)
48402,https://registry.gdi-de.org/id/de.be.csw/b144655f-7cea-3867-bfe4-75fd2c07791f,NULL,Darstellungsdienst - Bodenarten 2020 (Umweltatlas) (WMS),https%3A%2F%2Fgdi.berlin.de%2Fservices%2Fwms%2Fua_bodenarten_2020%3Frequest%3DGetCapabilities%26service%3DWMS,Darstellungsdienst - Bodenarten 2020 (Umweltatlas) (WMS)
48412,r_lombar:c90c42ea-bc38-4f33-aab6-0307dd34a99c,NULL,WMS,https%3A%2F%2Fwww.cartografia.servizirl.it%2Farcgis1%2Fservices%2Fterritorio%2FDissesti_lineari_Art9_PAI%2FMapServer%2FWMSServer%3Frequest%3DGetCapabilities%26service%3DWMS,NULL
48414,r_lombar:c90c42ea-bc38-4f33-aab6-0307dd34a99c,NULL,WFS,https%3A%2F%2Fwww.cartografia.servizirl.it%2Farcgis1%2Fservices%2Fterritorio%2FDissesti_lineari_Art9_PAI%2FMapServer%2FWFSServer%3Frequest%3DGetCapabilities%26service%3DWFS,NULL
48424,r_friuve:m3975-cc-i1479,NULL,Web Map Service (WMS),https%3A%2F%2Fserviziogc.regione.fvg.it%2Fgeoserver%2FCAR_GEO%2Fwms%3Frequest%3DGetCapabilities%26service%3Dwms%26version%3D1.3.0,NULL
48425,r_friuve:m3975-cc-i1479,NULL,Web Feature Service (WFS),https%3A%2F%2Fserviziogc.regione.fvg.it%2Fgeoserver%2FCAR_GEO%2Fwfs%3Frequest%3DGetCapabilities%26service%3Dwfs%26version%3D2.0.0,NULL
48465,r_lombar:73d5ef45-6424-4d1a-9acc-2898f9c72b5d,NULL,WMS,https%3A%2F%2Fwww.cartografia.servizirl.it%2Fexpo%2Fservices%2Fgpt%2Fcomuni_emergenza_sismica%2FMapServer%2FWMSServer%3F,NULL
48435,r_lombar:22214824-4535-4d3d-bce6-e7ca4896b7d8,NULL,WMS,https%3A%2F%2Fwww.cartografia.servizirl.it%2Farcgis1%2Fservices%2Fterritorio%2Fprogetto_strategico_seveso%2FMapServer%2FWMSServer%3F,NULL
48436,https://registry.gdi-de.org/id/de.be.csw/8362c977-a6cc-36da-b434-e2de5ee823a6,NULL,Darstellungsdienst - Gesättigte Wasserleitfähigkeit (kf-Wert) der Böden 2020 (Umweltatlas) (WMS),https%3A%2F%2Fgdi.berlin.de%2Fservices%2Fwms%2Fua_boden_kf_2020%3Frequest%3DGetCapabilities%26service%3DWMS,Darstellungsdienst - Gesättigte Wasserleitfähigkeit (kf-Wert) der Böden 2020 (Umweltatlas) (WMS)
48478,https://registry.gdi-de.org/id/de.be.csw/20ad8cd6-d70f-3ae7-8254-49b1b2de2a06,NULL,Darstellungsdienst - Bodenarten 2020 (Umweltatlas) (WMS),https%3A%2F%2Fgdi.berlin.de%2Fservices%2Fwms%2Fua_bodenarten_2020%3Frequest%3DGetCapabilities%26service%3DWMS,Darstellungsdienst - Bodenarten 2020 (Umweltatlas) (WMS)
48479,https://registry.gdi-de.org/id/de.be.csw/20ad8cd6-d70f-3ae7-8254-49b1b2de2a06,NULL,Darstellungsdienst - Nutzbare Feldkapazität der Böden für Flachwurzler 2020 (Umweltatlas) (WMS),https%3A%2F%2Fgdi.berlin.de%2Fservices%2Fwms%2Fua_boden_nfk30_2020%3Frequest%3DGetCapabilities%26service%3DWMS,Darstellungsdienst - Nutzbare Feldkapazität der Böden für Flachwurzler 2020 (Umweltatlas) (WMS)
48480,https://registry.gdi-de.org/id/de.be.csw/20ad8cd6-d70f-3ae7-8254-49b1b2de2a06,NULL,Darstellungsdienst - Nutzbare Feldkapazität der Böden des effektiven Wurzelraumes 2020 (Umweltatlas) (WMS),https%3A%2F%2Fgdi.berlin.de%2Fservices%2Fwms%2Fua_boden_nfkwe_2020%3Frequest%3DGetCapabilities%26service%3DWMS,Darstellungsdienst - Nutzbare Feldkapazität der Böden des effektiven Wurzelraumes 2020 (Umweltatlas) (WMS)
48481,https://registry.gdi-de.org/id/de.be.csw/20ad8cd6-d70f-3ae7-8254-49b1b2de2a06,NULL,Darstellungsdienst - Humusmenge der Böden 2020 (Umweltatlas) (WMS),https%3A%2F%2Fgdi.berlin.de%2Fservices%2Fwms%2Fua_boden_humus_2020%3Frequest%3DGetCapabilities%26service%3DWMS,Darstellungsdienst - Humusmenge der Böden 2020 (Umweltatlas) (WMS)
48482,https://registry.gdi-de.org/id/de.be.csw/20ad8cd6-d70f-3ae7-8254-49b1b2de2a06,NULL,Darstellungsdienst - pH-Werte des Oberbodens 2020 (Umweltatlas) (WMS),https%3A%2F%2Fgdi.berlin.de%2Fservices%2Fwms%2Fua_boden_ph_2020%3Frequest%3DGetCapabilities%26service%3DWMS,Darstellungsdienst - pH-Werte des Oberbodens 2020 (Umweltatlas) (WMS)
48483,https://registry.gdi-de.org/id/de.be.csw/20ad8cd6-d70f-3ae7-8254-49b1b2de2a06,NULL,Darstellungsdienst - Summe austauschbarer basischer Kationen des Oberbodens (S-Wert) 2020 (Umweltatlas) (WMS),https%3A%2F%2Fgdi.berlin.de%2Fservices%2Fwms%2Fua_boden_sumkat_2020%3Frequest%3DGetCapabilities%26service%3DWMS,Darstellungsdienst - Summe austauschbarer basischer Kationen des Oberbodens (S-Wert) 2020 (Umweltatlas) (WMS)
48484,https://registry.gdi-de.org/id/de.be.csw/20ad8cd6-d70f-3ae7-8254-49b1b2de2a06,NULL,Darstellungsdienst - Mittlere effektive Kationenaustauschkapazität (KAKeff) der Böden 2020 (Umweltatlas) (WMS),https%3A%2F%2Fgdi.berlin.de%2Fservices%2Fwms%2Fua_boden_kakeff_2020%3Frequest%3DGetCapabilities%26service%3DWMS,Darstellungsdienst - Mittlere effektive Kationenaustauschkapazität (KAKeff) der Böden 2020 (Umweltatlas) (WMS)
48485,https://registry.gdi-de.org/id/de.be.csw/20ad8cd6-d70f-3ae7-8254-49b1b2de2a06,NULL,Darstellungsdienst - Gesättigte Wasserleitfähigkeit (kf-Wert) der Böden 2020 (Umweltatlas) (WMS),https%3A%2F%2Fgdi.berlin.de%2Fservices%2Fwms%2Fua_boden_kf_2020%3Frequest%3DGetCapabilities%26service%3DWMS,Darstellungsdienst - Gesättigte Wasserleitfähigkeit (kf-Wert) der Böden 2020 (Umweltatlas) (WMS)
48486,https://registry.gdi-de.org/id/de.be.csw/20ad8cd6-d70f-3ae7-8254-49b1b2de2a06,NULL,Darstellungsdienst - Organischer Kohlenstoffvorrat der Böden 2020 (Umweltatlas) (WMS),https%3A%2F%2Fgdi.berlin.de%2Fservices%2Fwms%2Fua_boden_corg_2020%3Frequest%3DGetCapabilities%26service%3DWMS,Darstellungsdienst - Organischer Kohlenstoffvorrat der Böden 2020 (Umweltatlas) (WMS)
48487,https://registry.gdi-de.org/id/de.be.csw/20ad8cd6-d70f-3ae7-8254-49b1b2de2a06,NULL,Downloaddienst - Bodenarten 2020 (Umweltatlas) (WFS),https%3A%2F%2Fgdi.berlin.de%2Fservices%2Fwfs%2Fua_bodenarten_2020%3Frequest%3DGetCapabilities%26service%3DWFS,Downloaddienst - Bodenarten 2020 (Umweltatlas) (WFS)
48488,https://registry.gdi-de.org/id/de.be.csw/20ad8cd6-d70f-3ae7-8254-49b1b2de2a06,NULL,Downloaddienst - Nutzbare Feldkapazität der Böden für Flachwurzler 2020 (Umweltatlas) (WFS),https%3A%2F%2Fgdi.berlin.de%2Fservices%2Fwfs%2Fua_boden_nfk30_2020%3Frequest%3DGetCapabilities%26service%3DWFS,Downloaddienst - Nutzbare Feldkapazität der Böden für Flachwurzler 2020 (Umweltatlas) (WFS)
48489,https://registry.gdi-de.org/id/de.be.csw/20ad8cd6-d70f-3ae7-8254-49b1b2de2a06,NULL,Downloaddienst - Nutzbare Feldkapazität der Böden des effektiven Wurzelraumes 2020 (Umweltatlas) (WFS),https%3A%2F%2Fgdi.berlin.de%2Fservices%2Fwfs%2Fua_boden_nfkwe_2020%3Frequest%3DGetCapabilities%26service%3DWFS,Downloaddienst - Nutzbare Feldkapazität der Böden des effektiven Wurzelraumes 2020 (Umweltatlas) (WFS)
48490,https://registry.gdi-de.org/id/de.be.csw/20ad8cd6-d70f-3ae7-8254-49b1b2de2a06,NULL,Downloaddienst - Humusmenge der Böden 2020 (Umweltatlas) (WFS),https%3A%2F%2Fgdi.berlin.de%2Fservices%2Fwfs%2Fua_boden_humus_2020%3Frequest%3DGetCapabilities%26service%3DWFS,Downloaddienst - Humusmenge der Böden 2020 (Umweltatlas) (WFS)
48491,https://registry.gdi-de.org/id/de.be.csw/20ad8cd6-d70f-3ae7-8254-49b1b2de2a06,NULL,Downloaddienst - Organischer Kohlenstoffvorrat der Böden 2020 (Umweltatlas) (WFS),https%3A%2F%2Fgdi.berlin.de%2Fservices%2Fwfs%2Fua_boden_corg_2020%3Frequest%3DGetCapabilities%26service%3DWFS,Downloaddienst - Organischer Kohlenstoffvorrat der Böden 2020 (Umweltatlas) (WFS)
48492,https://registry.gdi-de.org/id/de.be.csw/20ad8cd6-d70f-3ae7-8254-49b1b2de2a06,NULL,Downloaddienst - pH-Werte des Oberbodens 2020 (Umweltatlas) (WFS),https%3A%2F%2Fgdi.berlin.de%2Fservices%2Fwfs%2Fua_boden_ph_2020%3Frequest%3DGetCapabilities%26service%3DWFS,Downloaddienst - pH-Werte des Oberbodens 2020 (Umweltatlas) (WFS)
48493,https://registry.gdi-de.org/id/de.be.csw/20ad8cd6-d70f-3ae7-8254-49b1b2de2a06,NULL,Downloaddienst - Summe austauschbarer basischer Kationen des Oberbodens (S-Wert) 2020 (Umweltatlas) (WFS),https%3A%2F%2Fgdi.berlin.de%2Fservices%2Fwfs%2Fua_boden_sumkat_2020%3Frequest%3DGetCapabilities%26service%3DWFS,Downloaddienst - Summe austauschbarer basischer Kationen des Oberbodens (S-Wert) 2020 (Umweltatlas) (WFS)
48494,https://registry.gdi-de.org/id/de.be.csw/20ad8cd6-d70f-3ae7-8254-49b1b2de2a06,NULL,Downloaddienst - Mittlere effektive Kationenaustauschkapazität (KAKeff) der Böden 2020 (Umweltatlas) (WFS),https%3A%2F%2Fgdi.berlin.de%2Fservices%2Fwfs%2Fua_boden_kakeff_2020%3Frequest%3DGetCapabilities%26service%3DWFS,Downloaddienst - Mittlere effektive Kationenaustauschkapazität (KAKeff) der Böden 2020 (Umweltatlas) (WFS)
48495,https://registry.gdi-de.org/id/de.be.csw/20ad8cd6-d70f-3ae7-8254-49b1b2de2a06,NULL,Downloaddienst - Gesättigte Wasserleitfähigkeit (kf-Wert) der Böden 2020 (Umweltatlas) (WFS),https%3A%2F%2Fgdi.berlin.de%2Fservices%2Fwfs%2Fua_boden_kf_2020%3Frequest%3DGetCapabilities%26service%3DWFS,Downloaddienst - Gesättigte Wasserleitfähigkeit (kf-Wert) der Böden 2020 (Umweltatlas) (WFS)
48496,https://registry.gdi-de.org/id/de.be.csw/20ad8cd6-d70f-3ae7-8254-49b1b2de2a06,NULL,Downloaddienst - Bodenkundliche Kennwerte 2020 (Umweltatlas) (WFS),https%3A%2F%2Fgdi.berlin.de%2Fservices%2Fwfs%2Fua_boden_2_2020%3Frequest%3DGetCapabilities%26service%3DWFS,Downloaddienst - Bodenkundliche Kennwerte 2020 (Umweltatlas) (WFS)
48514,R_SARDEG:d56d4a44-c331-42d8-a995-efb940a3e915_resource,NULL,Web Map Service (WMS),https%3A%2F%2Fwebgis.regione.sardegna.it%2Fgeoserver%2Fows%3Fservice%3DWMS%26version%3D1.3.0%26request%3DGetCapabilities,NULL
48524,https://registry.gdi-de.org/id/de.be.csw/c32f52c9-2472-3723-b052-c7659a1c0d9c,NULL,Downloaddienst - Bodengesellschaften und Bodenarten 2020 (Umweltatlas) (WFS),https%3A%2F%2Fgdi.berlin.de%2Fservices%2Fwfs%2Fua_boden_1_2020%3Frequest%3DGetCapabilities%26service%3DWFS,Downloaddienst - Bodengesellschaften und Bodenarten 2020 (Umweltatlas) (WFS)
48531,r_lombar:63cd7255-3955-469e-afbb-1f56e0933a5a,NULL,WMS,https%3A%2F%2Fwww.cartografia.servizirl.it%2Farcgis1%2Fservices%2Fterritorio%2FMicrozonazione_sismica%2FMapServer%2FWMSServer%3F,NULL
48584,https://registry.gdi-de.org/id/de.be.csw/deb08fa8-2449-3fcc-85df-35f03e3f56f2,NULL,Darstellungsdienst - Mittelmaßstäbige Landwirtschaftliche Standortkartierung (MMK) (WMS),https%3A%2F%2Fgdi.berlin.de%2Fservices%2Fwms%2Fmmk2004%3Frequest%3DGetCapabilities%26service%3DWMS,Darstellungsdienst - Mittelmaßstäbige Landwirtschaftliche Standortkartierung (MMK) (WMS)
48591,https://registry.gdi-de.org/id/de.be.csw/1f5a607c-0133-3f6d-b655-08f777f20ff2,NULL,Darstellungsdienst - Naturnähe der Böden 2020 (Umweltatlas) (WMS),https%3A%2F%2Fgdi.berlin.de%2Fservices%2Fwms%2Fua_boden_naturnaehe_2020%3Frequest%3DGetCapabilities%26service%3DWMS,Darstellungsdienst - Naturnähe der Böden 2020 (Umweltatlas) (WMS)
48608,r_lombar:e6bcffe3-73de-4681-8e7e-3be5cb50c70a,NULL,WMS,https%3A%2F%2Fwww.cartografia.servizirl.it%2Farcgis4%2Fservices%2Fcaspita%2FBDGdS_view%2FMapServer%2FWMSServer%3F,NULL
48610,https://registry.gdi-de.org/id/de.be.csw/8cef0509-eb86-3fee-926f-96538d5f6b99,NULL,Darstellungsdienst - Austauschhäufigkeit des Bodenwassers 2020 (Umweltatlas) (WMS),https%3A%2F%2Fgdi.berlin.de%2Fservices%2Fwms%2Fua_boden_austauschh_2020%3Frequest%3DGetCapabilities%26service%3DWMS,Darstellungsdienst - Austauschhäufigkeit des Bodenwassers 2020 (Umweltatlas) (WMS)
48615,ESMAGRAMAINESEROCAU20110616000,NZ.HazardArea,OGC:WMS-1.1.1-http-get-map,https%3A%2F%2Fwms.mapama.gob.es%2Fsig%2FBiodiversidad%2FINESErosionCauces,Erosión en cauces
48628,46a5e845-54ac-47d4-af13-3aa49d26d91f,chemicalparameter:chemicalParameter,OGC:WMS,https%3A%2F%2Fwww.dov.vlaanderen.be%2Fgeoserver-inspire%2Fchemicalparameter%2Fwms%3F,WMS-endpoint INSPIRE geharmoniseerd - Chemische parameter
48629,46a5e845-54ac-47d4-af13-3aa49d26d91f,chemicalparameter:chemicalParameter,OGC:WMS-1.3.0-http-get-capabilities,https%3A%2F%2Fwww.dov.vlaanderen.be%2Fgeoserver-inspire%2Fchemicalparameter%2Fwms%3FSERVICE%3DWMS%26version%3D1.3.0%26request%3DGetCapabilities,WMS-capabilities INSPIRE geharmoniseerd - Chemische parameter
48630,46a5e845-54ac-47d4-af13-3aa49d26d91f,chemicalparameter:chemicalParameter,OGC:WMS-1.3.0-http-get-map,https%3A%2F%2Fwww.dov.vlaanderen.be%2Fgeoserver-inspire%2Fchemicalparameter%2Fwms%3FSERVICE%3DWMS%26version%3D1.3.0%26request%3DGetMap,WMS-map INSPIRE geharmoniseerd - Chemische parameter
48631,46a5e845-54ac-47d4-af13-3aa49d26d91f,chemicalparameter:chemicalParameter,OGC:WFS,https%3A%2F%2Fwww.dov.vlaanderen.be%2Fgeoserver-inspire%2Fchemicalparameter%2Fwfs%3F,WFS-endpoint INSPIRE geharmoniseerd - Chemische parameter
48632,46a5e845-54ac-47d4-af13-3aa49d26d91f,chemicalparameter:chemicalParameter,OGC:WFS-2.0.0-http-get-capabilities,https%3A%2F%2Fwww.dov.vlaanderen.be%2Fgeoserver-inspire%2Fchemicalparameter%2Fwfs%3FSERVICE%3DWFS%26version%3D2.0.0%26request%3DGetCapabilities,WFS-capabilities INSPIRE geharmoniseerd - Chemische parameter
48633,46a5e845-54ac-47d4-af13-3aa49d26d91f,chemicalparameter:chemicalParameter,OGC:WFS-2.0.0-http-get-feature,https%3A%2F%2Fwww.dov.vlaanderen.be%2Fgeoserver-inspire%2Fchemicalparameter%2Fwfs%3FSERVICE%3DWFS%26version%3D2.0.0%26request%3DGetFeature%26count%3D1%26typeName%3DchemicalParameter,WFS-feature INSPIRE geharmoniseerd - Chemische parameter
48638,r_vda:03754-DATA,NULL,Web Map Service (WMS),https%3A%2F%2Fgeoservizi.regione.vda.it%2Fgeoserver%2FsctGeologia%2Fwms%3Fservice%3DWMS%26version%3D1.1.0%26request%3DGetCapabilities,NULL
48645,https://data.inspire.gv.at/431940bc-833f-4abb-84f5-95212fe6dc48,BIOSOIL Austria (SITE),OGC:WMS,https%3A%2F%2Finspire.lfrz.gv.at%2F000602%2Fwms%3Fversion%3D1.3.0%26request%3DGetCapabilities,General site information
48649,https://data.inspire.gv.at/431940bc-833f-4abb-84f5-95212fe6dc48,BIOSOIL Site - WFS,OGC:WFS-http-get-capabilities,https%3A%2F%2Fgis.lfrz.gv.at%2Fapi%2Fgeodata%2Fi000602%2Fogc%2Ffeatures%2Fv1%2F,BIOSOIL Site - WFS
48650,23500e89-b854-46ad-89a9-5b7604e19539,SolulAreal,OGC:WMS-1.1.1-http-get-capabilities,https%3A%2F%2Fsoluri.gov.md%2Fen%2Fdefault%2Fwms%2Fpublic,Solul areal
48662,https://registry.gdi-de.org/id/de.be.csw/c91c8f52-b4c2-3265-bca4-8c961c176f93,NULL,Downloaddienst - Puffervermögen im organischen Kohlenstoffhaushalt der Böden 2020 (Umweltatlas) (WFS),https%3A%2F%2Fgdi.berlin.de%2Fservices%2Fwfs%2Fua_boden_kohlenstoffpuffer_2020%3Frequest%3DGetCapabilities%26service%3DWFS,Downloaddienst - Puffervermögen im organischen Kohlenstoffhaushalt der Böden 2020 (Umweltatlas) (WFS)
48663,https://registry.gdi-de.org/id/de.th.csw/613EC54D-F759-4F0F-A00B-55A307F43015,NULL,OGC:WMS-http-get-map,https%3A%2F%2Fwww.geoproxy.geoportal-th.de%2Fgeoproxy%2Fservices%2Fbodengeologie%3FSERVICE%3DWMS%26REQUEST%3DGetCapabilities%26VERSION%3D1.3.0,INSPIRE-WMS TH Bodengeologie
48676,ARLPA_TO:07.09.03,NULL,WMS,https%3A%2F%2Fwebgis.arpa.piemonte.it%2Fserver%2Fservices%2Frischi_naturali%2FPS_SqueeSAR_Radarsat%2FMapServer%2FWMSServer%3Frequest%3DGetCapabilities%26service%3DWMS,NULL
48677,https://registry.gdi-de.org/id/de.be.csw/1d1e7b5d-4d86-3ad7-8570-5245b55b6b33,NULL,Darstellungsdienst - Forstliche Standorteinheiten (WMS),https%3A%2F%2Fgdi.berlin.de%2Fservices%2Fwms%2Fforststandort%3Frequest%3DGetCapabilities%26service%3DWMS,Darstellungsdienst - Forstliche Standorteinheiten (WMS)
48678,https://registry.gdi-de.org/id/de.be.csw/1d1e7b5d-4d86-3ad7-8570-5245b55b6b33,NULL,Downloaddienst - Forstliche Standorteinheiten (WFS),https%3A%2F%2Fgdi.berlin.de%2Fservices%2Fwfs%2Fforststandort%3Frequest%3DGetCapabilities%26service%3DWFS,Downloaddienst - Forstliche Standorteinheiten (WFS)
48757,8db3e658-b210-4796-82ac-e6a0a00d94b2,phvalue:pHValue,OGC:WMS,https%3A%2F%2Fwww.dov.vlaanderen.be%2Fgeoserver-inspire%2Fphvalue%2Fwms%3F,WMS-endpoint INSPIRE geharmoniseerd - pHwaarde
48758,8db3e658-b210-4796-82ac-e6a0a00d94b2,phvalue:pHValue,OGC:WMS-1.3.0-http-get-capabilities,https%3A%2F%2Fwww.dov.vlaanderen.be%2Fgeoserver-inspire%2Fphvalue%2Fwms%3FSERVICE%3DWMS%26version%3D1.3.0%26request%3DGetCapabilities,WMS-capabilities INSPIRE geharmoniseerd - pHwaarde
48759,8db3e658-b210-4796-82ac-e6a0a00d94b2,phvalue:pHValue,OGC:WMS-1.3.0-http-get-map,https%3A%2F%2Fwww.dov.vlaanderen.be%2Fgeoserver-inspire%2Fphvalue%2Fwms%3FSERVICE%3DWMS%26version%3D1.3.0%26request%3DGetMap,WMS-map INSPIRE geharmoniseerd - pHwaarde
48760,8db3e658-b210-4796-82ac-e6a0a00d94b2,phvalue:pHValue,OGC:WFS,https%3A%2F%2Fwww.dov.vlaanderen.be%2Fgeoserver-inspire%2Fphvalue%2Fwfs%3F,WFS-endpoint INSPIRE geharmoniseerd - pHwaarde
48761,8db3e658-b210-4796-82ac-e6a0a00d94b2,phvalue:pHValue,OGC:WFS-2.0.0-http-get-capabilities,https%3A%2F%2Fwww.dov.vlaanderen.be%2Fgeoserver-inspire%2Fphvalue%2Fwfs%3FSERVICE%3DWFS%26version%3D2.0.0%26request%3DGetCapabilities,WFS-capabilities INSPIRE geharmoniseerd - pHwaarde
48762,8db3e658-b210-4796-82ac-e6a0a00d94b2,phvalue:pHValue,OGC:WFS-2.0.0-http-get-feature,https%3A%2F%2Fwww.dov.vlaanderen.be%2Fgeoserver-inspire%2Fphvalue%2Fwfs%3FSERVICE%3DWFS%26version%3D2.0.0%26request%3DGetFeature%26count%3D1%26typeName%3DpHValue,WFS-feature INSPIRE geharmoniseerd - pHwaarde
48772,ESMAGRAMAINESEROPOT20110616000,NZ.HazardArea,OGC:WMS-1.1.1-http-get-map,https%3A%2F%2Fwms.mapama.gob.es%2Fsig%2FBiodiversidad%2FINESErosionPotencial,Erosión potencial
48784,"{d07c5dce-4a6e-4042-ac48-8b589c57d6d1},SO,SO.SoilBody,SO.ObservedSoilProfile",SO.ObservedSoilProfile,OGC:WMS-1.3.0-http-get-capabilities,https%3A%2F%2Fwww.inspire-geoportal.lt%2Fgeoserver%2Fso%2Fwms%3Fservice%3DWMS%26version%3D1.3.0%26request%3DGetCapabilities,Observed Soil Profile
48788,"SO.SoilBody.CNSW__SIGLES_20,3e6fd1ad-df77-4bb3-809d-30274dd09506",INSPIRE - Sols en Wallonie (BE) - Service de visualisation WMS,OGC:WMS,https%3A%2F%2Fgeoservices.wallonie.be%2Fgeoserver%2Finspire_so%2Fows%3Fservice%3DWMS%26version%3D1.3.0%26request%3DGetCapabilities,NULL
48804,b1f7eac6-baed-4227-bedc-28bc67086299,Agricultural Soil Map of Austria - Soil Reference Group Code from the World Reference Base (WRB Lev1) - WFS,OGC:WFS-http-get-capabilities,https%3A%2F%2Fgis.lfrz.gv.at%2Fapi%2Fgeodata%2Fi000604%2Fogc%2Ffeatures%2Fv1%2F,Agricultural Soil Map of Austria - Soil Reference Group Code from the World Reference Base (WRB Lev1) - WFS
48810,https://data.inspire.gv.at/517168bd-9e1b-4144-b6ed-388bd55f79b8,BIOSOIL Austria (WRB-LEV1),OGC:WMS,https%3A%2F%2Finspire.lfrz.gv.at%2F000602%2Fwms%3Fversion%3D1.3.0%26request%3DGetCapabilities,Soil reference group code (WRB-LEV1)
48814,https://data.inspire.gv.at/517168bd-9e1b-4144-b6ed-388bd55f79b8,BIOSOIL WRB-Lev1 - WFS,OGC:WFS-http-get-capabilities,https%3A%2F%2Fgis.lfrz.gv.at%2Fapi%2Fgeodata%2Fi000602%2Fogc%2Ffeatures%2Fv1%2F,BIOSOIL WRB-Lev1 - WFS
48847,https://registry.gdi-de.org/id/de.be.csw/6646c675-0c37-3aa6-b3ee-b8a6548c583b,NULL,Downloaddienst - Filtervermögen der Böden (kf-Wert) 2020 (Umweltatlas) (WFS),https%3A%2F%2Fgdi.berlin.de%2Fservices%2Fwfs%2Fua_boden_filter_2020%3Frequest%3DGetCapabilities%26service%3DWFS,Downloaddienst - Filtervermögen der Böden (kf-Wert) 2020 (Umweltatlas) (WFS)
48853,00409c85-94da-475c-b58d-4fe9b448895d,organiccarboncontent:organicCarbonContent,OGC:WMS,https%3A%2F%2Fwww.dov.vlaanderen.be%2Fgeoserver-inspire%2Forganiccarboncontent%2Fwms%3F,WMS-endpoint INSPIRE geharmoniseerd - Organische C-percentage
48854,00409c85-94da-475c-b58d-4fe9b448895d,organiccarboncontent:organicCarbonContent,OGC:WMS-1.3.0-http-get-capabilities,https%3A%2F%2Fwww.dov.vlaanderen.be%2Fgeoserver-inspire%2Forganiccarboncontent%2Fwms%3FSERVICE%3DWMS%26version%3D1.3.0%26request%3DGetCapabilities,WMS-capabilities INSPIRE geharmoniseerd - Organische C-percentage
48855,00409c85-94da-475c-b58d-4fe9b448895d,organiccarboncontent:organicCarbonContent,OGC:WMS-1.3.0-http-get-map,https%3A%2F%2Fwww.dov.vlaanderen.be%2Fgeoserver-inspire%2Forganiccarboncontent%2Fwms%3FSERVICE%3DWMS%26version%3D1.3.0%26request%3DGetMap,WMS-map INSPIRE geharmoniseerd - Organische C-percentage
48856,00409c85-94da-475c-b58d-4fe9b448895d,organiccarboncontent:organicCarbonContent,OGC:WFS,https%3A%2F%2Fwww.dov.vlaanderen.be%2Fgeoserver-inspire%2Forganiccarboncontent%2Fwfs%3F,WFS-endpoint INSPIRE geharmoniseerd - Organische C-percentage
48857,00409c85-94da-475c-b58d-4fe9b448895d,organiccarboncontent:organicCarbonContent,OGC:WFS-2.0.0-http-get-capabilities,https%3A%2F%2Fwww.dov.vlaanderen.be%2Fgeoserver-inspire%2Forganiccarboncontent%2Fwfs%3FSERVICE%3DWFS%26version%3D2.0.0%26request%3DGetCapabilities,WFS-capabilities INSPIRE geharmoniseerd - Organische C-percentage
48858,00409c85-94da-475c-b58d-4fe9b448895d,organiccarboncontent:organicCarbonContent,OGC:WFS-2.0.0-http-get-feature,https%3A%2F%2Fwww.dov.vlaanderen.be%2Fgeoserver-inspire%2Forganiccarboncontent%2Fwfs%3FSERVICE%3DWFS%26version%3D2.0.0%26request%3DGetFeature%26count%3D1%26typeName%3DorganicCarbonContent,WFS-feature INSPIRE geharmoniseerd - Organische C-percentage
48864,cmto:8ee5c19b-7cd7-482f-a329-3ab28e2eed9b,Aree dense di transizione e libere (WMS),Web Map Service (WMS),https%3A%2F%2Fopengis.csi.it%2Fws%2Fcmtogis%2Fcmto-01%2Fcmtowmsniger%2Fwms_aree_dense_transizione_libere%3F,NULL
48906,r_friuve:m3999-cc-i1390,NULL,Web Map Service (WMS),https%3A%2F%2Fserviziogc.regione.fvg.it%2Fgeoserver%2FCAR_GEO%2Fwms%3Frequest%3DGetCapabilities%26service%3Dwms%26version%3D1.3.0,NULL
48907,r_friuve:m3999-cc-i1390,NULL,Web Feature Service (WFS),https%3A%2F%2Fserviziogc.regione.fvg.it%2Fgeoserver%2FCAR_GEO%2Fwfs%3Frequest%3DGetCapabilities%26service%3Dwfs%26version%3D2.0.0,NULL
48908,R_SARDEG:78670d09-26d2-4443-85e2-f437784e4786,NULL,Web Map Service (WMS),https%3A%2F%2Fwebgis.regione.sardegna.it%2Fgeoserverraster%2Fows%3Fservice%3Dwms%26version%3D1.3.0%26request%3DGetCapabilities,NULL
48913,R_SARDEG:5308d2cd-0943-4920-9c91-7010ae1fd5a9,NULL,Web Map Service (WMS),https%3A%2F%2Fwebgis.regione.sardegna.it%2Fgeoserverraster%2Fows%3Fservice%3Dwms%26version%3D1.3.0%26request%3DGetCapabilities,NULL
48915,https://data.inspire.gv.at/a1491e6d-c462-4340-a167-5c1aadaa635d,inspire_hofstellen_2025-1,OGC:WMS,https%3A%2F%2Finspire.lfrz.gv.at%2F009501%2Fwms%3Frequest%3DGetCapabilities%26version%3D1.3.0,inspire_hofstellen_2025-1
48922,https://data.inspire.gv.at/0095/f587df27-ef10-4a10-8b3a-7a84a5fd1b55,inspire_hofstellen_2015,OGC:WMS,https%3A%2F%2Finspire.lfrz.gv.at%2F009501%2Fwms%3Frequest%3DGetCapabilities%26version%3D1.3.0,INVEKOS Hofstellen 2015
48924,https://registry.gdi-de.org/id/de.be.csw/d082b421-c99d-37d1-922b-e581725cfa71,NULL,Darstellungsdienst - Naturnähe der Böden 2020 (Umweltatlas) (WMS),https%3A%2F%2Fgdi.berlin.de%2Fservices%2Fwms%2Fua_boden_naturnaehe_2020%3Frequest%3DGetCapabilities%26service%3DWMS,Darstellungsdienst - Naturnähe der Böden 2020 (Umweltatlas) (WMS)
48925,https://registry.gdi-de.org/id/de.be.csw/d082b421-c99d-37d1-922b-e581725cfa71,NULL,Darstellungsdienst - Austauschhäufigkeit des Bodenwassers 2020 (Umweltatlas) (WMS),https%3A%2F%2Fgdi.berlin.de%2Fservices%2Fwms%2Fua_boden_austauschh_2020%3Frequest%3DGetCapabilities%26service%3DWMS,Darstellungsdienst - Austauschhäufigkeit des Bodenwassers 2020 (Umweltatlas) (WMS)
48926,https://registry.gdi-de.org/id/de.be.csw/d082b421-c99d-37d1-922b-e581725cfa71,NULL,Darstellungsdienst - Nährstoffspeicher- / Schadstoffbindungsvermögen der Böden (KAKeff-Wert) 2020 (Umweltatlas) (WMS),https%3A%2F%2Fgdi.berlin.de%2Fservices%2Fwms%2Fua_boden_schadstoff_2020%3Frequest%3DGetCapabilities%26service%3DWMS,Darstellungsdienst - Nährstoffspeicher- / Schadstoffbindungsvermögen der Böden (KAKeff-Wert) 2020 (Umweltatlas) (WMS)
48927,https://registry.gdi-de.org/id/de.be.csw/d082b421-c99d-37d1-922b-e581725cfa71,NULL,Darstellungsdienst - Nährstoffversorgung des Oberbodens (S-Wert) 2020 (Umweltatlas) (WMS),https%3A%2F%2Fgdi.berlin.de%2Fservices%2Fwms%2Fua_boden_naehrstoff_2020%3Frequest%3DGetCapabilities%26service%3DWMS,Darstellungsdienst - Nährstoffversorgung des Oberbodens (S-Wert) 2020 (Umweltatlas) (WMS)
48928,https://registry.gdi-de.org/id/de.be.csw/d082b421-c99d-37d1-922b-e581725cfa71,NULL,Darstellungsdienst - Wasserversorgung der Böden 2020 (Umweltatlas) (WMS),https%3A%2F%2Fgdi.berlin.de%2Fservices%2Fwms%2Fua_boden_wasserversorgung_2020%3Frequest%3DGetCapabilities%26service%3DWMS,Darstellungsdienst - Wasserversorgung der Böden 2020 (Umweltatlas) (WMS)
48929,https://registry.gdi-de.org/id/de.be.csw/d082b421-c99d-37d1-922b-e581725cfa71,NULL,Darstellungsdienst - Filtervermögen der Böden (kf-Wert) 2020 (Umweltatlas) (WMS),https%3A%2F%2Fgdi.berlin.de%2Fservices%2Fwms%2Fua_boden_filter_2020%3Frequest%3DGetCapabilities%26service%3DWMS,Darstellungsdienst - Filtervermögen der Böden (kf-Wert) 2020 (Umweltatlas) (WMS)
48930,https://registry.gdi-de.org/id/de.be.csw/d082b421-c99d-37d1-922b-e581725cfa71,NULL,Darstellungsdienst - Bindungsstärke für Schwermetalle der Böden 2020 (Umweltatlas) (WMS),https%3A%2F%2Fgdi.berlin.de%2Fservices%2Fwms%2Fua_boden_bindung_2020%3Frequest%3DGetCapabilities%26service%3DWMS,Darstellungsdienst - Bindungsstärke für Schwermetalle der Böden 2020 (Umweltatlas) (WMS)
48931,https://registry.gdi-de.org/id/de.be.csw/d082b421-c99d-37d1-922b-e581725cfa71,NULL,Darstellungsdienst - Puffervermögen im organischen Kohlenstoffhaushalt der Böden 2020 (Umweltatlas) (WMS),https%3A%2F%2Fgdi.berlin.de%2Fservices%2Fwms%2Fua_boden_kohlenstoffpuffer_2020%3Frequest%3DGetCapabilities%26service%3DWMS,Darstellungsdienst - Puffervermögen im organischen Kohlenstoffhaushalt der Böden 2020 (Umweltatlas) (WMS)
48932,https://registry.gdi-de.org/id/de.be.csw/d082b421-c99d-37d1-922b-e581725cfa71,NULL,Darstellungsdienst - Regionale Seltenheit der Bodengesellschaften 2020 (Umweltatlas) (WMS),https%3A%2F%2Fgdi.berlin.de%2Fservices%2Fwms%2Fua_boden_seltenheit_2020%3Frequest%3DGetCapabilities%26service%3DWMS,Darstellungsdienst - Regionale Seltenheit der Bodengesellschaften 2020 (Umweltatlas) (WMS)
48933,https://registry.gdi-de.org/id/de.be.csw/d082b421-c99d-37d1-922b-e581725cfa71,NULL,Darstellungsdienst - Besondere naturräumliche Eigenart der Böden 2020 (Umweltatlas) (WMS),https%3A%2F%2Fgdi.berlin.de%2Fservices%2Fwms%2Fua_boden_eigenart_2020%3Frequest%3DGetCapabilities%26service%3DWMS,Darstellungsdienst - Besondere naturräumliche Eigenart der Böden 2020 (Umweltatlas) (WMS)
48934,https://registry.gdi-de.org/id/de.be.csw/d082b421-c99d-37d1-922b-e581725cfa71,NULL,Downloaddienst - Regionale Seltenheit der Bodengesellschaften 2020 (Umweltatlas) (WFS),https%3A%2F%2Fgdi.berlin.de%2Fservices%2Fwfs%2Fua_boden_seltenheit_2020%3Frequest%3DGetCapabilities%26service%3DWFS,Downloaddienst - Regionale Seltenheit der Bodengesellschaften 2020 (Umweltatlas) (WFS)
48935,https://registry.gdi-de.org/id/de.be.csw/d082b421-c99d-37d1-922b-e581725cfa71,NULL,Downloaddienst - Besondere naturräumliche Eigenart der Böden 2020 (Umweltatlas) (WFS),https%3A%2F%2Fgdi.berlin.de%2Fservices%2Fwfs%2Fua_boden_eigenart_2020%3Frequest%3DGetCapabilities%26service%3DWFS,Downloaddienst - Besondere naturräumliche Eigenart der Böden 2020 (Umweltatlas) (WFS)
48936,https://registry.gdi-de.org/id/de.be.csw/d082b421-c99d-37d1-922b-e581725cfa71,NULL,Downloaddienst - Naturnähe der Böden 2020 (Umweltatlas) (WFS),https%3A%2F%2Fgdi.berlin.de%2Fservices%2Fwfs%2Fua_boden_naturnaehe_2020%3Frequest%3DGetCapabilities%26service%3DWFS,Downloaddienst - Naturnähe der Böden 2020 (Umweltatlas) (WFS)
48937,https://registry.gdi-de.org/id/de.be.csw/d082b421-c99d-37d1-922b-e581725cfa71,NULL,Downloaddienst - Austauschhäufigkeit des Bodenwassers 2020 (Umweltatlas) (WFS),https%3A%2F%2Fgdi.berlin.de%2Fservices%2Fwfs%2Fua_boden_austauschh_2020%3Frequest%3DGetCapabilities%26service%3DWFS,Downloaddienst - Austauschhäufigkeit des Bodenwassers 2020 (Umweltatlas) (WFS)
48938,https://registry.gdi-de.org/id/de.be.csw/d082b421-c99d-37d1-922b-e581725cfa71,NULL,Downloaddienst - Nährstoffspeicher- / Schadstoffbindungsvermögen der Böden (KAKeff-Wert) 2020 (Umweltatlas) (WFS),https%3A%2F%2Fgdi.berlin.de%2Fservices%2Fwfs%2Fua_boden_schadstoff_2020%3Frequest%3DGetCapabilities%26service%3DWFS,Downloaddienst - Nährstoffspeicher- / Schadstoffbindungsvermögen der Böden (KAKeff-Wert) 2020 (Umweltatlas) (WFS)
48939,https://registry.gdi-de.org/id/de.be.csw/d082b421-c99d-37d1-922b-e581725cfa71,NULL,Downloaddienst - Nährstoffversorgung des Oberbodens (S-Wert) 2020 (Umweltatlas) (WFS),https%3A%2F%2Fgdi.berlin.de%2Fservices%2Fwfs%2Fua_boden_naehrstoff_2020%3Frequest%3DGetCapabilities%26service%3DWFS,Downloaddienst - Nährstoffversorgung des Oberbodens (S-Wert) 2020 (Umweltatlas) (WFS)
48940,https://registry.gdi-de.org/id/de.be.csw/d082b421-c99d-37d1-922b-e581725cfa71,NULL,Downloaddienst - Wasserversorgung der Böden 2020 (Umweltatlas) (WFS),https%3A%2F%2Fgdi.berlin.de%2Fservices%2Fwfs%2Fua_boden_wasserversorgung_2020%3Frequest%3DGetCapabilities%26service%3DWFS,Downloaddienst - Wasserversorgung der Böden 2020 (Umweltatlas) (WFS)
48941,https://registry.gdi-de.org/id/de.be.csw/d082b421-c99d-37d1-922b-e581725cfa71,NULL,Downloaddienst - Filtervermögen der Böden (kf-Wert) 2020 (Umweltatlas) (WFS),https%3A%2F%2Fgdi.berlin.de%2Fservices%2Fwfs%2Fua_boden_filter_2020%3Frequest%3DGetCapabilities%26service%3DWFS,Downloaddienst - Filtervermögen der Böden (kf-Wert) 2020 (Umweltatlas) (WFS)
48942,https://registry.gdi-de.org/id/de.be.csw/d082b421-c99d-37d1-922b-e581725cfa71,NULL,Downloaddienst - Bindungsstärke für Schwermetalle der Böden 2020 (Umweltatlas) (WFS),https%3A%2F%2Fgdi.berlin.de%2Fservices%2Fwfs%2Fua_boden_bindung_2020%3Frequest%3DGetCapabilities%26service%3DWFS,Downloaddienst - Bindungsstärke für Schwermetalle der Böden 2020 (Umweltatlas) (WFS)
48943,https://registry.gdi-de.org/id/de.be.csw/d082b421-c99d-37d1-922b-e581725cfa71,NULL,Downloaddienst - Puffervermögen im organischen Kohlenstoffhaushalt der Böden 2020 (Umweltatlas) (WFS),https%3A%2F%2Fgdi.berlin.de%2Fservices%2Fwfs%2Fua_boden_kohlenstoffpuffer_2020%3Frequest%3DGetCapabilities%26service%3DWFS,Downloaddienst - Puffervermögen im organischen Kohlenstoffhaushalt der Böden 2020 (Umweltatlas) (WFS)
48944,https://registry.gdi-de.org/id/de.be.csw/d082b421-c99d-37d1-922b-e581725cfa71,NULL,Downloaddienst - Kriterien zur Bewertung der Bodenfunktionen 2020 (Umweltatlas) (WFS),https%3A%2F%2Fgdi.berlin.de%2Fservices%2Fwfs%2Fua_boden_3_2020%3Frequest%3DGetCapabilities%26service%3DWFS,Downloaddienst - Kriterien zur Bewertung der Bodenfunktionen 2020 (Umweltatlas) (WFS)
48962,https://data.inspire.gv.at/0095/4de4d8fa-15a0-4d85-8b33-68c17c8bab78,inspire_hofstellen_2016,OGC:WMS,https%3A%2F%2Finspire.lfrz.gv.at%2F009501%2Fwms%3Frequest%3DGetCapabilities%26version%3D1.3.0,INVEKOS Hofstellen 2016
48968,https://data.inspire.gv.at/951dfc5f-7303-46e1-9413-8d53986b006d,inspire_hofstellen_2023-1,OGC:WMS,https%3A%2F%2Finspire.lfrz.gv.at%2F009501%2Fwms%3Frequest%3DGetCapabilities%26version%3D1.3.0,inspire_hofstellen_2023-1
48973,https://data.inspire.gv.at/68055a59-f963-4518-9c61-234710531ad1,inspire_feldstuecke_2022_2,OGC:WMS,https%3A%2F%2Finspire.lfrz.gv.at%2F009501%2Fwms%3Fversion%3D1.3.0%26request%3DGetCapabilities,inspire_feldstuecke_2022_2
48983,https://data.inspire.gv.at/0095/ba0baeb9-0652-4391-8619-806e7fb56a16,inspire_hofstellen_2019,OGC:WMS,https%3A%2F%2Finspire.lfrz.gv.at%2F009501%2Fwms%3Frequest%3DGetCapabilities%26version%3D1.3.0,INVEKOS Hofstellen 2019
48986,https://data.inspire.gv.at/8081e9c4-3f2e-4763-933b-ec3f3d0d83ee,inspire_hofstellen_2021,OGC:WMS,https%3A%2F%2Finspire.lfrz.gv.at%2F009501%2Fwms%3Frequest%3DGetCapabilities%26version%3D1.3.0,INVEKOS Hofstellen 2021
48993,https://data.inspire.gv.at/0095/8fdd7264-c8d3-4810-b1b4-9b2bf73dc436,inspire_hofstellen_2018,OGC:WMS,https%3A%2F%2Finspire.lfrz.gv.at%2F009501%2Fwms%3Frequest%3DGetCapabilities%26version%3D1.3.0,INVEKOS Hofstellen 2018
48995,fd071af5-3753-4c51-a625-01b0c0cee9da,SO.ObservedSoilProfile,OGC:WMS-1.3.0-http-get-capabilities,https%3A%2F%2Fwww.inspire-geoportal.lt%2Fgeoserver%2Fso%2Fwms%3Fservice%3DWMS%26version%3D1.3.0%26request%3DGetCapabilities,Observed Soil Profile
49000,https://data.inspire.gv.at/08a352d6-d1cf-443a-9a6b-2f72cd7bc848,inspire_hofstellen_2024-1,OGC:WMS,https%3A%2F%2Finspire.lfrz.gv.at%2F009501%2Fwms%3Frequest%3DGetCapabilities%26version%3D1.3.0,inspire_hofstellen_2024-1
49005,https://data.inspire.gv.at/c27097c7-41fc-43ea-8536-534141c9d505,inspire_feldstuecke_2021,OGC:WMS,https%3A%2F%2Finspire.lfrz.gv.at%2F009501%2Fwms%3Fversion%3D1.3.0%26request%3DGetCapabilities,INVEKOS Feldstücke 2021
49010,https://data.inspire.gv.at/4f35a25a-9295-43c6-aa30-696d03e2ebed,inspire_hofstellen_2022_2,OGC:WMS,https%3A%2F%2Finspire.lfrz.gv.at%2F009501%2Fwms%3Frequest%3DGetCapabilities%26version%3D1.3.0,inspire_hofstellen_2022_2
49030,6c7ae489-8a11-45af-9352-f6b9ad05414b,INSPIRE Downloaddienst Databank Ondergrond Vlaanderen,OGC:WFS,https%3A%2F%2Fwww.dov.vlaanderen.be%2Fgeoserver%2Fwfs%3F,INSPIRE Downloaddienst Databank Ondergrond Vlaanderen
49031,6c7ae489-8a11-45af-9352-f6b9ad05414b,INSPIRE Downloaddienst Databank Ondergrond Vlaanderen,OGC:WFS-1.1.0-http-get-capabilities,https%3A%2F%2Fwww.dov.vlaanderen.be%2Fgeoserver%2Fwfs%3Fservice%3DWFS%26version%3D1.1.0%26request%3DGetCapabilities,INSPIRE Downloaddienst Databank Ondergrond Vlaanderen
49032,6c7ae489-8a11-45af-9352-f6b9ad05414b,INSPIRE Downloaddienst Databank Ondergrond Vlaanderen,OGC:WFS-1.1.0-http-describefeaturetype,https%3A%2F%2Fwww.dov.vlaanderen.be%2Fgeoserver%2Fwfs%3Fservice%3DWFS%26version%3D1.1.0%26request%3DDescribeFeatureType,INSPIRE Downloaddienst Databank Ondergrond Vlaanderen
49033,6c7ae489-8a11-45af-9352-f6b9ad05414b,INSPIRE Downloaddienst Databank Ondergrond Vlaanderen,OGC:WFS-1.1.0-http-get-feature,https%3A%2F%2Fwww.dov.vlaanderen.be%2Fgeoserver%2Fwfs%3Fservice%3DWFS%26version%3D1.1.0%26request%3DGetFeature,INSPIRE Downloaddienst Databank Ondergrond Vlaanderen
49034,6c7ae489-8a11-45af-9352-f6b9ad05414b,INSPIRE Downloaddienst Databank Ondergrond Vlaanderen,OGC:WFS-1.1.0-http-getgmlobject,https%3A%2F%2Fwww.dov.vlaanderen.be%2Fgeoserver%2Fwfs%3Fservice%3DWFS%26version%3D1.1.0%26request%3DGetGmlObject,INSPIRE Downloaddienst Databank Ondergrond Vlaanderen
49036,https://data.inspire.gv.at/ee6181dd-ffa0-4658-b5dd-025958cf6d05,inspire_hofstellen_2022,OGC:WMS,https%3A%2F%2Finspire.lfrz.gv.at%2F009501%2Fwms%3Frequest%3DGetCapabilities%26version%3D1.3.0,inspire_hofstellen_2022
49041,4d283c4d-ddfc-4d27-b679-7d5881e66f85,Agricultural Soil Map of Austria - Soil characteristic Water Permeability,OGC:WMS,https%3A%2F%2Finspire.lfrz.gv.at%2F000604%2Fwms%3Fversion%3D1.3.0%26request%3DGetCapabilities,Agricultural Soil Map of Austria - Soil characteristic Water Permeability
49045,4d283c4d-ddfc-4d27-b679-7d5881e66f85,Agricultural Soil Map of Austria - Water Permeability - WFS,OGC:WFS-http-get-capabilities,https%3A%2F%2Fgis.lfrz.gv.at%2Fapi%2Fgeodata%2Fi000604%2Fogc%2Ffeatures%2Fv1%2F,Agricultural Soil Map of Austria - Water Permeability - WFS
49049,http://paikkatiedot.fi/so/1000836,NULL,http://www.opengis.net/def/serviceType/ogc/wms,https%3A%2F%2Favoin.metsakeskus.fi%2Frajapinnat%2Fv1%2Fgridcell%2Fows%3F,NULL
49051,ESMAGRAMAINESEROLAM20110616000,NZ.HazardArea,OGC:WMS-1.1.1-http-get-map,https%3A%2F%2Fwms.mapama.gob.es%2Fsig%2FBiodiversidad%2FINESErosionLaminarRaster,Erosión laminar
49058,https://data.inspire.gv.at/b78613e2-f6dc-4b9f-901c-dfe13122dd54,inspire_feldstuecke_2023-1,OGC:WMS,https%3A%2F%2Finspire.lfrz.gv.at%2F009501%2Fwms%3Fversion%3D1.3.0%26request%3DGetCapabilities,inspire_feldstuecke_2023-1
49063,"INSPIRE_SIGEC_PARC_AGRI_ANON__2018,b0691bd7-2b15-4717-94f9-dcffc28d0627",INSPIRE- Occupation des terres en Wallonie (BE) - Service de visualisation WMS,OGC:WMS,https%3A%2F%2Fgeoservices.wallonie.be%2Fgeoserver%2Finspire_lc%2Fows%3Fservice%3DWMS%26version%3D1.3.0%26request%3DGetCapabilities,"Ce service de visualisation WMS-INSPIRE permet de consulter la série de couches de données conforme au thème INSPIRE ""Occupation des terres""."
49073,https://data.inspire.gv.at/0095/97725be7-e74d-4340-847a-178ae0d4f524,inspire_schlaege_2015_point,OGC:WMS,https%3A%2F%2Finspire.lfrz.gv.at%2F009501%2Fwms%3Fversion%3D1.3.0%26request%3DGetCapabilities,INVEKOS Schläge 2015 (Point)
49079,"LU_ExistingLandUse_SIGEC2024,c4b05636-ad49-46ad-b38b-3b53b61f9759",INSPIRE - Usage des sols en Wallonie (BE) - Service de visualisation WMS,OGC:WMS,https%3A%2F%2Fgeoservices.wallonie.be%2Fgeoserver%2Finspire_lu%2Fows%3Fservice%3DWMS%26version%3D1.3.0%26request%3DGetCapabilities,NULL
49086,https://data.inspire.gv.at/0095/6d1524bc-f610-486a-be54-ba5c956af068,inspire_referenzen_2018_point,OGC:WMS,https%3A%2F%2Finspire.lfrz.gv.at%2F009501%2Fwms%3Fversion%3D1.3.0%26request%3DGetCapabilities,INVEKOS Referenzen 2018 (Point)
49169,https://data.inspire.gv.at/e499eacb-df06-4a6a-8175-b9745eeeadc4,inspire_schlaege_2020_polygon,OGC:WMS,https%3A%2F%2Finspire.lfrz.gv.at%2F009501%2Fwms%3Fversion%3D1.3.0%26request%3DGetCapabilities,INVEKOS Schläge 2020 (Polygon)
49094,https://data.inspire.gv.at/7175d2af-d188-4ec2-b079-d4c0e5417f77,inspire_schlaege_2023-2_point,OGC:WMS,https%3A%2F%2Finspire.lfrz.gv.at%2F009501%2Fwms%3Fversion%3D1.3.0%26request%3DGetCapabilities,inspire_schlaege_2023-2_point
49102,"INSPIRE_SIGEC_PARC_AGRI_ANON__2017,2f225125-1309-45b3-804c-204f62808f48",INSPIRE- Occupation des terres en Wallonie (BE) - Service de visualisation WMS,OGC:WMS,https%3A%2F%2Fgeoservices.wallonie.be%2Fgeoserver%2Finspire_lc%2Fows%3Fservice%3DWMS%26version%3D1.3.0%26request%3DGetCapabilities,"Ce service de visualisation WMS-INSPIRE permet de consulter la série de couches de données conforme au thème INSPIRE ""Occupation des terres""."
49108,https://data.inspire.gv.at/b037d48d-06f3-4af2-ac48-ae07e7ca1e00,inspire_schlaege_2024-2_point,OGC:WMS,https%3A%2F%2Finspire.lfrz.gv.at%2F009501%2Fwms%3Fversion%3D1.3.0%26request%3DGetCapabilities,inspire_schlaege_2024-2_point
49116,"INSPIRE_SIGEC_PARC_AGRI_ANON__2015,82a3db7f-092c-4e9a-a97e-b92b31eeafe1",Service de visualisation WMS - Inspire,OGC:WMS,https%3A%2F%2Fgeoservices.wallonie.be%2Fgeoserver%2Finspire_lc%2Fows%3Fservice%3DWMS%26version%3D1.3.0%26request%3DGetCapabilities,"Ce service de visualisation WMS-INSPIRE permet de consulter la série de couches de données conforme au thème INSPIRE ""Occupation des terres""."
49121,https://data.inspire.gv.at/bbd8ee1b-76a1-451f-88ef-84e9c7a1faaf,inspire_schlaege_2024-1_point,OGC:WMS,https%3A%2F%2Finspire.lfrz.gv.at%2F009501%2Fwms%3Fversion%3D1.3.0%26request%3DGetCapabilities,inspire_schlaege_2024-1_point
49132,https://data.inspire.gv.at/0095/c2412b1f-b77d-435a-b76a-d56f4609266e,inspire_feldstuecke_2019,OGC:WMS,https%3A%2F%2Finspire.lfrz.gv.at%2F009501%2Fwms%3Fversion%3D1.3.0%26request%3DGetCapabilities,INVEKOS Feldstücke 2019
49139,https://data.inspire.gv.at/0095/bdddeedb-5381-43cd-8c48-88a946ae2d0b,inspire_schlaege_2018_point,OGC:WMS,https%3A%2F%2Finspire.lfrz.gv.at%2F009501%2Fwms%3Fversion%3D1.3.0%26request%3DGetCapabilities,INVEKOS Schläge 2018 (Point)
49146,https://data.inspire.gv.at/0095/546e3dff-8a23-482a-814e-b1fb3dde5562,inspire_feldstuecke_2015,OGC:WMS,https%3A%2F%2Finspire.lfrz.gv.at%2F009501%2Fwms%3Fversion%3D1.3.0%26request%3DGetCapabilities,inspire_feldstuecke_2015
49149,https://data.inspire.gv.at/76e56152-abca-4611-b88a-6ee7d48f9a61,inspire_schlaege_2022_2_point,OGC:WMS,https%3A%2F%2Finspire.lfrz.gv.at%2F009501%2Fwms%3Fversion%3D1.3.0%26request%3DGetCapabilities,inspire_schlaege_2022_2_point
49158,https://data.inspire.gv.at/88ae1d46-12f9-43a6-99f3-c3c09b9425fc,inspire_hofstellen_2023-2,OGC:WMS,https%3A%2F%2Finspire.lfrz.gv.at%2F009501%2Fwms%3Frequest%3DGetCapabilities%26version%3D1.3.0,inspire_hofstellen_2023-2
49163,https://data.inspire.gv.at/5f147bb9-7fe5-41ba-a91e-0a3595c8335e,inspire_feldstuecke_2023-2,OGC:WMS,https%3A%2F%2Finspire.lfrz.gv.at%2F009501%2Fwms%3Fversion%3D1.3.0%26request%3DGetCapabilities,inspire_feldstuecke_2023-2
49179,https://data.inspire.gv.at/0095/f77c993f-f70f-4c88-9b6c-582429b48405,inspire_feldstuecke_2017,OGC:WMS,https%3A%2F%2Finspire.lfrz.gv.at%2F009501%2Fwms%3Fversion%3D1.3.0%26request%3DGetCapabilities,INVEKOS Feldstücke 2017
49182,https://data.inspire.gv.at/90c91343-a573-4cf2-a5d9-09ccd97f13cf,inspire_hofstellen_2024-2,OGC:WMS,https%3A%2F%2Finspire.lfrz.gv.at%2F009501%2Fwms%3Frequest%3DGetCapabilities%26version%3D1.3.0,inspire_hofstellen_2024-2
49187,https://registry.gdi-de.org/id/de.be.csw/10f8e25e-217d-34dd-b6e5-e4b1c70be8a5,NULL,Darstellungsdienst - Boden im INSPIRE-Datenmodell (Bodengesellschaften und Bodenarten 2020) (WMS),https%3A%2F%2Fgdi.berlin.de%2Fservices%2Fwms%2Fso_bogeboa2020%3Frequest%3DGetCapabilities%26service%3DWMS,Darstellungsdienst - Boden im INSPIRE-Datenmodell (Bodengesellschaften und Bodenarten 2020) (WMS)
49190,"INSPIRE_SIGEC_PARC_AGRI_ANON__2019,1b15175c-9465-4613-8e15-44918e77ab22",INSPIRE- Occupation des terres en Wallonie (BE) - Service de visualisation WMS,OGC:WMS,https%3A%2F%2Fgeoservices.wallonie.be%2Fgeoserver%2Finspire_lc%2Fows%3Fservice%3DWMS%26version%3D1.3.0%26request%3DGetCapabilities,"Ce service de visualisation WMS-INSPIRE permet de consulter la série de couches de données conforme au thème INSPIRE ""Occupation des terres""."
49196,https://data.inspire.gv.at/cf1600b1-56c5-45b6-95ee-1e7a9714acdf,inspire_schlaege_2023-1_point,OGC:WMS,https%3A%2F%2Finspire.lfrz.gv.at%2F009501%2Fwms%3Fversion%3D1.3.0%26request%3DGetCapabilities,inspire_schlaege_2023-1_point
49205,https://data.inspire.gv.at/89e7d5e0-385f-40b2-9e42-fb3bb29e52a9,inspire_schlaege_2021_point,OGC:WMS,https%3A%2F%2Finspire.lfrz.gv.at%2F009501%2Fwms%3Fversion%3D1.3.0%26request%3DGetCapabilities,INVEKOS Schläge 2021 (Point)
49215,"INSPIRE_LU_ExistingLandUse_SIGEC2020,7e19a17e-8b1c-4c3c-a6a8-0443b59eeca7",INSPIRE - Usage des sols en Wallonie (BE) - Service de visualisation WMS,OGC:WMS,https%3A%2F%2Fgeoservices.wallonie.be%2Fgeoserver%2Finspire_lu%2Fows%3Fservice%3DWMS%26version%3D1.3.0%26request%3DGetCapabilities,NULL
49218,"INSPIRE_SIGEC_PARC_AGRI_ANON__2015,b7f2f896-5983-46dd-bed6-c43e15613efb",Service de visualisation WMS - Inspire,OGC:WMS,https%3A%2F%2Fgeoservices.wallonie.be%2Fgeoserver%2Finspire_lc%2Fows%3Fservice%3DWMS%26version%3D1.3.0%26request%3DGetCapabilities,"Ce service de visualisation WMS-INSPIRE permet de consulter la série de couches de données conforme au thème INSPIRE ""Occupation des terres""."
49224,"LU_ExistingLandUse_SIGEC2015,c55781da-dc96-4a8d-9e2e-c6c0e778e25f",INSPIRE - Usage des sols en Wallonie (BE) - Service de visualisation WMS,OGC:WMS,https%3A%2F%2Fgeoservices.wallonie.be%2Fgeoserver%2Finspire_lu%2Fows%3Fservice%3DWMS%26version%3D1.3.0%26request%3DGetCapabilities,NULL
49227,https://data.inspire.gv.at/762116b3-ef95-479a-8a50-50e42da2092e,inspire_feldstuecke_2020,OGC:WMS,https%3A%2F%2Finspire.lfrz.gv.at%2F009501%2Fwms%3Fversion%3D1.3.0%26request%3DGetCapabilities,INVEKOS Feldstücke 2020
49231,"/LC_AgriculturalArea_LPIS_2022,d752fab9-4560-4a32-9da6-227b51fca867",INSPIRE- Occupation des terres en Wallonie (BE) - Service de visualisation WMS,OGC:WMS,https%3A%2F%2Fgeoservices.wallonie.be%2Fgeoserver%2Finspire_lc%2Fows%3Fservice%3DWMS%26version%3D1.3.0%26request%3DGetCapabilities,"Ce service de visualisation WMS-INSPIRE permet de consulter la série de couches de données conforme au thème INSPIRE ""Occupation des terres""."
49237,https://data.inspire.gv.at/ce83d9d5-9dd8-4094-bd3b-345cde487bc7,inspire_referenzen_2025-1_point,OGC:WMS,https%3A%2F%2Finspire.lfrz.gv.at%2F009501%2Fwms%3Fversion%3D1.3.0%26request%3DGetCapabilities,inspire_referenzen_2025-1_point
49257,https://data.inspire.gv.at/b2bd27c3-ccd9-4e5a-98ce-28deab1266f5,inspire_schlaege_2025-1_point,OGC:WMS,https%3A%2F%2Finspire.lfrz.gv.at%2F009501%2Fwms%3Fversion%3D1.3.0%26request%3DGetCapabilities,inspire_schlaege_2025-1_point
49267,"LU_ExistingLandUse_SIGEC2021,a34c3c16-5ec5-41c6-839b-d1a587b52fa2",INSPIRE - Usage des sols en Wallonie (BE) - Service de visualisation WMS,OGC:WMS,https%3A%2F%2Fgeoservices.wallonie.be%2Fgeoserver%2Finspire_lu%2Fows%3Fservice%3DWMS%26version%3D1.3.0%26request%3DGetCapabilities,NULL
49272,"LU_ExistingLandUse_SIGEC2017,14952d61-ec09-455a-ac6b-805aa03ff297",INSPIRE - Usage des sols en Wallonie (BE) - Service de visualisation WMS,OGC:WMS,https%3A%2F%2Fgeoservices.wallonie.be%2Fgeoserver%2Finspire_lu%2Fows%3Fservice%3DWMS%26version%3D1.3.0%26request%3DGetCapabilities,NULL
49277,https://data.inspire.gv.at/0095/b6134075-0fb5-4278-bbbd-2cf48a776d2d,inspire_feldstuecke_2018,OGC:WMS,https%3A%2F%2Finspire.lfrz.gv.at%2F009501%2Fwms%3Fversion%3D1.3.0%26request%3DGetCapabilities,INVEKOS Feldstücke 2018
49279,"INSPIRE_SIGEC_PARC_AGRI_ANON__2020,1aecd74a-e1a7-498c-b749-f0a256ba2834",INSPIRE- Occupation des terres en Wallonie (BE) - Service de visualisation WMS,OGC:WMS,https%3A%2F%2Fgeoservices.wallonie.be%2Fgeoserver%2Finspire_lc%2Fows%3Fservice%3DWMS%26version%3D1.3.0%26request%3DGetCapabilities,"Ce service de visualisation WMS-INSPIRE permet de consulter la série de couches de données conforme au thème INSPIRE ""Occupation des terres""."
49288,"INSPIRE_LU_ExistingLandUse_SIGEC2018,2f747a5b-0278-43b7-91a6-d3b2d2b52323",INSPIRE - Usage des sols en Wallonie (BE) - Service de visualisation WMS,OGC:WMS,https%3A%2F%2Fgeoservices.wallonie.be%2Fgeoserver%2Finspire_lu%2Fows%3Fservice%3DWMS%26version%3D1.3.0%26request%3DGetCapabilities,NULL
56440,faee466f-27c1-44c9-bcb8-3c2bec8b1116,0,ogc:wms,https%3A%2F%2Fservices.bgr.de%2Fwms%2Fboden%2Fphysgru1000%2F%3F,"Die Karte der physiologischen Gründigkeit der Böden in Deutschland gibt einen Überblick über die Mächtigkeit des durchwurzelbaren Raumes unterhalb der Erdoberfläche in Dezimeter. Die physiologische Gründigkeit beschreibt die Durchwurzelbarkeit des Bodens. Sie wird durch festes Gestein, verfestigte Bänke und Horizonte sowie von anstehendem Grundwasser begrenzt. Die Karte basiert auf der Auswertung der nutzungsdifferenzierten Bodenübersichtskarte 1:1.000.000 (BUEK1000N) und zeigt den metrischen Wert der Gründigkeit in klassifizierter Form an. Die Methode ist aus der Bodenkundlichen Kartieranleitung (KA5) abgeleitet und im MethodenWIKI des FISBo BGR dokumentiert. Zur nutzungsabhängigen Differenzierung der Profildaten werden die Landnutzungsdaten aus CORINE Land Cover 2006 genutzt."
56501,r_lombar:b0d7df16-b9d0-49bb-ba32-e3604df79c1f,NULL,WMS,https%3A%2F%2Fwww.cartografia.servizirl.it%2Farcgis1%2Fservices%2Fterritorio%2FPericolosita_sismica_locale_linee%2FMapServer%2FWMSServer%3Frequest%3DGetCapabilities%26service%3DWMS,NULL
56503,r_lombar:b0d7df16-b9d0-49bb-ba32-e3604df79c1f,NULL,WFS,https%3A%2F%2Fwww.cartografia.servizirl.it%2Farcgis1%2Fservices%2Fterritorio%2FPericolosita_sismica_locale_linee%2FMapServer%2FWFSServer%3Frequest%3DGetCapabilities%26service%3DWFS,NULL
56512,e4bea75c-9785-4460-9425-b97465885ee4,WFS,OGC:WFS,https%3A%2F%2Fwww.dov.vlaanderen.be%2Fgeoserver-inspire%2Fphvalue%2Fwfs%3F,WFS INSPIRE geharmoniseerd - pHwaarde - Databank Ondergrond Vlaanderen
56513,e4bea75c-9785-4460-9425-b97465885ee4,WFS,OGC:WFS-2.0.0-http-get-capabilities,https%3A%2F%2Fwww.dov.vlaanderen.be%2Fgeoserver-inspire%2Fphvalue%2Fwfs%3Fservice%3DWFS%26version%3D2.0.0%26request%3DGetCapabilities,WFS INSPIRE geharmoniseerd - pHwaarde - Databank Ondergrond Vlaanderen
56514,e4bea75c-9785-4460-9425-b97465885ee4,WFS,OGC:WFS-2.0.0-http-describefeaturetype,https%3A%2F%2Fwww.dov.vlaanderen.be%2Fgeoserver-inspire%2Fphvalue%2Fwfs%3Fservice%3DWFS%26version%3D2.0.0%26request%3DDescribeFeatureType,WFS INSPIRE geharmoniseerd - pHwaarde - Databank Ondergrond Vlaanderen
56515,e4bea75c-9785-4460-9425-b97465885ee4,WFS,OGC:WFS-2.0.0-http-get-feature,https%3A%2F%2Fwww.dov.vlaanderen.be%2Fgeoserver-inspire%2Fphvalue%2Fwfs%3Fservice%3DWFS%26version%3D2.0.0%26request%3DGetFeature,WFS INSPIRE geharmoniseerd - pHwaarde - Databank Ondergrond Vlaanderen
56516,c593b63e-3762-425b-b233-f0efa90d028c,WFS,OGC:WFS,https%3A%2F%2Fwww.dov.vlaanderen.be%2Fgeoserver-inspire%2Fsoilsite%2Fwfs%3F,WFS INSPIRE geharmoniseerd - Bodemsites - Databank Ondergrond Vlaanderen
56517,c593b63e-3762-425b-b233-f0efa90d028c,WFS,OGC:WFS-2.0.0-http-get-capabilities,https%3A%2F%2Fwww.dov.vlaanderen.be%2Fgeoserver-inspire%2Fsoilsite%2Fwfs%3Fservice%3DWFS%26version%3D2.0.0%26request%3DGetCapabilities,WFS INSPIRE geharmoniseerd - Bodemsites - Databank Ondergrond Vlaanderen
56518,c593b63e-3762-425b-b233-f0efa90d028c,WFS,OGC:WFS-2.0.0-http-describefeaturetype,https%3A%2F%2Fwww.dov.vlaanderen.be%2Fgeoserver-inspire%2Fsoilsite%2Fwfs%3Fservice%3DWFS%26version%3D2.0.0%26request%3DDescribeFeatureType,WFS INSPIRE geharmoniseerd - Bodemsites - Databank Ondergrond Vlaanderen
56519,c593b63e-3762-425b-b233-f0efa90d028c,WFS,OGC:WFS-2.0.0-http-get-feature,https%3A%2F%2Fwww.dov.vlaanderen.be%2Fgeoserver-inspire%2Fsoilsite%2Fwfs%3Fservice%3DWFS%26version%3D2.0.0%26request%3DGetFeature,WFS INSPIRE geharmoniseerd - Bodemsites - Databank Ondergrond Vlaanderen
56522,http://paikkatiedot.fi/so/1000835,NULL,http://www.opengis.net/def/serviceType/ogc/wms,https%3A%2F%2Favoin.metsakeskus.fi%2Frajapinnat%2Fv1%2Fstand%2Fows%3F,NULL
56575,r_piemon:19a03f12-06ad-4f24-bb2a-3d3fe7008d07,MappaPopolamentiSeme,Web Map Service (WMS),https%3A%2F%2Fgisserver.territorio.csi.it%2Fgeoserver%2Fdecsiraogc_geo_pop_seme%2Fwms%3F,NULL
56576,r_piemon:19a03f12-06ad-4f24-bb2a-3d3fe7008d07,Risorse genetiche forestali - Mappa,Web Feature Service (WFS),https%3A%2F%2Fgisserver.territorio.csi.it%2Fgeoserver%2Fdecsiraogc_geo_pop_seme%2Fwfs%3Fservice%3DWFS%26version%3D1.0.0%26request%3DgetCapabilities,NULL
56579,fe262fab-a89f-41ff-84f2-039aca845795,WFS,OGC:WFS,https%3A%2F%2Fwww.dov.vlaanderen.be%2Fgeoserver-inspire%2Fphysicalparameter%2Fwfs%3F,WFS INSPIRE geharmoniseerd - Fysische parameter - Databank Ondergrond Vlaanderen
56580,fe262fab-a89f-41ff-84f2-039aca845795,WFS,OGC:WFS-2.0.0-http-get-capabilities,https%3A%2F%2Fwww.dov.vlaanderen.be%2Fgeoserver-inspire%2Fphysicalparameter%2Fwfs%3Fservice%3DWFS%26version%3D2.0.0%26request%3DGetCapabilities,WFS INSPIRE geharmoniseerd - Fysische parameter - Databank Ondergrond Vlaanderen
56581,fe262fab-a89f-41ff-84f2-039aca845795,WFS,OGC:WFS-2.0.0-http-describefeaturetype,https%3A%2F%2Fwww.dov.vlaanderen.be%2Fgeoserver-inspire%2Fphysicalparameter%2Fwfs%3Fservice%3DWFS%26version%3D2.0.0%26request%3DDescribeFeatureType,WFS INSPIRE geharmoniseerd - Fysische parameter - Databank Ondergrond Vlaanderen
56582,fe262fab-a89f-41ff-84f2-039aca845795,WFS,OGC:WFS-2.0.0-http-get-feature,https%3A%2F%2Fwww.dov.vlaanderen.be%2Fgeoserver-inspire%2Fphysicalparameter%2Fwfs%3Fservice%3DWFS%26version%3D2.0.0%26request%3DGetFeature,WFS INSPIRE geharmoniseerd - Fysische parameter - Databank Ondergrond Vlaanderen
56587,r_friuve:m3979-cc-i1486,NULL,Web Map Service (WMS),https%3A%2F%2Fserviziogc.regione.fvg.it%2Fgeoserver%2FCAR_GEO%2Fwms%3Frequest%3DGetCapabilities%26service%3Dwms%26version%3D1.3.0,NULL
56588,r_friuve:m3979-cc-i1486,NULL,Web Feature Service (WFS),https%3A%2F%2Fserviziogc.regione.fvg.it%2Fgeoserver%2FCAR_GEO%2Fwfs%3Frequest%3DGetCapabilities%26service%3Dwfs%26version%3D2.0.0,NULL
56593,329b35a2-df6b-4317-bc82-a10fa4ec9b0b,WFS,OGC:WFS,https%3A%2F%2Fwww.dov.vlaanderen.be%2Fgeoserver-inspire%2Forganiccarboncontent%2Fwfs%3F,WFS INSPIRE geharmoniseerd - Organische C-percentage - Databank Ondergrond Vlaanderen
56594,329b35a2-df6b-4317-bc82-a10fa4ec9b0b,WFS,OGC:WFS-2.0.0-http-get-capabilities,https%3A%2F%2Fwww.dov.vlaanderen.be%2Fgeoserver-inspire%2Forganiccarboncontent%2Fwfs%3Fservice%3DWFS%26version%3D2.0.0%26request%3DGetCapabilities,WFS INSPIRE geharmoniseerd - Organische C-percentage - Databank Ondergrond Vlaanderen
56595,329b35a2-df6b-4317-bc82-a10fa4ec9b0b,WFS,OGC:WFS-2.0.0-http-describefeaturetype,https%3A%2F%2Fwww.dov.vlaanderen.be%2Fgeoserver-inspire%2Forganiccarboncontent%2Fwfs%3Fservice%3DWFS%26version%3D2.0.0%26request%3DDescribeFeatureType,WFS INSPIRE geharmoniseerd - Organische C-percentage - Databank Ondergrond Vlaanderen
56596,329b35a2-df6b-4317-bc82-a10fa4ec9b0b,WFS,OGC:WFS-2.0.0-http-get-feature,https%3A%2F%2Fwww.dov.vlaanderen.be%2Fgeoserver-inspire%2Forganiccarboncontent%2Fwfs%3Fservice%3DWFS%26version%3D2.0.0%26request%3DGetFeature,WFS INSPIRE geharmoniseerd - Organische C-percentage - Databank Ondergrond Vlaanderen
56615,https://registry.geology.cz/id/NGMD-GEOCR50_PED-SDE-WMS,INSPIRE prohlížecí služba (CS),WMS,https%3A%2F%2Fmapy.geology.cz%2Farcgis%2Fservices%2FPudy%2Fpudni_typy50%2FMapServer%2FWmsServer%3FSERVICE%3DWMS%26REQUEST%3DGetCapabilities,NULL
56616,7d2a00fb-2df8-4827-83eb-42aa447fe2e3,https://inspire.geoportaal.ee/geoserver/SO_pinnas/wms?,OGC:WMS,https%3A%2F%2Finspire.geoportaal.ee%2Fgeoserver%2FSO_pinnas%2Fwms%3Fservice%3DWMS%26version%3D1.3.0%26request%3DGetCapabilities,Andmed INSPIRE andmemudelil.
56620,https://registry.gdi-de.org/id/de.be.csw/4fdd1fd5-5bbf-3458-a2b8-f55c6458fa7e,NULL,Downloaddienst - Planungshinweise zum Bodenschutz 2020 (Umweltatlas) (WFS),https%3A%2F%2Fgdi.berlin.de%2Fservices%2Fwfs%2Fua_boden_bodplan_2020%3Frequest%3DGetCapabilities%26service%3DWFS,Downloaddienst - Planungshinweise zum Bodenschutz 2020 (Umweltatlas) (WFS)
56625,https://registry.gdi-de.org/id/de.be.csw/56d6477e-df03-3046-9641-78908163178f,NULL,Downloaddienst - Nutzbare Feldkapazität der Böden für Flachwurzler 2020 (Umweltatlas) (WFS),https%3A%2F%2Fgdi.berlin.de%2Fservices%2Fwfs%2Fua_boden_nfk30_2020%3Frequest%3DGetCapabilities%26service%3DWFS,Downloaddienst - Nutzbare Feldkapazität der Böden für Flachwurzler 2020 (Umweltatlas) (WFS)
56633,98c07588-0860-4cf4-a4bf-48db4faf39f7,https://inspire.geoportaal.ee/geoserver/SO_pinnas/wfs?,OGC:WFS,https%3A%2F%2Finspire.geoportaal.ee%2Fgeoserver%2FSO_pinnas%2Fwfs%3Fservice%3DWFS%26version%3D2.0.0%26request%3DGetCapabilities,Andmed INSPIRE andmemudelil.
56635,https://registry.gdi-de.org/id/de.be.csw/a84c212a-a92b-3439-abee-31254223455f,NULL,Darstellungsdienst - Bodenkundliche Kartierungen - Übersicht (WMS),https%3A%2F%2Fgdi.berlin.de%2Fservices%2Fwms%2Fbodenkundliche_kartierungen%3Frequest%3DGetCapabilities%26service%3DWMS,Darstellungsdienst - Bodenkundliche Kartierungen - Übersicht (WMS)
56636,https://registry.gdi-de.org/id/de.be.csw/a84c212a-a92b-3439-abee-31254223455f,NULL,Downloaddienst - Bodenkundliche Kartierungen - Übersicht (WFS),https%3A%2F%2Fgdi.berlin.de%2Fservices%2Fwfs%2Fbodenkundliche_kartierungen%3Frequest%3DGetCapabilities%26service%3DWFS,Downloaddienst - Bodenkundliche Kartierungen - Übersicht (WFS)
56640,https://registry.gdi-de.org/id/de.be.csw/2f8cda6a-c852-3f6f-951a-117de3d02b3c,NULL,Downloaddienst - Nährstoffspeicher- / Schadstoffbindungsvermögen der Böden (KAKeff-Wert) 2020 (Umweltatlas) (WFS),https%3A%2F%2Fgdi.berlin.de%2Fservices%2Fwfs%2Fua_boden_schadstoff_2020%3Frequest%3DGetCapabilities%26service%3DWFS,Downloaddienst - Nährstoffspeicher- / Schadstoffbindungsvermögen der Böden (KAKeff-Wert) 2020 (Umweltatlas) (WFS)
56643,https://registry.gdi-de.org/id/de.be.csw/2435d0e9-e7f9-32d2-8a28-0e9c99a799f0,NULL,Darstellungsdienst - Mittlere effektive Kationenaustauschkapazität (KAKeff) der Böden 2020 (Umweltatlas) (WMS),https%3A%2F%2Fgdi.berlin.de%2Fservices%2Fwms%2Fua_boden_kakeff_2020%3Frequest%3DGetCapabilities%26service%3DWMS,Darstellungsdienst - Mittlere effektive Kationenaustauschkapazität (KAKeff) der Böden 2020 (Umweltatlas) (WMS)
56646,https://registry.gdi-de.org/id/de.be.csw/757e6225-bc3f-3f1d-b5b0-709eb50018a8,NULL,Downloaddienst - Mittelmaßstäbige Landwirtschaftliche Standortkartierung (MMK) (WFS),https%3A%2F%2Fgdi.berlin.de%2Fservices%2Fwfs%2Fmmk2004%3Frequest%3DGetCapabilities%26service%3DWFS,Downloaddienst - Mittelmaßstäbige Landwirtschaftliche Standortkartierung (MMK) (WFS)
56652,3315c83b-cbf2-4941-902e-8962476d0a5f,s0100_seismic_zones,OGC:WMS,https%3A%2F%2Fgislocal.md%2Fgeoserver%2Fapl%2Fwms,Zone Seismice mun. Chișinău
56656,https://registry.gdi-de.org/id/de.be.csw/641f335c-63e7-315f-8d3a-64d48daa0e68,NULL,Downloaddienst - Wasserversorgung der Böden 2020 (Umweltatlas) (WFS),https%3A%2F%2Fgdi.berlin.de%2Fservices%2Fwfs%2Fua_boden_wasserversorgung_2020%3Frequest%3DGetCapabilities%26service%3DWFS,Downloaddienst - Wasserversorgung der Böden 2020 (Umweltatlas) (WFS)
56666,https://registry.gdi-de.org/id/de.be.csw/4d174111-4c4f-3935-998a-4d16a330695f,NULL,Darstellungsdienst - Nutzbare Feldkapazität der Böden des effektiven Wurzelraumes 2020 (Umweltatlas) (WMS),https%3A%2F%2Fgdi.berlin.de%2Fservices%2Fwms%2Fua_boden_nfkwe_2020%3Frequest%3DGetCapabilities%26service%3DWMS,Darstellungsdienst - Nutzbare Feldkapazität der Böden des effektiven Wurzelraumes 2020 (Umweltatlas) (WMS)
56668,https://registry.gdi-de.org/id/de.be.csw/251b24d3-834d-3a04-8f68-b371640f6c8d,NULL,Downloaddienst - Humusmenge der Böden 2020 (Umweltatlas) (WFS),https%3A%2F%2Fgdi.berlin.de%2Fservices%2Fwfs%2Fua_boden_humus_2020%3Frequest%3DGetCapabilities%26service%3DWFS,Downloaddienst - Humusmenge der Böden 2020 (Umweltatlas) (WFS)
56669,https://registry.gdi-de.org/id/de.be.csw/b8139272-bc73-3974-b5f1-1cf56a2e9e98,NULL,Downloaddienst - Austauschhäufigkeit des Bodenwassers 2020 (Umweltatlas) (WFS),https%3A%2F%2Fgdi.berlin.de%2Fservices%2Fwfs%2Fua_boden_austauschh_2020%3Frequest%3DGetCapabilities%26service%3DWFS,Downloaddienst - Austauschhäufigkeit des Bodenwassers 2020 (Umweltatlas) (WFS)
56670,https://registry.gdi-de.org/id/de.be.csw/31381c4e-6552-3e70-8893-49636afc8aca,NULL,Darstellungsdienst - Regelungsfunktion für den Wasserhaushalt der Böden 2020 (Umweltatlas) (WMS),https%3A%2F%2Fgdi.berlin.de%2Fservices%2Fwms%2Fua_boden_regelfkt_2020%3Frequest%3DGetCapabilities%26service%3DWMS,Darstellungsdienst - Regelungsfunktion für den Wasserhaushalt der Böden 2020 (Umweltatlas) (WMS)
56674,https://registry.gdi-de.org/id/de.be.csw/f1090666-6381-32f8-9a01-b3750af1f8a0,NULL,Darstellungsdienst - Mittelmaßstäbige Landwirtschaftliche Standortkartierung (MMK) (WMS),https%3A%2F%2Fgdi.berlin.de%2Fservices%2Fwms%2Fmmk2004%3Frequest%3DGetCapabilities%26service%3DWMS,Darstellungsdienst - Mittelmaßstäbige Landwirtschaftliche Standortkartierung (MMK) (WMS)
56675,https://registry.gdi-de.org/id/de.be.csw/f1090666-6381-32f8-9a01-b3750af1f8a0,NULL,Downloaddienst - Mittelmaßstäbige Landwirtschaftliche Standortkartierung (MMK) (WFS),https%3A%2F%2Fgdi.berlin.de%2Fservices%2Fwfs%2Fmmk2004%3Frequest%3DGetCapabilities%26service%3DWFS,Downloaddienst - Mittelmaßstäbige Landwirtschaftliche Standortkartierung (MMK) (WFS)
56679,https://registry.gdi-de.org/id/de.be.csw/958cc0e0-8828-3a81-94a6-942458914b56,NULL,Downloaddienst - Leistungsfähigkeit der Böden 2020 (Umweltatlas) (WFS),https%3A%2F%2Fgdi.berlin.de%2Fservices%2Fwfs%2Fua_boden_leist_2020%3Frequest%3DGetCapabilities%26service%3DWFS,Downloaddienst - Leistungsfähigkeit der Böden 2020 (Umweltatlas) (WFS)
56680,https://registry.gdi-de.org/id/de.be.csw/c758418c-7a55-300d-bfac-15fa940bfb87,NULL,Downloaddienst - Bindungsstärke für Schwermetalle der Böden 2020 (Umweltatlas) (WFS),https%3A%2F%2Fgdi.berlin.de%2Fservices%2Fwfs%2Fua_boden_bindung_2020%3Frequest%3DGetCapabilities%26service%3DWFS,Downloaddienst - Bindungsstärke für Schwermetalle der Böden 2020 (Umweltatlas) (WFS)
56682,r_vda:03755-DATA,NULL,Web Map Service (WMS),https%3A%2F%2Fgeoservizi.regione.vda.it%2Fgeoserver%2FsctGeologia%2Fwms%3Fservice%3DWMS%26version%3D1.1.0%26request%3DGetCapabilities,NULL
56688,https://registry.gdi-de.org/id/de.be.csw/7e472e4b-36a1-34fc-adbb-aeadd6cfa238,NULL,Darstellungsdienst - Puffervermögen im organischen Kohlenstoffhaushalt der Böden 2020 (Umweltatlas) (WMS),https%3A%2F%2Fgdi.berlin.de%2Fservices%2Fwms%2Fua_boden_kohlenstoffpuffer_2020%3Frequest%3DGetCapabilities%26service%3DWMS,Darstellungsdienst - Puffervermögen im organischen Kohlenstoffhaushalt der Böden 2020 (Umweltatlas) (WMS)
56690,https://registry.gdi-de.org/id/de.be.csw/cd8e1310-8399-3710-8416-4e6bb40efda6,NULL,Downloaddienst - Archivfunktion der Böden für die Naturgeschichte 2020 (Umweltatlas) (WFS),https%3A%2F%2Fgdi.berlin.de%2Fservices%2Fwfs%2Fua_boden_archivfkt_2020%3Frequest%3DGetCapabilities%26service%3DWFS,Downloaddienst - Archivfunktion der Böden für die Naturgeschichte 2020 (Umweltatlas) (WFS)
56693,http://www.lgl-bw.de/68953e74-cc0f-11ea-815e-005056865142,INSPIRE-WMS BW Boden ALKIS,OGC:WMS-http-get-map,https%3A%2F%2Fowsproxy.lgl-bw.de%2Fowsproxy%2Fows%2FWMS_INSP_BW_Boden_ALKIS%3F,NULL
56697,3ef63e0d-591a-4047-a2c4-339546ed2bd7,Agricultural Soil Map of Austria - Soil characteristic Humus Form,OGC:WMS,https%3A%2F%2Finspire.lfrz.gv.at%2F000604%2Fwms%3Fversion%3D1.3.0%26request%3DGetCapabilities,Agricultural Soil Map of Austria - Soil characteristic Humus Form
56700,3ef63e0d-591a-4047-a2c4-339546ed2bd7,Agricultural Soil Map of Austria - Humus Form - WFS,OGC:WFS-http-get-capabilities,https%3A%2F%2Fgis.lfrz.gv.at%2Fapi%2Fgeodata%2Fi000604%2Fogc%2Ffeatures%2Fv1%2F,Agricultural Soil Map of Austria - Humus Form - WFS
56710,r_friuve:m3976-cc-i1481,NULL,Web Feature Service (WFS),https%3A%2F%2Fserviziogc.regione.fvg.it%2Fgeoserver%2FCAR_GEO%2Fwfs%3Frequest%3DGetCapabilities%26service%3Dwfs%26version%3D2.0.0,NULL
56711,r_friuve:m3976-cc-i1481,NULL,Web Map Service (WMS),https%3A%2F%2Fserviziogc.regione.fvg.it%2Fgeoserver%2FCAR_GEO%2Fwms%3Frequest%3DGetCapabilities%26service%3Dwms%26version%3D1.3.0,NULL
56716,ESMAGRAMAWMSINESEROPOT20110616000,NZ.HazardArea,OGC:WMS-1.1.1-http-get-map,https%3A%2F%2Fwms.mapama.gob.es%2Fsig%2FBiodiversidad%2FINESErosionPotencial,Erosión Potencial
56718,9eb263f1-2fa8-4647-9ff9-295b332e93cc,Agricultural Soil Map of Austria - Soil characteristic Soil Depth,OGC:WMS,https%3A%2F%2Finspire.lfrz.gv.at%2F000604%2Fwms%3Fversion%3D1.3.0%26request%3DGetCapabilities,Agricultural Soil Map of Austria - Soil characteristic Soil Depth
56722,9eb263f1-2fa8-4647-9ff9-295b332e93cc,Agricultural Soil Map of Austria - Soil Depth - WFS,OGC:WFS-http-get-capabilities,https%3A%2F%2Fgis.lfrz.gv.at%2Fapi%2Fgeodata%2Fi000604%2Fogc%2Ffeatures%2Fv1%2F,Agricultural Soil Map of Austria - Soil Depth - WFS
56723,https://www.dov.vlaanderen.be/dataset/127c3b51-d606-47f8-8c35-df7301b35ca2,carbon_40,OGC:WMS-1.3.0-http-get-capabilities,https%3A%2F%2Fwww.dov.vlaanderen.be%2Fgeoserver%2Forganische_koolstof%2Fwms%3FSERVICE%3DWMS%26version%3D1.3.0%26request%3DGetCapabilities,WMS-capabilities Soil Organic Carbon Stock Maps for Belgium: mean (40 m grid)
56725,https://www.dov.vlaanderen.be/dataset/127c3b51-d606-47f8-8c35-df7301b35ca2,carbon_40,OGC:WMS-1.3.0-http-get-map,https%3A%2F%2Fwww.dov.vlaanderen.be%2Fgeoserver%2Forganische_koolstof%2Fwms%3FSERVICE%3DWMS%26version%3D1.3.0%26request%3DGetMap,WMS-map Soil Organic Carbon Stock Maps for Belgium: mean (40 m grid)
56726,https://www.dov.vlaanderen.be/dataset/127c3b51-d606-47f8-8c35-df7301b35ca2,carbon_40,OGC:WMS,https%3A%2F%2Fwww.dov.vlaanderen.be%2Fgeoserver%2Forganische_koolstof%2Fwms%3F,WMS-endpoint Soil Organic Carbon Stock Maps for Belgium: mean (40 m grid)
56727,https://www.dov.vlaanderen.be/dataset/127c3b51-d606-47f8-8c35-df7301b35ca2,organische_koolstof:carbon_40,OGC:WCS-2.0.1-http-get-capabilities,https%3A%2F%2Fwww.dov.vlaanderen.be%2Fgeoserver%2Forganische_koolstof%2Fwcs%3FSERVICE%3DWCS%26version%3D2.0.1%26request%3DGetCapabilities,WCS-capabilities Soil Organic Carbon Stock Maps for Belgium: mean (40 m grid)
56728,https://www.dov.vlaanderen.be/dataset/127c3b51-d606-47f8-8c35-df7301b35ca2,carbon_40,OGC:WCS-2.0.1-http-get-coverage,https%3A%2F%2Fwww.dov.vlaanderen.be%2Fgeoserver%2Forganische_koolstof%2Fwcs%3FSERVICE%3DWCS%26version%3D2.0.1%26request%3DGetCoverage,WCS-coverage Soil Organic Carbon Stock Maps for Belgium: mean (40 m grid)
56729,https://www.dov.vlaanderen.be/dataset/127c3b51-d606-47f8-8c35-df7301b35ca2,carbon_40,OGC:WCS,https%3A%2F%2Fwww.dov.vlaanderen.be%2Fgeoserver%2Forganische_koolstof%2Fwcs%3F,WCS-endpoint Soil Organic Carbon Stock Maps for Belgium: mean (40 m grid)
56733,https://registry.gdi-de.org/id/de.be.csw/21eb4339-a115-358e-be36-c63b8cf57319,NULL,Downloaddienst - Summe austauschbarer basischer Kationen des Oberbodens (S-Wert) 2020 (Umweltatlas) (WFS),https%3A%2F%2Fgdi.berlin.de%2Fservices%2Fwfs%2Fua_boden_sumkat_2020%3Frequest%3DGetCapabilities%26service%3DWFS,Downloaddienst - Summe austauschbarer basischer Kationen des Oberbodens (S-Wert) 2020 (Umweltatlas) (WFS)
56734,ESMAGRAMAWMSINESEROCAU20110616000,NZ.HazardArea,OGC:WMS-1.1.1-http-get-map,https%3A%2F%2Fwms.mapama.gob.es%2Fsig%2FBiodiversidad%2FINESErosionCauces,Erosión en cauces
56749,r_friuve:m3881-cc-i1449,NULL,Web Feature Service (WFS),https%3A%2F%2Fserviziogc.regione.fvg.it%2Fgeoserver%2FCAR_GEO%2Fwfs%3Frequest%3DGetCapabilities%26service%3Dwfs%26version%3D2.0.0,NULL
56750,r_friuve:m3881-cc-i1449,NULL,Web Map Service (WMS),https%3A%2F%2Fserviziogc.regione.fvg.it%2Fgeoserver%2FCAR_GEO%2Fwms%3Frequest%3DGetCapabilities%26service%3Dwms%26version%3D1.3.0,NULL
56781,ESMAGRAMAWMSINESEOLICA20110616000,NZ.HazardArea,OGC:WMS-1.1.1-http-get-map,https%3A%2F%2Fwms.mapama.gob.es%2Fsig%2FBiodiversidad%2FINESErosionEolica,Erosión Eólica
56785,https://registry.gdi-de.org/id/de.be.csw/162bcd8a-767e-39c5-a9d7-4e1aefc48fdd,NULL,Darstellungsdienst - Bodengesellschaften 2020 (Umweltatlas) (WMS),https%3A%2F%2Fgdi.berlin.de%2Fservices%2Fwms%2Fua_bodengesellschaften_2020%3Frequest%3DGetCapabilities%26service%3DWMS,Darstellungsdienst - Bodengesellschaften 2020 (Umweltatlas) (WMS)
56786,https://registry.gdi-de.org/id/de.be.csw/162bcd8a-767e-39c5-a9d7-4e1aefc48fdd,NULL,Downloaddienst - Bodengesellschaften 2020 (Umweltatlas) (WFS),https%3A%2F%2Fgdi.berlin.de%2Fservices%2Fwfs%2Fua_bodengesellschaften_2020%3Frequest%3DGetCapabilities%26service%3DWFS,Downloaddienst - Bodengesellschaften 2020 (Umweltatlas) (WFS)
56787,https://registry.gdi-de.org/id/de.be.csw/162bcd8a-767e-39c5-a9d7-4e1aefc48fdd,NULL,Downloaddienst - Bodengesellschaften und Bodenarten 2020 (Umweltatlas) (WFS),https%3A%2F%2Fgdi.berlin.de%2Fservices%2Fwfs%2Fua_boden_1_2020%3Frequest%3DGetCapabilities%26service%3DWFS,Downloaddienst - Bodengesellschaften und Bodenarten 2020 (Umweltatlas) (WFS)
56795,r_lombar:89fd2121-9e9e-48e0-9007-e15ce23c4231,NULL,WMS,https%3A%2F%2Fwww.cartografia.servizirl.it%2Farcgis1%2Fservices%2Fterritorio%2FDissesti_poligonali_Art9_TitoloIV_PAI%2FMapServer%2FWMSServer%3Frequest%3DGetCapabilities%26service%3DWMS,NULL
56797,r_lombar:89fd2121-9e9e-48e0-9007-e15ce23c4231,NULL,WFS,https%3A%2F%2Fwww.cartografia.servizirl.it%2Farcgis1%2Fservices%2Fterritorio%2FDissesti_poligonali_Art9_TitoloIV_PAI%2FMapServer%2FWFSServer%3Frequest%3DGetCapabilities%26service%3DWFS,NULL
56805,20497e23-38f5-442b-b001-bdf181b1028e,NULL,OGC:WMS,https%3A%2F%2Fwms.nibio.no%2Fcgi-bin%2Fjordsmonn%3FSERVICE%3DWMS%26VERSION%3D1.3.0%26REQUEST%3DGetCapabilities,NULL
56816,https://registry.geology.cz/inspire/SO-soilBody,INSPIRE prohlížecí služba (CS),WMS,https%3A%2F%2Fmapy.geology.cz%2Farcgis%2Fservices%2FPudy%2Fpudni_typy50%2FMapServer%2FWmsServer%3FSERVICE%3DWMS%26REQUEST%3DGetCapabilities,NULL
56843,https://www.dov.vlaanderen.be/dataset/80b78280-2182-4031-ad24-2b717f110ef5,carbon_1000,OGC:WMS-1.3.0-http-get-capabilities,https%3A%2F%2Fwww.dov.vlaanderen.be%2Fgeoserver%2Forganische_koolstof%2Fwms%3FSERVICE%3DWMS%26version%3D1.3.0%26request%3DGetCapabilities,WMS-capabilities Soil Organic Carbon Stock Maps for Belgium: mean (1 km grid)
56845,https://www.dov.vlaanderen.be/dataset/80b78280-2182-4031-ad24-2b717f110ef5,carbon_1000,OGC:WMS-1.3.0-http-get-map,https%3A%2F%2Fwww.dov.vlaanderen.be%2Fgeoserver%2Forganische_koolstof%2Fwms%3FSERVICE%3DWMS%26version%3D1.3.0%26request%3DGetMap,WMS-map Soil Organic Carbon Stock Maps for Belgium: mean (1 km grid)
56846,https://www.dov.vlaanderen.be/dataset/80b78280-2182-4031-ad24-2b717f110ef5,carbon_1000,OGC:WMS,https%3A%2F%2Fwww.dov.vlaanderen.be%2Fgeoserver%2Forganische_koolstof%2Fwms%3F,WMS-endpoint Soil Organic Carbon Stock Maps for Belgium: mean (1 km grid)
56847,https://www.dov.vlaanderen.be/dataset/80b78280-2182-4031-ad24-2b717f110ef5,organische_koolstof:carbon_1000,OGC:WCS-2.0.1-http-get-capabilities,https%3A%2F%2Fwww.dov.vlaanderen.be%2Fgeoserver%2Forganische_koolstof%2Fwcs%3FSERVICE%3DWCS%26version%3D2.0.1%26request%3DGetCapabilities,WCS-capabilities Soil Organic Carbon Stock Maps for Belgium: mean (1 km grid)
56848,https://www.dov.vlaanderen.be/dataset/80b78280-2182-4031-ad24-2b717f110ef5,carbon_1000,OGC:WCS-2.0.1-http-get-coverage,https%3A%2F%2Fwww.dov.vlaanderen.be%2Fgeoserver%2Forganische_koolstof%2Fwcs%3FSERVICE%3DWCS%26version%3D2.0.1%26request%3DGetCoverage,WCS-coverage Soil Organic Carbon Stock Maps for Belgium: mean (1 km grid)
56849,https://www.dov.vlaanderen.be/dataset/80b78280-2182-4031-ad24-2b717f110ef5,carbon_1000,OGC:WCS,https%3A%2F%2Fwww.dov.vlaanderen.be%2Fgeoserver%2Forganische_koolstof%2Fwcs%3F,WCS-endpoint Soil Organic Carbon Stock Maps for Belgium: mean (1 km grid)
56884,arlpa_to:07.02.11,NULL,WMS,https%3A%2F%2Fwebgis.arpa.piemonte.it%2Fags%2Fservices%2Fgeologia%2Fgeoitinerario_valle_cervo%2FMapServer%2FWMSServer%3Frequest%3DGetCapabilities%26service%3DWMS,NULL
56885,arlpa_to:07.02.11,NULL,WFS,https%3A%2F%2Fwebgis.arpa.piemonte.it%2Fags%2Fservices%2Fgeologia%2Fgeoitinerario_valle_cervo%2FMapServer%2FWFSServer%3Frequest%3DGetCapabilities%26service%3DWFS,NULL
56886,7f2a17d7-0aed-4f30-9805-eca33234df05,Agricultural Soil Map of Austria - Soil characteristic Water Conditions,OGC:WMS,https%3A%2F%2Finspire.lfrz.gv.at%2F000604%2Fwms%3Fversion%3D1.3.0%26request%3DGetCapabilities,Agricultural Soil Map of Austria - Soil characteristic Water Conditions
56890,7f2a17d7-0aed-4f30-9805-eca33234df05,Agricultural Soil Map of Austria - Water Conditions - WFS,OGC:WFS-http-get-capabilities,https%3A%2F%2Fgis.lfrz.gv.at%2Fapi%2Fgeodata%2Fi000604%2Fogc%2Ffeatures%2Fv1%2F,Agricultural Soil Map of Austria - Water Conditions - WFS
56899,https://www.dov.vlaanderen.be/dataset/a8e9cd7a-42ad-4330-983a-6f185194bfed,SoilBody,OGC:WFS,https%3A%2F%2Fwww.dov.vlaanderen.be%2Fgeoserver-inspire%2Fsoilbody%2Fwfs%3F,WFS-endpoint INSPIRE geharmoniseerd - WRB Soil Units 40k Vlaanderen
56900,https://www.dov.vlaanderen.be/dataset/a8e9cd7a-42ad-4330-983a-6f185194bfed,soilbody:SoilBody,OGC:WFS-2.0.0-http-get-capabilities,https%3A%2F%2Fwww.dov.vlaanderen.be%2Fgeoserver-inspire%2Fsoilbody%2Fwfs%3FSERVICE%3DWFS%26version%3D2.0.0%26request%3DGetCapabilities,WFS-capabilities INSPIRE geharmoniseerd - WRB Soil Units 40k Vlaanderen
56901,https://www.dov.vlaanderen.be/dataset/a8e9cd7a-42ad-4330-983a-6f185194bfed,SoilBody,OGC:WMS-1.3.0-http-get-capabilities,https%3A%2F%2Fwww.dov.vlaanderen.be%2Fgeoserver-inspire%2Fsoilbody%2Fwms%3FSERVICE%3DWMS%26version%3D1.3.0%26request%3DGetCapabilities,WMS-capabilities INSPIRE geharmoniseerd - WRB Soil Units 40k Vlaanderen
56903,https://www.dov.vlaanderen.be/dataset/a8e9cd7a-42ad-4330-983a-6f185194bfed,SoilBody,OGC:WMS-1.3.0-http-get-map,https%3A%2F%2Fwww.dov.vlaanderen.be%2Fgeoserver-inspire%2Fsoilbody%2Fwms%3FSERVICE%3DWMS%26version%3D1.3.0%26request%3DGetMap,WMS-map INSPIRE geharmoniseerd - WRB Soil Units 40k Vlaanderen
56904,https://www.dov.vlaanderen.be/dataset/a8e9cd7a-42ad-4330-983a-6f185194bfed,SoilBody,OGC:WMS,https%3A%2F%2Fwww.dov.vlaanderen.be%2Fgeoserver-inspire%2Fsoilbody%2Fwms%3F,WMS-endpoint INSPIRE geharmoniseerd - WRB Soil Units 40k Vlaanderen
56905,https://www.dov.vlaanderen.be/dataset/a8e9cd7a-42ad-4330-983a-6f185194bfed,SoilBody,OGC:WFS-2.0.0-http-get-feature,https%3A%2F%2Fwww.dov.vlaanderen.be%2Fgeoserver-inspire%2Fsoilbody%2Fwfs%3FSERVICE%3DWFS%26version%3D2.0.0%26request%3DGetFeature%26count%3D1%26typeName%3DSoilBody,WFS-feature INSPIRE geharmoniseerd - WRB Soil Units 40k Vlaanderen
56925,226f7d26-71bf-4fbd-a1f9-c8510aeddd8a,Agricultural Soil Map of Austria - Textural Class (JRC) - WFS,OGC:WFS-http-get-capabilities,https%3A%2F%2Fgis.lfrz.gv.at%2Fapi%2Fgeodata%2Fi000604%2Fogc%2Ffeatures%2Fv1%2F,Agricultural Soil Map of Austria - Textural Class (JRC) - WFS
56934,arlpa_to:07.06.08_11,NULL,WMS,https%3A%2F%2Fwebgis.arpa.piemonte.it%2Fserver%2Fservices%2Fsuolo%2Faree_omo_cr_ni_co_v%2FMapServer%2FWMSServer%3Frequest%3DGetCapabilities%26service%3DWMS,NULL
56935,arlpa_to:07.06.08_11,NULL,WFS,https%3A%2F%2Fwebgis.arpa.piemonte.it%2Fserver%2Fservices%2Fsuolo%2Faree_omo_cr_ni_co_v%2FMapServer%2FWFSServer%3Frequest%3DGetCapabilities%26service%3DWFS,NULL
56938,"SO.SoilThemeCoverage.COT__TENEURS_1949_1972,ce58c3ed-03d5-43da-b5cf-376e8faf351c",INSPIRE - Sols en Wallonie (BE) - Service de visualisation WMS,OGC:WMS,https%3A%2F%2Fgeoservices.wallonie.be%2Fgeoserver%2Finspire_so%2Fows%3Fservice%3DWMS%26version%3D1.3.0%26request%3DGetCapabilities,NULL
56948,https://registry.gdi-de.org/id/de.be.csw/61b89356-8443-38aa-8d24-32ad6292b065,NULL,Darstellungsdienst - Boden im INSPIRE-Datenmodell (Mittelmaßstäbige Landwirtschaftliche Standortkartierung MMK) (WMS),https%3A%2F%2Fgdi.berlin.de%2Fservices%2Fwms%2Fso_mmk2004%3Frequest%3DGetCapabilities%26service%3DWMS,Darstellungsdienst - Boden im INSPIRE-Datenmodell (Mittelmaßstäbige Landwirtschaftliche Standortkartierung MMK) (WMS)
56952,920dbf25-9ed2-471b-96ad-1183e8146ec6,Capabilities van de raadpleegdienst van MercatorNet,OGC:WMS,https%3A%2F%2Fwww.mercator.vlaanderen.be%2Fraadpleegdienstenmercatorpubliek%2Fows%3FSERVICE%3DWMS%26service%3DWMS%26request%3DGetCapabilities,NULL
56953,https://registry.gdi-de.org/id/de.be.csw/05fc75f6-13ac-3339-acce-500bf10238a0,NULL,Darstellungsdienst - Moore (Umweltatlas) (WMS),https%3A%2F%2Fgdi.berlin.de%2Fservices%2Fwms%2Fua_moore%3Frequest%3DGetCapabilities%26service%3DWMS,Darstellungsdienst - Moore (Umweltatlas) (WMS)
56954,https://registry.gdi-de.org/id/de.be.csw/05fc75f6-13ac-3339-acce-500bf10238a0,NULL,Downloaddienst - Moore (Umweltatlas) (WFS),https%3A%2F%2Fgdi.berlin.de%2Fservices%2Fwfs%2Fua_moore%3Frequest%3DGetCapabilities%26service%3DWFS,Downloaddienst - Moore (Umweltatlas) (WFS)
56982,r_friuve:m3974-cc-i1478,NULL,Web Map Service (WMS),https%3A%2F%2Fserviziogc.regione.fvg.it%2Fgeoserver%2FCAR_GEO%2Fwms%3Frequest%3DGetCapabilities%26service%3Dwms%26version%3D1.3.0,NULL
56983,r_friuve:m3974-cc-i1478,NULL,Web Feature Service (WFS),https%3A%2F%2Fserviziogc.regione.fvg.it%2Fgeoserver%2FCAR_GEO%2Fwfs%3Frequest%3DGetCapabilities%26service%3Dwfs%26version%3D2.0.0,NULL
57025,"SO.SoilThemeCoverage.COT__TENEURS_2015_2019,7f867379-ebb2-4dbb-8d3d-7e6c9734b48d",INSPIRE - Sols en Wallonie (BE) - Service de visualisation WMS,OGC:WMS,https%3A%2F%2Fgeoservices.wallonie.be%2Fgeoserver%2Finspire_so%2Fows%3Fservice%3DWMS%26version%3D1.3.0%26request%3DGetCapabilities,NULL
57033,"SO.SoilThemeCoverage.COT__CV_TENEURS_2004_2014,8279ac41-903a-4196-8d5c-8fa836c949ea",INSPIRE - Sols en Wallonie (BE) - Service de visualisation WMS,OGC:WMS,https%3A%2F%2Fgeoservices.wallonie.be%2Fgeoserver%2Finspire_so%2Fows%3Fservice%3DWMS%26version%3D1.3.0%26request%3DGetCapabilities,"Ce service de visualisation WMS-INSPIRE permet de consulter la série de couches de données conforme au thème INSPIRE ""Sols""."
57037,r_vda:02963-DATA,NULL,Web Map Service (WMS),https%3A%2F%2Fgeoservizi.regione.vda.it%2Fgeoserver%2FsctAmbiti%2Fwms%3Fservice%3DWMS%26version%3D1.1.0%26request%3DGetCapabilities,NULL
57045,https://registry.gdi-de.org/id/de.be.csw/5258a51e-3e60-370d-bc4e-fb9c4e530d41,NULL,Darstellungsdienst - Boden im INSPIRE-Datenmodell (Moore) (WMS),https%3A%2F%2Fgdi.berlin.de%2Fservices%2Fwms%2Fso_moore2015%3Frequest%3DGetCapabilities%26service%3DWMS,Darstellungsdienst - Boden im INSPIRE-Datenmodell (Moore) (WMS)
57070,"SO.SoilThemeCoverage.COT__CV_TENEURS_1949_1972,b2d711b3-2d3d-425c-b838-f3275fb62fc7",INSPIRE - Sols en Wallonie (BE) - Service de visualisation WMS,OGC:WMS,https%3A%2F%2Fgeoservices.wallonie.be%2Fgeoserver%2Finspire_so%2Fows%3Fservice%3DWMS%26version%3D1.3.0%26request%3DGetCapabilities,"Ce service de visualisation WMS-INSPIRE permet de consulter la série de couches de données conforme au thème INSPIRE ""Sols""."
57073,e0d264ad-8786-4309-9b39-08f8281da2e9,SO.SoilObservedProfile.CarbonContent,OGC:WMS-1.3.0-http-get-capabilities,https%3A%2F%2Fwms.inspire.geoportail.lu%2Fgeoserver%2Fso%2Fwms%3Fservice%3DWMS%26version%3D1.3.0%26request%3DGetCapabilities,NULL
57082,e0d264ad-8786-4309-9b39-08f8281da2e9,SO.SoilBody.100000_Raster,OGC:WMS-1.3.0-http-get-capabilities,https%3A%2F%2Fwms.inspire.geoportail.lu%2Fgeoserver%2Fso%2Fwms%3FSERVICE%3DWMS%26service%3DWMS%26version%3D1.3.0%26request%3DGetCapabilities,NULL
57104,r_friuve:m3966-cc-i1467,NULL,Web Map Service (WMS),https%3A%2F%2Fserviziogc.regione.fvg.it%2Fgeoserver%2FCAR_GEO%2Fwms%3Frequest%3DGetCapabilities%26service%3Dwms%26version%3D1.3.0,NULL
57105,r_friuve:m3966-cc-i1467,NULL,Web Feature Service (WFS),https%3A%2F%2Fserviziogc.regione.fvg.it%2Fgeoserver%2FCAR_GEO%2Fwfs%3Frequest%3DGetCapabilities%26service%3Dwfs%26version%3D2.0.0,NULL
57118,https://registry.gdi-de.org/id/de.be.csw/e79ac5ff-6acc-3ee4-b1c3-66091a5c33ae,NULL,Downloaddienst - Wasserhaushalt 2022 - Versickerung aus Niederschlägen (Umweltatlas) (WFS),https%3A%2F%2Fgdi.berlin.de%2Fservices%2Fwfs%2Fua_versickerung_2022%3Frequest%3DGetCapabilities%26service%3DWFS,Downloaddienst - Wasserhaushalt 2022 - Versickerung aus Niederschlägen (Umweltatlas) (WFS)
57123,dc1bb0b8-2341-4556-a205-9a04d5629c6f,Agricultural Soil Map of Austria - Texture (FAO) - WFS,OGC:WFS-http-get-capabilities,https%3A%2F%2Fgis.lfrz.gv.at%2Fapi%2Fgeodata%2Fi000604%2Fogc%2Ffeatures%2Fv1%2F,Agricultural Soil Map of Austria - Texture (FAO) - WFS
57142,https://data.inspire.gv.at/542cfb9d-9fad-4164-a1f5-2c32e7c564f2,inspire_hofstellen_2020,OGC:WMS,https%3A%2F%2Finspire.lfrz.gv.at%2F009501%2Fwms%3Frequest%3DGetCapabilities%26version%3D1.3.0,INVEKOS Hofstellen 2020
57160,https://data.inspire.gv.at/0095/8b3ae28f-bf2f-4647-9d38-76f448124b89,inspire_hofstellen_2017,OGC:WMS,https%3A%2F%2Finspire.lfrz.gv.at%2F009501%2Fwms%3Frequest%3DGetCapabilities%26version%3D1.3.0,INVEKOS Hofstellen 2017
57168,https://data.inspire.gv.at/0095/1a9a1ebc-73ad-4faf-8611-73a755d3735c,inspire_schlaege_2016_point,OGC:WMS,https%3A%2F%2Finspire.lfrz.gv.at%2F009501%2Fwms%3Fversion%3D1.3.0%26request%3DGetCapabilities,INVEKOS Schläge 2016 (Point)
57173,https://data.inspire.gv.at/d982e28a-6715-4576-89f3-280d7f20ec0a,inspire_referenzen_2024-2_point,OGC:WMS,https%3A%2F%2Finspire.lfrz.gv.at%2F009501%2Fwms%3Fversion%3D1.3.0%26request%3DGetCapabilities,inspire_referenzen_2024-2_point
57182,https://data.inspire.gv.at/560558dc-59a8-455c-9374-e2c39b9abda2,inspire_feldstuecke_2024-2,OGC:WMS,https%3A%2F%2Finspire.lfrz.gv.at%2F009501%2Fwms%3Fversion%3D1.3.0%26request%3DGetCapabilities,inspire_feldstuecke_2024-2
57191,https://data.inspire.gv.at/0095/5a7739f5-866f-4f8a-91c6-8898a1ce52b2,inspire_schlaege_2019_point,OGC:WMS,https%3A%2F%2Finspire.lfrz.gv.at%2F009501%2Fwms%3Fversion%3D1.3.0%26request%3DGetCapabilities,INVEKOS Schläge 2019 (Point)
57196,https://data.inspire.gv.at/e3d8c747-4717-4190-ba03-6f805a22bf3b,inspire_referenzen_2022_point,OGC:WMS,https%3A%2F%2Finspire.lfrz.gv.at%2F009501%2Fwms%3Fversion%3D1.3.0%26request%3DGetCapabilities,inspire_referenzen_2022_point
57205,https://data.inspire.gv.at/7d636728-bcf3-4f07-9f4a-3fe8ce8c8fce,inspire_feldstuecke_2022,OGC:WMS,https%3A%2F%2Finspire.lfrz.gv.at%2F009501%2Fwms%3Fversion%3D1.3.0%26request%3DGetCapabilities,inspire_feldstuecke_2022
57210,https://data.inspire.gv.at/9028e056-22f4-46de-bb6b-66225fed8058,inspire_referenzen_2023-1_point,OGC:WMS,https%3A%2F%2Finspire.lfrz.gv.at%2F009501%2Fwms%3Fversion%3D1.3.0%26request%3DGetCapabilities,inspire_referenzen_2023-1_point
57221,https://data.inspire.gv.at/0095/1653d49b-ac76-4efc-b03f-38a5df768f41,inspire_feldstuecke_2016,OGC:WMS,https%3A%2F%2Finspire.lfrz.gv.at%2F009501%2Fwms%3Fversion%3D1.3.0%26request%3DGetCapabilities,INVEKOS Feldstücke 2016
57232,LPIS.LANDSCAPE_ELEMENTS,WFS teenuse GetCapabilities,OGC:WFS,https%3A%2F%2Fkls.pria.ee%2Fgeoserver%2Finspire_lpis%2Fwfs%3Fservice%3DWFS%26request%3DGetCapabilities,NULL
57233,LPIS.LANDSCAPE_ELEMENTS,WMS teenuse getCapabilities,OGC:WMS,https%3A%2F%2Fkls.pria.ee%2Fgeoserver%2Finspire_lpis%2Fwms%3Fservice%3DWMS%26request%3DGetCapabilities,NULL
57501,1234567,NULL,http://www.opengis.net/def/serviceType/ogc/wfs,https%3A%2F%2Finspire.ruokavirasto-awsa.com%2Fgeoserver%2Fwfs%3Frequest%3Dgetcapabilities,NULL
57244,https://data.inspire.gv.at/f2342aad-cce7-4da7-a44e-b0a691a06739,inspire_referenzen_2023-2_point,OGC:WMS,https%3A%2F%2Finspire.lfrz.gv.at%2F009501%2Fwms%3Fversion%3D1.3.0%26request%3DGetCapabilities,inspire_referenzen_2023-2_point
57252,LPIS.REFERENCE_PARCELS,WFS teenuse GetCapabilities,OGC:WFS,https%3A%2F%2Fkls.pria.ee%2Fgeoserver%2Finspire_lpis%2Fwfs%3Fservice%3DWFS%26request%3DGetCapabilities,NULL
57253,LPIS.REFERENCE_PARCELS,WMS teenuse getCapabilities,OGC:WMS,https%3A%2F%2Fkls.pria.ee%2Fgeoserver%2Finspire_lpis%2Fwms%3Fservice%3DWMS%26request%3DGetCapabilities,NULL
57256,https://data.inspire.gv.at/9db8a0c3-e92a-4df4-9d55-8210e326a7ed,inspire_referenzen_2021_point,OGC:WMS,https%3A%2F%2Finspire.lfrz.gv.at%2F009501%2Fwms%3Fversion%3D1.3.0%26request%3DGetCapabilities,INVEKOS Referenzen 2021 (Point)
57273,https://data.inspire.gv.at/0095/904df4b4-e315-45b4-bf72-19f4dd0aafbd,inspire_referenzen_2017_point,OGC:WMS,https%3A%2F%2Finspire.lfrz.gv.at%2F009501%2Fwms%3Fversion%3D1.3.0%26request%3DGetCapabilities,INVEKOS Referenzen 2017 (Point)
57289,"7e22910f-0b5c-41ae-b06f-5cfa83666c3f,AF,AF.Site,AF.AgriculturalHolding",AF.AgriculturalHolding,OGC:WMS-1.3.0-http-get-capabilities,https%3A%2F%2Fwww.inspire-geoportal.lt%2Fgeoserver%2Faf%2Fwms%3Fservice%3DWMS%26version%3D1.3.0%26request%3DGetCapabilities,Agricultural Holding
57294,https://data.inspire.gv.at/d76f8f0a-55a4-4b11-afea-fed43fa27b49,inspire_feldstuecke_2025-1,OGC:WMS,https%3A%2F%2Finspire.lfrz.gv.at%2F009501%2Fwms%3Fversion%3D1.3.0%26request%3DGetCapabilities,inspire_feldstuecke_2025-1
57313,https://hub.agrigis.cz/ID_DatoveSady/EcologicalFocusAreaId/CZ-48133981-LPIS-EFA,NULL,OGC:WCS,https%3A%2F%2Fgeoportal.gov.cz%2Fweb%2Fguest%2Fmap%3Fwmc%3Dhttp%253A%2F%2Fgeoportal.gov.cz%2Fphp%2Fwmc%2Fdata%2F678e50ce-f8bc-4bf6-a536-32c575c0a8017c.wmc%26wmcaction%3Doverwrite,NULL
57314,https://hub.agrigis.cz/ID_DatoveSady/EcologicalFocusAreaId/CZ-48133981-LPIS-EFA,NULL,OGC:WMS,https%3A%2F%2Fgis.cenia.cz%2Fgeoserver%2Fmze_lpis%2Fwms%3FSERVICE%3DWMS%26request%3DGETCapabilities,NULL
57315,https://hub.agrigis.cz/ID_DatoveSady/EcologicalFocusAreaId/CZ-48133981-LPIS-EFA,NULL,OGC:WFS,https%3A%2F%2Fgis.cenia.cz%2Fgeoserver%2Fmze_lpis%2Fwfs%3Fservice%3DWFS%26request%3DGetCapabilities,NULL
57321,https://hub.agrigis.cz/ID_DatoveSady/AgriculturalAreaId/CZ-48133981-LPIS-AA,NULL,OGC:WCS,https%3A%2F%2Fgeoportal.gov.cz%2Fweb%2Fguest%2Fmap%3Fwmc%3Dhttp%253A%2F%2Fgeoportal.gov.cz%2Fphp%2Fwmc%2Fdata%2F678e50ce-f8bc-4bf6-a536-32c575c0a8017c.wmc%26wmcaction%3Doverwrite,NULL
57322,https://hub.agrigis.cz/ID_DatoveSady/AgriculturalAreaId/CZ-48133981-LPIS-AA,NULL,OGC:WMS,https%3A%2F%2Fgis.cenia.cz%2Fgeoserver%2Fmze_lpis%2Fwms%3FSERVICE%3DWMS%26request%3DGETCapabilities,NULL
57323,https://hub.agrigis.cz/ID_DatoveSady/AgriculturalAreaId/CZ-48133981-LPIS-AA,NULL,OGC:WFS,https%3A%2F%2Fgis.cenia.cz%2Fgeoserver%2Fmze_lpis%2Fwfs%3Fservice%3DWFS%26request%3DGetCapabilities,NULL
57345,https://data.inspire.gv.at/73e6acd7-2d81-417b-b2fa-8a4d1bae65c9,inspire_referenzen_2020_point,OGC:WMS,https%3A%2F%2Finspire.lfrz.gv.at%2F009501%2Fwms%3Fversion%3D1.3.0%26request%3DGetCapabilities,INVEKOS Referenzen 2020 (Point)
57354,https://data.inspire.gv.at/9feabade-987d-4faa-9780-e6bbaefd4e48,inspire_referenzen_2024-1_point,OGC:WMS,https%3A%2F%2Finspire.lfrz.gv.at%2F009501%2Fwms%3Fversion%3D1.3.0%26request%3DGetCapabilities,inspire_referenzen_2024-1_point
57363,https://data.inspire.gv.at/29f7bb6b-749f-4485-8da9-4e21ec67a22b,inspire_referenzen_2022_2_point,OGC:WMS,https%3A%2F%2Finspire.lfrz.gv.at%2F009501%2Fwms%3Fversion%3D1.3.0%26request%3DGetCapabilities,inspire_referenzen_2022_2_point
57397,8ef36099-1166-787c-a600-0b80bf757b1f,INSPIRE_JNREF2020_A02,OGC:WMS-1.1.1-http-get-map,https%3A%2F%2Fwww.geoportal.hessen.de%2Fmapbender%2Fphp%2Fwms.php%3Finspire%3D1%26layer_id%3D58448%26withChilds%3D1%26REQUEST%3DGetCapabilities%26SERVICE%3DWMS,"System zur Identifizierung landwirtschaftlicher Parzellen, ein Teilsystem des Integrierten Verwaltungs- und Kontrollsystems (InVeKoS) wie in Artikel 68 der Verordnung (EG) Nr. 1306/2013 definiert. Subsystem des InVeKoS im Sinne von Artikel 68 der Verordnung (EG) Nr. 1306/2013. Geodatensatz mit der Abgrenzung von Referenzparzellen, Arten landwirtschaftlicher Flächen und stabilen im Umweltinteresse genutzten Flächen."
57399,73b42e08-69f8-4803-a7a4-27b3dda2345d,NULL,OGC:WMS-1.3.0-http-get-capabilities,http%3A%2F%2Fgeodata.fvm.dk%2Fgeoserver%2FGB_MFO_og_groenne_krav%2Fwms%3F,NULL
57411,Fradrag_grundbetaling,NULL,OGC:WMS-1.3.0-http-get-capabilities,http%3A%2F%2Fgeodata.fvm.dk%2Fgeoserver%2FGB_MFO_og_groenne_krav%2Fwms%3F,NULL
57412,Fradrag_grundbetaling,NULL,OGC:WFS,http%3A%2F%2Fgeodata.fvm.dk%2Fgeoserver%2FGB_MFO_og_groenne_krav%2Fwfs%3F,NULL
57414,NTA_m344-ec2b-4449-bfe6-087cd3d22ac8,LU.NGMHU:LandUse2023,OGC:WMS-1.3.0-http-get-map,https%3A%2F%2Finspire.lechnerkozpont.hu%2Fgeoserver%2FLU.NGMHU%2Fwms%3FSERVICE%3DWMS%26version%3D1.3.0%26request%3DGetCapabilities,ngmhu2023_crs23700
57417,714a55b9-46ad-4c73-90a9-8ef3d00762d8,NULL,OGC:WMS-1.3.0-http-get-capabilities,https%3A%2F%2Fgeo.api.vlaanderen.be%2FALV%2Fwms%3Frequest%3DGetCapabilities%26version%3D1.3.0%26service%3Dwms,WMS Departement Landbouw en Visserij
57418,714a55b9-46ad-4c73-90a9-8ef3d00762d8,LbGebrPerc2024,OGC:WMS-1.3.0-http-get-map,https%3A%2F%2Fgeo.api.vlaanderen.be%2FALV%2Fwms%3FSERVICE%3DWMS%26REQUEST%3DGetMap%26FORMAT%3Dimage%2Fpng%26TRANSPARENT%3DTRUE%26STYLES%3Ddefault%26VERSION%3D1.3.0%26LAYERS%3DLbGebrPerc2022%26WIDTH%3D2048%26HEIGHT%3D721%26CRS%3DEPSG%3A3857%26BBOX%3D458534.445757238%2C6634055.556412904%2C481465.554242762%2C6640944.443587096,"Landbouwgebruikspercelen LV, 2024"
57419,714a55b9-46ad-4c73-90a9-8ef3d00762d8,Landbgebrperc:Lbgebrperc,OGC:WFS-2.0.0-http-get-capabilities,https%3A%2F%2Fgeo.api.vlaanderen.be%2FLandbgebrperc%2Fwfs%3Fservice%3DWFS%26version%3D2.0.0%26request%3DGetCapabilities,Landbouwgebruiksperceel
57420,714a55b9-46ad-4c73-90a9-8ef3d00762d8,Landbgebrperc:Lbgebrperc,OGC:WFS-2.0.0-http-get-feature,https%3A%2F%2Fgeo.api.vlaanderen.be%2FLandbgebrperc%2Fwfs%3Fservice%3DWFS%26version%3D2.0.0%26request%3DGetFeature%26typeName%3DLandbgebrperc%3ALbgebrperc%26outputFormat%3Dapplication%2Fjson%26maxFeatures%3D1%26srsName%3Depsg%3A3857,Landbouwgebruiksperceel
57424,30768419-3145-336c-1d16-a54eb6eed5a2,LPIS-Referenzparzellen 2024,OGC:WMS-1.1.1-http-get-map,https%3A%2F%2Fwww.geoportal.hessen.de%2Fmapbender%2Fphp%2Fwms.php%3Finspire%3D1%26layer_id%3D60198%26withChilds%3D1%26REQUEST%3DGetCapabilities%26SERVICE%3DWMS,Grundlegende räumliche Einheit für die Verwaltung und geografische Lokalisierung landwirtschaftlicher Parzellen. Kann eine oder mehrere im InVeKoS deklarierte landwirtschaftliche Parzellen enthalten und von einem oder mehreren Landwirten (oder Erzeugervereinigungen) bewirtschaftet werden.
57425,d0c019a0-5239-46ea-ae23-518f8ac6c086,RKG_BLOK_GERK,OGC:WMS,https%3A%2F%2Fipi.eprostor.gov.si%2Fwms-si-gurs-ins%2FSI.MKGP.GERK%2Fows%3Fservice%3Dwms%26version%3D1.3.0%26request%3DGetCapabilities,RKG_BLOK_GERK
57429,baf0e094-6770-40bf-9605-ae8177a64716,NULL,OGC:WMS-1.3.0-http-get-capabilities,http%3A%2F%2Fgeodata.fvm.dk%2Fgeoserver%2FGB_MFO_og_groenne_krav%2Fwms%3F,NULL
57437,http://www.lgl-bw.de/903d622c-845c-11ee-87fc-00505699ce57,INSPIRE-WMS BW Bodenbedeckung System zur Identifizierung landwirtschaftlicher Parzellen 2022,OGC:WMS-http-get-map,https%3A%2F%2Fowsproxy.lgl-bw.de%2Fowsproxy%2Fows%2FWMS_INSP_BW_Bodenbedeckung_LandwParzellenIS_2022%3F,NULL
57439,GLM_fortidsminder,NULL,OGC:WMS,http%3A%2F%2Fgeodata.fvm.dk%2Fgeoserver%2FGB_MFO_og_groenne_krav%2Fwms%3F,NULL
57440,GLM_fortidsminder,NULL,OGC:WFS,http%3A%2F%2Fgeodata.fvm.dk%2Fgeoserver%2FGB_MFO_og_groenne_krav%2Fwfs%3F,NULL
57445,74304322-683c-496d-92f2-ef7d1b9e5cd4,NULL,OGC:WFS,http%3A%2F%2Fgeodata.fvm.dk%2Fgeoserver%2FGB_MFO_og_groenne_krav%2Fwfs%3F,NULL
57447,75391928-8e98-3bb2-d341-99133a1cb7b5,Landschaftselemente 2023,OGC:WMS-1.1.1-http-get-map,https%3A%2F%2Fwww.geoportal.hessen.de%2Fmapbender%2Fphp%2Fwms.php%3Finspire%3D1%26layer_id%3D60026%26withChilds%3D1%26REQUEST%3DGetCapabilities%26SERVICE%3DWMS,"Landschaftselemente sind Teile der landwirtschaftlichen Fläche, die traditionell Teil einer guten landwirtschaftlichen Anbau- oder Nutzungspraxis gemäß Verordnung (EU) 640/2014 Art. 9(1) sind, oder Teile der landwirtschaftlichen Fläche, die zum Schutz der biologischen Vielfalt oder zur Erhaltung oder Wiederherstellung von Lebensräumen oder Arten gemäß Art. 4 (b)(i) der Verordnung (EU) 2021/2015 beitragen."
57457,95dc0834-ca9c-d9af-e8af-a135d87fe4a7,LPIS-Referenzparzellen 2023,OGC:WMS-1.1.1-http-get-map,https%3A%2F%2Fwww.geoportal.hessen.de%2Fmapbender%2Fphp%2Fwms.php%3Finspire%3D1%26layer_id%3D60025%26withChilds%3D1%26REQUEST%3DGetCapabilities%26SERVICE%3DWMS,Grundlegende räumliche Einheit für die Verwaltung und geografische Lokalisierung landwirtschaftlicher Parzellen. Kann eine oder mehrere im InVeKoS deklarierte landwirtschaftliche Parzellen enthalten und von einem oder mehreren Landwirten (oder Erzeugervereinigungen) bewirtschaftet werden.
57458,68d02be8-986d-45fc-9fca-d7dc663637d3,NULL,OGC:WFS,http%3A%2F%2Fgeodata.fvm.dk%2Fgeoserver%2FGB_MFO_og_groenne_krav%2Fwfs%3F,NULL
57460,955d50d9-6d7d-45f5-b027-88ce00e0ce98,LbGebrPerc2023,OGC:WMS-1.3.0-http-get-map,https%3A%2F%2Fgeo.api.vlaanderen.be%2FALV%2Fwms%3FSERVICE%3DWMS%26REQUEST%3DGetMap%26FORMAT%3Dimage%2Fpng%26TRANSPARENT%3DTRUE%26STYLES%3Ddefault%26VERSION%3D1.3.0%26LAYERS%3DLbGebrPerc2023%26WIDTH%3D2048%26HEIGHT%3D721%26CRS%3DEPSG%3A3857%26BBOX%3D458534.445757238%2C6634055.556412904%2C481465.554242762%2C6640944.443587096,"Landbouwgebruikspercelen LV, 2023"
57463,"LC_landscapeFeature_LPIS_2024,694b0e28-4d23-4879-be00-7e1489344b8e",INSPIRE- Occupation des terres en Wallonie (BE) - Service de visualisation WMS,OGC:WMS,https%3A%2F%2Fgeoservices.wallonie.be%2Fgeoserver%2Finspire_lc%2Fows%3Fservice%3DWMS%26version%3D1.3.0%26request%3DGetCapabilities,"Ce service de visualisation WMS-INSPIRE permet de consulter la série de couches de données conforme au thème INSPIRE ""Occupation des terres""."
57484,GSAA.EFA,WFS teenuse GetCapabilities,OGC:WFS,https%3A%2F%2Fkls.pria.ee%2Fgeoserver%2Finspire_gsaa%2Fwfs%3Fservice%3DWFS%26request%3DGetCapabilities,NULL
57485,GSAA.EFA,WMS teenuse getCapabilities,OGC:WMS,https%3A%2F%2Fkls.pria.ee%2Fgeoserver%2Finspire_gsaa%2Fwms,NULL
57490,GSAA.AGRICULTURAL_PARCELS,WFS teenuse GetCapabilities,OGC:WFS-1.0.0-http-get-capabilities,https%3A%2F%2Fkls.pria.ee%2Fgeoserver%2Finspire_gsaa%2Fwfs%3Fservice%3DWFS%26version%3D2.0.0%26request%3DGetCapabilities,NULL
57491,GSAA.AGRICULTURAL_PARCELS,WMS teenuse getCapabilities,OGC:WMS,https%3A%2F%2Fkls.pria.ee%2Fgeoserver%2Finspire_gsaa%2Fwms%3Fservice%3DWMS%26request%3DGetCapabilities,NULL
57493,0a75022a-1cbc-eb27-14cf-b66354d9f549,INSPIRE_JNREF2022_A02,OGC:WMS-1.1.1-http-get-map,https%3A%2F%2Fwww.geoportal.hessen.de%2Fmapbender%2Fphp%2Fwms.php%3Finspire%3D1%26layer_id%3D60008%26withChilds%3D1%26REQUEST%3DGetCapabilities%26SERVICE%3DWMS,"System zur Identifizierung landwirtschaftlicher Parzellen, ein Teilsystem des Integrierten Verwaltungs- und Kontrollsystems (InVeKoS) wie in Artikel 68 der Verordnung (EG) Nr. 1306/2013 definiert. Subsystem des InVeKoS im Sinne von Artikel 68 der Verordnung (EG) Nr. 1306/2013. Geodatensatz mit der Abgrenzung von Referenzparzellen, Arten landwirtschaftlicher Flächen und stabilen im Umweltinteresse genutzten Flächen."
57500,1234567,NULL,http://www.opengis.net/def/serviceType/ogc/wms,https%3A%2F%2Finspire.ruokavirasto-awsa.com%2Fgeoserver%2Fwms%3Frequest%3Dgetcapabilities,NULL
57508,Markblokke,NULL,OGC:WMS-1.3.0-http-get-capabilities,http%3A%2F%2Fgeodata.fvm.dk%2Fgeoserver%2FMarkblokke%2Fwms,NULL
57509,Markblokke,NULL,OGC:WFS,http%3A%2F%2Fgeodata.fvm.dk%2Fgeoserver%2FMarkblokke%2Fwfs,NULL
57511,https://hub.agrigis.cz/ID_Sluzby/CZ-00020478-LPIS-WFS,NULL,OGC:WFS,https%3A%2F%2Fgis.cenia.cz%2Fgeoserver%2Fmze_lpis%2Fwfs%3Fservice%3DWFS%26request%3DGetCapabilities,NULL
57512,GLM_Soer,NULL,OGC:WMS,http%3A%2F%2Fgeodata.fvm.dk%2Fgeoserver%2FGB_MFO_og_groenne_krav%2Fwms%3F,NULL
57513,GLM_Soer,NULL,OGC:WFS,http%3A%2F%2Fgeodata.fvm.dk%2Fgeoserver%2FGB_MFO_og_groenne_krav%2Fwfs%3F,NULL
57515,https://hub.agrigis.cz/ID_Sluzby/CZ-00020478-LPIS-WMS,NULL,OGC:WMS,https%3A%2F%2Fgis.cenia.cz%2Fgeoserver%2Fmze_lpis%2Fwms%3FSERVICE%3DWMS%26request%3DGETCapabilities,NULL
57516,7274176e-954f-4d2c-8ebf-97c7f49309bf,NULL,OGC:WFS,http%3A%2F%2Fgeodata.fvm.dk%2Fgeoserver%2FGB_MFO_og_groenne_krav%2Fwfs%3F,NULL
57517,26d68b60-8a3e-4d6f-9c5c-e8b34a27c396,NULL,OGC:WMS-1.3.0-http-get-capabilities,http%3A%2F%2Fgeodata.fvm.dk%2Fgeoserver%2FGB_MFO_og_groenne_krav%2Fwms%3F,NULL
57518,81e2ee50-e168-4d33-aa2e-a9576fe839f8,NULL,OGC:WFS,http%3A%2F%2Fgeodata.fvm.dk%2Fgeoserver%2FMarkblokke%2Fwfs,NULL
57524,e257b17b-b868-4154-a303-23855f7e9345,WMS-tjänst Jordbruksblock,HTTP:OGC:WMS,http%3A%2F%2Fepub.sjv.se%2Finspire%2Finspire%2Fows%3Fservice%3DWMS%26request%3DGetCapabilities%26layer%3Darslager_block,WMS-tjänst Jordbruksblock
57526,e257b17b-b868-4154-a303-23855f7e9345,WFS-tjänst Jordbruksblock,HTTP:OGC:WFS,http%3A%2F%2Fepub.sjv.se%2Finspire%2Finspire%2Fows%3Fservice%3DWFS%26request%3DGetCapabilities%26TYPENAMES%3Darslager_block,WFS-tjänst Jordbruksblock
57527,62eb5339-ff7e-421a-bb9f-06217fdd1be1,NULL,OGC:WMS-1.3.0-http-get-capabilities,http%3A%2F%2Fgeodata.fvm.dk%2Fgeoserver%2FMarkblokke%2Fwms,NULL
57531,a97f1e11-9538-42d8-b501-2b64a303ba1d,Jordbruksverkets visningstjänst (WMS),HTTP:OGC:WMS,http%3A%2F%2Fepub.sjv.se%2Finspire%2Finspire%2Fows%3Fservice%3DWMS%26request%3DGetCapabilities%26layer%3Darslager_skifte,Jordbruksverkets visningstjänst (WMS)
57532,a97f1e11-9538-42d8-b501-2b64a303ba1d,Jordbruksverkets nedladdningstjänst (WFS),HTTP:OGC:WFS,http%3A%2F%2Fepub.sjv.se%2Finspire%2Finspire%2Fows%3Fservice%3DWFS%26request%3DGetCapabilities%26TYPENAMES%3Dsenaste_arslager_skifte,Jordbruksverkets nedladdningstjänst (WFS)
57540,"LU_ExistingLandUse_SIGEC2016,abc1cc4b-1b0e-44d5-8afc-53173d8f17f2",INSPIRE - Usage des sols en Wallonie (BE) - Service de visualisation WMS,OGC:WMS,https%3A%2F%2Fgeoservices.wallonie.be%2Fgeoserver%2Finspire_lu%2Fows%3Fservice%3DWMS%26version%3D1.3.0%26request%3DGetCapabilities,NULL
57550,"INSPIRE_LU_ExistingLandUse_SIGEC2019,634a8d37-c061-4309-863e-83c58db6048b",INSPIRE - Usage des sols en Wallonie (BE) - Service de visualisation WMS,OGC:WMS,https%3A%2F%2Fgeoservices.wallonie.be%2Fgeoserver%2Finspire_lu%2Fows%3Fservice%3DWMS%26version%3D1.3.0%26request%3DGetCapabilities,NULL
57558,"LU_ExistingLandUse_SIGEC2022,2a0d9be0-ac3d-443e-9db0-a7cfb0f128e2",INSPIRE - Usage des sols en Wallonie (BE) - Service de visualisation WMS,OGC:WMS,https%3A%2F%2Fgeoservices.wallonie.be%2Fgeoserver%2Finspire_lu%2Fows%3Fservice%3DWMS%26version%3D1.3.0%26request%3DGetCapabilities,NULL
68845,https://registry.gdi-de.org/id/de.be.csw/daa75af1-2360-3114-9e2c-9f87dda40535,NULL,Downloaddienst - Regionale Seltenheit der Bodengesellschaften 2020 (Umweltatlas) (WFS),https%3A%2F%2Fgdi.berlin.de%2Fservices%2Fwfs%2Fua_boden_seltenheit_2020%3Frequest%3DGetCapabilities%26service%3DWFS,Downloaddienst - Regionale Seltenheit der Bodengesellschaften 2020 (Umweltatlas) (WFS)
68872,r_friuve:m4001-cc-i1392,NULL,Web Map Service (WMS),https%3A%2F%2Fserviziogc.regione.fvg.it%2Fgeoserver%2FCAR_GEO%2Fwms%3Frequest%3DGetCapabilities%26service%3Dwms%26version%3D1.3.0,NULL
68873,r_friuve:m4001-cc-i1392,NULL,Web Feature Service (WFS),https%3A%2F%2Fserviziogc.regione.fvg.it%2Fgeoserver%2FCAR_GEO%2Fwfs%3Frequest%3DGetCapabilities%26service%3Dwfs%26version%3D2.0.0,NULL
68898,https://registry.gdi-de.org/id/de.be.csw/32db5c0b-78bb-3f4e-b7e5-6e63a8cacc7f,NULL,Downloaddienst - Bodengesellschaften 2020 (Umweltatlas) (WFS),https%3A%2F%2Fgdi.berlin.de%2Fservices%2Fwfs%2Fua_bodengesellschaften_2020%3Frequest%3DGetCapabilities%26service%3DWFS,Downloaddienst - Bodengesellschaften 2020 (Umweltatlas) (WFS)
68902,https://data.inspire.gv.at/b0ab02b4-f172-41fb-ade8-cc3c46b322df,BORIS_2018,OGC:WMS-http-get-map,https%3A%2F%2Finspire.lfrz.gv.at%2F000806%2Fwms%3Fversion%3D1.3.0%26request%3DGetCapabilities,BORIS_2018
68905,https://data.inspire.gv.at/b0ab02b4-f172-41fb-ade8-cc3c46b322df,BORIS Bodeninformationssystem,OGC:WFS-http-get-capabilities,https%3A%2F%2Fhaleconnect.com%2Fows%2Fservices%2Forg.224.7bb653af-d47e-4231-9496-1e6552cacaa3_wfs%3FSERVICE%3DWFS%26REQUEST%3DGetCapabilities%26VERSION%3D2.0.0,BORIS Bodeninformationssystem
68906,https://data.inspire.gv.at/b0ab02b4-f172-41fb-ade8-cc3c46b322df,NULL,OGC:WMS-http-get-map,https%3A%2F%2Fhaleconnect.com%2Fows%2Fservices%2Forg.224.7bb653af-d47e-4231-9496-1e6552cacaa3_wms%3FSERVICE%3DWMS%26REQUEST%3DGetCapabilities%26VERSION%3D1.3.0,BORIS - Bodeninformationssystem Österreich
69039,https://data.inspire.gv.at/0095/d09ee341-ed3a-4e48-bb7d-73c7861cb94c,inspire_schlaege_2017_point,OGC:WMS,https%3A%2F%2Finspire.lfrz.gv.at%2F009501%2Fwms%3Fversion%3D1.3.0%26request%3DGetCapabilities,INVEKOS Schläge 2017 (Point)
69095,https://hub.agrigis.cz/ID_DatoveSady/LandscapeFeatureId/CZ-48133981-LPIS-LF,NULL,OGC:WCS,https%3A%2F%2Fgeoportal.gov.cz%2Fweb%2Fguest%2Fmap%3Fwmc%3Dhttp%253A%2F%2Fgeoportal.gov.cz%2Fphp%2Fwmc%2Fdata%2F678e50ce-f8bc-4bf6-a536-32c575c0a8017c.wmc%26wmcaction%3Doverwrite,NULL
69096,https://hub.agrigis.cz/ID_DatoveSady/LandscapeFeatureId/CZ-48133981-LPIS-LF,NULL,OGC:WMS,https%3A%2F%2Fgis.cenia.cz%2Fgeoserver%2Fmze_lpis%2Fwms%3FSERVICE%3DWMS%26request%3DGETCapabilities,NULL
69097,https://hub.agrigis.cz/ID_DatoveSady/LandscapeFeatureId/CZ-48133981-LPIS-LF,NULL,OGC:WFS,https%3A%2F%2Fgis.cenia.cz%2Fgeoserver%2Fmze_lpis%2Fwfs%3Fservice%3DWFS%26request%3DGetCapabilities,NULL
69113,https://registry.gdi-de.org/id/de.be.csw/a9cd5bc4-0381-3178-bbfa-0ba4460ce6ce,NULL,Darstellungsdienst - Bodenpunktdatenbank (WMS),https%3A%2F%2Fgdi.berlin.de%2Fservices%2Fwms%2Fbodenpunktdatenbank%3Frequest%3DGetCapabilities%26service%3DWMS,Darstellungsdienst - Bodenpunktdatenbank (WMS)
69114,https://registry.gdi-de.org/id/de.be.csw/a9cd5bc4-0381-3178-bbfa-0ba4460ce6ce,NULL,Downloaddienst - Bodenpunktdatenbank (WFS),https%3A%2F%2Fgdi.berlin.de%2Fservices%2Fwfs%2Fbodenpunktdatenbank%3Frequest%3DGetCapabilities%26service%3DWFS,Downloaddienst - Bodenpunktdatenbank (WFS)
69178,cf720f7a-c359-1be6-3624-7e978ca1b7b7,Landschaftselemente_2024,OGC:WMS-1.1.1-http-get-map,https%3A%2F%2Fwww.geoportal.hessen.de%2Fmapbender%2Fphp%2Fwms.php%3Finspire%3D1%26layer_id%3D60830%26withChilds%3D1%26REQUEST%3DGetCapabilities%26SERVICE%3DWMS,"Landschaftselemente sind Teile der landwirtschaftlichen Fläche, die traditionell Teil einer guten landwirtschaftlichen Anbau- oder Nutzungspraxis gemäß Verordnung (EU) 640/2014 Art. 9(1) sind, oder Teile der landwirtschaftlichen Fläche, die zum Schutz der biologischen Vielfalt oder zur Erhaltung oder Wiederherstellung von Lebensräumen oder Arten beitragen."
69179,m_amte:299FN3:5b4b7378-cf04-41cf-be82-b7f0e100cbe8,NULL,WMS,http%3A%2F%2Fwms.pcn.minambiente.it%2Fogc%3Fmap%3D%2Fms_ogc%2FWMS_v1.3%2FVettoriali%2FAccelerazioni_Confronto_ERS_ENVISAT_Ascending.map%26service%3Dwms%26request%3DgetCapabilities%26version%3D1.3.0,NULL
69180,m_amte:299FN3:5b4b7378-cf04-41cf-be82-b7f0e100cbe8,NULL,WFS,http%3A%2F%2Fwms.pcn.minambiente.it%2Fogc%3Fmap%3D%2Fms_ogc%2Fwfs%2FAccelerazioni_Confronto_ERS_ENVISAT_Ascending.map%26service%3Dwfs%26request%3DgetCapabilities,NULL
69183,https://registry.gdi-de.org/id/de.be.csw/452ed8f4-6eff-39b6-884d-b952cf54fab8,NULL,Darstellungsdienst - Summe austauschbarer basischer Kationen des Oberbodens (S-Wert) 2020 (Umweltatlas) (WMS),https%3A%2F%2Fgdi.berlin.de%2Fservices%2Fwms%2Fua_boden_sumkat_2020%3Frequest%3DGetCapabilities%26service%3DWMS,Darstellungsdienst - Summe austauschbarer basischer Kationen des Oberbodens (S-Wert) 2020 (Umweltatlas) (WMS)
69198,https://metadata.geo.llv.li/28afb448-1dc6-4c48-a025-1a144c0e36f6,li.au.wa.thermische_grundwassernutzung|,OGC:WMS,https%3A%2F%2Fservice.geo.llv.li%2Fwmsli%2Fservice%3Fservice%3DWMS%26language%3Dger%26request%3DGetCapabilities,OGC WMS Service der Liechtensteinischen Landesverwaltung
69215,"LU_ExistingLandUse_SIGEC2023,7ba2cb90-a5d0-46f6-9502-481a25951e55",INSPIRE - Usage des sols en Wallonie (BE) - Service de visualisation WMS,OGC:WMS,https%3A%2F%2Fgeoservices.wallonie.be%2Fgeoserver%2Finspire_lu%2Fows%3Fservice%3DWMS%26version%3D1.3.0%26request%3DGetCapabilities,NULL
69218,recordsed960299-a147-4c1a-bc57-41ff83a2264f,BRO - Bodemkaart (SGM) WMS,OGC:WMS,https%3A%2F%2Fservice.pdok.nl%2Ftno%2Fbro-bodemkaart%2Fwms%2Fv1_0%3Frequest%3DgetCapabilities%26service%3DWMS,BRO - Bodemkaart (SGM) WMS
69220,recordsed960299-a147-4c1a-bc57-41ff83a2264f,bodem:Bodemkaart50000_v2025,OGC:WFS,https%3A%2F%2Fmaps.bodemdata.nl%2Fgeoserver%2Fows%3Fservice%3DWFS%26version%3D1.1.0%26request%3DGetCapabilities%26service%3DWFS%26typeName%3Dbodem%3ABodemkaart50000_v2025%26srsName%3DEPSG%3A28992,BRO - Bodemkaart (SGM) WFS
69233,r_liguri:D.2281.VS,NULL,Web Map Service (WMS),https%3A%2F%2Fgeoservizi.regione.liguria.it%2Fgeoserver%2FM2281%2Fwms%3Fversion%3D1.3.0%26request%3Dgetcapabilities,NULL
69245,https://hub.agrigis.cz/ID_DatoveSady/AgriculturalParcelId/CZ-48133981-IACS-GSA,NULL,OGC:WCS,https%3A%2F%2Fgeoportal.gov.cz%2Fweb%2Fguest%2Fmap%3Fwmc%3Dhttp%253A%2F%2Fgeoportal.gov.cz%2Fphp%2Fwmc%2Fdata%2F678e51f1-afb0-42e6-a1db-32c65ac0a8017c.wmc%26wmcaction%3Doverwrite,NULL
69246,https://hub.agrigis.cz/ID_DatoveSady/AgriculturalParcelId/CZ-48133981-IACS-GSA,NULL,OGC:WMS,https%3A%2F%2Fgis.cenia.cz%2Fgeoserver%2Fmze_gsa%2Fwms%3FSERVICE%3DWMS%26request%3DGETCapabilities,NULL
69247,https://hub.agrigis.cz/ID_DatoveSady/AgriculturalParcelId/CZ-48133981-IACS-GSA,NULL,OGC:WFS,https%3A%2F%2Fgis.cenia.cz%2Fgeoserver%2Fmze_gsa%2Fwfs%3Fservice%3DWFS%26request%3DGetCapabilities,NULL
69261,5856173c-e58d-4b4c-8f9b-046ee1f20c1c,NULL,OGC:WFS,https%3A%2F%2Fservice.pdok.nl%2Frvo%2Fpotentieel-warmte-koude-opslagsystemen%2Fwfs%2Fv1_0%3Frequest%3Dgetcapabilities%26service%3DWFS,NULL
69281,https://data.inspire.gv.at/3ee31e14-a6ac-4fc6-913a-1a83995aec5a,inspire_schlaege_2022_point,OGC:WMS,https%3A%2F%2Finspire.lfrz.gv.at%2F009501%2Fwms%3Fversion%3D1.3.0%26request%3DGetCapabilities,inspire_schlaege_2022_point
69291,http://id.igeo.pt/cdg/35821c18-cea8-47c4-bde0-4580d6808c11,NULL,OGC:WMS-1.3.0-http-get-map,https%3A%2F%2Fgeoservices.madeira.gov.pt%2Fgeoserver%2FSO_CARTASOLOS%2Fwms%3FVERSION%3D1.3.0%26service%3DWMS%26REQUEST%3DGetCapabilities,NULL
69295,743b6984-4465-efe5-d617-581b1b46d05f,INSPIRE_JNREF2021_A02,OGC:WMS-1.1.1-http-get-map,https%3A%2F%2Fwww.geoportal.hessen.de%2Fmapbender%2Fphp%2Fwms.php%3Finspire%3D1%26layer_id%3D58449%26withChilds%3D1%26REQUEST%3DGetCapabilities%26SERVICE%3DWMS,"System zur Identifizierung landwirtschaftlicher Parzellen, ein Teilsystem des Integrierten Verwaltungs- und Kontrollsystems (InVeKoS) wie in Artikel 68 der Verordnung (EG) Nr. 1306/2013 definiert. Subsystem des InVeKoS im Sinne von Artikel 68 der Verordnung (EG) Nr. 1306/2013. Geodatensatz mit der Abgrenzung von Referenzparzellen, Arten landwirtschaftlicher Flächen und stabilen im Umweltinteresse genutzten Flächen."
69305,https://registry.gdi-de.org/id/de.be.csw/f926ced5-762b-35a1-8ac6-c8147e1581b6,NULL,Darstellungsdienst - Wasserhaushalt 2022 - Versickerung aus Niederschlägen (Umweltatlas) (WMS),https%3A%2F%2Fgdi.berlin.de%2Fservices%2Fwms%2Fua_versickerung_2022%3Frequest%3DGetCapabilities%26service%3DWMS,Darstellungsdienst - Wasserhaushalt 2022 - Versickerung aus Niederschlägen (Umweltatlas) (WMS)
69311,87ddc90d-f7b6-08ee-d575-a029c759c469,INSPIRE_LEREF_2020_POINT,OGC:WMS-1.1.1-http-get-map,https%3A%2F%2Fwww.geoportal.hessen.de%2Fmapbender%2Fphp%2Fwms.php%3Finspire%3D1%26layer_id%3D58450%26withChilds%3D1%26REQUEST%3DGetCapabilities%26SERVICE%3DWMS,Landschaftselemente sind beihilfefähige Landschaftsbestandteile mit herausragender ökologischer Bedeutung. Erfasst sind in diesem Datensatz punktförmige Landschaftselemente für Hessen.
69340,https://registry.gdi-de.org/id/de.be.csw/0f13a6e6-3e3f-32f6-af9b-b5179d479363,NULL,Darstellungsdienst - pH-Werte des Oberbodens 2020 (Umweltatlas) (WMS),https%3A%2F%2Fgdi.berlin.de%2Fservices%2Fwms%2Fua_boden_ph_2020%3Frequest%3DGetCapabilities%26service%3DWMS,Darstellungsdienst - pH-Werte des Oberbodens 2020 (Umweltatlas) (WMS)
69370,https://registry.gdi-de.org/id/de.be.csw/e9c465d4-3a7c-39fe-b725-43f86a1256b0,NULL,Darstellungsdienst - Boden im INSPIRE-Datenmodell (Kriterien zur Bewertung der Bodenfunktionen 2020) (WMS),https%3A%2F%2Fgdi.berlin.de%2Fservices%2Fwms%2Fso_krbwbof2020%3Frequest%3DGetCapabilities%26service%3DWMS,Darstellungsdienst - Boden im INSPIRE-Datenmodell (Kriterien zur Bewertung der Bodenfunktionen 2020) (WMS)
69392,https://data.inspire.gv.at/0095/c2721bd8-b021-4eb4-913a-0d4fac5e372c,inspire_referenzen_2016_point,OGC:WMS,https%3A%2F%2Finspire.lfrz.gv.at%2F009501%2Fwms%3Fversion%3D1.3.0%26request%3DGetCapabilities,INVEKOS Referenzen 2016 (Point)
69405,https://registry.gdi-de.org/id/de.th.csw/5a06b2a1-13ad-43f3-b39f-8a52cd4b6b19,NULL,OGC:WMS-http-get-map,https%3A%2F%2Fwww.geoproxy.geoportal-th.de%2Fgeoproxy%2Fservices%2Fagrar%2Ffeldblock,NULL
69464,939017af-7135-4907-9c7c-646af130378f,NULL,OGC:WFS,http%3A%2F%2Fgeodata.fvm.dk%2Fgeoserver%2FGB_MFO_og_groenne_krav%2Fwfs%3F,NULL
69473,https://registry.gdi-de.org/id/de.be.csw/d30758db-bc5a-3085-9c5c-e73396f024e4,NULL,Darstellungsdienst - Boden im INSPIRE-Datenmodell (Bodenkundliche Kennwerte 2020) (WMS),https%3A%2F%2Fgdi.berlin.de%2Fservices%2Fwms%2Fso_bokw2020%3Frequest%3DGetCapabilities%26service%3DWMS,Darstellungsdienst - Boden im INSPIRE-Datenmodell (Bodenkundliche Kennwerte 2020) (WMS)
69491,b434b52d-6c42-482f-b9ea-afaa57419f2f,Agricultural Soil Map of Austria - Full Soil Code from the World Reference Base (WRB Full) - WFS,OGC:WFS-http-get-capabilities,https%3A%2F%2Fgis.lfrz.gv.at%2Fapi%2Fgeodata%2Fi000604%2Fogc%2Ffeatures%2Fv1%2F,Agricultural Soil Map of Austria - Full Soil Code from the World Reference Base (WRB Full) - WFS
69505,https://registry.gdi-de.org/id/de.bund.thuenen/1c3507ce-6631-4175-b8dd-6444fa3e9472,Darstellungsdienst Erste Bodenzustandserhebung im Wald (BZE Wald I),OGC:WMS-http-get-map,https%3A%2F%2Finspire.thuenen.de%2Fgeoserver%2Fbze1_wald%2Fows%3Fservice%3DWMS%26version%3D1.3.0%26request%3DGetCapabilities,GetCapabilities-Dokument (Selbstbeschreibung des Dienstes)
69507,https://registry.gdi-de.org/id/de.bund.thuenen/1c3507ce-6631-4175-b8dd-6444fa3e9472,Downloaddienst Erste Bodenzustandserhebung im Wald (BZE Wald I),OGC:WFS-http-get-capabilities,https%3A%2F%2Finspire.thuenen.de%2Fgeoserver%2Fbze1_wald%2Fows%3Fservice%3DWFS%26version%3D2.0.0%26request%3DGetCapabilities%26srsName%3DEPSG%3A3857,GetCapabilities-Dokument (Selbstbeschreibung des Dienstes)
69524,https://data.inspire.gv.at/0095/c5d236f0-6db3-42ec-8d7f-8cc87e179dae,inspire_referenzen_2019_point,OGC:WMS,https%3A%2F%2Finspire.lfrz.gv.at%2F009501%2Fwms%3Fversion%3D1.3.0%26request%3DGetCapabilities,INVEKOS Referenzen 2019 (Point)
69557,https://data.inspire.gv.at/33078dd6-05e0-4263-a464-f35bd1607ecd,inspire_feldstuecke_2024-1,OGC:WMS,https%3A%2F%2Finspire.lfrz.gv.at%2F009501%2Fwms%3Fversion%3D1.3.0%26request%3DGetCapabilities,inspire_feldstuecke_2024-1
69655,https://registry.gdi-de.org/id/de.th.csw/D872F2D6-60BC-11D6-B67D-00E0290F5BA0,WMS Feldblock,OGC:WMS-http-get-map,https%3A%2F%2Fwww.geoproxy.geoportal-th.de%2Fgeoproxy%2Fservices%2Fagrar%2Ffeldblock,Feldbloecke
69697,csw,BRO SFR kenset,OGC:WMS,https%3A%2F%2Fservice.pdok.nl%2Ftno%2Fbro-wandonderzoek%2Fwms%2Fv1_0%3Frequest%3Dgetcapabilities%26service%3DWMS,NULL
69700,csw,BRO BHR-P kenset,OGC:WMS,https%3A%2F%2Fservice.pdok.nl%2Ftno%2Fbro-bodemkundig-booronderzoek%2Fwms%2Fv1_0%3FService%3DWMS%26Request%3DGetCapabilities,NULL
69703,csw,SO.ObservedSoilProfile,OGC:WMS,https%3A%2F%2Fservice.pdok.nl%2Fbzk%2Fbodem%2Fbro-wandonderzoek%2Fwms%2Fv1_0%3FService%3DWMS%26Request%3DGetCapabilities,NULL
69746,https://registry.gdi-de.org/id/de.be.csw/a71a390d-06bb-3627-9f02-221bfb1368d1,NULL,Downloaddienst - Kühlleistung der Böden mit Berücksichtigung der Versiegelung 2020 (Umweltatlas) (WFS),https%3A%2F%2Fgdi.berlin.de%2Fservices%2Fwfs%2Fua_boden_bklmv_2020%3Frequest%3DGetCapabilities%26service%3DWFS,Downloaddienst - Kühlleistung der Böden mit Berücksichtigung der Versiegelung 2020 (Umweltatlas) (WFS)
69762,https://registry.gdi-de.org/id/de.be.csw/4394e709-ce2b-3937-b209-283de93c380d,NULL,Darstellungsdienst - Besondere naturräumliche Eigenart der Böden 2020 (Umweltatlas) (WMS),https%3A%2F%2Fgdi.berlin.de%2Fservices%2Fwms%2Fua_boden_eigenart_2020%3Frequest%3DGetCapabilities%26service%3DWMS,Darstellungsdienst - Besondere naturräumliche Eigenart der Böden 2020 (Umweltatlas) (WMS)
69834,2926a277-0208-40e7-b0ba-eb6adf37935e,INSPIRE Downloaddienst (WCS) Databank Ondergrond Vlaanderen,OGC:WCS,https%3A%2F%2Fwww.dov.vlaanderen.be%2Fgeoserver%2Fwcs%3F,INSPIRE Downloaddienst (WCS) Databank Ondergrond Vlaanderen
69835,2926a277-0208-40e7-b0ba-eb6adf37935e,INSPIRE Downloaddienst (WCS) Databank Ondergrond Vlaanderen,OGC:WCS-2.0.1-http-get-capabilities,https%3A%2F%2Fwww.dov.vlaanderen.be%2Fgeoserver%2Fwcs%3FSERVICE%3DWCS%26version%3D2.0.1%26request%3DGetCapabilities,INSPIRE Downloaddienst (WCS) Databank Ondergrond Vlaanderen
69836,2926a277-0208-40e7-b0ba-eb6adf37935e,INSPIRE Downloaddienst (WCS) Databank Ondergrond Vlaanderen,OGC:WCS-2.0.1-http-describecoverage,https%3A%2F%2Fwww.dov.vlaanderen.be%2Fgeoserver%2Fwcs%3FSERVICE%3DWCS%26version%3D2.0.1%26request%3DDescribeCoverage,INSPIRE Downloaddienst (WCS) Databank Ondergrond Vlaanderen
69837,2926a277-0208-40e7-b0ba-eb6adf37935e,INSPIRE Downloaddienst (WCS) Databank Ondergrond Vlaanderen,OGC:WCS-2.0.1-http-get-coverage,https%3A%2F%2Fwww.dov.vlaanderen.be%2Fgeoserver%2Fwcs%3FSERVICE%3DWCS%26version%3D2.0.1%26request%3DGetCoverage,INSPIRE Downloaddienst (WCS) Databank Ondergrond Vlaanderen
69981,0086CC52-6F67-4393-99BE-7D3AB1B84160,0,ogc:wms,https%3A%2F%2Fservices.bgr.de%2Fwms%2Fboden%2Fbuek5000%2F%3F,Die hier vorliegende Bodenübersichtskarte im Maßstab 1:5.000.000 (BÜK5000) wurde durch eine weitere inhaltliche und räumliche Zusammenfassung aus den Legendeneinheiten der BÜK1000N abgeleitet. Diese Zusammenfassung orientierte sich an den Angaben zu den Bodenausgangsgesteinen und führte zu 20 bodenkundlichen (23) Legendeneinheiten mit Kartenpolygonen von mindestens 64 Quadratkilometern Größe.
77833,https://registry.gdi-de.org/id/de.be.csw/c40389f2-f121-3216-88ab-342b1151cba3,NULL,Darstellungsdienst - Boden im INSPIRE-Datenmodell (Mittelmaßstäbige Landwirtschaftliche Standortkartierung MMK) (WMS),https%3A%2F%2Fgdi.berlin.de%2Fservices%2Fwms%2Fso_mmk2004%3Frequest%3DGetCapabilities%26service%3DWMS,Darstellungsdienst - Boden im INSPIRE-Datenmodell (Mittelmaßstäbige Landwirtschaftliche Standortkartierung MMK) (WMS)
77951,https://hub.agrigis.cz/ID_DatoveSady/ReferenceParcelId/CZ-48133981-LPIS-RP,NULL,OGC:WCS,https%3A%2F%2Fgeoportal.gov.cz%2Fweb%2Fguest%2Fmap%3Fwmc%3Dhttp%253A%2F%2Fgeoportal.gov.cz%2Fphp%2Fwmc%2Fdata%2F678e50ce-f8bc-4bf6-a536-32c575c0a8017c.wmc%26wmcaction%3Doverwrite,NULL
77952,https://hub.agrigis.cz/ID_DatoveSady/ReferenceParcelId/CZ-48133981-LPIS-RP,NULL,OGC:WMS,https%3A%2F%2Fgis.cenia.cz%2Fgeoserver%2Fmze_lpis%2Fwms%3FSERVICE%3DWMS%26request%3DGETCapabilities,NULL
77953,https://hub.agrigis.cz/ID_DatoveSady/ReferenceParcelId/CZ-48133981-LPIS-RP,NULL,OGC:WFS,https%3A%2F%2Fgis.cenia.cz%2Fgeoserver%2Fmze_lpis%2Fwfs%3Fservice%3DWFS%26request%3DGetCapabilities,NULL
78024,"LC_landscapeFeature_SIGEC_LPIS_2023,e0df2619-0999-45f6-9f6c-3d241415c624",INSPIRE- Occupation des terres en Wallonie (BE) - Service de visualisation WMS,OGC:WMS,https%3A%2F%2Fgeoservices.wallonie.be%2Fgeoserver%2Finspire_lc%2Fows%3Fservice%3DWMS%26version%3D1.3.0%26request%3DGetCapabilities,"Ce service de visualisation WMS-INSPIRE permet de consulter la série de couches de données conforme au thème INSPIRE ""Occupation des terres""."
85730,1c9b43c3-064d-40c3-aa7c-879b7376ef6f,NULL,OGC:WMS,https%3A%2F%2Fservice.pdok.nl%2Frvo%2Fpotentieel-warmte-koude-opslagsystemen%2Fwms%2Fv1_0%3Frequest%3Dgetcapabilities%26service%3DWMS,NULL
110982,fceb610a-5d35-4a0c-a74b-3117b30b1533,NULL,OGC:WMS,https%3A%2F%2Fservice.pdok.nl%2Ftno%2Fbro-wandonderzoek%2Fwms%2Fv1_0%3Frequest%3Dgetcapabilities%26service%3DWMS,NULL
122363,bc4277fe-7d0b-4d5e-9782-cccb1753f5f5,NULL,OGC:WMS,https%3A%2F%2Fservice.pdok.nl%2Ftno%2Fbro-wandonderzoek-geharmoniseerd%2Fwms%2Fv1_0%3FService%3DWMS%26Request%3DGetCapabilities,NULL
122370,57af3675-efc5-453b-bd66-c9be4a4a0c16,NULL,OGC:WMS,https%3A%2F%2Fservice.pdok.nl%2Ftno%2Fbro-bodemkundig-booronderzoek-bodem-geharmoniseerd%2Fwms%2Fv1_0%3Frequest%3DGetCapabilities%26service%3DWMS,NULL
