id,record_id,url,property,value,metadata,process,date,bbox,bbox_crs,bbox_status,bbox_west,bbox_south,bbox_east,bbox_north
14,37aaa10d-50bd-431e-b924-209c2e88b9d7,https://www.dov.vlaanderen.be/geoserver/organische_koolstof/wms?SERVICE=WMS&version=1.3.0&request=GetCapabilities,,,"{""id"": ""57"", ""bbox"": [2.53862, 49.48526, 6.40387, 51.50544, ""CRS:84""], ""name"": ""carbon_1000"", ""title"": ""Soil Organic Carbon Stock Maps for Belgium: mean (1 km grid)"", ""crs3857"": true, ""crs4326"": true, ""abstract"": ""The Belgian soil organic carbon (SOC) stock map for topsoils (0-30 cm) was composed of 2 regional SOC stock maps. For the regional maps a different approach was used for agricultural land as compared to forest. The maps are based on digital soil mapping approaches using empirical models calibrated to predict the SOC stock and using covariates that are available at a sufficient resolution at the regional scale. All maps are strongly dependent on the Belgian Soil Map (texture and drainage parameters). The regional maps were compiled at a finer resolution (10m x 10m and 40m x 40m grid cells). Next they were joined (40m x 40m grid cells) and finally scaled up to the required 1 by 1 km grid cells. This was done using the following tools: block statistics (mean), mosaic to new raster (mean), project to raster, block statistics (mean), resample (nearest neighbour) and project raster.\r\nGiven the different origin of the individual maps, the uncertainty varies between maps. For instance, a map of the 90% confidence interval of the SOC stocks was produced for agricultural soils in Wallonia based on a Monte Carlo Approach taking into account both the measurement and the model uncertainties. For Flemish forest soils, spatial and analytical uncertainties were taken into account using bootstrapping techniques. For Flemish agricultural soils, the uncertainty reported is the model uncertainty on point estimates for each data point, in which the estimated model parameters are simulated 1000 times as being independent normal distributed variables using their model estimation and standard error as distribution parameters. No additional uncertainty is taken into account for the conversion functions that use the stochastic variables \""bulk density\"".\r\nThe SOC stock maps are the first comprehensive map for Belgium integrating grasslands, croplands and forests. There are two versions of the SOC stock maps for Belgium: 1) resolution of 40m x 40m in the coordinate reference system Lambert72 and 2) resolution of 1km x 1km in the coordinate reference system WGS84. The metadata are available and allow assessing the uncertainties of the stock estimates in the different component maps."", ""keywords"": [""Bodem"", ""ondergrond"", ""landbouw"", ""koolstof"", ""totaal aan organische koolstof"", ""grasland"", ""akker"", ""bos"", ""bos"", ""Regionaal"", ""Herbruikbaar"", ""Kosteloos"", ""Vlaamse Open data"", ""Toegevoegd GDI-Vl"", ""Metadata GDI-Vl-conform"", ""Metadata INSPIRE-conform"", ""Lijst M&R INSPIRE"", ""DOV"", ""Vlaanderen"", ""Ondergrond"", ""Databank Ondergrond Vlaanderen"", ""Departement Omgeving"", ""Aardobservatie en milieu"", ""Bodem"", ""HVD""], ""layer_name"": ""carbon_1000"", ""description"": ""WMS-capabilities Soil Organic Carbon Stock Maps for Belgium: mean (1 km grid)"", ""service_type"": ""wms"", ""metadata_urls"": [""https://www.dov.vlaanderen.be/geonetwork#/metadata/37aaa10d-50bd-431e-b924-209c2e88b9d7"", ""https://www.dov.vlaanderen.be/geonetwork/srv/dut/csw?Service=CSW&Request=GetRecordById&Version=2.0.2&outputSchema=http://www.isotc211.org/2005/gmd&elementSetName=full&id=37aaa10d-50bd-431e-b924-209c2e88b9d7""]}",spatial-extractor,2026-06-21 18:04:19.926 +0300,"[2.53862, 49.48526, 6.40387, 51.50544]",CRS:84,ok,2.53862,49.48526,6.40387,51.50544
15,37aaa10d-50bd-431e-b924-209c2e88b9d7,https://www.dov.vlaanderen.be/geoserver/organische_koolstof/wms?SERVICE=WMS&version=1.3.0&request=GetMap,,,"{""id"": ""59"", ""bbox"": [2.53862, 49.48526, 6.40387, 51.50544, ""CRS:84""], ""name"": ""carbon_1000"", ""title"": ""Soil Organic Carbon Stock Maps for Belgium: mean (1 km grid)"", ""crs3857"": true, ""crs4326"": true, ""abstract"": ""The Belgian soil organic carbon (SOC) stock map for topsoils (0-30 cm) was composed of 2 regional SOC stock maps. For the regional maps a different approach was used for agricultural land as compared to forest. The maps are based on digital soil mapping approaches using empirical models calibrated to predict the SOC stock and using covariates that are available at a sufficient resolution at the regional scale. All maps are strongly dependent on the Belgian Soil Map (texture and drainage parameters). The regional maps were compiled at a finer resolution (10m x 10m and 40m x 40m grid cells). Next they were joined (40m x 40m grid cells) and finally scaled up to the required 1 by 1 km grid cells. This was done using the following tools: block statistics (mean), mosaic to new raster (mean), project to raster, block statistics (mean), resample (nearest neighbour) and project raster.\r\nGiven the different origin of the individual maps, the uncertainty varies between maps. For instance, a map of the 90% confidence interval of the SOC stocks was produced for agricultural soils in Wallonia based on a Monte Carlo Approach taking into account both the measurement and the model uncertainties. For Flemish forest soils, spatial and analytical uncertainties were taken into account using bootstrapping techniques. For Flemish agricultural soils, the uncertainty reported is the model uncertainty on point estimates for each data point, in which the estimated model parameters are simulated 1000 times as being independent normal distributed variables using their model estimation and standard error as distribution parameters. No additional uncertainty is taken into account for the conversion functions that use the stochastic variables \""bulk density\"".\r\nThe SOC stock maps are the first comprehensive map for Belgium integrating grasslands, croplands and forests. There are two versions of the SOC stock maps for Belgium: 1) resolution of 40m x 40m in the coordinate reference system Lambert72 and 2) resolution of 1km x 1km in the coordinate reference system WGS84. The metadata are available and allow assessing the uncertainties of the stock estimates in the different component maps."", ""keywords"": [""Bodem"", ""ondergrond"", ""landbouw"", ""koolstof"", ""totaal aan organische koolstof"", ""grasland"", ""akker"", ""bos"", ""bos"", ""Regionaal"", ""Herbruikbaar"", ""Kosteloos"", ""Vlaamse Open data"", ""Toegevoegd GDI-Vl"", ""Metadata GDI-Vl-conform"", ""Metadata INSPIRE-conform"", ""Lijst M&R INSPIRE"", ""DOV"", ""Vlaanderen"", ""Ondergrond"", ""Databank Ondergrond Vlaanderen"", ""Departement Omgeving"", ""Aardobservatie en milieu"", ""Bodem"", ""HVD""], ""layer_name"": ""carbon_1000"", ""description"": ""WMS-map Soil Organic Carbon Stock Maps for Belgium: mean (1 km grid)"", ""service_type"": ""wms"", ""metadata_urls"": [""https://www.dov.vlaanderen.be/geonetwork#/metadata/37aaa10d-50bd-431e-b924-209c2e88b9d7"", ""https://www.dov.vlaanderen.be/geonetwork/srv/dut/csw?Service=CSW&Request=GetRecordById&Version=2.0.2&outputSchema=http://www.isotc211.org/2005/gmd&elementSetName=full&id=37aaa10d-50bd-431e-b924-209c2e88b9d7""]}",spatial-extractor,2026-06-21 18:04:21.017 +0300,"[2.53862, 49.48526, 6.40387, 51.50544]",CRS:84,ok,2.53862,49.48526,6.40387,51.50544
16,37aaa10d-50bd-431e-b924-209c2e88b9d7,https://www.dov.vlaanderen.be/geoserver/organische_koolstof/wms?,,,"{""id"": ""60"", ""bbox"": [2.53862, 49.48526, 6.40387, 51.50544, ""CRS:84""], ""name"": ""carbon_1000"", ""title"": ""Soil Organic Carbon Stock Maps for Belgium: mean (1 km grid)"", ""crs3857"": true, ""crs4326"": true, ""abstract"": ""The Belgian soil organic carbon (SOC) stock map for topsoils (0-30 cm) was composed of 2 regional SOC stock maps. For the regional maps a different approach was used for agricultural land as compared to forest. The maps are based on digital soil mapping approaches using empirical models calibrated to predict the SOC stock and using covariates that are available at a sufficient resolution at the regional scale. All maps are strongly dependent on the Belgian Soil Map (texture and drainage parameters). The regional maps were compiled at a finer resolution (10m x 10m and 40m x 40m grid cells). Next they were joined (40m x 40m grid cells) and finally scaled up to the required 1 by 1 km grid cells. This was done using the following tools: block statistics (mean), mosaic to new raster (mean), project to raster, block statistics (mean), resample (nearest neighbour) and project raster.\r\nGiven the different origin of the individual maps, the uncertainty varies between maps. For instance, a map of the 90% confidence interval of the SOC stocks was produced for agricultural soils in Wallonia based on a Monte Carlo Approach taking into account both the measurement and the model uncertainties. For Flemish forest soils, spatial and analytical uncertainties were taken into account using bootstrapping techniques. For Flemish agricultural soils, the uncertainty reported is the model uncertainty on point estimates for each data point, in which the estimated model parameters are simulated 1000 times as being independent normal distributed variables using their model estimation and standard error as distribution parameters. No additional uncertainty is taken into account for the conversion functions that use the stochastic variables \""bulk density\"".\r\nThe SOC stock maps are the first comprehensive map for Belgium integrating grasslands, croplands and forests. There are two versions of the SOC stock maps for Belgium: 1) resolution of 40m x 40m in the coordinate reference system Lambert72 and 2) resolution of 1km x 1km in the coordinate reference system WGS84. The metadata are available and allow assessing the uncertainties of the stock estimates in the different component maps."", ""keywords"": [""Bodem"", ""ondergrond"", ""landbouw"", ""koolstof"", ""totaal aan organische koolstof"", ""grasland"", ""akker"", ""bos"", ""bos"", ""Regionaal"", ""Herbruikbaar"", ""Kosteloos"", ""Vlaamse Open data"", ""Toegevoegd GDI-Vl"", ""Metadata GDI-Vl-conform"", ""Metadata INSPIRE-conform"", ""Lijst M&R INSPIRE"", ""DOV"", ""Vlaanderen"", ""Ondergrond"", ""Databank Ondergrond Vlaanderen"", ""Departement Omgeving"", ""Aardobservatie en milieu"", ""Bodem"", ""HVD""], ""layer_name"": ""carbon_1000"", ""description"": ""WMS-endpoint Soil Organic Carbon Stock Maps for Belgium: mean (1 km grid)"", ""service_type"": ""wms"", ""metadata_urls"": [""https://www.dov.vlaanderen.be/geonetwork#/metadata/37aaa10d-50bd-431e-b924-209c2e88b9d7"", ""https://www.dov.vlaanderen.be/geonetwork/srv/dut/csw?Service=CSW&Request=GetRecordById&Version=2.0.2&outputSchema=http://www.isotc211.org/2005/gmd&elementSetName=full&id=37aaa10d-50bd-431e-b924-209c2e88b9d7""]}",spatial-extractor,2026-06-21 18:04:22.112 +0300,"[2.53862, 49.48526, 6.40387, 51.50544]",CRS:84,ok,2.53862,49.48526,6.40387,51.50544
20,37aaa10d-50bd-431e-b924-209c2e88b9d7,https://www.dov.vlaanderen.be/geoserver/organische_koolstof/wms?layers=carbon_1000,,,"{""id"": ""65"", ""bbox"": [2.53862, 49.48526, 6.40387, 51.50544, ""CRS:84""], ""name"": ""carbon_1000"", ""title"": ""Soil Organic Carbon Stock Maps for Belgium: mean (1 km grid)"", ""crs3857"": true, ""crs4326"": true, ""abstract"": ""The Belgian soil organic carbon (SOC) stock map for topsoils (0-30 cm) was composed of 2 regional SOC stock maps. For the regional maps a different approach was used for agricultural land as compared to forest. The maps are based on digital soil mapping approaches using empirical models calibrated to predict the SOC stock and using covariates that are available at a sufficient resolution at the regional scale. All maps are strongly dependent on the Belgian Soil Map (texture and drainage parameters). The regional maps were compiled at a finer resolution (10m x 10m and 40m x 40m grid cells). Next they were joined (40m x 40m grid cells) and finally scaled up to the required 1 by 1 km grid cells. This was done using the following tools: block statistics (mean), mosaic to new raster (mean), project to raster, block statistics (mean), resample (nearest neighbour) and project raster.\r\nGiven the different origin of the individual maps, the uncertainty varies between maps. For instance, a map of the 90% confidence interval of the SOC stocks was produced for agricultural soils in Wallonia based on a Monte Carlo Approach taking into account both the measurement and the model uncertainties. For Flemish forest soils, spatial and analytical uncertainties were taken into account using bootstrapping techniques. For Flemish agricultural soils, the uncertainty reported is the model uncertainty on point estimates for each data point, in which the estimated model parameters are simulated 1000 times as being independent normal distributed variables using their model estimation and standard error as distribution parameters. No additional uncertainty is taken into account for the conversion functions that use the stochastic variables \""bulk density\"".\r\nThe SOC stock maps are the first comprehensive map for Belgium integrating grasslands, croplands and forests. There are two versions of the SOC stock maps for Belgium: 1) resolution of 40m x 40m in the coordinate reference system Lambert72 and 2) resolution of 1km x 1km in the coordinate reference system WGS84. The metadata are available and allow assessing the uncertainties of the stock estimates in the different component maps."", ""keywords"": [""Bodem"", ""ondergrond"", ""landbouw"", ""koolstof"", ""totaal aan organische koolstof"", ""grasland"", ""akker"", ""bos"", ""bos"", ""Regionaal"", ""Herbruikbaar"", ""Kosteloos"", ""Vlaamse Open data"", ""Toegevoegd GDI-Vl"", ""Metadata GDI-Vl-conform"", ""Metadata INSPIRE-conform"", ""Lijst M&R INSPIRE"", ""DOV"", ""Vlaanderen"", ""Ondergrond"", ""Databank Ondergrond Vlaanderen"", ""Departement Omgeving"", ""Aardobservatie en milieu"", ""Bodem"", ""HVD""], ""layer_name"": ""carbon_1000"", ""description"": ""The Belgian soil organic carbon (SOC) stock map for topsoils (0-30 cm) was composed of 2 regional SOC stock maps. For the regional maps a different approach was used for agricultural land as compared to forest. The maps are based on digital soil mapping approaches using empirical models calibrated to predict the SOC stock and using covariates that are available at a sufficient resolution at the regional scale. All maps are strongly dependent on the Belgian Soil Map (texture and drainage parameters). The regional maps were compiled at a finer resolution (10m x 10m and 40m x 40m grid cells). Next they were joined (40m x 40m grid cells) and finally scaled up to the required 1 by 1 km grid cells. This was done using the following tools: block statistics (mean), mosaic to new raster (mean), project to raster, block statistics (mean), resample (nearest neighbour) and project raster.\nGiven the different origin of the individual maps, the uncertainty varies between maps. For instance, a map of the 90% confidence interval of the SOC stocks was produced for agricultural soils in Wallonia based on a Monte Carlo Approach taking into account both the measurement and the model uncertainties. For Flemish forest soils, spatial and analytical uncertainties were taken into account using bootstrapping techniques. For Flemish agricultural soils, the uncertainty reported is the model uncertainty on point estimates for each data point, in which the estimated model parameters are simulated 1000 times as being independent normal distributed variables using their model estimation and standard error as distribution parameters. No additional uncertainty is taken into account for the conversion functions that use the stochastic variables \""bulk density\"".\nThe SOC stock maps are the first comprehensive map for Belgium integrating grasslands, croplands and forests. There are two versions of the SOC stock maps for Belgium: 1) resolution of 40m x 40m in the coordinate reference system Lambert72 and 2) resolution of 1km x 1km in the coordinate reference system WGS84. The metadata are available and allow assessing the uncertainties of the stock estimates in the different component maps."", ""service_type"": ""wms"", ""metadata_urls"": [""https://www.dov.vlaanderen.be/geonetwork#/metadata/37aaa10d-50bd-431e-b924-209c2e88b9d7"", ""https://www.dov.vlaanderen.be/geonetwork/srv/dut/csw?Service=CSW&Request=GetRecordById&Version=2.0.2&outputSchema=http://www.isotc211.org/2005/gmd&elementSetName=full&id=37aaa10d-50bd-431e-b924-209c2e88b9d7""]}",spatial-extractor,2026-06-21 18:04:29.242 +0300,"[2.53862, 49.48526, 6.40387, 51.50544]",CRS:84,ok,2.53862,49.48526,6.40387,51.50544
21,562127a6-0381-46b3-9ed7-10e61ec5ecb5,https://service.pdok.nl/bzk/brobhrpkenset/wms/v1_0?Service=WMS&Request=GetCapabilities,,,"{""id"": ""110"", ""bbox"": [250000.0, -25000.0, 725000.0, 280000.0, ""EPSG:4258""], ""name"": ""BRO BHR-P kenset"", ""title"": ""BHR kenset"", ""crs3857"": true, ""crs4326"": true, ""abstract"": ""Bodemkundig booronderzoek omvat de gegevens die voortkomen uit een bodemkundig georienteerde boring. In veel gevallen bestaat het bodemkundig booronderzoek uit niet meer dan een boormonsterprofiel. In het meest uitgebreide geval omvat het booronderzoek ook de resultaten van boormonsteronderzoek en boorgatmeetgegevens. Het boormonsterprofiel komt tot stand door de samenstelling van de monsters uit een booronderzoek macroscopisch te beschrijven."", ""keywords"": [""grondonderzoek"", ""bodemonderzoek"", ""booronderzoek"", ""bodemkundig boormonsterprofiel"", ""boormonsterprofiel""], ""layer_name"": ""bhr_kenset"", ""description"": ""NULL"", ""service_type"": ""wms"", ""metadata_urls"": [""https://www.nationaalgeoregister.nl/geonetwork/srv/dut/csw?service=CSW&version=2.0.2&request=GetRecordById&outputschema=http://www.isotc211.org/2005/gmd&elementsetname=full&id=562127a6-0381-46b3-9ed7-10e61ec5ecb5""]}",spatial-extractor,2026-06-21 18:04:30.026 +0300,"[250000.0, -25000.0, 725000.0, 280000.0]",EPSG:4258,ok,250000.0,-25000.0,725000.0,280000.0
27,R_SARDEG:7a7ee722-5fea-4334-b37c-ae5a4765140d,https://webgis.regione.sardegna.it/geoserverraster/ows?service=wms&version=1.3.0&request=GetCapabilities,,,"{""id"": ""178"", ""bbox"": [8.123221407489151, 38.8575334017114, 9.83863322278139, 41.31383633815107, ""CRS:84""], ""name"": ""NULL"", ""title"": ""DTM 10m ombre rev01"", ""crs3857"": true, ""crs4326"": true, ""abstract"": ""Il dato contiene le informazioni sulla ombreggiatura del DTM 10m Altimetria, derivante dai dati altimetrici della CTR, dei DTM passo 1 m interpolati e delle geometrie poligonali dello strato 04 dell'idrografia dei DBGT 10k"", ""keywords"": [""DTM_10M_OMBRE_REV01"", ""WCS"", ""GeoTIFF""], ""layer_name"": ""raster:DTM_10M_OMBRE_REV01"", ""description"": ""NULL"", ""service_type"": ""wms"", ""metadata_urls"": [""https://webgis2.regione.sardegna.it/geonetwork/srv/ita/catalog.search#/metadata/R_SARDEG:7a7ee722-5fea-4334-b37c-ae5a4765140d""]}",spatial-extractor,2026-06-21 18:04:39.737 +0300,"[8.123221407489151, 38.8575334017114, 9.83863322278139, 41.31383633815107]",CRS:84,ok,8.123221407489151,38.8575334017114,9.83863322278139,41.31383633815107
31,DAT-237-en,https://image.discomap.eea.europa.eu/arcgis/services/DownloadLayers/HRL_SWF_2015_DL/MapServer/WMSServer?service=WMS&request=GetCapabilities&version=1.3.0,,,"{""id"": ""223"", ""bbox"": [-61.80958, -21.389853, 55.836628, 71.185417, ""CRS:84""], ""name"": ""0"", ""title"": ""SWF_2015_DownloadLayer_WM"", ""crs3857"": true, ""crs4326"": true, ""abstract"": null, ""keywords"": [], ""layer_name"": ""0"", ""description"": ""SWF_2015_DownloadLayer_WM"", ""service_type"": ""wms"", ""metadata_urls"": []}",spatial-extractor,2026-06-21 18:04:43.425 +0300,"[-61.80958, -21.389853, 55.836628, 71.185417]",CRS:84,ok,-61.80958,-21.389853,55.836628,71.185417
34,bcc9b3cd-9b30-4d3a-9990-db7d32ff842f,https://data.apps.fao.org/map/gsrv/gsrv1/water_accounting/wms,,,"{""id"": ""277"", ""bbox"": [34.399305537147995, 29.399305570520006, 37.000496013172, 33.700892871832, ""CRS:84""], ""name"": ""topsoil_jordan"", ""title"": ""topsoil_jordan"", ""crs3857"": true, ""crs4326"": true, ""abstract"": null, ""keywords"": [""topsoil_jordan"", ""WCS"", ""GeoTIFF""], ""layer_name"": ""topsoil_jordan"", ""description"": ""Saturated Soil Water Content (Jordan River Basin - 100m)"", ""service_type"": ""wms"", ""metadata_urls"": []}",spatial-extractor,2026-06-21 18:04:45.963 +0300,"[34.399305537147995, 29.399305570520006, 37.000496013172, 33.700892871832]",CRS:84,ok,34.399305537147995,29.399305570520006,37.000496013172,33.700892871832
58,eea_r_3035_1_k_soilbiodiv-potential_p_2000_v01_r00,https://land.discomap.eea.europa.eu/arcgis/services/Land/SoilBiodiversityPotential/MapServer/WMSServer?request=GetCapabilities&service=WMS,,,"{""id"": ""442"", ""bbox"": [-56.505142, 24.282837, 72.906158, 72.66441, ""CRS:84""], ""name"": ""0"", ""title"": ""Soil biodiversity potential"", ""crs3857"": true, ""crs4326"": true, ""abstract"": ""The dataset illustrates the potential of soils to serve as a soil biodiversity pool. The potential is expressed as an indexed value from 1 (lowest potential) to 10 (highest potential).\nThe potentials of soil biodiversity throughout Europe have been assessed and mapped by using critical thresholds of the selected variables (e.g. soil PH, texture, land cover among others) that potentially affect the conditions of soils for biodiversity and thus soil biodiversity levels. The dataset has been validated with existing data on soil biodiversity of different projects throughout Europe"", ""keywords"": [], ""layer_name"": ""0"", ""description"": ""Soil biodiversity potential"", ""service_type"": ""wms"", ""metadata_urls"": []}",spatial-extractor,2026-06-21 18:05:42.099 +0300,"[-56.505142, 24.282837, 72.906158, 72.66441]",CRS:84,ok,-56.505142,24.282837,72.906158,72.66441
62,https://www.dov.vlaanderen.be/geonetwork/srv/metadata/64e8a11d-5602-4ad5-b370-e4d396fe218f,https://www.dov.vlaanderen.be/geoserver/bodemkaart_afgeleid/wms?SERVICE=WMS&version=1.3.0&request=GetCapabilities,,,"{""id"": ""504"", ""bbox"": [2.5284053051840685, 50.67257954128071, 5.935714799682381, 51.505972208811166, ""CRS:84""], ""name"": ""wrb_250000"", ""title"": ""WRB Reference Soil Groups 250k: Bodemkaart van het Vlaamse Gewest volgens het internationale bodemclassificatiesysteem World Reference Base op schaal 1:250.000"", ""crs3857"": true, ""crs4326"": true, ""abstract"": ""Voor het Vlaamse Gewest werd de Belgische bodemkaart omgezet naar WRB-2014, de 3de editie van het internationaal bodemclassificatiesysteem World Reference Base. Het resultaat ziet u in de kaartlaag ‘WRB Soil Units 40k: Bodemkaart van het Vlaamse Gewest volgens het internationale bodemclassificatiesysteem World Reference Base op schaal 1:40.000’. De kaartlaag op schaal 250.000 is een generalisatie van deze kaartlaag op schaal 1:40.000. De gegeneraliseerde kaartlaag bevat de dominante (meest voorkomende) Reference Soil Group (RSG) en de bijhorende Principal Qualifiers (PQ) en twee geassocieerde RSG’s met hun PQ’s (tweede en derde meest voorkomend) per kaarteenheid."", ""keywords"": [""Bodem"", ""ondergrond"", ""Regionaal"", ""Herbruikbaar"", ""Kosteloos"", ""Vlaamse Open data"", ""Toegevoegd GDI-Vl"", ""Metadata GDI-Vl-conform"", ""Metadata INSPIRE-conform"", ""DOV"", ""Vlaanderen"", ""Ondergrond"", ""Databank Ondergrond Vlaanderen"", ""Departement Omgeving"", ""Reference Soil Group"", ""Principal Qualifiers"", ""DOV_PATHNAME@001#DOV:010#Bodem:020#Bodemkaarten:030#Bodemkaart volgens WRB:020#"", ""DOV_EXPERTISE@Bodem""], ""layer_name"": ""wrb_250000"", ""description"": ""WMS-capabilities WRB Reference Soil Groups 250k: Bodemkaart van het Vlaamse Gewest volgens het internationale bodemclassificatiesysteem World Reference Base op schaal 1:250.000"", ""service_type"": ""wms"", ""metadata_urls"": [""https://www.dov.vlaanderen.be/geonetwork#/metadata/64e8a11d-5602-4ad5-b370-e4d396fe218f"", ""https://www.dov.vlaanderen.be/geonetwork/srv/dut/csw?Service=CSW&Request=GetRecordById&Version=2.0.2&outputSchema=http://www.isotc211.org/2005/gmd&elementSetName=full&id=64e8a11d-5602-4ad5-b370-e4d396fe218f""]}",spatial-extractor,2026-06-21 18:05:52.996 +0300,"[2.5284053051840685, 50.67257954128071, 5.935714799682381, 51.505972208811166]",CRS:84,ok,2.5284053051840685,50.67257954128071,5.935714799682381,51.505972208811166
63,https://www.dov.vlaanderen.be/geonetwork/srv/metadata/64e8a11d-5602-4ad5-b370-e4d396fe218f,https://www.dov.vlaanderen.be/geoserver/bodemkaart_afgeleid/wms?SERVICE=WMS&version=1.3.0&request=GetMap,,,"{""id"": ""506"", ""bbox"": [2.5284053051840685, 50.67257954128071, 5.935714799682381, 51.505972208811166, ""CRS:84""], ""name"": ""wrb_250000"", ""title"": ""WRB Reference Soil Groups 250k: Bodemkaart van het Vlaamse Gewest volgens het internationale bodemclassificatiesysteem World Reference Base op schaal 1:250.000"", ""crs3857"": true, ""crs4326"": true, ""abstract"": ""Voor het Vlaamse Gewest werd de Belgische bodemkaart omgezet naar WRB-2014, de 3de editie van het internationaal bodemclassificatiesysteem World Reference Base. Het resultaat ziet u in de kaartlaag ‘WRB Soil Units 40k: Bodemkaart van het Vlaamse Gewest volgens het internationale bodemclassificatiesysteem World Reference Base op schaal 1:40.000’. De kaartlaag op schaal 250.000 is een generalisatie van deze kaartlaag op schaal 1:40.000. De gegeneraliseerde kaartlaag bevat de dominante (meest voorkomende) Reference Soil Group (RSG) en de bijhorende Principal Qualifiers (PQ) en twee geassocieerde RSG’s met hun PQ’s (tweede en derde meest voorkomend) per kaarteenheid."", ""keywords"": [""Bodem"", ""ondergrond"", ""Regionaal"", ""Herbruikbaar"", ""Kosteloos"", ""Vlaamse Open data"", ""Toegevoegd GDI-Vl"", ""Metadata GDI-Vl-conform"", ""Metadata INSPIRE-conform"", ""DOV"", ""Vlaanderen"", ""Ondergrond"", ""Databank Ondergrond Vlaanderen"", ""Departement Omgeving"", ""Reference Soil Group"", ""Principal Qualifiers"", ""DOV_PATHNAME@001#DOV:010#Bodem:020#Bodemkaarten:030#Bodemkaart volgens WRB:020#"", ""DOV_EXPERTISE@Bodem""], ""layer_name"": ""wrb_250000"", ""description"": ""WMS-map WRB Reference Soil Groups 250k: Bodemkaart van het Vlaamse Gewest volgens het internationale bodemclassificatiesysteem World Reference Base op schaal 1:250.000"", ""service_type"": ""wms"", ""metadata_urls"": [""https://www.dov.vlaanderen.be/geonetwork#/metadata/64e8a11d-5602-4ad5-b370-e4d396fe218f"", ""https://www.dov.vlaanderen.be/geonetwork/srv/dut/csw?Service=CSW&Request=GetRecordById&Version=2.0.2&outputSchema=http://www.isotc211.org/2005/gmd&elementSetName=full&id=64e8a11d-5602-4ad5-b370-e4d396fe218f""]}",spatial-extractor,2026-06-21 18:05:54.031 +0300,"[2.5284053051840685, 50.67257954128071, 5.935714799682381, 51.505972208811166]",CRS:84,ok,2.5284053051840685,50.67257954128071,5.935714799682381,51.505972208811166
64,https://www.dov.vlaanderen.be/geonetwork/srv/metadata/64e8a11d-5602-4ad5-b370-e4d396fe218f,https://www.dov.vlaanderen.be/geoserver/bodemkaart_afgeleid/wms?,,,"{""id"": ""507"", ""bbox"": [2.5284053051840685, 50.67257954128071, 5.935714799682381, 51.505972208811166, ""CRS:84""], ""name"": ""wrb_250000"", ""title"": ""WRB Reference Soil Groups 250k: Bodemkaart van het Vlaamse Gewest volgens het internationale bodemclassificatiesysteem World Reference Base op schaal 1:250.000"", ""crs3857"": true, ""crs4326"": true, ""abstract"": ""Voor het Vlaamse Gewest werd de Belgische bodemkaart omgezet naar WRB-2014, de 3de editie van het internationaal bodemclassificatiesysteem World Reference Base. Het resultaat ziet u in de kaartlaag ‘WRB Soil Units 40k: Bodemkaart van het Vlaamse Gewest volgens het internationale bodemclassificatiesysteem World Reference Base op schaal 1:40.000’. De kaartlaag op schaal 250.000 is een generalisatie van deze kaartlaag op schaal 1:40.000. De gegeneraliseerde kaartlaag bevat de dominante (meest voorkomende) Reference Soil Group (RSG) en de bijhorende Principal Qualifiers (PQ) en twee geassocieerde RSG’s met hun PQ’s (tweede en derde meest voorkomend) per kaarteenheid."", ""keywords"": [""Bodem"", ""ondergrond"", ""Regionaal"", ""Herbruikbaar"", ""Kosteloos"", ""Vlaamse Open data"", ""Toegevoegd GDI-Vl"", ""Metadata GDI-Vl-conform"", ""Metadata INSPIRE-conform"", ""DOV"", ""Vlaanderen"", ""Ondergrond"", ""Databank Ondergrond Vlaanderen"", ""Departement Omgeving"", ""Reference Soil Group"", ""Principal Qualifiers"", ""DOV_PATHNAME@001#DOV:010#Bodem:020#Bodemkaarten:030#Bodemkaart volgens WRB:020#"", ""DOV_EXPERTISE@Bodem""], ""layer_name"": ""wrb_250000"", ""description"": ""WMS-endpoint WRB Reference Soil Groups 250k: Bodemkaart van het Vlaamse Gewest volgens het internationale bodemclassificatiesysteem World Reference Base op schaal 1:250.000"", ""service_type"": ""wms"", ""metadata_urls"": [""https://www.dov.vlaanderen.be/geonetwork#/metadata/64e8a11d-5602-4ad5-b370-e4d396fe218f"", ""https://www.dov.vlaanderen.be/geonetwork/srv/dut/csw?Service=CSW&Request=GetRecordById&Version=2.0.2&outputSchema=http://www.isotc211.org/2005/gmd&elementSetName=full&id=64e8a11d-5602-4ad5-b370-e4d396fe218f""]}",spatial-extractor,2026-06-21 18:05:55.331 +0300,"[2.5284053051840685, 50.67257954128071, 5.935714799682381, 51.505972208811166]",CRS:84,ok,2.5284053051840685,50.67257954128071,5.935714799682381,51.505972208811166
93,DAT-14-en,https://image.discomap.eea.europa.eu/arcgis/services/GioLandPublic/HRL_ImperviousnessDensity_2009/MapServer/WMSServer?request=GetCapabilities&service=WMS,,,"{""id"": ""1060"", ""bbox"": [-56.505142, 24.284177, 72.906137, 72.66441, ""CRS:84""], ""name"": ""0"", ""title"": ""Imperviousness density 2009"", ""crs3857"": true, ""crs4326"": true, ""abstract"": null, ""keywords"": [], ""layer_name"": ""0"", ""description"": ""Imperviousness density 2009"", ""service_type"": ""wms"", ""metadata_urls"": []}",spatial-extractor,2026-06-21 18:06:57.473 +0300,"[-56.505142, 24.284177, 72.906137, 72.66441]",CRS:84,ok,-56.505142,24.284177,72.906137,72.66441
69,7891e711-df3b-44df-bc35-81c3856a7efc,https://service.pdok.nl/bzk/bodem/bro-bodemkundig-booronderzoek/wms/v1_0?Service=WMS&Request=GetCapabilities,,,"{""id"": ""546"", ""bbox"": [50.71447164, 2.35417303, 55.66948102, 7.5553525, ""EPSG:4258""], ""name"": ""SO.ObservedSoilProfile"", ""title"": ""Observed Soil Profile"", ""crs3857"": true, ""crs4326"": true, ""abstract"": ""Deze dataset bevat de naar INSPIRE thema Bodem geharmoniseerde gegevens over een bodemkundig booronderzoek, die voortkomen uit een bodemkundig georienteerde boring. In veel gevallen bestaat het bodemkundig booronderzoek uit niet meer dan een boormonsterprofiel. In het meest uitgebreide geval omvat het booronderzoek ook de resultaten van boormonsteronderzoek en boorgatmeetgegevens. Het boormonsterprofiel komt tot stand door de samenstelling van de monsters uit een booronderzoek macroscopisch te beschrijven."", ""keywords"": [""Bodem"", ""Nationaal"", ""Bodemkunde"", ""Bodemonderzoek"", ""Bodemprofiel"", ""Boorprofiel"", ""Booronderzoek"", ""Grondonderzoek"", ""soil plot"", ""soil plot location"", ""bore hole"", ""boring"", ""bore hole location"", ""soil profile"", ""profile"", ""soil profile location"", ""trial pit"", ""trial pit location"", ""soil pit""], ""layer_name"": ""SO.ObservedSoilProfile"", ""description"": ""NULL"", ""service_type"": ""wms"", ""metadata_urls"": [""https://www.nationaalgeoregister.nl/geonetwork/srv/dut/csw?service=CSW&version=2.0.2&request=GetRecordById&outputschema=http://www.isotc211.org/2005/gmd&elementsetname=full&id=7891e711-df3b-44df-bc35-81c3856a7efc""]}",spatial-extractor,2026-06-21 18:06:02.389 +0300,"[50.71447164, 2.35417303, 55.66948102, 7.5553525]",EPSG:4258,ok,50.71447164,2.35417303,55.66948102,7.5553525
72,83b0dfa4-09f3-4d2e-b6a8-9388627b68dc,https://service.pdok.nl/bzk/bro-wandonderzoek/wms/v1_0?Service=WMS&Request=GetCapabilities,,,"{""id"": ""588"", ""bbox"": [50.65, 2.3, 56.05, 7.85, ""EPSG:4258""], ""name"": ""BRO SFR kenset"", ""title"": ""Wandonderzoek"", ""crs3857"": true, ""crs4326"": true, ""abstract"": ""Wandonderzoek onderzoekt de bodemkundige opbouw van de ondergrond door een ontgraving. Dit onderzoek wordt voornamelijk ingezet om de toepassing van de bodem te kunnen beoordelen voor landbouw of natuurbeheer."", ""keywords"": [""wandonderzoek""], ""layer_name"": ""wandonderzoek"", ""description"": ""NULL"", ""service_type"": ""wms"", ""metadata_urls"": [""https://www.nationaalgeoregister.nl/geonetwork/srv/dut/csw?service=CSW&version=2.0.2&request=GetRecordById&outputschema=http://www.isotc211.org/2005/gmd&elementsetname=full&id=83b0dfa4-09f3-4d2e-b6a8-9388627b68dc""]}",spatial-extractor,2026-06-21 18:06:05.109 +0300,"[50.65, 2.3, 56.05, 7.85]",EPSG:4258,ok,50.65,2.3,56.05,7.85
105,eea_v_3035_1_mio_crop-intens-nuts3_p_2005-2010_v01_r00,https://land.discomap.eea.europa.eu/arcgis/services/Agriculture/Cropland_intensification_Nutrient_2005_2010/MapServer/WMSServer?request=GetCapabilities&service=WMS,,,"{""id"": ""1186"", ""bbox"": [-31.264762, 27.638029, 34.587174, 71.173081, ""CRS:84""], ""name"": ""0"", ""title"": ""Percentage of croplands per administrative units with increased nutrient inputs, 2005-2010"", ""crs3857"": true, ""crs4326"": true, ""abstract"": null, ""keywords"": [], ""layer_name"": ""0"", ""description"": ""Percentage of croplands per administrative units with increased nutrient inputs"", ""service_type"": ""wms"", ""metadata_urls"": []}",spatial-extractor,2026-06-21 18:07:19.445 +0300,"[-31.264762, 27.638029, 34.587174, 71.173081]",CRS:84,ok,-31.264762,27.638029,34.587174,71.173081
106,r_piemon:37c6413b-b07f-4f4c-9344-f2e43ea52bbd,https://geomap.reteunitaria.piemonte.it/ws/agrigeo/rp-01/carsuowms/wms_carsuo?service=WMS&version=1.1.1&request=getCapabilities,,,"{""id"": ""1194"", ""bbox"": [290748.0, 4861380.0, 536649.0, 5165170.0, ""EPSG:32632""], ""name"": ""NULL"", ""title"": ""Reazione del subsoil"", ""crs3857"": true, ""crs4326"": true, ""abstract"": ""Reazione del subsoil"", ""keywords"": [], ""layer_name"": ""ReazioneSubsoil"", ""description"": ""NULL"", ""service_type"": ""wms"", ""metadata_urls"": [""https://www.geoportale.piemonte.it/geonetwork/srv/ita/csw?request=GetRecordById&service=CSW&version=2.0.2&id=r_piemon:37c6413b-b07f-4f4c-9344-f2e43ea52bbd&elementSetName=full&outputSchema=http://www.isotc211.org/2005/gmd""]}",spatial-extractor,2026-06-21 18:07:22.480 +0300,"[290748.0, 4861380.0, 536649.0, 5165170.0]",EPSG:32632,ok,290748.0,4861380.0,536649.0,5165170.0
107,r_piemon:dl45po47-sh45-p44w-854d-58fdq6p9iu45,https://geomap.reteunitaria.piemonte.it/ws/agrigeo/rp-01/carpedwms/wms_carped?service=WMS&version=1.1.1&request=getCapabilities,,,"{""id"": ""1196"", ""bbox"": [290748.0, 4861380.0, 536649.0, 5165170.0, ""EPSG:32632""], ""name"": ""NULL"", ""title"": ""Suoli"", ""crs3857"": true, ""crs4326"": true, ""abstract"": ""Suoli"", ""keywords"": [], ""layer_name"": ""Suoli"", ""description"": ""NULL"", ""service_type"": ""wms"", ""metadata_urls"": [""https://www.geoportale.piemonte.it/geonetwork/srv/ita/csw?request=GetRecordById&service=CSW&version=2.0.2&id=r_piemon:dl45po47-sh45-p44w-854d-58fdq6p9iu45&elementSetName=full&outputSchema=http://www.isotc211.org/2005/gmd""]}",spatial-extractor,2026-06-21 18:07:23.637 +0300,"[290748.0, 4861380.0, 536649.0, 5165170.0]",EPSG:32632,ok,290748.0,4861380.0,536649.0,5165170.0
108,DAT-14-en,https://image.discomap.eea.europa.eu/arcgis/services/GioLandPublic/HRL_ImperviousnessDensity_2015/MapServer/WMSServer?service=WMS,,,"{""id"": ""1199"", ""bbox"": [-56.505142, 24.284177, 72.906137, 72.66441, ""CRS:84""], ""name"": ""0"", ""title"": ""Imperviousness Density 2015"", ""crs3857"": true, ""crs4326"": true, ""abstract"": null, ""keywords"": [], ""layer_name"": ""0"", ""description"": ""Imperviousness Density 2015"", ""service_type"": ""wms"", ""metadata_urls"": []}",spatial-extractor,2026-06-21 18:07:25.815 +0300,"[-56.505142, 24.284177, 72.906137, 72.66441]",CRS:84,ok,-56.505142,24.284177,72.906137,72.66441
113,8ebab619-0d7f-4320-adcc-8aac616d9ef8,https://resource.sgu.se/service/wms/inspire/SO-Markgeokemi-atlas,,,"{""id"": ""1309"", ""bbox"": [11.1453700449071, 55.397364345491, 24.0224344037975, 68.9538033506025, ""CRS:84""], ""name"": ""Inspire View Services"", ""title"": ""Zirkonium (Zr)"", ""crs3857"": true, ""crs4326"": true, ""abstract"": ""Zirkonium (Zr)"", ""keywords"": [""Zirkonium"", ""Zirconium"", ""Soil theme"", ""Soil property""], ""layer_name"": ""SO.zirconiumContent"", ""description"": ""Inspire visningstjänster"", ""service_type"": ""wms"", ""metadata_urls"": [""https://www.geodata.se/geodataportalen/inspire/swe/csw?request=GetRecordById&service=CSW&version=2.0.2&elementSetName=full&id=8ebab619-0d7f-4320-adcc-8aac616d9ef8&outputSchema=csw:IsoRecord""]}",spatial-extractor,2026-06-21 18:07:35.400 +0300,"[11.1453700449071, 55.397364345491, 24.0224344037975, 68.9538033506025]",CRS:84,ok,11.1453700449071,55.397364345491,24.0224344037975,68.9538033506025
129,Bodemprofielen-kartering-Belgische-bodemkaart,https://www.dov.vlaanderen.be/geoserver/dov-pub-aardewerk/wms?SERVICE=WMS&version=1.3.0&request=GetCapabilities,,,"{""id"": ""1581"", ""bbox"": [2.5087390291391434, 49.35967317440128, 5.951697056565493, 52.80263120182763, ""CRS:84""], ""name"": ""vw_profiel"", ""title"": ""Bodemprofielen kartering Belgische bodemkaart"", ""crs3857"": true, ""crs4326"": true, ""abstract"": ""De dataset 'Bodemprofielen kartering Belgische bodemkaart' bevat de relevantste informatie van alle bodemprofielen  uit de Aardewerk-Vlaanderen-2010 databank. Voor een volledige weergave van alle attribuutinformatie van de bodemprofielen wordt verwezen naar de volledige Aardewerk-Vlaanderen-2010 databank. Aardewerk-Vlaanderen-2010 is een databank met de beschrijving en analyseresultaten van 7.020 bodemprofielen en 42.529 geassocieerde bodemhorizonten, aangevuld met 9.281 oppervlaktemonsters, allen gesitueerd op het grondgebied Vlaanderen en Brussel. Deze gegevens (143 variabelen) werden verzameld tijdens de systematische bodemprofielstudie, die tussen 1949 en 1971 werd uitgevoerd in België, onder auspiciën van het Instituut tot aanmoediging van het Wetenschappelijk Onderzoek in Nijverheid en Landbouw. Het Centrum voor Grondonderzoek van de Rijksuniversiteit Gent met afdelingen aan de Katholieke Universiteit Leuven en de Facultés des Sciences Agronomiques de Gembloux stond in voor de realisatie van deze studie."", ""keywords"": [""Bodem"", ""ondergrond"", ""Regionaal"", ""Herbruikbaar"", ""Kosteloos"", ""Vlaamse Open data"", ""Toegevoegd GDI-Vl"", ""Metadata GDI-Vl-conform"", ""Metadata INSPIRE-conform"", ""DOV"", ""Vlaanderen"", ""Ondergrond"", ""Databank Ondergrond Vlaanderen"", ""Departement Omgeving"", ""BODEMOPPERVLAK"", ""BODEMPROFIELEN"", ""BODEMPROFIELGEGEVENS"", ""BODEMPROFIELSTUDIE"", ""BODEMSERIE"", ""DIEPTEN"", ""DRAINAGE"", ""FYSICO-CHEMISCHE EIGENSCHAPPEN"", ""GRANULOMETRISCHE GEGEVENS"", ""GRONDONDERZOEK"", ""HISTORISCH BODEMGEBRUIK EN VEGETATIE"", ""HORIZONTINFORMATIE"", ""KOOLSTOFGEHALTE"", ""MINERALOGISCHE SAMENSTELLING"", ""OPPERVLAKTEMONSTERS"", ""PROFIELLOCATIES"", ""RELIEF BESCHRIJVING"", ""ROESTVERSCHIJNSELEN"", ""SORPTIECAPACITEIT"", ""STENEN"", ""VERZADIGINGSGRAAD"", ""VOCHTGEHALTE"", ""WATERHUISHOUDING"", ""ZUURTEGRAAD""], ""layer_name"": ""vw_profiel"", ""description"": ""WMS-capabilities Bodemprofielen kartering Belgische bodemkaart"", ""service_type"": ""wms"", ""metadata_urls"": [""https://www.dov.vlaanderen.be/geonetwork#/metadata/735af665-1c10-4701-bc5d-96599847809e"", ""https://www.dov.vlaanderen.be/geonetwork/srv/dut/csw?Service=CSW&Request=GetRecordById&Version=2.0.2&outputSchema=http://www.isotc211.org/2005/gmd&elementSetName=full&id=735af665-1c10-4701-bc5d-96599847809e""]}",spatial-extractor,2026-06-21 18:08:04.749 +0300,"[2.5087390291391434, 49.35967317440128, 5.951697056565493, 52.80263120182763]",CRS:84,ok,2.5087390291391434,49.35967317440128,5.951697056565493,52.80263120182763
130,Bodemprofielen-kartering-Belgische-bodemkaart,https://www.dov.vlaanderen.be/geoserver/dov-pub-aardewerk/wms?SERVICE=WMS&version=1.3.0&request=GetMap,,,"{""id"": ""1583"", ""bbox"": [2.5087390291391434, 49.35967317440128, 5.951697056565493, 52.80263120182763, ""CRS:84""], ""name"": ""vw_profiel"", ""title"": ""Bodemprofielen kartering Belgische bodemkaart"", ""crs3857"": true, ""crs4326"": true, ""abstract"": ""De dataset 'Bodemprofielen kartering Belgische bodemkaart' bevat de relevantste informatie van alle bodemprofielen  uit de Aardewerk-Vlaanderen-2010 databank. Voor een volledige weergave van alle attribuutinformatie van de bodemprofielen wordt verwezen naar de volledige Aardewerk-Vlaanderen-2010 databank. Aardewerk-Vlaanderen-2010 is een databank met de beschrijving en analyseresultaten van 7.020 bodemprofielen en 42.529 geassocieerde bodemhorizonten, aangevuld met 9.281 oppervlaktemonsters, allen gesitueerd op het grondgebied Vlaanderen en Brussel. Deze gegevens (143 variabelen) werden verzameld tijdens de systematische bodemprofielstudie, die tussen 1949 en 1971 werd uitgevoerd in België, onder auspiciën van het Instituut tot aanmoediging van het Wetenschappelijk Onderzoek in Nijverheid en Landbouw. Het Centrum voor Grondonderzoek van de Rijksuniversiteit Gent met afdelingen aan de Katholieke Universiteit Leuven en de Facultés des Sciences Agronomiques de Gembloux stond in voor de realisatie van deze studie."", ""keywords"": [""Bodem"", ""ondergrond"", ""Regionaal"", ""Herbruikbaar"", ""Kosteloos"", ""Vlaamse Open data"", ""Toegevoegd GDI-Vl"", ""Metadata GDI-Vl-conform"", ""Metadata INSPIRE-conform"", ""DOV"", ""Vlaanderen"", ""Ondergrond"", ""Databank Ondergrond Vlaanderen"", ""Departement Omgeving"", ""BODEMOPPERVLAK"", ""BODEMPROFIELEN"", ""BODEMPROFIELGEGEVENS"", ""BODEMPROFIELSTUDIE"", ""BODEMSERIE"", ""DIEPTEN"", ""DRAINAGE"", ""FYSICO-CHEMISCHE EIGENSCHAPPEN"", ""GRANULOMETRISCHE GEGEVENS"", ""GRONDONDERZOEK"", ""HISTORISCH BODEMGEBRUIK EN VEGETATIE"", ""HORIZONTINFORMATIE"", ""KOOLSTOFGEHALTE"", ""MINERALOGISCHE SAMENSTELLING"", ""OPPERVLAKTEMONSTERS"", ""PROFIELLOCATIES"", ""RELIEF BESCHRIJVING"", ""ROESTVERSCHIJNSELEN"", ""SORPTIECAPACITEIT"", ""STENEN"", ""VERZADIGINGSGRAAD"", ""VOCHTGEHALTE"", ""WATERHUISHOUDING"", ""ZUURTEGRAAD""], ""layer_name"": ""vw_profiel"", ""description"": ""WMS-map Bodemprofielen kartering Belgische bodemkaart"", ""service_type"": ""wms"", ""metadata_urls"": [""https://www.dov.vlaanderen.be/geonetwork#/metadata/735af665-1c10-4701-bc5d-96599847809e"", ""https://www.dov.vlaanderen.be/geonetwork/srv/dut/csw?Service=CSW&Request=GetRecordById&Version=2.0.2&outputSchema=http://www.isotc211.org/2005/gmd&elementSetName=full&id=735af665-1c10-4701-bc5d-96599847809e""]}",spatial-extractor,2026-06-21 18:08:05.655 +0300,"[2.5087390291391434, 49.35967317440128, 5.951697056565493, 52.80263120182763]",CRS:84,ok,2.5087390291391434,49.35967317440128,5.951697056565493,52.80263120182763
131,Bodemprofielen-kartering-Belgische-bodemkaart,https://www.dov.vlaanderen.be/geoserver/dov-pub-aardewerk/wms?,,,"{""id"": ""1584"", ""bbox"": [2.5087390291391434, 49.35967317440128, 5.951697056565493, 52.80263120182763, ""CRS:84""], ""name"": ""vw_profiel"", ""title"": ""Bodemprofielen kartering Belgische bodemkaart"", ""crs3857"": true, ""crs4326"": true, ""abstract"": ""De dataset 'Bodemprofielen kartering Belgische bodemkaart' bevat de relevantste informatie van alle bodemprofielen  uit de Aardewerk-Vlaanderen-2010 databank. Voor een volledige weergave van alle attribuutinformatie van de bodemprofielen wordt verwezen naar de volledige Aardewerk-Vlaanderen-2010 databank. Aardewerk-Vlaanderen-2010 is een databank met de beschrijving en analyseresultaten van 7.020 bodemprofielen en 42.529 geassocieerde bodemhorizonten, aangevuld met 9.281 oppervlaktemonsters, allen gesitueerd op het grondgebied Vlaanderen en Brussel. Deze gegevens (143 variabelen) werden verzameld tijdens de systematische bodemprofielstudie, die tussen 1949 en 1971 werd uitgevoerd in België, onder auspiciën van het Instituut tot aanmoediging van het Wetenschappelijk Onderzoek in Nijverheid en Landbouw. Het Centrum voor Grondonderzoek van de Rijksuniversiteit Gent met afdelingen aan de Katholieke Universiteit Leuven en de Facultés des Sciences Agronomiques de Gembloux stond in voor de realisatie van deze studie."", ""keywords"": [""Bodem"", ""ondergrond"", ""Regionaal"", ""Herbruikbaar"", ""Kosteloos"", ""Vlaamse Open data"", ""Toegevoegd GDI-Vl"", ""Metadata GDI-Vl-conform"", ""Metadata INSPIRE-conform"", ""DOV"", ""Vlaanderen"", ""Ondergrond"", ""Databank Ondergrond Vlaanderen"", ""Departement Omgeving"", ""BODEMOPPERVLAK"", ""BODEMPROFIELEN"", ""BODEMPROFIELGEGEVENS"", ""BODEMPROFIELSTUDIE"", ""BODEMSERIE"", ""DIEPTEN"", ""DRAINAGE"", ""FYSICO-CHEMISCHE EIGENSCHAPPEN"", ""GRANULOMETRISCHE GEGEVENS"", ""GRONDONDERZOEK"", ""HISTORISCH BODEMGEBRUIK EN VEGETATIE"", ""HORIZONTINFORMATIE"", ""KOOLSTOFGEHALTE"", ""MINERALOGISCHE SAMENSTELLING"", ""OPPERVLAKTEMONSTERS"", ""PROFIELLOCATIES"", ""RELIEF BESCHRIJVING"", ""ROESTVERSCHIJNSELEN"", ""SORPTIECAPACITEIT"", ""STENEN"", ""VERZADIGINGSGRAAD"", ""VOCHTGEHALTE"", ""WATERHUISHOUDING"", ""ZUURTEGRAAD""], ""layer_name"": ""vw_profiel"", ""description"": ""WMS-endpoint Bodemprofielen kartering Belgische bodemkaart"", ""service_type"": ""wms"", ""metadata_urls"": [""https://www.dov.vlaanderen.be/geonetwork#/metadata/735af665-1c10-4701-bc5d-96599847809e"", ""https://www.dov.vlaanderen.be/geonetwork/srv/dut/csw?Service=CSW&Request=GetRecordById&Version=2.0.2&outputSchema=http://www.isotc211.org/2005/gmd&elementSetName=full&id=735af665-1c10-4701-bc5d-96599847809e""]}",spatial-extractor,2026-06-21 18:08:06.471 +0300,"[2.5087390291391434, 49.35967317440128, 5.951697056565493, 52.80263120182763]",CRS:84,ok,2.5087390291391434,49.35967317440128,5.951697056565493,52.80263120182763
133,Bodemprofielen-kartering-Belgische-bodemkaart,https://www.dov.vlaanderen.be/geoserver/dov-pub-aardewerk/wms?layers=vw_profiel,,,"{""id"": ""1586"", ""bbox"": [2.5087390291391434, 49.35967317440128, 5.951697056565493, 52.80263120182763, ""CRS:84""], ""name"": ""vw_profiel"", ""title"": ""Bodemprofielen kartering Belgische bodemkaart"", ""crs3857"": true, ""crs4326"": true, ""abstract"": ""De dataset 'Bodemprofielen kartering Belgische bodemkaart' bevat de relevantste informatie van alle bodemprofielen  uit de Aardewerk-Vlaanderen-2010 databank. Voor een volledige weergave van alle attribuutinformatie van de bodemprofielen wordt verwezen naar de volledige Aardewerk-Vlaanderen-2010 databank. Aardewerk-Vlaanderen-2010 is een databank met de beschrijving en analyseresultaten van 7.020 bodemprofielen en 42.529 geassocieerde bodemhorizonten, aangevuld met 9.281 oppervlaktemonsters, allen gesitueerd op het grondgebied Vlaanderen en Brussel. Deze gegevens (143 variabelen) werden verzameld tijdens de systematische bodemprofielstudie, die tussen 1949 en 1971 werd uitgevoerd in België, onder auspiciën van het Instituut tot aanmoediging van het Wetenschappelijk Onderzoek in Nijverheid en Landbouw. Het Centrum voor Grondonderzoek van de Rijksuniversiteit Gent met afdelingen aan de Katholieke Universiteit Leuven en de Facultés des Sciences Agronomiques de Gembloux stond in voor de realisatie van deze studie."", ""keywords"": [""Bodem"", ""ondergrond"", ""Regionaal"", ""Herbruikbaar"", ""Kosteloos"", ""Vlaamse Open data"", ""Toegevoegd GDI-Vl"", ""Metadata GDI-Vl-conform"", ""Metadata INSPIRE-conform"", ""DOV"", ""Vlaanderen"", ""Ondergrond"", ""Databank Ondergrond Vlaanderen"", ""Departement Omgeving"", ""BODEMOPPERVLAK"", ""BODEMPROFIELEN"", ""BODEMPROFIELGEGEVENS"", ""BODEMPROFIELSTUDIE"", ""BODEMSERIE"", ""DIEPTEN"", ""DRAINAGE"", ""FYSICO-CHEMISCHE EIGENSCHAPPEN"", ""GRANULOMETRISCHE GEGEVENS"", ""GRONDONDERZOEK"", ""HISTORISCH BODEMGEBRUIK EN VEGETATIE"", ""HORIZONTINFORMATIE"", ""KOOLSTOFGEHALTE"", ""MINERALOGISCHE SAMENSTELLING"", ""OPPERVLAKTEMONSTERS"", ""PROFIELLOCATIES"", ""RELIEF BESCHRIJVING"", ""ROESTVERSCHIJNSELEN"", ""SORPTIECAPACITEIT"", ""STENEN"", ""VERZADIGINGSGRAAD"", ""VOCHTGEHALTE"", ""WATERHUISHOUDING"", ""ZUURTEGRAAD""], ""layer_name"": ""vw_profiel"", ""description"": ""De dataset 'Bodemprofielen kartering Belgische bodemkaart' bevat de relevantste informatie van alle bodemprofielen  uit de Aardewerk-Vlaanderen-2010 databank. Voor een volledige weergave van alle attribuutinformatie van de bodemprofielen wordt verwezen naar de volledige Aardewerk-Vlaanderen-2010 databank. Aardewerk-Vlaanderen-2010 is een databank met de beschrijving en analyseresultaten van 7.020 bodemprofielen en 42.529 geassocieerde bodemhorizonten, aangevuld met 9.281 oppervlaktemonsters, allen gesitueerd op het grondgebied Vlaanderen en Brussel. Deze gegevens (143 variabelen) werden verzameld tijdens de systematische bodemprofielstudie, die tussen 1949 en 1971 werd uitgevoerd in België, onder auspiciën van het Instituut tot aanmoediging van het Wetenschappelijk Onderzoek in Nijverheid en Landbouw. Het Centrum voor Grondonderzoek van de Rijksuniversiteit Gent met afdelingen aan de Katholieke Universiteit Leuven en de Facultés des Sciences Agronomiques de Gembloux stond in voor de realisatie van deze studie."", ""service_type"": ""wms"", ""metadata_urls"": [""https://www.dov.vlaanderen.be/geonetwork#/metadata/735af665-1c10-4701-bc5d-96599847809e"", ""https://www.dov.vlaanderen.be/geonetwork/srv/dut/csw?Service=CSW&Request=GetRecordById&Version=2.0.2&outputSchema=http://www.isotc211.org/2005/gmd&elementSetName=full&id=735af665-1c10-4701-bc5d-96599847809e""]}",spatial-extractor,2026-06-21 18:08:08.474 +0300,"[2.5087390291391434, 49.35967317440128, 5.951697056565493, 52.80263120182763]",CRS:84,ok,2.5087390291391434,49.35967317440128,5.951697056565493,52.80263120182763
141,7400a9d7-7bf1-48da-8d81-a38e75723ea5,https://service.pdok.nl/bzk/bodem/bro-wandonderzoek/wms/v1_0?Service=WMS&Request=GetCapabilities,,,"{""id"": ""1676"", ""bbox"": [50.71447164, 2.35417303, 55.66948102, 7.5553525, ""EPSG:4258""], ""name"": ""SO.ObservedSoilProfile"", ""title"": ""BRO - Wandonderzoek (SFR) - Bodem (INSPIRE geharmoniseerd)"", ""crs3857"": true, ""crs4326"": true, ""abstract"": ""Wandonderzoek onderzoekt de bodemkundige opbouw van de ondergrond door een ontgraving. Dit onderzoek wordt voornamelijk ingezet om de toepassing van de bodem te kunnen beoordelen voor landbouw of natuurbeheer."", ""keywords"": [""Bodem"", ""Nationaal"", ""Wandonderzoek"", ""SFR""], ""layer_name"": ""SO.SoilSite"", ""description"": ""NULL"", ""service_type"": ""wms"", ""metadata_urls"": [""https://www.nationaalgeoregister.nl/geonetwork/srv/dut/csw?service=CSW&version=2.0.2&request=GetRecordById&outputschema=http://www.isotc211.org/2005/gmd&elementsetname=full&id=7400a9d7-7bf1-48da-8d81-a38e75723ea5""]}",spatial-extractor,2026-06-21 18:08:34.889 +0300,"[50.71447164, 2.35417303, 55.66948102, 7.5553525]",EPSG:4258,ok,50.71447164,2.35417303,55.66948102,7.5553525
142,8fc780e2-1c12-4047-943d-7f884361b6a3,https://data.apps.fao.org/map/gsrv/gsrv1/adb/wms,,,"{""id"": ""1683"", ""bbox"": [74.594048765, 15.770219116, 77.289053652, 16.952719422, ""CRS:84""], ""name"": ""k2_smsat_hihdrosoils"", ""title"": ""k2_smsat_hihdrosoils"", ""crs3857"": true, ""crs4326"": true, ""abstract"": null, ""keywords"": [""k2_smsat_hihdrosoils"", ""WCS"", ""GeoTIFF""], ""layer_name"": ""k2_smsat_hihdrosoils"", ""description"": ""Saturated Soil Water Content (K2)"", ""service_type"": ""wms"", ""metadata_urls"": []}",spatial-extractor,2026-06-21 18:08:35.642 +0300,"[74.594048765, 15.770219116, 77.289053652, 16.952719422]",CRS:84,ok,74.594048765,15.770219116,77.289053652,16.952719422
144,edcd248c-2781-4108-a437-2a700908887e,https://services.bgr.de/wms/boden/we1000/?,,,"{""id"": ""1698"", ""bbox"": [5.432722, 46.98339, 15.655428, 55.067148, ""EPSG:4326""], ""name"": ""0"", ""title"": ""WE1000_250 Version 1.0"", ""crs3857"": true, ""crs4326"": true, ""abstract"": ""Die Karte der effektiven Durchwurzelungstiefe der Böden in Deutschland gibt einen Überblick über den durchwurzelbaren Raum unterhalb der Geländeoberfläche. Die effektive Durchwurzelungstiefe (We) ist die potentielle Ausschöpftiefe des pflanzenverfügbaren Bodenwassers (in dm), das durch Pflanzenwurzeln in Trockenjahren dem Boden maximal entzogen werden kann. Die Karte der effektiven Durchwurzelungstiefe basiert auf der Auswertung der nutzungsdifferenzierten Bodenübersichtskarte 1:1.000.000 (BUEK1000N) und zeigt die metrisch skalierte Größe in klassifizierter Form. Die Methode ist in der Bodenkundlichen Kartieranleitung (KA4) und in der Methodendokumentation Bodenkunde der Ad-hoc-AG Boden veröffentlicht. Als Landnutzungsdatensatz und zur nutzungsabhängigen Differenzierung der Profildaten werden die Daten CORINE Land Cover Projektes (2006) genutzt."", ""keywords"": [], ""layer_name"": ""0"", ""description"": ""Die Karte der effektiven Durchwurzelungstiefe der Böden in Deutschland gibt einen Überblick über den durchwurzelbaren Raum unterhalb der Geländeoberfläche. Die effektive Durchwurzelungstiefe (We) ist die potentielle Ausschöpftiefe des pflanzenverfügbaren Bodenwassers (in dm), das durch Pflanzenwurzeln in Trockenjahren dem Boden maximal entzogen werden kann. Die Karte der effektiven Durchwurzelungstiefe basiert auf der Auswertung der nutzungsdifferenzierten Bodenübersichtskarte 1:1.000.000 (BUEK1000N) und zeigt die metrisch skalierte Größe in klassifizierter Form. Die Methode ist in der Bodenkundlichen Kartieranleitung (KA4) und in der Methodendokumentation Bodenkunde der Ad-hoc-AG Boden veröffentlicht. Als Landnutzungsdatensatz und zur nutzungsabhängigen Differenzierung der Profildaten werden die Daten CORINE Land Cover Projektes (2006) genutzt."", ""service_type"": ""wms"", ""metadata_urls"": [""https://geoportal.bgr.de/smartfindersdi-csw/api?request=GetRecordById&service=CSW&version=2.0.2&outputSchema=http://www.isotc211.org/2005/gmd&elementSetName=full&id=edcd248c-2781-4108-a437-2a700908887e""]}",spatial-extractor,2026-06-21 18:09:02.430 +0300,"[5.432722, 46.98339, 15.655428, 55.067148]",EPSG:4326,ok,5.432722,46.98339,15.655428,55.067148
146,Digitale-bodemkaart-van-het-Vlaams-Gewest-bodemtypes,https://www.dov.vlaanderen.be/geoserver/bodemkaart/wms?SERVICE=WMS&version=1.3.0&request=GetCapabilities,,,"{""id"": ""1734"", ""bbox"": [2.5285590909401936, 50.67393051415159, 5.935371601406674, 51.50548166406281, ""CRS:84""], ""name"": ""bodemtypes"", ""title"": ""Digitale bodemkaart van het Vlaams Gewest: bodemtypes"", ""crs3857"": true, ""crs4326"": true, ""abstract"": ""https://www.dov.vlaanderen.be/page/bodemkaarten\r\nDigitale vectoriële dataset van de analoge Bodemkaart van België voor het grondgebied van Vlaanderen.\r\nAlle kaartelementen van de analoge kaarten (gepubliceerd op kaartschaal 1: 20 000) zijn zorgvuldig manueel gedigitaliseerd en voorzien van een code, overeenkomstig het gebruikte classificatiesysteem: morfogenetisch voor binnen-Vlaanderen (substraat, textuurklasse, drainageklasse, profielontwikkelingsgroep, fase en variante) en geomorfologisch voor de Kuststreek (substraat, serie, subserie, type, subtype en variante).\r\nDe digitale versie van de bodemkaart is vrijwel systematisch gecontroleerd t.o.v. de analoge bodemkaarten. De polygonen werden ingekleurd zoals op de analoge bodemkaart. Waar beschikbaar zijn voor elk bodemtype de algemene kenmerken  (Van Ranst E. en Sys C., 2000) en foto's van een representatief bodemprofiel en representatieve omgevingen weergegeven. Tenslotte bestaat voor elke polygoon de mogelijkheid om de scan van het analoge bodemkaartblad, het toelichtingsboekje en de basiskaarten op schaal 1:5000 op te roepen.\r\nDeze dataset is omwille van de visualisatie onderverdeeld in 5 kaartlagen bij publicatie in de bodemverkenner: bodemtypes, substraten, fasen, varianten van het moedermateriaal en de profielontwikkeling. De kaartlaag met de bodemtypes bevat ook al de attributen van de andere kaartlagen. De bodemkaart werd in juni 2017 geupdate met enkele militaire domeinen en een unibodemtype voor de classficatie van de zeepolders en verschillende fouten werden verbeterd."", ""keywords"": [""Bodem"", ""ondergrond"", ""bodemkaart"", ""bodemtextuur"", ""bodemprofiel"", ""Regionaal"", ""Herbruikbaar"", ""Kosteloos"", ""Vlaamse Open data"", ""Toegevoegd GDI-Vl"", ""Metadata GDI-Vl-conform"", ""Metadata INSPIRE-conform"", ""DOV"", ""Vlaanderen"", ""Ondergrond"", ""Databank Ondergrond Vlaanderen"", ""Departement Omgeving"", ""VARIANTE VAN HET MOEDERMATERIAAL"", ""VARIANTE VAN DE PROFIELONTWIKKELING"", ""LANDBOUWSTREEK"", ""GEOMORFOLOGISCHE"", ""MORFOGENETISCH"", ""KUSTSTREEK"", ""BODEMTYPE"", ""DOV_PATHNAME@001#DOV:010#Bodem:020#Bodemkaarten:020#Bodemkaart (1/20.000):010#"", ""DOV_EXPERTISE@Bodem"", ""DOV_EXPERTISE@Delfstoffen"", ""DOV_EXPERTISE@Freatisch grondwater"", ""DOV_EXPERTISE@CTE"", ""DOV_EXPERTISE@Bodemverontreiniging""], ""layer_name"": ""bodemtypes"", ""description"": ""WMS-capabilities Digitale bodemkaart van het Vlaams Gewest: bodemtypes"", ""service_type"": ""wms"", ""metadata_urls"": [""https://www.dov.vlaanderen.be/geonetwork#/metadata/a1547a01-b9fc-40fa-a2eb-009a39c02c7b"", ""https://www.dov.vlaanderen.be/geonetwork/srv/dut/csw?Service=CSW&Request=GetRecordById&Version=2.0.2&outputSchema=http://www.isotc211.org/2005/gmd&elementSetName=full&id=a1547a01-b9fc-40fa-a2eb-009a39c02c7b""]}",spatial-extractor,2026-06-21 18:09:15.817 +0300,"[2.5285590909401936, 50.67393051415159, 5.935371601406674, 51.50548166406281]",CRS:84,ok,2.5285590909401936,50.67393051415159,5.935371601406674,51.50548166406281
147,Digitale-bodemkaart-van-het-Vlaams-Gewest-bodemtypes,https://www.dov.vlaanderen.be/geoserver/bodemkaart/wms?SERVICE=WMS&version=1.3.0&request=GetMap,,,"{""id"": ""1736"", ""bbox"": [2.5285590909401936, 50.67393051415159, 5.935371601406674, 51.50548166406281, ""CRS:84""], ""name"": ""bodemtypes"", ""title"": ""Digitale bodemkaart van het Vlaams Gewest: bodemtypes"", ""crs3857"": true, ""crs4326"": true, ""abstract"": ""https://www.dov.vlaanderen.be/page/bodemkaarten\r\nDigitale vectoriële dataset van de analoge Bodemkaart van België voor het grondgebied van Vlaanderen.\r\nAlle kaartelementen van de analoge kaarten (gepubliceerd op kaartschaal 1: 20 000) zijn zorgvuldig manueel gedigitaliseerd en voorzien van een code, overeenkomstig het gebruikte classificatiesysteem: morfogenetisch voor binnen-Vlaanderen (substraat, textuurklasse, drainageklasse, profielontwikkelingsgroep, fase en variante) en geomorfologisch voor de Kuststreek (substraat, serie, subserie, type, subtype en variante).\r\nDe digitale versie van de bodemkaart is vrijwel systematisch gecontroleerd t.o.v. de analoge bodemkaarten. De polygonen werden ingekleurd zoals op de analoge bodemkaart. Waar beschikbaar zijn voor elk bodemtype de algemene kenmerken  (Van Ranst E. en Sys C., 2000) en foto's van een representatief bodemprofiel en representatieve omgevingen weergegeven. Tenslotte bestaat voor elke polygoon de mogelijkheid om de scan van het analoge bodemkaartblad, het toelichtingsboekje en de basiskaarten op schaal 1:5000 op te roepen.\r\nDeze dataset is omwille van de visualisatie onderverdeeld in 5 kaartlagen bij publicatie in de bodemverkenner: bodemtypes, substraten, fasen, varianten van het moedermateriaal en de profielontwikkeling. De kaartlaag met de bodemtypes bevat ook al de attributen van de andere kaartlagen. De bodemkaart werd in juni 2017 geupdate met enkele militaire domeinen en een unibodemtype voor de classficatie van de zeepolders en verschillende fouten werden verbeterd."", ""keywords"": [""Bodem"", ""ondergrond"", ""bodemkaart"", ""bodemtextuur"", ""bodemprofiel"", ""Regionaal"", ""Herbruikbaar"", ""Kosteloos"", ""Vlaamse Open data"", ""Toegevoegd GDI-Vl"", ""Metadata GDI-Vl-conform"", ""Metadata INSPIRE-conform"", ""DOV"", ""Vlaanderen"", ""Ondergrond"", ""Databank Ondergrond Vlaanderen"", ""Departement Omgeving"", ""VARIANTE VAN HET MOEDERMATERIAAL"", ""VARIANTE VAN DE PROFIELONTWIKKELING"", ""LANDBOUWSTREEK"", ""GEOMORFOLOGISCHE"", ""MORFOGENETISCH"", ""KUSTSTREEK"", ""BODEMTYPE"", ""DOV_PATHNAME@001#DOV:010#Bodem:020#Bodemkaarten:020#Bodemkaart (1/20.000):010#"", ""DOV_EXPERTISE@Bodem"", ""DOV_EXPERTISE@Delfstoffen"", ""DOV_EXPERTISE@Freatisch grondwater"", ""DOV_EXPERTISE@CTE"", ""DOV_EXPERTISE@Bodemverontreiniging""], ""layer_name"": ""bodemtypes"", ""description"": ""WMS-map Digitale bodemkaart van het Vlaams Gewest: bodemtypes"", ""service_type"": ""wms"", ""metadata_urls"": [""https://www.dov.vlaanderen.be/geonetwork#/metadata/a1547a01-b9fc-40fa-a2eb-009a39c02c7b"", ""https://www.dov.vlaanderen.be/geonetwork/srv/dut/csw?Service=CSW&Request=GetRecordById&Version=2.0.2&outputSchema=http://www.isotc211.org/2005/gmd&elementSetName=full&id=a1547a01-b9fc-40fa-a2eb-009a39c02c7b""]}",spatial-extractor,2026-06-21 18:09:17.000 +0300,"[2.5285590909401936, 50.67393051415159, 5.935371601406674, 51.50548166406281]",CRS:84,ok,2.5285590909401936,50.67393051415159,5.935371601406674,51.50548166406281
148,Digitale-bodemkaart-van-het-Vlaams-Gewest-bodemtypes,https://www.dov.vlaanderen.be/geoserver/bodemkaart/wms?,,,"{""id"": ""1737"", ""bbox"": [2.5285590909401936, 50.67393051415159, 5.935371601406674, 51.50548166406281, ""CRS:84""], ""name"": ""bodemtypes"", ""title"": ""Digitale bodemkaart van het Vlaams Gewest: bodemtypes"", ""crs3857"": true, ""crs4326"": true, ""abstract"": ""https://www.dov.vlaanderen.be/page/bodemkaarten\r\nDigitale vectoriële dataset van de analoge Bodemkaart van België voor het grondgebied van Vlaanderen.\r\nAlle kaartelementen van de analoge kaarten (gepubliceerd op kaartschaal 1: 20 000) zijn zorgvuldig manueel gedigitaliseerd en voorzien van een code, overeenkomstig het gebruikte classificatiesysteem: morfogenetisch voor binnen-Vlaanderen (substraat, textuurklasse, drainageklasse, profielontwikkelingsgroep, fase en variante) en geomorfologisch voor de Kuststreek (substraat, serie, subserie, type, subtype en variante).\r\nDe digitale versie van de bodemkaart is vrijwel systematisch gecontroleerd t.o.v. de analoge bodemkaarten. De polygonen werden ingekleurd zoals op de analoge bodemkaart. Waar beschikbaar zijn voor elk bodemtype de algemene kenmerken  (Van Ranst E. en Sys C., 2000) en foto's van een representatief bodemprofiel en representatieve omgevingen weergegeven. Tenslotte bestaat voor elke polygoon de mogelijkheid om de scan van het analoge bodemkaartblad, het toelichtingsboekje en de basiskaarten op schaal 1:5000 op te roepen.\r\nDeze dataset is omwille van de visualisatie onderverdeeld in 5 kaartlagen bij publicatie in de bodemverkenner: bodemtypes, substraten, fasen, varianten van het moedermateriaal en de profielontwikkeling. De kaartlaag met de bodemtypes bevat ook al de attributen van de andere kaartlagen. De bodemkaart werd in juni 2017 geupdate met enkele militaire domeinen en een unibodemtype voor de classficatie van de zeepolders en verschillende fouten werden verbeterd."", ""keywords"": [""Bodem"", ""ondergrond"", ""bodemkaart"", ""bodemtextuur"", ""bodemprofiel"", ""Regionaal"", ""Herbruikbaar"", ""Kosteloos"", ""Vlaamse Open data"", ""Toegevoegd GDI-Vl"", ""Metadata GDI-Vl-conform"", ""Metadata INSPIRE-conform"", ""DOV"", ""Vlaanderen"", ""Ondergrond"", ""Databank Ondergrond Vlaanderen"", ""Departement Omgeving"", ""VARIANTE VAN HET MOEDERMATERIAAL"", ""VARIANTE VAN DE PROFIELONTWIKKELING"", ""LANDBOUWSTREEK"", ""GEOMORFOLOGISCHE"", ""MORFOGENETISCH"", ""KUSTSTREEK"", ""BODEMTYPE"", ""DOV_PATHNAME@001#DOV:010#Bodem:020#Bodemkaarten:020#Bodemkaart (1/20.000):010#"", ""DOV_EXPERTISE@Bodem"", ""DOV_EXPERTISE@Delfstoffen"", ""DOV_EXPERTISE@Freatisch grondwater"", ""DOV_EXPERTISE@CTE"", ""DOV_EXPERTISE@Bodemverontreiniging""], ""layer_name"": ""bodemtypes"", ""description"": ""WMS-endpoint Digitale bodemkaart van het Vlaams Gewest: bodemtypes"", ""service_type"": ""wms"", ""metadata_urls"": [""https://www.dov.vlaanderen.be/geonetwork#/metadata/a1547a01-b9fc-40fa-a2eb-009a39c02c7b"", ""https://www.dov.vlaanderen.be/geonetwork/srv/dut/csw?Service=CSW&Request=GetRecordById&Version=2.0.2&outputSchema=http://www.isotc211.org/2005/gmd&elementSetName=full&id=a1547a01-b9fc-40fa-a2eb-009a39c02c7b""]}",spatial-extractor,2026-06-21 18:09:17.786 +0300,"[2.5285590909401936, 50.67393051415159, 5.935371601406674, 51.50548166406281]",CRS:84,ok,2.5285590909401936,50.67393051415159,5.935371601406674,51.50548166406281
150,Digitale-bodemkaart-van-het-Vlaams-Gewest-bodemtypes,https://www.dov.vlaanderen.be/geoserver/bodemkaart/wms?layers=bodemtypes,,,"{""id"": ""1742"", ""bbox"": [2.5285590909401936, 50.67393051415159, 5.935371601406674, 51.50548166406281, ""CRS:84""], ""name"": ""bodemtypes"", ""title"": ""Digitale bodemkaart van het Vlaams Gewest: bodemtypes"", ""crs3857"": true, ""crs4326"": true, ""abstract"": ""https://www.dov.vlaanderen.be/page/bodemkaarten\r\nDigitale vectoriële dataset van de analoge Bodemkaart van België voor het grondgebied van Vlaanderen.\r\nAlle kaartelementen van de analoge kaarten (gepubliceerd op kaartschaal 1: 20 000) zijn zorgvuldig manueel gedigitaliseerd en voorzien van een code, overeenkomstig het gebruikte classificatiesysteem: morfogenetisch voor binnen-Vlaanderen (substraat, textuurklasse, drainageklasse, profielontwikkelingsgroep, fase en variante) en geomorfologisch voor de Kuststreek (substraat, serie, subserie, type, subtype en variante).\r\nDe digitale versie van de bodemkaart is vrijwel systematisch gecontroleerd t.o.v. de analoge bodemkaarten. De polygonen werden ingekleurd zoals op de analoge bodemkaart. Waar beschikbaar zijn voor elk bodemtype de algemene kenmerken  (Van Ranst E. en Sys C., 2000) en foto's van een representatief bodemprofiel en representatieve omgevingen weergegeven. Tenslotte bestaat voor elke polygoon de mogelijkheid om de scan van het analoge bodemkaartblad, het toelichtingsboekje en de basiskaarten op schaal 1:5000 op te roepen.\r\nDeze dataset is omwille van de visualisatie onderverdeeld in 5 kaartlagen bij publicatie in de bodemverkenner: bodemtypes, substraten, fasen, varianten van het moedermateriaal en de profielontwikkeling. De kaartlaag met de bodemtypes bevat ook al de attributen van de andere kaartlagen. De bodemkaart werd in juni 2017 geupdate met enkele militaire domeinen en een unibodemtype voor de classficatie van de zeepolders en verschillende fouten werden verbeterd."", ""keywords"": [""Bodem"", ""ondergrond"", ""bodemkaart"", ""bodemtextuur"", ""bodemprofiel"", ""Regionaal"", ""Herbruikbaar"", ""Kosteloos"", ""Vlaamse Open data"", ""Toegevoegd GDI-Vl"", ""Metadata GDI-Vl-conform"", ""Metadata INSPIRE-conform"", ""DOV"", ""Vlaanderen"", ""Ondergrond"", ""Databank Ondergrond Vlaanderen"", ""Departement Omgeving"", ""VARIANTE VAN HET MOEDERMATERIAAL"", ""VARIANTE VAN DE PROFIELONTWIKKELING"", ""LANDBOUWSTREEK"", ""GEOMORFOLOGISCHE"", ""MORFOGENETISCH"", ""KUSTSTREEK"", ""BODEMTYPE"", ""DOV_PATHNAME@001#DOV:010#Bodem:020#Bodemkaarten:020#Bodemkaart (1/20.000):010#"", ""DOV_EXPERTISE@Bodem"", ""DOV_EXPERTISE@Delfstoffen"", ""DOV_EXPERTISE@Freatisch grondwater"", ""DOV_EXPERTISE@CTE"", ""DOV_EXPERTISE@Bodemverontreiniging""], ""layer_name"": ""bodemtypes"", ""description"": ""https://www.dov.vlaanderen.be/page/bodemkaarten\nDigitale vectoriële dataset van de analoge Bodemkaart van België voor het grondgebied van Vlaanderen.\nAlle kaartelementen van de analoge kaarten (gepubliceerd op kaartschaal 1: 20 000) zijn zorgvuldig manueel gedigitaliseerd en voorzien van een code, overeenkomstig het gebruikte classificatiesysteem: morfogenetisch voor binnen-Vlaanderen (substraat, textuurklasse, drainageklasse, profielontwikkelingsgroep, fase en variante) en geomorfologisch voor de Kuststreek (substraat, serie, subserie, type, subtype en variante).\nDe digitale versie van de bodemkaart is vrijwel systematisch gecontroleerd t.o.v. de analoge bodemkaarten. De polygonen werden ingekleurd zoals op de analoge bodemkaart. Waar beschikbaar zijn voor elk bodemtype de algemene kenmerken  (Van Ranst E. en Sys C., 2000) en foto's van een representatief bodemprofiel en representatieve omgevingen weergegeven. Tenslotte bestaat voor elke polygoon de mogelijkheid om de scan van het analoge bodemkaartblad, het toelichtingsboekje en de basiskaarten op schaal 1:5000 op te roepen.\nDeze dataset is omwille van de visualisatie onderverdeeld in 5 kaartlagen bij publicatie in de bodemverkenner: bodemtypes, substraten, fasen, varianten van het moedermateriaal en de profielontwikkeling. De kaartlaag met de bodemtypes bevat ook al de attributen van de andere kaartlagen. De bodemkaart werd in juni 2017 geupdate met enkele militaire domeinen en een unibodemtype voor de classficatie van de zeepolders en verschillende fouten werden verbeterd."", ""service_type"": ""wms"", ""metadata_urls"": [""https://www.dov.vlaanderen.be/geonetwork#/metadata/a1547a01-b9fc-40fa-a2eb-009a39c02c7b"", ""https://www.dov.vlaanderen.be/geonetwork/srv/dut/csw?Service=CSW&Request=GetRecordById&Version=2.0.2&outputSchema=http://www.isotc211.org/2005/gmd&elementSetName=full&id=a1547a01-b9fc-40fa-a2eb-009a39c02c7b""]}",spatial-extractor,2026-06-21 18:09:20.696 +0300,"[2.5285590909401936, 50.67393051415159, 5.935371601406674, 51.50548166406281]",CRS:84,ok,2.5285590909401936,50.67393051415159,5.935371601406674,51.50548166406281
157,cc0ebca9-0df9-4061-a338-6ffec9e9acb4,https://data.apps.fao.org/map/gsrv/gsrv1/gsoc/wms?service=WMS&version=1.3.0&request=GetCapabilities,,,"{""id"": ""1871"", ""bbox"": [-180.00000000000006, -87.50131053052445, 179.98217818306856, 87.49999999999999, ""CRS:84""], ""name"": ""AWC_CLASS"", ""title"": ""Available Water Storage Capacity"", ""crs3857"": true, ""crs4326"": true, ""abstract"": ""Available water storage capacity        Coded values 1 through 7        1 = 150 mm water per m of the soil unit, 2 = 125 mm, 3 = 100 mm, 4 = 75 mm, 5 = 50 mm, 6 = 15 mm, 7 = 0 mm."", ""keywords"": [""AWC_CLASS"", ""WCS"", ""GeoTIFF""], ""layer_name"": ""AWC_CLASS"", ""description"": ""Available Water Storage Capacity"", ""service_type"": ""wms"", ""metadata_urls"": []}",spatial-extractor,2026-06-21 18:09:32.241 +0300,"[-180.00000000000006, -87.50131053052445, 179.98217818306856, 87.49999999999999]",CRS:84,ok,-180.00000000000006,-87.50131053052445,179.98217818306856,87.49999999999999
166,2914d11a-1189-4aea-8006-7cb21a7dec6d,https://data.apps.fao.org/map/gsrv/gsrv1/adb/wms,,,"{""id"": ""1997"", ""bbox"": [102.166665345, 11.479733734, 105.784163207, 14.442233772, ""CRS:84""], ""name"": ""cambodia_tonlesap_smsat_hihydrosoils"", ""title"": ""cambodia_tonlesap_smsat_hihydrosoils"", ""crs3857"": true, ""crs4326"": true, ""abstract"": null, ""keywords"": [""cambodia_tonlesap_smsat_hihydrosoils"", ""WCS"", ""GeoTIFF""], ""layer_name"": ""cambodia_tonlesap_smsat_hihydrosoils"", ""description"": ""Saturated Soil Water Content (Tonle Sap)"", ""service_type"": ""wms"", ""metadata_urls"": []}",spatial-extractor,2026-06-21 18:09:39.888 +0300,"[102.166665345, 11.479733734, 105.784163207, 14.442233772]",CRS:84,ok,102.166665345,11.479733734,105.784163207,14.442233772
168,https://www.dov.vlaanderen.be/geonetwork/srv/metadata/298d34a4-d459-4fc8-a9be-e8e26cd9b354,https://www.dov.vlaanderen.be/geoserver/erosie/wms?SERVICE=WMS&version=1.3.0&request=GetCapabilities,,,"{""id"": ""2000"", ""bbox"": [2.529990447668155, 50.673954726526, 5.931682119445861, 51.505461718137504, ""CRS:84""], ""name"": ""so_potbdmerosiepp_2020"", ""title"": ""Potentiële bodemerosiekaart per perceel (2020)"", ""crs3857"": true, ""crs4326"": true, ""abstract"": ""De potentiële bodemerosiekaart per perceel (2020) geeft aan de hand van een klasse-indeling de totale potentiële erosie van een bepaald landbouwperceel weer. De totale potentiële erosie houdt geen rekening met het huidige landgebruik (grasland of akkerland). In het veld ‘Erosiegevoeligheid verzamelaanvraag’ staat de informatie die overeenkomt met de erosiegevoeligheid op de verzamelaanvraag 2020. De goedgekeurde bezwaren werden zowel in het veld 'Erosiegevoeligheid verzamelaanvraag' als in het veld 'Totale erosie' verwerkt. De goedgekeurde aanvragen van de verlaging van de erosiegevoeligheidsklasse op basis van een hoog koolstofgehalte werden in het veld 'Erosiegevoeligheid verzamelaanvraag' verwerkt met aanduiding van ‘/ C’ achter de erosiegevoeligheid, maar het veld 'Totale erosie' behield zijn oorspronkelijke waarde voor deze percelen.\r\n\r\nErosie door water is een proces waarbij bodemdeeltjes door de impact van regendruppels en afstromend water worden losgemaakt en getransporteerd, hetzij laagsgewijs over een grote oppervlakte, hetzij geconcentreerd in geulen en ravijnen. Dit leidt o.m. tot een afname van de bodemkwaliteit en -productiviteit, maar ook tot belangrijke schade door modderoverlast in stroomafwaarts gelegen (woon)gebieden. Bodemerosie is een van de belangrijkste vormen van bodemaantasting in Vlaanderen. \r\n\r\nDe potentiële bodemerosiekaart per perceel is gebaseerd op de landbouwgebruikspercelen ALV 2019 (export augustus 2019). De potentiële bodemerosiekaart per perceel werd opgesteld door het Vlaams Planbureau voor Omgeving door middel van computermodellering met een ruimtelijke resolutie van 5x5 m. De berekening van de erosie is gebaseerd op de herziene universele bodemverliesvergelijking of R.U.S.L.E. (Revised Universal Soil Loss Equation, Renard et al, 1991). Het betreft een empirisch model waarmee de gemiddelde jaarlijkse bodemerosiesnelheid per oppervlakte-eenheid als gevolg van intergeul- en geulerosie wordt berekend als een product van 6 factoren."", ""keywords"": [""Gebieden met natuurrisico's"", ""ondergrond"", ""bodemerosie"", ""watererosie"", ""landbouw"", ""Regionaal"", ""Herbruikbaar"", ""Kosteloos"", ""Vlaamse Open data"", ""Toegevoegd GDI-Vl"", ""Metadata GDI-Vl-conform"", ""Metadata INSPIRE-conform"", ""DOV"", ""Vlaanderen"", ""Ondergrond"", ""Databank Ondergrond Vlaanderen"", ""Departement Omgeving"", ""DOV_EXPERTISE@Bodem""], ""layer_name"": ""so_potbdmerosiepp_2020"", ""description"": ""WMS-capabilities Potentiële bodemerosiekaart per perceel (2020)"", ""service_type"": ""wms"", ""metadata_urls"": [""https://www.dov.vlaanderen.be/geonetwork#/metadata/298d34a4-d459-4fc8-a9be-e8e26cd9b354"", ""https://www.dov.vlaanderen.be/geonetwork/srv/dut/csw?Service=CSW&Request=GetRecordById&Version=2.0.2&outputSchema=http://www.isotc211.org/2005/gmd&elementSetName=full&id=298d34a4-d459-4fc8-a9be-e8e26cd9b354""]}",spatial-extractor,2026-06-21 18:10:09.881 +0300,"[2.529990447668155, 50.673954726526, 5.931682119445861, 51.505461718137504]",CRS:84,ok,2.529990447668155,50.673954726526,5.931682119445861,51.505461718137504
169,https://www.dov.vlaanderen.be/geonetwork/srv/metadata/298d34a4-d459-4fc8-a9be-e8e26cd9b354,https://www.dov.vlaanderen.be/geoserver/erosie/wms?SERVICE=WMS&version=1.3.0&request=GetMap,,,"{""id"": ""2002"", ""bbox"": [2.529990447668155, 50.673954726526, 5.931682119445861, 51.505461718137504, ""CRS:84""], ""name"": ""so_potbdmerosiepp_2020"", ""title"": ""Potentiële bodemerosiekaart per perceel (2020)"", ""crs3857"": true, ""crs4326"": true, ""abstract"": ""De potentiële bodemerosiekaart per perceel (2020) geeft aan de hand van een klasse-indeling de totale potentiële erosie van een bepaald landbouwperceel weer. De totale potentiële erosie houdt geen rekening met het huidige landgebruik (grasland of akkerland). In het veld ‘Erosiegevoeligheid verzamelaanvraag’ staat de informatie die overeenkomt met de erosiegevoeligheid op de verzamelaanvraag 2020. De goedgekeurde bezwaren werden zowel in het veld 'Erosiegevoeligheid verzamelaanvraag' als in het veld 'Totale erosie' verwerkt. De goedgekeurde aanvragen van de verlaging van de erosiegevoeligheidsklasse op basis van een hoog koolstofgehalte werden in het veld 'Erosiegevoeligheid verzamelaanvraag' verwerkt met aanduiding van ‘/ C’ achter de erosiegevoeligheid, maar het veld 'Totale erosie' behield zijn oorspronkelijke waarde voor deze percelen.\r\n\r\nErosie door water is een proces waarbij bodemdeeltjes door de impact van regendruppels en afstromend water worden losgemaakt en getransporteerd, hetzij laagsgewijs over een grote oppervlakte, hetzij geconcentreerd in geulen en ravijnen. Dit leidt o.m. tot een afname van de bodemkwaliteit en -productiviteit, maar ook tot belangrijke schade door modderoverlast in stroomafwaarts gelegen (woon)gebieden. Bodemerosie is een van de belangrijkste vormen van bodemaantasting in Vlaanderen. \r\n\r\nDe potentiële bodemerosiekaart per perceel is gebaseerd op de landbouwgebruikspercelen ALV 2019 (export augustus 2019). De potentiële bodemerosiekaart per perceel werd opgesteld door het Vlaams Planbureau voor Omgeving door middel van computermodellering met een ruimtelijke resolutie van 5x5 m. De berekening van de erosie is gebaseerd op de herziene universele bodemverliesvergelijking of R.U.S.L.E. (Revised Universal Soil Loss Equation, Renard et al, 1991). Het betreft een empirisch model waarmee de gemiddelde jaarlijkse bodemerosiesnelheid per oppervlakte-eenheid als gevolg van intergeul- en geulerosie wordt berekend als een product van 6 factoren."", ""keywords"": [""Gebieden met natuurrisico's"", ""ondergrond"", ""bodemerosie"", ""watererosie"", ""landbouw"", ""Regionaal"", ""Herbruikbaar"", ""Kosteloos"", ""Vlaamse Open data"", ""Toegevoegd GDI-Vl"", ""Metadata GDI-Vl-conform"", ""Metadata INSPIRE-conform"", ""DOV"", ""Vlaanderen"", ""Ondergrond"", ""Databank Ondergrond Vlaanderen"", ""Departement Omgeving"", ""DOV_EXPERTISE@Bodem""], ""layer_name"": ""so_potbdmerosiepp_2020"", ""description"": ""WMS-map Potentiële bodemerosiekaart per perceel (2020)"", ""service_type"": ""wms"", ""metadata_urls"": [""https://www.dov.vlaanderen.be/geonetwork#/metadata/298d34a4-d459-4fc8-a9be-e8e26cd9b354"", ""https://www.dov.vlaanderen.be/geonetwork/srv/dut/csw?Service=CSW&Request=GetRecordById&Version=2.0.2&outputSchema=http://www.isotc211.org/2005/gmd&elementSetName=full&id=298d34a4-d459-4fc8-a9be-e8e26cd9b354""]}",spatial-extractor,2026-06-21 18:10:11.535 +0300,"[2.529990447668155, 50.673954726526, 5.931682119445861, 51.505461718137504]",CRS:84,ok,2.529990447668155,50.673954726526,5.931682119445861,51.505461718137504
170,https://www.dov.vlaanderen.be/geonetwork/srv/metadata/298d34a4-d459-4fc8-a9be-e8e26cd9b354,https://www.dov.vlaanderen.be/geoserver/erosie/wms?,,,"{""id"": ""2003"", ""bbox"": [2.529990447668155, 50.673954726526, 5.931682119445861, 51.505461718137504, ""CRS:84""], ""name"": ""so_potbdmerosiepp_2020"", ""title"": ""Potentiële bodemerosiekaart per perceel (2020)"", ""crs3857"": true, ""crs4326"": true, ""abstract"": ""De potentiële bodemerosiekaart per perceel (2020) geeft aan de hand van een klasse-indeling de totale potentiële erosie van een bepaald landbouwperceel weer. De totale potentiële erosie houdt geen rekening met het huidige landgebruik (grasland of akkerland). In het veld ‘Erosiegevoeligheid verzamelaanvraag’ staat de informatie die overeenkomt met de erosiegevoeligheid op de verzamelaanvraag 2020. De goedgekeurde bezwaren werden zowel in het veld 'Erosiegevoeligheid verzamelaanvraag' als in het veld 'Totale erosie' verwerkt. De goedgekeurde aanvragen van de verlaging van de erosiegevoeligheidsklasse op basis van een hoog koolstofgehalte werden in het veld 'Erosiegevoeligheid verzamelaanvraag' verwerkt met aanduiding van ‘/ C’ achter de erosiegevoeligheid, maar het veld 'Totale erosie' behield zijn oorspronkelijke waarde voor deze percelen.\r\n\r\nErosie door water is een proces waarbij bodemdeeltjes door de impact van regendruppels en afstromend water worden losgemaakt en getransporteerd, hetzij laagsgewijs over een grote oppervlakte, hetzij geconcentreerd in geulen en ravijnen. Dit leidt o.m. tot een afname van de bodemkwaliteit en -productiviteit, maar ook tot belangrijke schade door modderoverlast in stroomafwaarts gelegen (woon)gebieden. Bodemerosie is een van de belangrijkste vormen van bodemaantasting in Vlaanderen. \r\n\r\nDe potentiële bodemerosiekaart per perceel is gebaseerd op de landbouwgebruikspercelen ALV 2019 (export augustus 2019). De potentiële bodemerosiekaart per perceel werd opgesteld door het Vlaams Planbureau voor Omgeving door middel van computermodellering met een ruimtelijke resolutie van 5x5 m. De berekening van de erosie is gebaseerd op de herziene universele bodemverliesvergelijking of R.U.S.L.E. (Revised Universal Soil Loss Equation, Renard et al, 1991). Het betreft een empirisch model waarmee de gemiddelde jaarlijkse bodemerosiesnelheid per oppervlakte-eenheid als gevolg van intergeul- en geulerosie wordt berekend als een product van 6 factoren."", ""keywords"": [""Gebieden met natuurrisico's"", ""ondergrond"", ""bodemerosie"", ""watererosie"", ""landbouw"", ""Regionaal"", ""Herbruikbaar"", ""Kosteloos"", ""Vlaamse Open data"", ""Toegevoegd GDI-Vl"", ""Metadata GDI-Vl-conform"", ""Metadata INSPIRE-conform"", ""DOV"", ""Vlaanderen"", ""Ondergrond"", ""Databank Ondergrond Vlaanderen"", ""Departement Omgeving"", ""DOV_EXPERTISE@Bodem""], ""layer_name"": ""so_potbdmerosiepp_2020"", ""description"": ""WMS-endpoint Potentiële bodemerosiekaart per perceel (2020)"", ""service_type"": ""wms"", ""metadata_urls"": [""https://www.dov.vlaanderen.be/geonetwork#/metadata/298d34a4-d459-4fc8-a9be-e8e26cd9b354"", ""https://www.dov.vlaanderen.be/geonetwork/srv/dut/csw?Service=CSW&Request=GetRecordById&Version=2.0.2&outputSchema=http://www.isotc211.org/2005/gmd&elementSetName=full&id=298d34a4-d459-4fc8-a9be-e8e26cd9b354""]}",spatial-extractor,2026-06-21 18:10:12.147 +0300,"[2.529990447668155, 50.673954726526, 5.931682119445861, 51.505461718137504]",CRS:84,ok,2.529990447668155,50.673954726526,5.931682119445861,51.505461718137504
172,3e71182f-c446-4ebb-a272-ce17dffcd60f,https://data.apps.fao.org/map/gsrv/gsrv1/adb/wms,,,"{""id"": ""2013"", ""bbox"": [124.05113, 6.05549, 126.31571, 9.12632, ""CRS:84""], ""name"": ""philipines_mindano_topsoil"", ""title"": ""philipines_mindano_topsoil"", ""crs3857"": true, ""crs4326"": true, ""abstract"": null, ""keywords"": [""philipines_mindano_topsoil"", ""WCS"", ""GeoTIFF""], ""layer_name"": ""philipines_mindano_topsoil"", ""description"": ""Saturated Soil Water Content (Mindanao"", ""service_type"": ""wms"", ""metadata_urls"": []}",spatial-extractor,2026-06-21 18:10:14.812 +0300,"[124.05113, 6.05549, 126.31571, 9.12632]",CRS:84,ok,124.05113,6.05549,126.31571,9.12632
173,b434b52d-6c42-482f-b9ea-afaa57419f2f,https://inspire.lfrz.gv.at/000604/wms?version=1.3.0&request=GetCapabilities,,,"{""id"": ""2019"", ""bbox"": [9.514, 46.301, 17.29, 49.131, ""CRS:84""], ""name"": ""Agricultural Soil Map of Austria - Full Soil Code from the World Reference Base (WRB Full)"", ""title"": ""Agricultural Soil Map of Austria - Full Soil Code from the World Reference Base (WRB Full)"", ""crs3857"": true, ""crs4326"": true, ""abstract"": ""The Full Soil Code of the STU from the World Reference Base (WRB) for Soil Resources."", ""keywords"": [""BFW"", ""JRC"", ""soil"", ""agriculture"", ""WRB"", ""Reference Soil Group"", ""classification""], ""layer_name"": ""Agricultural Soil Map of Austria - Full Soil Code from the World Reference Base (WRB Full)"", ""description"": ""Agricultural Soil Map of Austria - Full Soil Code from the World Reference Base (WRB Full)"", ""service_type"": ""wms"", ""metadata_urls"": [""https://discovery.inspire.gv.at/at.lfrz.discoveryservices/srv/ger/csw?service=CSW&request=GetRecordById&version=2.0.2&outputSchema=http://www.isotc211.org/2005/gmd&ElementSetName=full&id=b434b52d-6c42-482f-b9ea-afaa57419f2f""]}",spatial-extractor,2026-06-21 18:10:40.660 +0300,"[9.514, 46.301, 17.29, 49.131]",CRS:84,ok,9.514,46.301,17.29,49.131
174,583ec4d9-a375-4c69-a91d-033f28451dec,https://data.apps.fao.org/map/gsrv/gsrv1/water_accounting/wms,,,"{""id"": ""2022"", ""bbox"": [-11.588789698004003, 4.270337318160006, 15.858630935159997, 23.950892872456006, ""CRS:84""], ""name"": ""topsoil_niger"", ""title"": ""topsoil_niger"", ""crs3857"": true, ""crs4326"": true, ""abstract"": null, ""keywords"": [""topsoil_niger"", ""WCS"", ""GeoTIFF""], ""layer_name"": ""topsoil_niger"", ""description"": ""Saturated Soil Water Content (Niger River Basin - 100m)"", ""service_type"": ""wms"", ""metadata_urls"": []}",spatial-extractor,2026-06-21 18:10:41.270 +0300,"[-11.588789698004003, 4.270337318160006, 15.858630935159997, 23.950892872456006]",CRS:84,ok,-11.588789698004003,4.270337318160006,15.858630935159997,23.950892872456006
176,https://www.dov.vlaanderen.be/geonetwork/srv/metadata/692a9efb-8509-4a6f-a3be-6887f969867d,https://www.dov.vlaanderen.be/geoserver/erosie/wms?SERVICE=WMS&version=1.3.0&request=GetCapabilities,,,"{""id"": ""2025"", ""bbox"": [2.6470319492844614, 50.699620386683655, 5.815385313523002, 51.02847335341908, ""CRS:84""], ""name"": ""erosiebestrijding_gemeente"", ""title"": ""Kleinschalige erosiebestrijdingswerken"", ""crs3857"": true, ""crs4326"": true, ""abstract"": ""De kaart met kleinschalige erosiebestrijdingswerken bevat de erosiebestrijdingswerken die gerealiseerd zijn of op korte termijn zullen gerealiseerd worden door (lokale) overheden. Deze datalaag omvat zowel de gemeentelijke erosiebestrijdingswerken die met subsidies van de Vlaamse Overheid (Departement Omgeving) in het kader van het Erosiebesluit zijn aangelegd als erosiebestrijdingswerken die via een ander financieringskanaal (gemeente, provincie, landinrichting, ruilverkaveling,...) werden gerealiseerd. De erosiebestrijdingswerken bestaan uit één of een combinatie van meerdere maatregelen, zoals aarden dammen, erosiepoelen, bufferbekkens, buffergrachten, grasstroken, graszones, houtige kleine landschapselementen, etc."", ""keywords"": [""Bodem"", ""ondergrond"", ""bodemerosie"", ""erosiebeheersing"", ""Regionaal"", ""Herbruikbaar"", ""Kosteloos"", ""Vlaamse Open data"", ""Toegevoegd GDI-Vl"", ""Metadata GDI-Vl-conform"", ""Metadata INSPIRE-conform"", ""DOV"", ""Vlaanderen"", ""Ondergrond"", ""Databank Ondergrond Vlaanderen"", ""Departement Omgeving"", ""DOV_PATHNAME@001#DOV:030#Erosie:030#Erosiebestrijdingsmaatregelen:010#"", ""DOV_EXPERTISE@Bodem"", ""DOV_EXPERTISE@Sediment""], ""layer_name"": ""erosiebestrijding_gemeente"", ""description"": ""WMS-capabilities Kleinschalige erosiebestrijdingswerken"", ""service_type"": ""wms"", ""metadata_urls"": [""https://www.dov.vlaanderen.be/geonetwork#/metadata/692a9efb-8509-4a6f-a3be-6887f969867d"", ""https://www.dov.vlaanderen.be/geonetwork/srv/dut/csw?Service=CSW&Request=GetRecordById&Version=2.0.2&outputSchema=http://www.isotc211.org/2005/gmd&elementSetName=full&id=692a9efb-8509-4a6f-a3be-6887f969867d""]}",spatial-extractor,2026-06-21 18:10:45.661 +0300,"[2.6470319492844614, 50.699620386683655, 5.815385313523002, 51.02847335341908]",CRS:84,ok,2.6470319492844614,50.699620386683655,5.815385313523002,51.02847335341908
177,https://www.dov.vlaanderen.be/geonetwork/srv/metadata/692a9efb-8509-4a6f-a3be-6887f969867d,https://www.dov.vlaanderen.be/geoserver/erosie/wms?SERVICE=WMS&version=1.3.0&request=GetMap,,,"{""id"": ""2027"", ""bbox"": [2.6470319492844614, 50.699620386683655, 5.815385313523002, 51.02847335341908, ""CRS:84""], ""name"": ""erosiebestrijding_gemeente"", ""title"": ""Kleinschalige erosiebestrijdingswerken"", ""crs3857"": true, ""crs4326"": true, ""abstract"": ""De kaart met kleinschalige erosiebestrijdingswerken bevat de erosiebestrijdingswerken die gerealiseerd zijn of op korte termijn zullen gerealiseerd worden door (lokale) overheden. Deze datalaag omvat zowel de gemeentelijke erosiebestrijdingswerken die met subsidies van de Vlaamse Overheid (Departement Omgeving) in het kader van het Erosiebesluit zijn aangelegd als erosiebestrijdingswerken die via een ander financieringskanaal (gemeente, provincie, landinrichting, ruilverkaveling,...) werden gerealiseerd. De erosiebestrijdingswerken bestaan uit één of een combinatie van meerdere maatregelen, zoals aarden dammen, erosiepoelen, bufferbekkens, buffergrachten, grasstroken, graszones, houtige kleine landschapselementen, etc."", ""keywords"": [""Bodem"", ""ondergrond"", ""bodemerosie"", ""erosiebeheersing"", ""Regionaal"", ""Herbruikbaar"", ""Kosteloos"", ""Vlaamse Open data"", ""Toegevoegd GDI-Vl"", ""Metadata GDI-Vl-conform"", ""Metadata INSPIRE-conform"", ""DOV"", ""Vlaanderen"", ""Ondergrond"", ""Databank Ondergrond Vlaanderen"", ""Departement Omgeving"", ""DOV_PATHNAME@001#DOV:030#Erosie:030#Erosiebestrijdingsmaatregelen:010#"", ""DOV_EXPERTISE@Bodem"", ""DOV_EXPERTISE@Sediment""], ""layer_name"": ""erosiebestrijding_gemeente"", ""description"": ""WMS-map Kleinschalige erosiebestrijdingswerken"", ""service_type"": ""wms"", ""metadata_urls"": [""https://www.dov.vlaanderen.be/geonetwork#/metadata/692a9efb-8509-4a6f-a3be-6887f969867d"", ""https://www.dov.vlaanderen.be/geonetwork/srv/dut/csw?Service=CSW&Request=GetRecordById&Version=2.0.2&outputSchema=http://www.isotc211.org/2005/gmd&elementSetName=full&id=692a9efb-8509-4a6f-a3be-6887f969867d""]}",spatial-extractor,2026-06-21 18:10:46.991 +0300,"[2.6470319492844614, 50.699620386683655, 5.815385313523002, 51.02847335341908]",CRS:84,ok,2.6470319492844614,50.699620386683655,5.815385313523002,51.02847335341908
178,https://www.dov.vlaanderen.be/geonetwork/srv/metadata/692a9efb-8509-4a6f-a3be-6887f969867d,https://www.dov.vlaanderen.be/geoserver/erosie/wms?,,,"{""id"": ""2028"", ""bbox"": [2.6470319492844614, 50.699620386683655, 5.815385313523002, 51.02847335341908, ""CRS:84""], ""name"": ""erosiebestrijding_gemeente"", ""title"": ""Kleinschalige erosiebestrijdingswerken"", ""crs3857"": true, ""crs4326"": true, ""abstract"": ""De kaart met kleinschalige erosiebestrijdingswerken bevat de erosiebestrijdingswerken die gerealiseerd zijn of op korte termijn zullen gerealiseerd worden door (lokale) overheden. Deze datalaag omvat zowel de gemeentelijke erosiebestrijdingswerken die met subsidies van de Vlaamse Overheid (Departement Omgeving) in het kader van het Erosiebesluit zijn aangelegd als erosiebestrijdingswerken die via een ander financieringskanaal (gemeente, provincie, landinrichting, ruilverkaveling,...) werden gerealiseerd. De erosiebestrijdingswerken bestaan uit één of een combinatie van meerdere maatregelen, zoals aarden dammen, erosiepoelen, bufferbekkens, buffergrachten, grasstroken, graszones, houtige kleine landschapselementen, etc."", ""keywords"": [""Bodem"", ""ondergrond"", ""bodemerosie"", ""erosiebeheersing"", ""Regionaal"", ""Herbruikbaar"", ""Kosteloos"", ""Vlaamse Open data"", ""Toegevoegd GDI-Vl"", ""Metadata GDI-Vl-conform"", ""Metadata INSPIRE-conform"", ""DOV"", ""Vlaanderen"", ""Ondergrond"", ""Databank Ondergrond Vlaanderen"", ""Departement Omgeving"", ""DOV_PATHNAME@001#DOV:030#Erosie:030#Erosiebestrijdingsmaatregelen:010#"", ""DOV_EXPERTISE@Bodem"", ""DOV_EXPERTISE@Sediment""], ""layer_name"": ""erosiebestrijding_gemeente"", ""description"": ""WMS-endpoint Kleinschalige erosiebestrijdingswerken"", ""service_type"": ""wms"", ""metadata_urls"": [""https://www.dov.vlaanderen.be/geonetwork#/metadata/692a9efb-8509-4a6f-a3be-6887f969867d"", ""https://www.dov.vlaanderen.be/geonetwork/srv/dut/csw?Service=CSW&Request=GetRecordById&Version=2.0.2&outputSchema=http://www.isotc211.org/2005/gmd&elementSetName=full&id=692a9efb-8509-4a6f-a3be-6887f969867d""]}",spatial-extractor,2026-06-21 18:10:47.602 +0300,"[2.6470319492844614, 50.699620386683655, 5.815385313523002, 51.02847335341908]",CRS:84,ok,2.6470319492844614,50.699620386683655,5.815385313523002,51.02847335341908
201,fffdf08f-8ee8-4802-8354-5e6df694b0c7,https://services.bgr.de/wms/boden/bodenstoffe/?SERVICE=WMS&REQUEST=GetCapabilities,,,"{""id"": ""2328"", ""bbox"": [5.482435, 47.174772, 15.482503, 55.061476, ""EPSG:4326""], ""name"": ""6"", ""title"": ""Mittlere Zink-Gehalte im Oberboden (OB)"", ""crs3857"": true, ""crs4326"": true, ""abstract"": ""In mehreren Forschungsvorhaben wurde ein Konzept zur Ableitung von flächenhaft repräsentativen Hintergrundwerten für Ober- und Unterböden sowie für den Untergrund entwickelt und angewendet. Das Konzept beruht auf einer Zuordnung der 69 bodenkundlichen Legendeneinheiten der BÜK1000N, Version 2.31, zu 15 Bodenausgangsgesteinsgruppen. Außerdem wird für Oberböden zusätzlich nach Landnutzung differenziert. Zur Schaffung eines Datensatzes mit entsprechenden Punktinformationen wurden unterschiedliche Datenbestände aus den Ländern und vom Bund nach Abgleich gegenüber den Mindestanforderungen und inhaltlicher Harmonisierung zusammengeführt. Auf der Grundlage von ca. 5000 harmonisierten Profildaten konnten repräsentative Hintergrundwerte anorganischer Spurenstoffe für Ober- und Unterböden sowie den Untergrund mit einer Flächendeckung von ca. 90% der Bundesrepublik abgeleitet werden und diese werden in der Karte dargestellt. Das genaue Vorgehen bei der Ableitung ist dem Bericht der LABO-Bund/Länder-Arbeitsgemeinschaft Bodenschutz (2003): 'Hintergrundwerte für anorganische und organische Stoffe in Böden, 3. überarbeitete und ergänzte Auflage', zu entnehmen."", ""keywords"": [], ""layer_name"": ""6"", ""description"": ""In mehreren Forschungsvorhaben wurde ein Konzept zur Ableitung von flächenhaft repräsentativen Hintergrundwerten für Ober- und Unterböden sowie für den Untergrund entwickelt und angewendet. Das Konzept beruht auf einer Zuordnung der 69 bodenkundlichen Legendeneinheiten der BÜK1000N, Version 2.31, zu 15 Bodenausgangsgesteinsgruppen. Außerdem wird für Oberböden zusätzlich nach Landnutzung differenziert. Zur Schaffung eines Datensatzes mit entsprechenden Punktinformationen wurden unterschiedliche Datenbestände aus den Ländern und vom Bund nach Abgleich gegenüber den Mindestanforderungen und inhaltlicher Harmonisierung zusammengeführt. Auf der Grundlage von ca. 5000 harmonisierten Profildaten konnten repräsentative Hintergrundwerte anorganischer Spurenstoffe für Ober- und Unterböden sowie den Untergrund mit einer Flächendeckung von ca. 90% der Bundesrepublik abgeleitet werden und diese werden in der Karte dargestellt. Das genaue Vorgehen bei der Ableitung ist dem Bericht der LABO-Bund/Länder-Arbeitsgemeinschaft Bodenschutz (2003): 'Hintergrundwerte für anorganische und organische Stoffe in Böden, 3. überarbeitete und ergänzte Auflage', zu entnehmen."", ""service_type"": ""wms"", ""metadata_urls"": [""https://geoportal.bgr.de/smartfindersdi-csw/api?request=GetRecordById&service=CSW&version=2.0.2&outputSchema=http://www.isotc211.org/2005/gmd&elementSetName=full&id=f25c8e46-3958-4edb-89fd-9ca8a940fc8a""]}",spatial-extractor,2026-06-21 18:11:34.787 +0300,"[5.482435, 47.174772, 15.482503, 55.061476]",EPSG:4326,ok,5.482435,47.174772,15.482503,55.061476
207,b0203a76-ab90-4564-9789-9b7c21fb9c65,https://inspire.lfrz.gv.at/000604/wms?version=1.3.0&request=GetCapabilities,,,"{""id"": ""2429"", ""bbox"": [9.514, 46.301, 17.29, 49.131, ""CRS:84""], ""name"": ""Agricultural Soil Map of Austria - Dominant parent material (PAR-MAT-DOM)"", ""title"": ""Agricultural Soil Map of Austria - Dominant parent material (PAR-MAT-DOM)"", ""crs3857"": true, ""crs4326"": true, ""abstract"": ""Code for dominant parent material of the Soil Typological Unit (STU)."", ""keywords"": [""BFW"", ""Soil"", ""Geology"", ""Lithosphere""], ""layer_name"": ""Agricultural Soil Map of Austria - Dominant parent material (PAR-MAT-DOM)"", ""description"": ""Agricultural Soil Map of Austria - Dominant parent material (PAR-MAT-DOM)"", ""service_type"": ""wms"", ""metadata_urls"": [""https://discovery.inspire.gv.at/at.lfrz.discoveryservices/srv/ger/csw?service=CSW&request=GetRecordById&version=2.0.2&outputSchema=http://www.isotc211.org/2005/gmd&ElementSetName=full&id=b0203a76-ab90-4564-9789-9b7c21fb9c65""]}",spatial-extractor,2026-06-21 18:11:42.124 +0300,"[9.514, 46.301, 17.29, 49.131]",CRS:84,ok,9.514,46.301,17.29,49.131
209,8bc4629d-06ca-4887-9ed5-43966f5e7c68,https://gislocal.md/geoserver/apl/wms,,,"{""id"": ""2447"", ""bbox"": [28.75405699329946, 46.93111951786055, 28.959084222248425, 47.074082431855246, ""CRS:84""], ""name"": ""s0100_landslides"", ""title"": ""Alunecări de teren mun. Chișinău"", ""crs3857"": false, ""crs4326"": true, ""abstract"": null, ""keywords"": [""features"", ""s0100_landslides""], ""layer_name"": ""s0100_landslides"", ""description"": ""Alunecări de teren mun. Chișinău"", ""service_type"": ""wms"", ""metadata_urls"": []}",spatial-extractor,2026-06-21 18:11:43.510 +0300,"[28.75405699329946, 46.93111951786055, 28.959084222248425, 47.074082431855246]",CRS:84,ok,28.75405699329946,46.93111951786055,28.959084222248425,47.074082431855246
228,446ed430-8383-11db-b9b2-000d939bc5d8,https://data.apps.fao.org/map/gsrv/gsrv1/geonetwork/wms,,,"{""id"": ""2711"", ""bbox"": [-180.0009765625, -56.0144920349121, 180.0, 83.6235961914062, ""CRS:84""], ""name"": ""dsmw_14116"", ""title"": ""dsmw_14116"", ""crs3857"": true, ""crs4326"": true, ""abstract"": null, ""keywords"": [""features"", ""dsmw_14116""], ""layer_name"": ""dsmw_14116"", ""description"": ""dsmw_14116"", ""service_type"": ""wms"", ""metadata_urls"": []}",spatial-extractor,2026-06-21 18:12:38.268 +0300,"[-180.0009765625, -56.0144920349121, 180.0, 83.6235961914062]",CRS:84,ok,-180.0009765625,-56.0144920349121,180.0,83.6235961914062
229,834b153e-9272-4817-ac1b-84ff002009bf,https://data.apps.fao.org/map/gsrv/gsrv1/adb/wms,,,"{""id"": ""2747"", ""bbox"": [96.843752825, 46.460802997, 109.357029951, 51.777279889, ""CRS:84""], ""name"": ""mongolia_wa_selenge_naushki_smsat_hihydrosoils"", ""title"": ""mongolia_wa_selenge_naushki_smsat_hihydrosoils"", ""crs3857"": true, ""crs4326"": true, ""abstract"": null, ""keywords"": [""WCS"", ""GeoTIFF"", ""mongolia_wa_selenge_naushki_smsat_hihydrosoils""], ""layer_name"": ""mongolia_wa_selenge_naushki_smsat_hihydrosoils"", ""description"": ""mongolia_wa_selenge_naushki_smsat_hihydrosoils"", ""service_type"": ""wms"", ""metadata_urls"": []}",spatial-extractor,2026-06-21 18:12:39.954 +0300,"[96.843752825, 46.460802997, 109.357029951, 51.777279889]",CRS:84,ok,96.843752825,46.460802997,109.357029951,51.777279889
231,d07c5dce-4a6e-4042-ac48-8b589c57d6d1,https://www.inspire-geoportal.lt/geoserver/so/wms?service=WMS&version=1.3.0&request=GetCapabilities,,,"{""id"": ""2774"", ""bbox"": [21.06344223022461, 53.90375522328503, 26.832435607910156, 56.44597247456006, ""CRS:84""], ""name"": ""SO.ObservedSoilProfile"", ""title"": ""Observed Soil Profile"", ""crs3857"": true, ""crs4326"": true, ""abstract"": ""Observed Soil Profile"", ""keywords"": [""features"", ""so.observedsoilprofile"", ""Observed soil profile"", ""Soil"", ""SO""], ""layer_name"": ""SO.ObservedSoilProfile"", ""description"": ""Observed Soil Profile"", ""service_type"": ""wms"", ""metadata_urls"": [""https://www.inspire-geoportal.lt/geonetwork/srv/eng/csw?service=CSW&request=GetRecordById&version=2.0.2&outputSchema=http://www.isotc211.org/2005/gmd&elementSetName=full&id=d07c5dce-4a6e-4042-ac48-8b589c57d6d1""]}",spatial-extractor,2026-06-21 18:13:06.736 +0300,"[21.06344223022461, 53.90375522328503, 26.832435607910156, 56.44597247456006]",CRS:84,ok,21.06344223022461,53.90375522328503,26.832435607910156,56.44597247456006
232,517168bd-9e1b-4144-b6ed-388bd55f79b8,https://inspire.lfrz.gv.at/000602/wms?version=1.3.0&request=GetCapabilities,,,"{""id"": ""2784"", ""bbox"": [9.679, 46.457, 16.637, 49.046, ""CRS:84""], ""name"": ""BIOSOIL Austria (WRB-LEV1)"", ""title"": ""Soil reference group code (WRB-LEV1)"", ""crs3857"": true, ""crs4326"": true, ""abstract"": ""Soil reference group code of the STU from the World Reference Base (WRB) for Soil Resources for the BIOSOIL sites of Austria."", ""keywords"": [""soil"", ""WRB""], ""layer_name"": ""BIOSOIL Austria (WRB-LEV1)"", ""description"": ""Soil reference group code (WRB-LEV1)"", ""service_type"": ""wms"", ""metadata_urls"": [""https://discovery.inspire.gv.at/at.lfrz.discoveryservices/srv/ger/csw?service=CSW&request=GetRecordById&version=2.0.2&outputSchema=http%3A%2F%2Fwww.isotc211.org%2F2005%2Fgmd&ElementSetName=full&id=517168bd-9e1b-4144-b6ed-388bd55f79b8""]}",spatial-extractor,2026-06-21 18:13:07.665 +0300,"[9.679, 46.457, 16.637, 49.046]",CRS:84,ok,9.679,46.457,16.637,49.046
237,dc1bb0b8-2341-4556-a205-9a04d5629c6f,https://inspire.lfrz.gv.at/000604/wms?version=1.3.0&request=GetCapabilities,,,"{""id"": ""2868"", ""bbox"": [9.514, 46.301, 17.29, 49.131, ""CRS:84""], ""name"": ""Agricultural Soil Map of Austria - Textural Class (FAO)"", ""title"": ""Agricultural Soil Map of Austria - Textural Class (FAO)"", ""crs3857"": true, ""crs4326"": true, ""abstract"": ""FAO Soil Texture Classes of the upper horizon."", ""keywords"": [""soil"", ""BFW"", ""texture"", ""FAO""], ""layer_name"": ""Agricultural Soil Map of Austria - Textural Class (FAO)"", ""description"": ""Agricultural Soil Map of Austria - Textural Class (FAO)"", ""service_type"": ""wms"", ""metadata_urls"": [""https://discovery.inspire.gv.at/at.lfrz.discoveryservices/srv/ger/csw?service=CSW&request=GetRecordById&version=2.0.2&outputSchema=http://www.isotc211.org/2005/gmd&ElementSetName=full&id=dc1bb0b8-2341-4556-a205-9a04d5629c6f""]}",spatial-extractor,2026-06-21 18:13:12.207 +0300,"[9.514, 46.301, 17.29, 49.131]",CRS:84,ok,9.514,46.301,17.29,49.131
240,Soil-Organic-Carbon-Stock-Maps-for-Belgium,https://www.dov.vlaanderen.be/geoserver/organische_koolstof/wms?SERVICE=WMS&version=1.3.0&request=GetCapabilities,,,"{""id"": ""2966"", ""bbox"": [2.4846222535102074, 48.49291304727594, 6.497545304122984, 52.50583609788872, ""CRS:84""], ""name"": ""carbon_sd_40"", ""title"": ""Soil Organic Carbon Stock Maps for Belgium: standard deviation (40 m grid)"", ""crs3857"": true, ""crs4326"": true, ""abstract"": ""The Belgian soil organic carbon (SOC) stock map for topsoils (0-30 cm) at the resolution of 40m x 40m was composed of 2 regional SOC stock maps. For the regional maps a different approach was used for agricultural land as compared to forest. The maps are based on digital soil mapping approaches using empirical models calibrated to predict the SOC stock and using covariates that are available at a sufficient resolution at the regional scale. All maps are strongly dependent on the Belgian Soil Map (texture and drainage parameters). The regional maps were compiled at a fine resolution (10m x 10m grid cells for Flanders and 40m x 40m grid cells for Wallonia). Next they were joined (40m x 40m grid cells). The regional maps for Flanders were scaled up tot the 40m x 40m grid of Wallonia.  \r\nGiven the different origin of the individual maps, the uncertainty varies between maps. For instance, a map of the 90% confidence interval of the SOC stocks was produced for agricultural soils in Wallonia based on a Monte Carlo Approach taking into account both the measurement and the model uncertainties. For Flemish forest soils, spatial and analytical uncertainties were taken into account using bootstrapping techniques. For Flemish agricultural soils, the uncertainty reported is the model uncertainty on point estimates for each data point, in which the estimated model parameters are simulated 1000 times as being independent normal distributed variables using their model estimation and standard error as distribution parameters. No additional uncertainty is taken into account for the conversion functions that use the stochastic variables \""bulk density\"". The metadata are available and allow assessing the uncertainties of the stock estimates in the different component maps.\r\nThe SOC stock map (resolution of 40m x 40m) is the first comprehensive map for Belgium integrating grasslands, croplands and forests. Based on this map another SOC stock map at a resolution of 1km x 1km in the coordinate reference system WGS84 was created."", ""keywords"": [""Bodem"", ""ondergrond"", ""landbouw"", ""koolstof"", ""totaal aan organische koolstof"", ""grasland"", ""akker"", ""bos"", ""Regionaal"", ""Herbruikbaar"", ""Kosteloos"", ""Vlaamse Open data"", ""Toegevoegd GDI-Vl"", ""Metadata GDI-Vl-conform"", ""Metadata INSPIRE-conform"", ""Lijst M&R INSPIRE"", ""DOV"", ""Vlaanderen"", ""Ondergrond"", ""Databank Ondergrond Vlaanderen"", ""Departement Omgeving"", ""Aardobservatie en milieu"", ""Bodem"", ""HVD"", ""DOV_EXPERTISE@Bodem""], ""layer_name"": ""carbon_sd_40"", ""description"": ""WMS-capabilities Soil Organic Carbon Stock Maps for Belgium: standard deviation (40 m grid)"", ""service_type"": ""wms"", ""metadata_urls"": [""https://www.dov.vlaanderen.be/geonetwork#/metadata/c41ae3d2-7975-457f-94d7-4ab83d659432"", ""https://www.dov.vlaanderen.be/geonetwork/srv/dut/csw?Service=CSW&Request=GetRecordById&Version=2.0.2&outputSchema=http://www.isotc211.org/2005/gmd&elementSetName=full&id=c41ae3d2-7975-457f-94d7-4ab83d659432""]}",spatial-extractor,2026-06-21 18:13:14.922 +0300,"[2.4846222535102074, 48.49291304727594, 6.497545304122984, 52.50583609788872]",CRS:84,ok,2.4846222535102074,48.49291304727594,6.497545304122984,52.50583609788872
241,Soil-Organic-Carbon-Stock-Maps-for-Belgium,https://www.dov.vlaanderen.be/geoserver/organische_koolstof/wms?SERVICE=WMS&version=1.3.0&request=GetMap,,,"{""id"": ""2968"", ""bbox"": [2.4846222535102074, 48.49291304727594, 6.497545304122984, 52.50583609788872, ""CRS:84""], ""name"": ""carbon_sd_40"", ""title"": ""Soil Organic Carbon Stock Maps for Belgium: standard deviation (40 m grid)"", ""crs3857"": true, ""crs4326"": true, ""abstract"": ""The Belgian soil organic carbon (SOC) stock map for topsoils (0-30 cm) at the resolution of 40m x 40m was composed of 2 regional SOC stock maps. For the regional maps a different approach was used for agricultural land as compared to forest. The maps are based on digital soil mapping approaches using empirical models calibrated to predict the SOC stock and using covariates that are available at a sufficient resolution at the regional scale. All maps are strongly dependent on the Belgian Soil Map (texture and drainage parameters). The regional maps were compiled at a fine resolution (10m x 10m grid cells for Flanders and 40m x 40m grid cells for Wallonia). Next they were joined (40m x 40m grid cells). The regional maps for Flanders were scaled up tot the 40m x 40m grid of Wallonia.  \r\nGiven the different origin of the individual maps, the uncertainty varies between maps. For instance, a map of the 90% confidence interval of the SOC stocks was produced for agricultural soils in Wallonia based on a Monte Carlo Approach taking into account both the measurement and the model uncertainties. For Flemish forest soils, spatial and analytical uncertainties were taken into account using bootstrapping techniques. For Flemish agricultural soils, the uncertainty reported is the model uncertainty on point estimates for each data point, in which the estimated model parameters are simulated 1000 times as being independent normal distributed variables using their model estimation and standard error as distribution parameters. No additional uncertainty is taken into account for the conversion functions that use the stochastic variables \""bulk density\"". The metadata are available and allow assessing the uncertainties of the stock estimates in the different component maps.\r\nThe SOC stock map (resolution of 40m x 40m) is the first comprehensive map for Belgium integrating grasslands, croplands and forests. Based on this map another SOC stock map at a resolution of 1km x 1km in the coordinate reference system WGS84 was created."", ""keywords"": [""Bodem"", ""ondergrond"", ""landbouw"", ""koolstof"", ""totaal aan organische koolstof"", ""grasland"", ""akker"", ""bos"", ""Regionaal"", ""Herbruikbaar"", ""Kosteloos"", ""Vlaamse Open data"", ""Toegevoegd GDI-Vl"", ""Metadata GDI-Vl-conform"", ""Metadata INSPIRE-conform"", ""Lijst M&R INSPIRE"", ""DOV"", ""Vlaanderen"", ""Ondergrond"", ""Databank Ondergrond Vlaanderen"", ""Departement Omgeving"", ""Aardobservatie en milieu"", ""Bodem"", ""HVD"", ""DOV_EXPERTISE@Bodem""], ""layer_name"": ""carbon_sd_40"", ""description"": ""WMS-map Soil Organic Carbon Stock Maps for Belgium: standard deviation (40 m grid)"", ""service_type"": ""wms"", ""metadata_urls"": [""https://www.dov.vlaanderen.be/geonetwork#/metadata/c41ae3d2-7975-457f-94d7-4ab83d659432"", ""https://www.dov.vlaanderen.be/geonetwork/srv/dut/csw?Service=CSW&Request=GetRecordById&Version=2.0.2&outputSchema=http://www.isotc211.org/2005/gmd&elementSetName=full&id=c41ae3d2-7975-457f-94d7-4ab83d659432""]}",spatial-extractor,2026-06-21 18:13:16.336 +0300,"[2.4846222535102074, 48.49291304727594, 6.497545304122984, 52.50583609788872]",CRS:84,ok,2.4846222535102074,48.49291304727594,6.497545304122984,52.50583609788872
242,Soil-Organic-Carbon-Stock-Maps-for-Belgium,https://www.dov.vlaanderen.be/geoserver/organische_koolstof/wms?,,,"{""id"": ""2969"", ""bbox"": [2.4846222535102074, 48.49291304727594, 6.497545304122984, 52.50583609788872, ""CRS:84""], ""name"": ""carbon_sd_40"", ""title"": ""Soil Organic Carbon Stock Maps for Belgium: standard deviation (40 m grid)"", ""crs3857"": true, ""crs4326"": true, ""abstract"": ""The Belgian soil organic carbon (SOC) stock map for topsoils (0-30 cm) at the resolution of 40m x 40m was composed of 2 regional SOC stock maps. For the regional maps a different approach was used for agricultural land as compared to forest. The maps are based on digital soil mapping approaches using empirical models calibrated to predict the SOC stock and using covariates that are available at a sufficient resolution at the regional scale. All maps are strongly dependent on the Belgian Soil Map (texture and drainage parameters). The regional maps were compiled at a fine resolution (10m x 10m grid cells for Flanders and 40m x 40m grid cells for Wallonia). Next they were joined (40m x 40m grid cells). The regional maps for Flanders were scaled up tot the 40m x 40m grid of Wallonia.  \r\nGiven the different origin of the individual maps, the uncertainty varies between maps. For instance, a map of the 90% confidence interval of the SOC stocks was produced for agricultural soils in Wallonia based on a Monte Carlo Approach taking into account both the measurement and the model uncertainties. For Flemish forest soils, spatial and analytical uncertainties were taken into account using bootstrapping techniques. For Flemish agricultural soils, the uncertainty reported is the model uncertainty on point estimates for each data point, in which the estimated model parameters are simulated 1000 times as being independent normal distributed variables using their model estimation and standard error as distribution parameters. No additional uncertainty is taken into account for the conversion functions that use the stochastic variables \""bulk density\"". The metadata are available and allow assessing the uncertainties of the stock estimates in the different component maps.\r\nThe SOC stock map (resolution of 40m x 40m) is the first comprehensive map for Belgium integrating grasslands, croplands and forests. Based on this map another SOC stock map at a resolution of 1km x 1km in the coordinate reference system WGS84 was created."", ""keywords"": [""Bodem"", ""ondergrond"", ""landbouw"", ""koolstof"", ""totaal aan organische koolstof"", ""grasland"", ""akker"", ""bos"", ""Regionaal"", ""Herbruikbaar"", ""Kosteloos"", ""Vlaamse Open data"", ""Toegevoegd GDI-Vl"", ""Metadata GDI-Vl-conform"", ""Metadata INSPIRE-conform"", ""Lijst M&R INSPIRE"", ""DOV"", ""Vlaanderen"", ""Ondergrond"", ""Databank Ondergrond Vlaanderen"", ""Departement Omgeving"", ""Aardobservatie en milieu"", ""Bodem"", ""HVD"", ""DOV_EXPERTISE@Bodem""], ""layer_name"": ""carbon_sd_40"", ""description"": ""WMS-endpoint Soil Organic Carbon Stock Maps for Belgium: standard deviation (40 m grid)"", ""service_type"": ""wms"", ""metadata_urls"": [""https://www.dov.vlaanderen.be/geonetwork#/metadata/c41ae3d2-7975-457f-94d7-4ab83d659432"", ""https://www.dov.vlaanderen.be/geonetwork/srv/dut/csw?Service=CSW&Request=GetRecordById&Version=2.0.2&outputSchema=http://www.isotc211.org/2005/gmd&elementSetName=full&id=c41ae3d2-7975-457f-94d7-4ab83d659432""]}",spatial-extractor,2026-06-21 18:13:16.909 +0300,"[2.4846222535102074, 48.49291304727594, 6.497545304122984, 52.50583609788872]",CRS:84,ok,2.4846222535102074,48.49291304727594,6.497545304122984,52.50583609788872
261,226f7d26-71bf-4fbd-a1f9-c8510aeddd8a,https://inspire.lfrz.gv.at/000604/wms?version=1.3.0&request=GetCapabilities,,,"{""id"": ""3269"", ""bbox"": [9.514, 46.301, 17.29, 49.131, ""CRS:84""], ""name"": ""Agricultural Soil Map of Austria - Textural Class (JRC)"", ""title"": ""Agricultural Soil Map of Austria - Textural Class (JRC)"", ""crs3857"": true, ""crs4326"": true, ""abstract"": ""Code for the Secondary Sub-surface Textural class of the Soil Typological Unit (STU). [JRC, TEXT-SUB-SEC]"", ""keywords"": [""BFW"", ""JRC"", ""soil"", ""agriculture"", ""texture""], ""layer_name"": ""Agricultural Soil Map of Austria - Textural Class (JRC)"", ""description"": ""Agricultural Soil Map of Austria - Textural Class (JRC)"", ""service_type"": ""wms"", ""metadata_urls"": [""https://discovery.inspire.gv.at/at.lfrz.discoveryservices/srv/ger/csw?service=CSW&request=GetRecordById&version=2.0.2&outputSchema=http://www.isotc211.org/2005/gmd&ElementSetName=full&id=226f7d26-71bf-4fbd-a1f9-c8510aeddd8a""]}",spatial-extractor,2026-06-21 18:15:03.009 +0300,"[9.514, 46.301, 17.29, 49.131]",CRS:84,ok,9.514,46.301,17.29,49.131
262,ed960299-a147-4c1a-bc57-41ff83a2264f,https://service.pdok.nl/bzk/bro-bodemkaart/wms/v1_0?request=getCapabilities&service=WMS,,,"{""id"": ""3321"", ""bbox"": [-25000.0, 250000.0, 280000.0, 860000.0, ""EPSG:28992""], ""name"": ""BRO - Bodemkaart (SGM) WMS"", ""title"": ""Bodemvlakken"", ""crs3857"": true, ""crs4326"": true, ""abstract"": ""Een begrensd gebied als onderdeel van de bodemkaart (het bodemkundig model) van de Nederlandse bodem met een bodemkundige beschrijving"", ""keywords"": [""bodemkaartvlak"", ""bodemeenheid"", ""bodemvlak""], ""layer_name"": ""soilarea"", ""description"": ""BRO Bodemkaart van Nederland"", ""service_type"": ""wms"", ""metadata_urls"": [""https://www.nationaalgeoregister.nl/geonetwork/srv/dut/csw?service=CSW&version=2.0.2&request=GetRecordById&outputschema=http://www.isotc211.org/2005/gmd&elementsetname=full&id=ed960299-a147-4c1a-bc57-41ff83a2264f""]}",spatial-extractor,2026-06-21 18:15:03.486 +0300,"[-25000.0, 250000.0, 280000.0, 860000.0]",EPSG:28992,ok,-25000.0,250000.0,280000.0,860000.0
288,R_SARDEG:a13c677a-48a3-429f-906c-b66b0da43669,https://webgis.regione.sardegna.it/geoserverraster/ows?service=wms&version=1.3.0&request=GetCapabilities,,,"{""id"": ""4084"", ""bbox"": [8.123221407489151, 38.8575334017114, 9.83863322278139, 41.31383633815107, ""CRS:84""], ""name"": ""NULL"", ""title"": ""DTM 10m altimetria rev01"", ""crs3857"": true, ""crs4326"": true, ""abstract"": ""Il dato contiene le informazioni sull'altimetria derivanti dalle curve di livello e punti quotati estratti dai DTM con passo 1m realizzati mediante volo LIDAR dall'Amministrazione regionale sulla fascia costiera e sui centri urbani, e dal Ministero dell’Ambiente e della Tutela del Territorio e del Mare oggi Ministero della Transizione ecologica (MATTM) su alcune aree critiche, sulle fasce fluviali principali e sulla Gallura (progetto PST-A) e per le altre porzioni di territorio dalle curve di livello e punti quotati derivanti dalla CTR. E' stato inoltre integrato con le informazioni sull'altimetria derivanti dallo strato dell'idrografia dei DBGT alla scala 1:10.000"", ""keywords"": [""DTM_10M_ALTIMETRIA_REV01"", ""WCS"", ""GeoTIFF""], ""layer_name"": ""raster:DTM_10M_ALTIMETRIA_REV01"", ""description"": ""NULL"", ""service_type"": ""wms"", ""metadata_urls"": [""https://webgis2.regione.sardegna.it/geonetwork/srv/ita/catalog.search#/metadata/R_SARDEG:a13c677a-48a3-429f-906c-b66b0da43669""]}",spatial-extractor,2026-06-21 18:15:29.377 +0300,"[8.123221407489151, 38.8575334017114, 9.83863322278139, 41.31383633815107]",CRS:84,ok,8.123221407489151,38.8575334017114,9.83863322278139,41.31383633815107
293,f0c1a66c-f2d4-4686-8aeb-d02d509a6b25,https://service.pdok.nl/bzk/brocptkenset/wms/v1_0?Service=WMS&Request=GetCapabilities,,,"{""id"": ""4175"", ""bbox"": [50.65, 2.3, 56.05, 7.85, ""EPSG:4258""], ""name"": ""BRO CPT kenset"", ""title"": ""CPT kenset"", ""crs3857"": true, ""crs4326"": true, ""abstract"": ""Gegevens van geotechnisch sondeeronderzoek zoals opgeslagen in de Basis Registratie Ondergrond (BRO). Geotechnisch sondeeronderzoek (in het Engels Cone Penetration Test, afgekort tot CPT) is onderzoek dat tot doel heeft informatie over de bodemkundige of geologische opbouw van de ondergrond te verwerven, waarbij in het veld metingen aan de ondergrond worden gedaan door een kegelvormige sonde de grond in te drukken. Traditioneel is het doel met de sonde de weerstand en de wrijving die de conus op de weg naar beneden ondervind te bepalen om daaruit mechanische eigenschappen van de ondergrond af te leiden. In de loop van de tijd is de sonde zo geëvolueerd dat een breed scala aan metingen verricht kan worden."", ""keywords"": [""basisregistratie ondergrond"", ""bro"", ""geotechnisch sondeeronderzoek"", ""bodemonderzoek"", ""grondonderzoek"", ""sonderen"", ""cpt"", ""cone penetration test"", ""infomapaccessservice""], ""layer_name"": ""cpt_kenset"", ""description"": ""NULL"", ""service_type"": ""wms"", ""metadata_urls"": [""https://www.nationaalgeoregister.nl/geonetwork/srv/dut/csw?service=CSW&version=2.0.2&request=GetRecordById&outputschema=http://www.isotc211.org/2005/gmd&elementsetname=full&id=f0c1a66c-f2d4-4686-8aeb-d02d509a6b25""]}",spatial-extractor,2026-06-21 18:15:34.515 +0300,"[50.65, 2.3, 56.05, 7.85]",EPSG:4258,ok,50.65,2.3,56.05,7.85
298,f67dc24d-1e4b-4802-b719-72c9c729041a,https://data.apps.fao.org/map/gsrv/gsrv1/water_accounting/wms,,,"{""id"": ""4324"", ""bbox"": [23.299107125159995, -4.100694427335991, 39.90029760028799, 31.650297633868004, ""CRS:84""], ""name"": ""topsoil_nile"", ""title"": ""topsoil_nile"", ""crs3857"": true, ""crs4326"": true, ""abstract"": null, ""keywords"": [""topsoil_nile"", ""WCS"", ""GeoTIFF""], ""layer_name"": ""topsoil_nile"", ""description"": ""Saturated Soil Water Content (Nile River Basin - 100m)"", ""service_type"": ""wms"", ""metadata_urls"": []}",spatial-extractor,2026-06-21 18:15:39.744 +0300,"[23.299107125159995, -4.100694427335991, 39.90029760028799, 31.650297633868004]",CRS:84,ok,23.299107125159995,-4.100694427335991,39.90029760028799,31.650297633868004
328,fffc68e2-30d9-4ead-9862-b77dc9d0c41b,https://inspire.geoportaal.ee/geoserver/SO_pinnas/wms?service=WMS&version=1.3.0&request=GetCapabilities,,,"{""id"": ""5090"", ""bbox"": [21.602362081626424, 57.45329056398051, 28.25855299843526, 59.71695885219689, ""CRS:84""], ""name"": ""INSPIRE WMS teenuse getCapabilities"", ""title"": ""Eesti mullastiku kaart"", ""crs3857"": false, ""crs4326"": false, ""abstract"": ""Kiht sisaldab Eesti mullastiku kaardi mulla tüüpe.\r\nMulla lõimis on esitatud teenuse sees atribuudiga \""gml name\"" ja mulla siffer on esiatud atribuudiga \""soil Body Label\""."", ""keywords"": [""INSPIRE"", ""INSPIRE"", ""soil body"", ""mulla tüüp""], ""layer_name"": ""SO.SoilBody"", ""description"": ""NULL"", ""service_type"": ""wms"", ""metadata_urls"": [""https://metadata.geoportaal.ee/geonetwork/srv/est/csw?service=CSW&request=GetRecordById&version=2.0.2&outputSchema=http://www.isotc211.org/2005/gmd&elementSetName=full&id=fffc68e2-30d9-4ead-9862-b77dc9d0c41b""]}",spatial-extractor,2026-06-21 18:16:02.053 +0300,"[21.602362081626424, 57.45329056398051, 28.25855299843526, 59.71695885219689]",CRS:84,ok,21.602362081626424,57.45329056398051,28.25855299843526,59.71695885219689
330,975558a1-1a8f-460c-8d4e-4023b32bed11,http://soluri.md/en/default/wms/public,,,"{""id"": ""5269"", ""bbox"": [-3100140.0, -15002900.0, 1623640.0, 5002870.0, ""EPSG:4026""], ""name"": ""Planurile"", ""title"": ""Soil Map 10000"", ""crs3857"": true, ""crs4326"": true, ""abstract"": ""Setul de date care conţine hărţile pedologice la scara 1:10000, executate în anii precedente, care includ următoarele elemente: hotarele arealurilor de sol şi locurile amplasării profilurilor de sol."", ""keywords"": [], ""layer_name"": ""Planurile"", ""description"": ""Soil Map 10000"", ""service_type"": ""wms"", ""metadata_urls"": []}",spatial-extractor,2026-06-21 18:16:05.153 +0300,"[-3100140.0, -15002900.0, 1623640.0, 5002870.0]",EPSG:4026,ok,-3100140.0,-15002900.0,1623640.0,5002870.0
334,04111166-39d6-4d25-befe-14e8af3f0c91,https://data.apps.fao.org/map/gsrv/edit/pak_hih/wms,,,"{""id"": ""5549"", ""bbox"": [60.8786, 23.69468, 77.83397, 37.08942, ""CRS:84""], ""name"": ""DHI"", ""title"": ""DHI"", ""crs3857"": true, ""crs4326"": true, ""abstract"": null, ""keywords"": [""features"", ""DHI""], ""layer_name"": ""DHI"", ""description"": ""DHI"", ""service_type"": ""wms"", ""metadata_urls"": []}",spatial-extractor,2026-06-21 18:16:09.665 +0300,"[60.8786, 23.69468, 77.83397, 37.08942]",CRS:84,ok,60.8786,23.69468,77.83397,37.08942
345,33b088ba-49e9-4186-a9ef-80dee2f92586,https://services.bgr.de/wms/boden/gws1000/?,,,"{""id"": ""5933"", ""bbox"": [5.432722, 46.98339, 15.655428, 55.067148, ""EPSG:4326""], ""name"": ""0"", ""title"": ""GWS1000_250 Version 1.0"", ""crs3857"": true, ""crs4326"": true, ""abstract"": ""Die Karte der Grundwasserbeeinflussung der Böden in Deutschland gibt einen Überblick über den Grad der Beeinflussung der Bodenentwicklung durch Grundwasser unterhalb der Geländeoberfläche. Böden, die durch Grundwasser beeinflusst sind, haben meist nur ein eingeschränktes Ertragspotential. Je höher der Grundwasserstand, desto größer ist der Einfluss auf das Pflanzenwachstum. Die Karte basiert auf der Auswertung der nutzungsdifferenzierten Bodenübersichtskarte 1:1.000.000 (BUEK1000N) und zeigt die klassifizierte Grundwasserstufe. Die Grundwasserstufe wird aus dem mittleren Grundwassertiefstand (MNGW) abgeleitet. Die Methode ist in der Bodenkundlichen Kartieranleitung (KA5) und in der Methodendokumentation Bodenkunde der Ad-hoc-AG Boden veröffentlicht. Für die nutzungsabhängige Differenzierung der Profildaten werden die Landnutzungsdaten aus CORINE Land Cover 2006 genutzt."", ""keywords"": [], ""layer_name"": ""0"", ""description"": ""Die Karte der Grundwasserbeeinflussung der Böden in Deutschland gibt einen Überblick über den Grad der Beeinflussung der Bodenentwicklung durch Grundwasser unterhalb der Geländeoberfläche. Böden, die durch Grundwasser beeinflusst sind, haben meist nur ein eingeschränktes Ertragspotential. Je höher der Grundwasserstand, desto größer ist der Einfluss auf das Pflanzenwachstum. Die Karte basiert auf der Auswertung der nutzungsdifferenzierten Bodenübersichtskarte 1:1.000.000 (BUEK1000N) und zeigt die klassifizierte Grundwasserstufe. Die Grundwasserstufe wird aus dem mittleren Grundwassertiefstand (MNGW) abgeleitet. Die Methode ist in der Bodenkundlichen Kartieranleitung (KA5) und in der Methodendokumentation Bodenkunde der Ad-hoc-AG Boden veröffentlicht. Für die nutzungsabhängige Differenzierung der Profildaten werden die Landnutzungsdaten aus CORINE Land Cover 2006 genutzt."", ""service_type"": ""wms"", ""metadata_urls"": [""https://geoportal.bgr.de/smartfindersdi-csw/api?request=GetRecordById&service=CSW&version=2.0.2&outputSchema=http://www.isotc211.org/2005/gmd&elementSetName=full&id=33b088ba-49e9-4186-a9ef-80dee2f92586""]}",spatial-extractor,2026-06-21 18:16:35.246 +0300,"[5.432722, 46.98339, 15.655428, 55.067148]",EPSG:4326,ok,5.432722,46.98339,15.655428,55.067148
350,https://www.dov.vlaanderen.be/geonetwork/srv/metadata/2035e01e-eef5-4806-948c-df7b966169a1,https://www.dov.vlaanderen.be/geoserver/grondverschuivingen/wms?SERVICE=WMS&version=1.3.0&request=GetCapabilities,,,"{""id"": ""6146"", ""bbox"": [2.590986716156292, 50.67476411972977, 4.306285166516531, 51.05363711476087, ""CRS:84""], ""name"": ""grndversch_gevoeligh"", ""title"": ""Gevoeligheid voor grondverschuivingen"", ""crs3857"": true, ""crs4326"": true, ""abstract"": ""De gevoeligheidskaart voor grondverschuivingen geeft een eerste indicatie van de gevoeligheid voor grondverschuivingen op zeer lokaal niveau in een studiegebied gelegen ten westen van Brussel, in het zuiden van de provincies West-Vlaanderen, Oost-Vlaanderen en Vlaams-Brabant. Aan de basis van de kaart ligt een statisch model dat gebaseerd is op logistische regressie voor zeldzame gebeurtenissen. Deze procedure legt het statistisch verband tussen de ligging van de gekarteerde (op het terrein geïnventariseerde) grondverschuivingen en de mogelijke controlerende factoren. Het model werd toegepast in een GIS omgeving voor rasters van 10 m op 10 m en voorspelt de kans op het voorkomen van een grondverschuiving op basis van de hellingsgradiënt, de oriëntatie van de helling (NW, W, ZW en Z), en de aanwezigheid van bepaalde litho-stratigrafische formaties (de formatie van Gent, lid van Vlierzele en lid van Merelbeke, de formatie van Tielt en de formatie van Kortrijk, lid van Aalbeke). Initieel werd aan elk raster een kans op het voorkomen van grondverschuivingen toegekend. Deze kanswaarden (tussen 0 en 1) werden in 4 klassen onderverdeeld, resulterend in pixels met lage, matige, hoge en zeer hoge gevoeligheid. Het werken met klassegrenzen op zich impliceert dat twee dicht bij elkaar gelegen waarden in een verschillendeklasse kunnen worden ingedeeld. Het model werd ontwikkeld voor de Vlaamse Ardennen, een deelgebied van het studiegebied, en nadien toegepast op het uitgebreide studiegebied met dezelfde geologische en topografische kenmerken."", ""keywords"": [""Gebieden met natuurrisico's"", ""ondergrond"", ""Regionaal"", ""Herbruikbaar"", ""Kosteloos"", ""Vlaamse Open data"", ""Toegevoegd GDI-Vl"", ""Metadata GDI-Vl-conform"", ""Metadata INSPIRE-conform"", ""DOV"", ""Vlaanderen"", ""Ondergrond"", ""Databank Ondergrond Vlaanderen"", ""Departement Omgeving"", ""DOV_PATHNAME@001#DOV:080#Grondverschuivingen:010#"", ""DOV_EXPERTISE@Bodem"", ""DOV_EXPERTISE@Geologie"", ""DOV_EXPERTISE@Geotechniek""], ""layer_name"": ""grndversch_gevoeligh"", ""description"": ""WMS-capabilities Gevoeligheid voor grondverschuivingen"", ""service_type"": ""wms"", ""metadata_urls"": [""https://www.dov.vlaanderen.be/geonetwork#/metadata/2035e01e-eef5-4806-948c-df7b966169a1"", ""https://www.dov.vlaanderen.be/geonetwork/srv/dut/csw?Service=CSW&Request=GetRecordById&Version=2.0.2&outputSchema=http://www.isotc211.org/2005/gmd&elementSetName=full&id=2035e01e-eef5-4806-948c-df7b966169a1""]}",spatial-extractor,2026-06-21 18:17:10.443 +0300,"[2.590986716156292, 50.67476411972977, 4.306285166516531, 51.05363711476087]",CRS:84,ok,2.590986716156292,50.67476411972977,4.306285166516531,51.05363711476087
351,https://www.dov.vlaanderen.be/geonetwork/srv/metadata/2035e01e-eef5-4806-948c-df7b966169a1,https://www.dov.vlaanderen.be/geoserver/grondverschuivingen/wms?SERVICE=WMS&version=1.3.0&request=GetMap,,,"{""id"": ""6148"", ""bbox"": [2.590986716156292, 50.67476411972977, 4.306285166516531, 51.05363711476087, ""CRS:84""], ""name"": ""grndversch_gevoeligh"", ""title"": ""Gevoeligheid voor grondverschuivingen"", ""crs3857"": true, ""crs4326"": true, ""abstract"": ""De gevoeligheidskaart voor grondverschuivingen geeft een eerste indicatie van de gevoeligheid voor grondverschuivingen op zeer lokaal niveau in een studiegebied gelegen ten westen van Brussel, in het zuiden van de provincies West-Vlaanderen, Oost-Vlaanderen en Vlaams-Brabant. Aan de basis van de kaart ligt een statisch model dat gebaseerd is op logistische regressie voor zeldzame gebeurtenissen. Deze procedure legt het statistisch verband tussen de ligging van de gekarteerde (op het terrein geïnventariseerde) grondverschuivingen en de mogelijke controlerende factoren. Het model werd toegepast in een GIS omgeving voor rasters van 10 m op 10 m en voorspelt de kans op het voorkomen van een grondverschuiving op basis van de hellingsgradiënt, de oriëntatie van de helling (NW, W, ZW en Z), en de aanwezigheid van bepaalde litho-stratigrafische formaties (de formatie van Gent, lid van Vlierzele en lid van Merelbeke, de formatie van Tielt en de formatie van Kortrijk, lid van Aalbeke). Initieel werd aan elk raster een kans op het voorkomen van grondverschuivingen toegekend. Deze kanswaarden (tussen 0 en 1) werden in 4 klassen onderverdeeld, resulterend in pixels met lage, matige, hoge en zeer hoge gevoeligheid. Het werken met klassegrenzen op zich impliceert dat twee dicht bij elkaar gelegen waarden in een verschillendeklasse kunnen worden ingedeeld. Het model werd ontwikkeld voor de Vlaamse Ardennen, een deelgebied van het studiegebied, en nadien toegepast op het uitgebreide studiegebied met dezelfde geologische en topografische kenmerken."", ""keywords"": [""Gebieden met natuurrisico's"", ""ondergrond"", ""Regionaal"", ""Herbruikbaar"", ""Kosteloos"", ""Vlaamse Open data"", ""Toegevoegd GDI-Vl"", ""Metadata GDI-Vl-conform"", ""Metadata INSPIRE-conform"", ""DOV"", ""Vlaanderen"", ""Ondergrond"", ""Databank Ondergrond Vlaanderen"", ""Departement Omgeving"", ""DOV_PATHNAME@001#DOV:080#Grondverschuivingen:010#"", ""DOV_EXPERTISE@Bodem"", ""DOV_EXPERTISE@Geologie"", ""DOV_EXPERTISE@Geotechniek""], ""layer_name"": ""grndversch_gevoeligh"", ""description"": ""WMS-map Gevoeligheid voor grondverschuivingen"", ""service_type"": ""wms"", ""metadata_urls"": [""https://www.dov.vlaanderen.be/geonetwork#/metadata/2035e01e-eef5-4806-948c-df7b966169a1"", ""https://www.dov.vlaanderen.be/geonetwork/srv/dut/csw?Service=CSW&Request=GetRecordById&Version=2.0.2&outputSchema=http://www.isotc211.org/2005/gmd&elementSetName=full&id=2035e01e-eef5-4806-948c-df7b966169a1""]}",spatial-extractor,2026-06-21 18:17:13.752 +0300,"[2.590986716156292, 50.67476411972977, 4.306285166516531, 51.05363711476087]",CRS:84,ok,2.590986716156292,50.67476411972977,4.306285166516531,51.05363711476087
352,https://www.dov.vlaanderen.be/geonetwork/srv/metadata/2035e01e-eef5-4806-948c-df7b966169a1,https://www.dov.vlaanderen.be/geoserver/grondverschuivingen/wms?,,,"{""id"": ""6149"", ""bbox"": [2.590986716156292, 50.67476411972977, 4.306285166516531, 51.05363711476087, ""CRS:84""], ""name"": ""grndversch_gevoeligh"", ""title"": ""Gevoeligheid voor grondverschuivingen"", ""crs3857"": true, ""crs4326"": true, ""abstract"": ""De gevoeligheidskaart voor grondverschuivingen geeft een eerste indicatie van de gevoeligheid voor grondverschuivingen op zeer lokaal niveau in een studiegebied gelegen ten westen van Brussel, in het zuiden van de provincies West-Vlaanderen, Oost-Vlaanderen en Vlaams-Brabant. Aan de basis van de kaart ligt een statisch model dat gebaseerd is op logistische regressie voor zeldzame gebeurtenissen. Deze procedure legt het statistisch verband tussen de ligging van de gekarteerde (op het terrein geïnventariseerde) grondverschuivingen en de mogelijke controlerende factoren. Het model werd toegepast in een GIS omgeving voor rasters van 10 m op 10 m en voorspelt de kans op het voorkomen van een grondverschuiving op basis van de hellingsgradiënt, de oriëntatie van de helling (NW, W, ZW en Z), en de aanwezigheid van bepaalde litho-stratigrafische formaties (de formatie van Gent, lid van Vlierzele en lid van Merelbeke, de formatie van Tielt en de formatie van Kortrijk, lid van Aalbeke). Initieel werd aan elk raster een kans op het voorkomen van grondverschuivingen toegekend. Deze kanswaarden (tussen 0 en 1) werden in 4 klassen onderverdeeld, resulterend in pixels met lage, matige, hoge en zeer hoge gevoeligheid. Het werken met klassegrenzen op zich impliceert dat twee dicht bij elkaar gelegen waarden in een verschillendeklasse kunnen worden ingedeeld. Het model werd ontwikkeld voor de Vlaamse Ardennen, een deelgebied van het studiegebied, en nadien toegepast op het uitgebreide studiegebied met dezelfde geologische en topografische kenmerken."", ""keywords"": [""Gebieden met natuurrisico's"", ""ondergrond"", ""Regionaal"", ""Herbruikbaar"", ""Kosteloos"", ""Vlaamse Open data"", ""Toegevoegd GDI-Vl"", ""Metadata GDI-Vl-conform"", ""Metadata INSPIRE-conform"", ""DOV"", ""Vlaanderen"", ""Ondergrond"", ""Databank Ondergrond Vlaanderen"", ""Departement Omgeving"", ""DOV_PATHNAME@001#DOV:080#Grondverschuivingen:010#"", ""DOV_EXPERTISE@Bodem"", ""DOV_EXPERTISE@Geologie"", ""DOV_EXPERTISE@Geotechniek""], ""layer_name"": ""grndversch_gevoeligh"", ""description"": ""WMS-endpoint Gevoeligheid voor grondverschuivingen"", ""service_type"": ""wms"", ""metadata_urls"": [""https://www.dov.vlaanderen.be/geonetwork#/metadata/2035e01e-eef5-4806-948c-df7b966169a1"", ""https://www.dov.vlaanderen.be/geonetwork/srv/dut/csw?Service=CSW&Request=GetRecordById&Version=2.0.2&outputSchema=http://www.isotc211.org/2005/gmd&elementSetName=full&id=2035e01e-eef5-4806-948c-df7b966169a1""]}",spatial-extractor,2026-06-21 18:17:17.105 +0300,"[2.590986716156292, 50.67476411972977, 4.306285166516531, 51.05363711476087]",CRS:84,ok,2.590986716156292,50.67476411972977,4.306285166516531,51.05363711476087
362,eea_r_3035_1_k_total-nutrient-input_p_2010_v01_r00,https://land.discomap.eea.europa.eu/arcgis/services/Agriculture/Nitrogen_Input_to_agroecosystems/MapServer/WMSServer?request=GetCapabilities&service=WMS,,,"{""id"": ""6335"", ""bbox"": [-29.874571, 34.082417, 48.943612, 70.907958, ""CRS:84""], ""name"": ""0"", ""title"": ""Total nitrogen input 2010 (kg/ha/yr)"", ""crs3857"": true, ""crs4326"": true, ""abstract"": ""The total nitrogen input to agricultural soils for the year 2010 is represented in kgN/ha/yr at a 1km resolution.\nNitrogen input includes organic manure application, inorganic fertilizer input, atmospheric deposition and biological fixation. The data comes from the EEA nutrient accounts, developed by EEA and ETC-ULS, and is based on spatial reference data on crop and livestock distribution, yield and livestock statistics, and official conversion factors"", ""keywords"": [], ""layer_name"": ""0"", ""description"": ""Total nitrogen input 2010 (kg/ha/yr)"", ""service_type"": ""wms"", ""metadata_urls"": []}",spatial-extractor,2026-06-21 18:17:58.356 +0300,"[-29.874571, 34.082417, 48.943612, 70.907958]",CRS:84,ok,-29.874571,34.082417,48.943612,70.907958
368,eea_v_3035_1_mio_grass-intens-management_p_2010_v01_r00,https://land.discomap.eea.europa.eu/arcgis/services/Agriculture/Grassland_intensification_2010/MapServer/WMSServer?request=GetCapabilities&service=WMS,,,"{""id"": ""6408"", ""bbox"": [-31.264762, 27.638029, 31.586267, 70.09227, ""CRS:84""], ""name"": ""0"", ""title"": ""Percentage of grasslands per administrative unit under high pressure from management practices."", ""crs3857"": true, ""crs4326"": true, ""abstract"": null, ""keywords"": [], ""layer_name"": ""0"", ""description"": ""Percentage of grasslands per administrative unit under high pressure from management practices."", ""service_type"": ""wms"", ""metadata_urls"": []}",spatial-extractor,2026-06-21 18:18:13.254 +0300,"[-31.264762, 27.638029, 31.586267, 70.09227]",CRS:84,ok,-31.264762,27.638029,31.586267,70.09227
369,eea_v_3035_1_mio_crop-intens-management_p_2010_v01_r00,https://land.discomap.eea.europa.eu/arcgis/services/Agriculture/Cropland_intensification_2010/MapServer/WMSServer?request=GetCapabilities&service=WMS,,,"{""id"": ""6421"", ""bbox"": [-31.264762, 27.638029, 31.586267, 70.09227, ""CRS:84""], ""name"": ""0"", ""title"": ""Percentage of croplands per administrative unit under high pressure from management practices."", ""crs3857"": true, ""crs4326"": true, ""abstract"": null, ""keywords"": [], ""layer_name"": ""0"", ""description"": ""Percentage of croplands per administrative unit under high pressure from management practices."", ""service_type"": ""wms"", ""metadata_urls"": []}",spatial-extractor,2026-06-21 18:18:19.150 +0300,"[-31.264762, 27.638029, 31.586267, 70.09227]",CRS:84,ok,-31.264762,27.638029,31.586267,70.09227
371,eea_v_3035_1_mio_grass-intens-lcf_p_2006-2012_v01_r00,https://land.discomap.eea.europa.eu/arcgis/services/Agriculture/Grassland_intensification_LCF_2006_2012/MapServer/WMSServer?request=GetCapabilities&service=WMS,,,"{""id"": ""6426"", ""bbox"": [-31.268814, 27.638029, 44.820546, 71.185318, ""CRS:84""], ""name"": ""0"", ""title"": ""Percentage of grasslands per administrative unit under intensification from management practices"", ""crs3857"": true, ""crs4326"": true, ""abstract"": null, ""keywords"": [], ""layer_name"": ""0"", ""description"": ""Percentage of grasslands per administrative unit under intensification from management practices"", ""service_type"": ""wms"", ""metadata_urls"": []}",spatial-extractor,2026-06-21 18:18:24.336 +0300,"[-31.268814, 27.638029, 44.820546, 71.185318]",CRS:84,ok,-31.268814,27.638029,44.820546,71.185318
373,10.2909/61a2a6c8-9f9a-407d-a01d-d2101e9dcd65,https://image.discomap.eea.europa.eu/arcgis/services/GioLandPublic/HRL_ImperviousnessDensity_2009/MapServer/WMSServer?request=GetCapabilities&service=WMS,,,"{""id"": ""6439"", ""bbox"": [-56.505142, 24.284177, 72.906137, 72.66441, ""CRS:84""], ""name"": ""0"", ""title"": ""Imperviousness density 2009"", ""crs3857"": true, ""crs4326"": true, ""abstract"": null, ""keywords"": [], ""layer_name"": ""0"", ""description"": ""Imperviousness density 2009"", ""service_type"": ""wms"", ""metadata_urls"": []}",spatial-extractor,2026-06-21 18:18:29.508 +0300,"[-56.505142, 24.284177, 72.906137, 72.66441]",CRS:84,ok,-56.505142,24.284177,72.906137,72.66441
374,10.2909/3eccb338-d7d4-43e5-be77-ac0b6afc9aa7,https://image.discomap.eea.europa.eu/arcgis/services/GioLandPublic/HRL_ImperviousnessChange_06_09/MapServer/WMSServer?request=GetCapabilities&service=WMS,,,"{""id"": ""6441"", ""bbox"": [-56.505142, 24.284177, 72.906137, 72.66441, ""CRS:84""], ""name"": ""1"", ""title"": ""Imperviousness change 2006-2009 100m"", ""crs3857"": true, ""crs4326"": true, ""abstract"": null, ""keywords"": [], ""layer_name"": ""1"", ""description"": ""Imperviousness change 2006-2009 100m"", ""service_type"": ""wms"", ""metadata_urls"": []}",spatial-extractor,2026-06-21 18:18:30.227 +0300,"[-56.505142, 24.284177, 72.906137, 72.66441]",CRS:84,ok,-56.505142,24.284177,72.906137,72.66441
375,10.2909/899550c5-55fb-4291-87ad-6354b9b43e07,https://image.discomap.eea.europa.eu/arcgis/services/GioLandPublic/HRL_ImperviousnessChange_06_09/MapServer/WMSServer?request=GetCapabilities&service=WMS,,,"{""id"": ""6449"", ""bbox"": [-56.505142, 24.284177, 72.906137, 72.66441, ""CRS:84""], ""name"": ""0"", ""title"": ""Imperviousness change 2006-2009 20m"", ""crs3857"": true, ""crs4326"": true, ""abstract"": null, ""keywords"": [], ""layer_name"": ""0"", ""description"": ""Imperviousness change 2006-2009 20m"", ""service_type"": ""wms"", ""metadata_urls"": []}",spatial-extractor,2026-06-21 18:18:31.074 +0300,"[-56.505142, 24.284177, 72.906137, 72.66441]",CRS:84,ok,-56.505142,24.284177,72.906137,72.66441
376,10.2909/dd62f02d-a9e0-4e4f-906c-d5a913062deb,https://image.discomap.eea.europa.eu/arcgis/services/GioLandPublic/HRL_Imperviousness_Density_2012/MapServer/WMSServer?request=GetCapabilities&service=WMS,,,"{""id"": ""6450"", ""bbox"": [-56.505142, 24.284177, 72.906137, 72.66441, ""CRS:84""], ""name"": ""Imperviousness density 2012 100m"", ""title"": ""Imperviousness density 2012 100m"", ""crs3857"": true, ""crs4326"": true, ""abstract"": null, ""keywords"": [], ""layer_name"": ""Imperviousness_density_2012_100m17102"", ""description"": ""NULL"", ""service_type"": ""wms"", ""metadata_urls"": []}",spatial-extractor,2026-06-21 18:18:31.813 +0300,"[-56.505142, 24.284177, 72.906137, 72.66441]",CRS:84,ok,-56.505142,24.284177,72.906137,72.66441
379,10.2909/b1ccb4c2-be13-416c-ac17-246b3b5219cf,https://image.discomap.eea.europa.eu/arcgis/services/GioLandPublic/HRL_ImperviousnessChange_06_12/MapServer/WMSServer?request=GetCapabilities&service=WMS,,,"{""id"": ""6473"", ""bbox"": [-56.505142, 24.284177, 72.906137, 72.66441, ""CRS:84""], ""name"": ""Imperviousness density change 06-12 100m"", ""title"": ""Imperviousness density change 06-12 100m"", ""crs3857"": true, ""crs4326"": true, ""abstract"": null, ""keywords"": [], ""layer_name"": ""Imperviousness_density_change_06-12_100m5705"", ""description"": ""NULL"", ""service_type"": ""wms"", ""metadata_urls"": []}",spatial-extractor,2026-06-21 18:18:35.375 +0300,"[-56.505142, 24.284177, 72.906137, 72.66441]",CRS:84,ok,-56.505142,24.284177,72.906137,72.66441
380,10.2909/511912cb-8707-4930-ace5-97984cd6f1b6,https://geoserver.vlcc.geoville.com/geoserver/ows?service=WMS&version=1.3.0&request=GetCapabilities,,,"{""id"": ""6476"", ""bbox"": [-56.505141901704434, 24.284177024808802, 72.9061367590091, 72.60660882597304, ""CRS:84""], ""name"": ""HRL_CPL:CPBSB_S2017"", ""title"": ""CLMS_HRL_BareSoilBefore_S2017_R10m"", ""crs3857"": true, ""crs4326"": true, ""abstract"": ""The bare soil period (in days) before the emergence of the main annual crop. Note that the bare soil period cannot transcend the calendar year for which the product is generated."", ""keywords"": [""CPBSB_2017"", ""GeoTIFF"", ""Copernicus, Land monitoring, Earth observation, Land Cover, Land Use, Agriculture, Cropland Management""], ""layer_name"": ""HRL_CPL:CPBSB_S2017"", ""description"": ""CLMS_HRL_BareSoilBefore_S2017_R10m"", ""service_type"": ""wms"", ""metadata_urls"": []}",spatial-extractor,2026-06-21 18:18:36.224 +0300,"[-56.505141901704434, 24.284177024808802, 72.9061367590091, 72.60660882597304]",CRS:84,ok,-56.505141901704434,24.284177024808802,72.9061367590091,72.60660882597304
381,10.2909/454f6cd4-d7b2-4dfb-be9f-8ba1d667d69b,https://image.discomap.eea.europa.eu/arcgis/services/GioLandPublic/HRL_ImperviousnessClassifiedChange_06_12/MapServer/WMSServer?request=GetCapabilities&service=WMS,,,"{""id"": ""6483"", ""bbox"": [-56.505142, 24.284177, 72.906137, 72.66441, ""CRS:84""], ""name"": ""0"", ""title"": ""Imperviousness Classified Change 2006 - 2012"", ""crs3857"": true, ""crs4326"": true, ""abstract"": null, ""keywords"": [], ""layer_name"": ""0"", ""description"": ""Imperviousness Classified Change 2006 - 2012"", ""service_type"": ""wms"", ""metadata_urls"": []}",spatial-extractor,2026-06-21 18:18:37.032 +0300,"[-56.505142, 24.284177, 72.906137, 72.66441]",CRS:84,ok,-56.505142,24.284177,72.906137,72.66441
382,10.2909/8b83d30f-4731-4de3-bead-1c6432d9d30a,https://image.discomap.eea.europa.eu/arcgis/services/GioLandPublic/HRL_ImperviousnessDensity_2015/MapServer/WMSServer?service=WMS,,,"{""id"": ""6492"", ""bbox"": [-56.505142, 24.284177, 72.906137, 72.66441, ""CRS:84""], ""name"": ""0"", ""title"": ""Imperviousness Density 2015"", ""crs3857"": true, ""crs4326"": true, ""abstract"": null, ""keywords"": [], ""layer_name"": ""0"", ""description"": ""Imperviousness Density 2015"", ""service_type"": ""wms"", ""metadata_urls"": []}",spatial-extractor,2026-06-21 18:18:37.808 +0300,"[-56.505142, 24.284177, 72.906137, 72.66441]",CRS:84,ok,-56.505142,24.284177,72.906137,72.66441
384,10.2909/69a44d4d-ef2c-4ae3-bf38-ff9f565252e0,https://geoserver.vlcc.geoville.com/geoserver/ows?service=WMS&version=1.3.0&request=GetCapabilities,,,"{""id"": ""6498"", ""bbox"": [-56.505141901704434, 24.284177024808802, 72.9061367590091, 72.60660882597304, ""CRS:84""], ""name"": ""HRL_CPL:CPBSA_S2017"", ""title"": ""CLMS_HRL_BareSoilAfter_S2017_R10m"", ""crs3857"": true, ""crs4326"": true, ""abstract"": ""The bare soil period (in days) after the harvest of the main annual crop. Note that the bare soil period cannot transcend the calendar year for which the product is generated."", ""keywords"": [""CPBSA_2017"", ""GeoTIFF"", ""Copernicus, Land monitoring, Earth observation, Land Cover, Land Use, Agriculture, Cropland Management""], ""layer_name"": ""HRL_CPL:CPBSA_S2017"", ""description"": ""CLMS_HRL_BareSoilAfter_S2017_R10m"", ""service_type"": ""wms"", ""metadata_urls"": []}",spatial-extractor,2026-06-21 18:18:39.539 +0300,"[-56.505141901704434, 24.284177024808802, 72.9061367590091, 72.60660882597304]",CRS:84,ok,-56.505141901704434,24.284177024808802,72.9061367590091,72.60660882597304
385,10.2909/53eb2a55-4537-41ef-938f-603a52a5eb39,https://image.discomap.eea.europa.eu/arcgis/services/GioLandPublic/HRL_ImperviousnessChange_09_12/MapServer/WMSServer?request=GetCapabilities&service=WMS,,,"{""id"": ""6507"", ""bbox"": [-56.505142, 24.284177, 72.906137, 72.66441, ""CRS:84""], ""name"": ""Imperviousness density change 09-12 20m"", ""title"": ""Imperviousness density change 09-12 20m"", ""crs3857"": true, ""crs4326"": true, ""abstract"": null, ""keywords"": [], ""layer_name"": ""Imperviousness_density_change_09-12_20m29181"", ""description"": ""NULL"", ""service_type"": ""wms"", ""metadata_urls"": []}",spatial-extractor,2026-06-21 18:18:40.139 +0300,"[-56.505142, 24.284177, 72.906137, 72.66441]",CRS:84,ok,-56.505142,24.284177,72.906137,72.66441
386,10.2909/bd1c6abc-a413-489a-91c7-e2690e01ff0e,https://image.discomap.eea.europa.eu/arcgis/services/GioLandPublic/HRL_ImperviousnessDensity_2009/MapServer/WMSServer?request=GetCapabilities&service=WMS,,,"{""id"": ""6515"", ""bbox"": [-56.505142, 24.284177, 72.906137, 72.66441, ""CRS:84""], ""name"": ""0"", ""title"": ""Imperviousness density 2009"", ""crs3857"": true, ""crs4326"": true, ""abstract"": null, ""keywords"": [], ""layer_name"": ""0"", ""description"": ""Imperviousness density 2009"", ""service_type"": ""wms"", ""metadata_urls"": []}",spatial-extractor,2026-06-21 18:18:41.239 +0300,"[-56.505142, 24.284177, 72.906137, 72.66441]",CRS:84,ok,-56.505142,24.284177,72.906137,72.66441
387,10.2909/c389689b-38b7-4e3d-bc7b-a403da0cac47,https://image.discomap.eea.europa.eu/arcgis/services/GioLandPublic/HRL_ImperviousnessChange_09_12/MapServer/WMSServer?request=GetCapabilities&service=WMS,,,"{""id"": ""6518"", ""bbox"": [-56.505142, 24.284177, 72.906137, 72.66441, ""CRS:84""], ""name"": ""Imperviousness density change 09-12 100m"", ""title"": ""Imperviousness density change 09-12 100m"", ""crs3857"": true, ""crs4326"": true, ""abstract"": null, ""keywords"": [], ""layer_name"": ""Imperviousness_density_change_09-12_100m11598"", ""description"": ""NULL"", ""service_type"": ""wms"", ""metadata_urls"": []}",spatial-extractor,2026-06-21 18:18:42.062 +0300,"[-56.505142, 24.284177, 72.906137, 72.66441]",CRS:84,ok,-56.505142,24.284177,72.906137,72.66441
388,10.2909/17b26358-df10-4def-9991-fb395ce64933,https://image.discomap.eea.europa.eu/arcgis/services/GioLandPublic/HRL_ImperviousnessDensity_2006/MapServer/WMSServer?request=GetCapabilities&service=WMS,,,"{""id"": ""6521"", ""bbox"": [-56.505142, 24.284177, 72.906137, 72.66441, ""CRS:84""], ""name"": ""1"", ""title"": ""Imperviousness density 2006 100m"", ""crs3857"": true, ""crs4326"": true, ""abstract"": null, ""keywords"": [], ""layer_name"": ""1"", ""description"": ""Imperviousness density 2006 100m"", ""service_type"": ""wms"", ""metadata_urls"": []}",spatial-extractor,2026-06-21 18:18:42.771 +0300,"[-56.505142, 24.284177, 72.906137, 72.66441]",CRS:84,ok,-56.505142,24.284177,72.906137,72.66441
389,10.2909/3de1ca12-d9a2-40bf-ae55-5c5026b8b90e,https://image.discomap.eea.europa.eu/arcgis/services/GioLandPublic/HRL_ImperviousnessChange_06_12/MapServer/WMSServer?request=GetCapabilities&service=WMS,,,"{""id"": ""6528"", ""bbox"": [-56.505142, 24.284177, 72.906137, 72.66441, ""CRS:84""], ""name"": ""Imperviousness density change 06-12 20m"", ""title"": ""Imperviousness density change 06-12 20m"", ""crs3857"": true, ""crs4326"": true, ""abstract"": null, ""keywords"": [], ""layer_name"": ""Imperviousness_density_change_06-12_20m58546"", ""description"": ""NULL"", ""service_type"": ""wms"", ""metadata_urls"": []}",spatial-extractor,2026-06-21 18:18:43.722 +0300,"[-56.505142, 24.284177, 72.906137, 72.66441]",CRS:84,ok,-56.505142,24.284177,72.906137,72.66441
390,10.2909/532f0b73-66c3-46f6-b5a5-d1cccd140433,https://image.discomap.eea.europa.eu/arcgis/services/GioLandPublic/HRL_ImperviousnessDensity_2006/MapServer/WMSServer?request=GetCapabilities&service=WMS,,,"{""id"": ""6533"", ""bbox"": [-56.505142, 24.284177, 72.906137, 72.66441, ""CRS:84""], ""name"": ""0"", ""title"": ""Imperviousness density 2006 20m"", ""crs3857"": true, ""crs4326"": true, ""abstract"": null, ""keywords"": [], ""layer_name"": ""0"", ""description"": ""Imperviousness density 2006 20m"", ""service_type"": ""wms"", ""metadata_urls"": []}",spatial-extractor,2026-06-21 18:18:44.585 +0300,"[-56.505142, 24.284177, 72.906137, 72.66441]",CRS:84,ok,-56.505142,24.284177,72.906137,72.66441
392,eea_r_3035_1_k_nutrient-trend_p_2000-2005_v01_r00,https://land.discomap.eea.europa.eu/arcgis/services/Agriculture/Nitrogen_Input_to_agroecosystems_trend/MapServer/WMSServer?request=GetCapabilities&service=WMS,,,"{""id"": ""6544"", ""bbox"": [-29.874571, 34.082417, 48.943612, 70.907958, ""CRS:84""], ""name"": ""0"", ""title"": ""Average N input 2000-2005 compared to 2000 (Difference in kg/ha/yr)"", ""crs3857"": true, ""crs4326"": true, ""abstract"": ""The map shows the increase/decrease of nitrogen input (kg/ha/yr) to agricultural soils comparing the year 2000 with the trend value 2000-2005 at 1 km resolution. Increase takes place where the trend value is higher than the reference value in 2000. Decrease is mapped when the trend value is lower than the value in 2000.\nNitrogen input includes organic manure application, inorganic fertilizer input, atmospheric deposition and biological fixation. The data comes from the EEA nutrient accounts, developed by EEA and ETC-ULS, and is based on spatial reference data on crop and livestock distribution, yield and livestock statistics, and official conversion factors"", ""keywords"": [], ""layer_name"": ""0"", ""description"": ""Average N input 2000-2005 compared to 2000 (Difference in kg/ha/yr)"", ""service_type"": ""wms"", ""metadata_urls"": []}",spatial-extractor,2026-06-21 18:18:47.517 +0300,"[-29.874571, 34.082417, 48.943612, 70.907958]",CRS:84,ok,-29.874571,34.082417,48.943612,70.907958
393,10.2909/3641fdef-fb65-42a6-b6ec-92d168a4191b,https://geoserver.geoville.com/geoserver/nvlcc/ows?service=WMS&version=1.3.0&request=GetCapabilities,,,"{""id"": ""6583"", ""bbox"": [-56.505141901704434, 24.284177024808802, 72.9061367590091, 72.60660882597304, ""CRS:84""], ""name"": ""HRL_NVLCC_IBUC_20m"", ""title"": ""CLMS_NVLCC_IBUC_C2018-2021_R20m"", ""crs3857"": true, ""crs4326"": true, ""abstract"": ""Provides at pan-European level in the spatial resolution of 20 m the degree of built-up changes in the most relevant categories of built-up change (unchanged non-built-up, new built-up, loss of built-up, unchanged built-up, increased built-up, decreased built-up) between the 2018 and 2021 Impervious Built-up status layers."", ""keywords"": [""IBUC"", ""WCS"", ""ImageMosaic"", ""Built-up"", ""CLMS"", ""Copernicus"", ""Earth Observation"", ""High Resolution Layer"", ""Imperviousness"", ""Land Cover"", ""Land Monitoring"", ""Sealing"", ""Sentinel-2"", ""Soil Sealing""], ""layer_name"": ""HRL_NVLCC_IBUC_20m"", ""description"": ""CLMS_NVLCC_IBUC_C2018-2021_R20m"", ""service_type"": ""wms"", ""metadata_urls"": []}",spatial-extractor,2026-06-21 18:18:51.841 +0300,"[-56.505141901704434, 24.284177024808802, 72.9061367590091, 72.60660882597304]",CRS:84,ok,-56.505141901704434,24.284177024808802,72.9061367590091,72.60660882597304
395,eea_v_3035_1_mio_grass-intens-nuts3_p_2005-2010_v01_r00,https://land.discomap.eea.europa.eu/arcgis/services/Agriculture/Grassland_intensification_Nutrient_2005_2010/MapServer/WMSServer?request=GetCapabilities&service=WMS,,,"{""id"": ""6551"", ""bbox"": [-31.264762, 27.638029, 34.587174, 70.09227, ""CRS:84""], ""name"": ""0"", ""title"": ""Percentage of grasslands per administrative units with increased nutrient inputs, 2005-2010"", ""crs3857"": true, ""crs4326"": true, ""abstract"": null, ""keywords"": [], ""layer_name"": ""0"", ""description"": ""Percentage of grasslands per administrative units with increased nutrient inputs"", ""service_type"": ""wms"", ""metadata_urls"": []}",spatial-extractor,2026-06-21 18:18:57.364 +0300,"[-31.264762, 27.638029, 34.587174, 70.09227]",CRS:84,ok,-31.264762,27.638029,34.587174,70.09227
396,eea_v_3035_1_mio_crop-intens-lcf_p_2006-2012_v01_r00,https://land.discomap.eea.europa.eu/arcgis/services/Agriculture/Cropland_intensification_LCF_2006_2012/MapServer/WMSServer?request=GetCapabilities&service=WMS,,,"{""id"": ""6560"", ""bbox"": [-31.268814, 27.638029, 44.820546, 71.185318, ""CRS:84""], ""name"": ""0"", ""title"": ""Percentage of croplands per administrative unit under intensification from management practices."", ""crs3857"": true, ""crs4326"": true, ""abstract"": null, ""keywords"": [], ""layer_name"": ""0"", ""description"": ""Percentage of croplands per administrative unit under intensification from management practices."", ""service_type"": ""wms"", ""metadata_urls"": []}",spatial-extractor,2026-06-21 18:19:02.069 +0300,"[-31.268814, 27.638029, 44.820546, 71.185318]",CRS:84,ok,-31.268814,27.638029,44.820546,71.185318
398,ch.bafu.wald-wasserverfuegbarkeit_boden,https://wms.geo.admin.ch/?SERVICE=WMS&VERSION=1.3.0&REQUEST=GetCapabilities&lang=de,,,"{""id"": ""6567"", ""bbox"": [2300000.0, 900000.0, 3100000.0, 1450000.0, ""EPSG:2056""], ""name"": ""ch.bafu.wald-wasserverfuegbarkeit_boden"", ""title"": ""Wasserverfügbarkeit im Boden"", ""crs3857"": true, ""crs4326"": true, ""abstract"": ""Den Bäumen steht in der Vegetationszeit häufiger weniger Wasser zur Verfügung -Das Wasserangebot in der Vegetationszeit ist für Wachstum und Vitalität der Wälder entscheidend. Die Verfügbarkeit des Wassers kann aus der Differenz zwischen dem Niederschlag und der potenziellen Verdunstung berechnet werden. Dies ist die klimatische Wasserbilanz. Erweitert um den Bodenspeicher ergibt sich die Standortswasserbilanz. -Die Standortswasserbilanz steht in enger Beziehung zum Vorkommen der Bäume, ihrer Vitalität und zum Wachstum. -Die Baumarten haben unterschiedliche Ansprüche an das Wasserangebot. Während Eichen genügsam sind, brauchen Fichten deutlich mehr Wasser in der Vegetationszeit. -Trend: Wiederkehr und Ausdehnung gelb bis roter Gebiete nehmen in der Periode 1981-2018 zu. Periode 1981-2018, April bis August, räumliche Auflösung 250m x 250m. Quelle: Remund et al. (2016)."", ""keywords"": [""ch.bafu.wald-wasserverfuegbarkeit_boden.wms_ows_keywordlist""], ""layer_name"": ""ch.bafu.wald-wasserverfuegbarkeit_boden"", ""description"": ""WMS-BGDI Dienst, Layer \""Wasserverfügbarkeit im Boden\"""", ""service_type"": ""wms"", ""metadata_urls"": [""https://www.geocat.ch/geonetwork/srv/ger/catalog.search#/metadata/843579c9-927b-4691-b4b4-aa3a90c98007""]}",spatial-extractor,2026-06-21 18:19:08.371 +0300,"[2300000.0, 900000.0, 3100000.0, 1450000.0]",EPSG:2056,ok,2300000.0,900000.0,3100000.0,1450000.0
401,eea_v_3035_100_k_keo-boundary-buffer_p_2016_v01_r00,https://land.discomap.eea.europa.eu/arcgis/services/Carpathians/KEO/MapServer/WMSServer?request=GetCapabilities&service=WMS,,,"{""id"": ""6593"", ""bbox"": [15.918872, 43.079061, 27.363889, 50.544871, ""CRS:84""], ""name"": ""0"", ""title"": ""Carpathians Environmental Outlook (KEO) boundary"", ""crs3857"": false, ""crs4326"": true, ""abstract"": null, ""keywords"": [], ""layer_name"": ""0"", ""description"": ""Carpathians Environmental Outlook (KEO) boundary"", ""service_type"": ""wms"", ""metadata_urls"": []}",spatial-extractor,2026-06-21 18:19:11.730 +0300,"[15.918872, 43.079061, 27.363889, 50.544871]",CRS:84,ok,15.918872,43.079061,27.363889,50.544871
410,"eea_r_3035_100_m_forest-area-2012_p_2012_v01_r00,DAT-216-en",https://forest.discomap.eea.europa.eu/arcgis/services/Forest/Forest_area_2012/MapServer/WMSServer?request=GetCapabilities&service=WMS,,,"{""id"": ""6642"", ""bbox"": [-56.505142, 24.284474, 72.906158, 72.66441, ""CRS:84""], ""name"": ""0"", ""title"": ""Forest area 2012 at 100m"", ""crs3857"": true, ""crs4326"": true, ""abstract"": null, ""keywords"": [], ""layer_name"": ""0"", ""description"": ""NULL"", ""service_type"": ""wms"", ""metadata_urls"": []}",spatial-extractor,2026-06-21 18:19:28.186 +0300,"[-56.505142, 24.284474, 72.906158, 72.66441]",CRS:84,ok,-56.505142,24.284474,72.906158,72.66441
411,ch.blw.feldblockkarte,https://wms.geo.admin.ch/?SERVICE=WMS&VERSION=1.3.0&REQUEST=GetCapabilities&lang=de,,,"{""id"": ""6644"", ""bbox"": [2300000.0, 900000.0, 3100000.0, 1450000.0, ""EPSG:2056""], ""name"": ""ch.blw.feldblockkarte"", ""title"": ""Feldblockkarte"", ""crs3857"": true, ""crs4326"": true, ""abstract"": ""Feldblöcke sind zusammenhängende landwirtschaftlich nutzbare Flächen, die von relativ stabilen, im Feld erkennbaren Aussengrenzen (z. B. Wald, Strassen, bebaute Flächen, Gewässer, Gräben) umgeben werden. Berechnungsgrundlage bildet das topographische Landschaftsmodell TLM3D. Ein Feldblock stellt somit ein geschlossenes hydrologisches Einzugsgebiet dar, in dem alle Pixel hydrologisch verbunden sein können und sich somit bezüglich Erosion beeinflussen können. Andere Feldblöcke oder Flächen ausserhalb eines Feldblocks können Wasserflüsse und Erosion innerhalb eines Feldblocks im Modell nicht beeinflussen. Fremdwasserzufluss ist im Modell also nicht möglich. Als Mindestgrösse für einen Feldblock wurden 25 Aren festgelegt. Die Überwachung von Erosion auf Ackerflächen durch die zuständigen Behörden erfolgt am besten über die Überprüfung von Feldblöcken in den Vorrangregionen. Eine Neuberechnung des Erosionsrisikos ist nötig, wenn sich die Feldblockgrösse ändert, z. B. wenn neue Wege gebaut oder Hecken gepflanzt oder beseitigt werden."", ""keywords"": [""ch.blw.feldblockkarte.wms_ows_keywordlist""], ""layer_name"": ""ch.blw.feldblockkarte"", ""description"": ""WMS-BGDI Dienst, Layer \""Feldblockkarte\"""", ""service_type"": ""wms"", ""metadata_urls"": [""https://www.geocat.ch/geonetwork/srv/ger/catalog.search#/metadata/9d673266-aed0-46f3-a536-4eb7d57582e9""]}",spatial-extractor,2026-06-21 18:19:29.090 +0300,"[2300000.0, 900000.0, 3100000.0, 1450000.0]",EPSG:2056,ok,2300000.0,900000.0,3100000.0,1450000.0
412,eea_r_3035_1_km_fga1-m_p_2011-2016_v02_r00,https://land.discomap.eea.europa.eu/arcgis/services/Land/Major_anthropogenic_fragmentation_effective_mesh_size/MapServer/WMSServer?request=GetCapabilities&service=WMS,,,"{""id"": ""6652"", ""bbox"": [-54.949946, 24.77391, 70.814194, 71.910443, ""CRS:84""], ""name"": ""0"", ""title"": ""Effective mesh size"", ""crs3857"": true, ""crs4326"": true, ""abstract"": null, ""keywords"": [], ""layer_name"": ""0"", ""description"": ""Effective mesh size"", ""service_type"": ""wms"", ""metadata_urls"": []}",spatial-extractor,2026-06-21 18:19:29.850 +0300,"[-54.949946, 24.77391, 70.814194, 71.910443]",CRS:84,ok,-54.949946,24.77391,70.814194,71.910443
416,"eea_r_3035_1_km_forest-richness-hab-sps_p_2007-2012_v01_r00,DAT-219-en",https://forest.discomap.eea.europa.eu/arcgis/services/Forest/Richness_forest_habitats_sps/MapServer/WMSServer?request=GetCapabilities&service=WMS,,,"{""id"": ""6792"", ""bbox"": [-56.505142, 24.282837, 72.906158, 72.66441, ""CRS:84""], ""name"": ""0"", ""title"": ""Richness of forest-related species and habitats 2012"", ""crs3857"": true, ""crs4326"": true, ""abstract"": ""Richness index of forest related species and habitats layer is a composition of  three sub-indicators: “Forest Non-bird species”, “Forest bird species” and “Forest habitats”. All the three sub-indicators build on distribution data from the reporting of habitat and species conservation status under Article 17 of the Habitats Directive and Article 12 of the Birds directive which describe their distribution at 10km grid resolution. The forest species and the forest habitats proposed to be used for the HNV forest area identification were selected based on expert judgement (ETC/BD) and raster files reporting the count of forest species and habitats were created. At this stage, no weight is applied based on Habitat and Species prioritization, conservation status or endemism.The sub-indicators were then normalized for each forest type (http://forest.jrc.ec.europa.eu/activities/climate-change/forest-type-suitability/) and successively combined not assigning any specific weight to a particular sub-indicator.The indicator on Forest Biodiversity ranges between 0 and 1 and it covers the forested areas of the EU27 Member States"", ""keywords"": [], ""layer_name"": ""0"", ""description"": ""NULL"", ""service_type"": ""wms"", ""metadata_urls"": []}",spatial-extractor,2026-06-21 18:19:36.876 +0300,"[-56.505142, 24.282837, 72.906158, 72.66441]",CRS:84,ok,-56.505142,24.282837,72.906158,72.66441
422,ch.bafu.wald-wasserverfuegbarkeit_pflanzen,https://wms.geo.admin.ch/?SERVICE=WMS&VERSION=1.3.0&REQUEST=GetCapabilities&lang=de,,,"{""id"": ""6829"", ""bbox"": [2300000.0, 900000.0, 3100000.0, 1450000.0, ""EPSG:2056""], ""name"": ""ch.bafu.wald-wasserverfuegbarkeit_pflanzen"", ""title"": ""Wasserverfügbarkeit für Pflanzen"", ""crs3857"": true, ""crs4326"": true, ""abstract"": ""Den Bäumen steht immer öfter zu wenig Wasser zur Verfügung: -Die Vegetation und der Boden geben Wasser an die Atmosphäre ab, je wärmer und trockener die Luft, desto mehr. Pflanzen verdunsten über ihre Blätter Wasser. Die Evapotranspiration ist die Summe des an die Atmosphäre abgegebenen Wassers. -Die aktuelle Evapotranspiration (ETa) hängt von der Wasserverfügbarkeit ab, das heisst von der Niederschlagsmenge sowie der Fähigkeit der Böden, das Niederschlagswasser zu speichern. Die potenzielle Evapotranspiration (ETp) ist die Wassermenge, die bei ausreichender Wassernachlieferung an die Atmosphäre abgegeben würde. -Unterhalb von einem ETa/ETp-Verhältnis von 0.8 ist mit Beeinträchtigungen durch Trockenheit zu rechnen, da die Spaltöffnungen in den Blättern dann oft geschlossen sind und die Bäume die Photosynthese einschränken. -In hell- und speziell dunkelblauen Gebieten ist nicht mit Störungen zu rechnen. -In gelb bis rot markierten Gebieten ist mit Beeinträchtigungen der Bäume durch Trockenheit zu rechnen, am stärksten in den weinroten Bereichen. -Trend: Wiederkehr und Ausdehnung gelb bis roter Gebiete nehmen in der Periode 1981-2018 zu. Periode 1981-2018, April bis August, räumliche Auflösung 250m x 250m. Quelle: Remund et al. (2016)."", ""keywords"": [""ch.bafu.wald-wasserverfuegbarkeit_pflanzen.wms_ows_keywordlist""], ""layer_name"": ""ch.bafu.wald-wasserverfuegbarkeit_pflanzen"", ""description"": ""WMS-BGDI Dienst, Layer \""Wasserverfügbarkeit für Pflanzen\"""", ""service_type"": ""wms"", ""metadata_urls"": [""https://www.geocat.ch/geonetwork/srv/ger/catalog.search#/metadata/668e4c81-5926-4457-9097-b362244b2660""]}",spatial-extractor,2026-06-21 18:19:42.614 +0300,"[2300000.0, 900000.0, 3100000.0, 1450000.0]",EPSG:2056,ok,2300000.0,900000.0,3100000.0,1450000.0
423,"eea_r_3035_1_km_forest-assemblage-sps_p_2006_v01_r00,DAT-220-en",https://forest.discomap.eea.europa.eu/arcgis/services/Forest/Natural_assemblage_indicator/MapServer/WMSServer?request=GetCapabilities&service=WMS,,,"{""id"": ""6841"", ""bbox"": [-56.505828, 24.282746, 72.914455, 72.667057, ""CRS:84""], ""name"": ""0"", ""title"": ""Natural assemblage tree species indicator"", ""crs3857"": true, ""crs4326"": true, ""abstract"": null, ""keywords"": [], ""layer_name"": ""0"", ""description"": ""NULL"", ""service_type"": ""wms"", ""metadata_urls"": []}",spatial-extractor,2026-06-21 18:19:43.407 +0300,"[-56.505828, 24.282746, 72.914455, 72.667057]",CRS:84,ok,-56.505828,24.282746,72.914455,72.667057
425,"eea_r_3035_100_m_fga2-s-2018_p_2017-2019_v01_r00,DAT-222-en",https://land.discomap.eea.europa.eu/arcgis/services/Fragmentation/Fragmentation_2018_mesh_density/ImageServer/WMSServer?request=GetCapabilities&service=WMS,,,"{""id"": ""6857"", ""bbox"": [-54.941297, 24.796345, 70.787808, 71.906679], ""name"": ""Fragmentation_2018_mesh_density:FragmentationSymbology"", ""title"": ""Fragmentation_2018_mesh_density:FragmentationSymbology"", ""crs3857"": true, ""crs4326"": true, ""abstract"": null, ""keywords"": [], ""layer_name"": ""Fragmentation_2018_mesh_density:FragmentationSymbology"", ""description"": ""NULL"", ""service_type"": ""wms"", ""metadata_urls"": []}",spatial-extractor,2026-06-21 18:19:46.194 +0300,"[-54.941297, 24.796345, 70.787808, 71.906679]",,ok,-54.941297,24.796345,70.787808,71.906679
427,eea_r_3035_100_m_adm-boundaries-eea39_p_2016-2017_v01_r00,https://land.discomap.eea.europa.eu/arcgis/services/Land/AdministrativeBoundaries_EEA39/MapServer/WMSServer?request=GetCapabilities&service=WMS,,,"{""id"": ""6865"", ""bbox"": [-56.505142, 24.284474, 72.906158, 72.66441, ""CRS:84""], ""name"": ""0"", ""title"": ""ADM_EEA39"", ""crs3857"": true, ""crs4326"": true, ""abstract"": null, ""keywords"": [], ""layer_name"": ""0"", ""description"": ""ADM_EEA39"", ""service_type"": ""wms"", ""metadata_urls"": []}",spatial-extractor,2026-06-21 18:19:47.869 +0300,"[-56.505142, 24.284474, 72.906158, 72.66441]",CRS:84,ok,-56.505142,24.284474,72.906158,72.66441
435,eea_r_3035_1_km_fga2-m_p_2011-2016_v02_r00,https://land.discomap.eea.europa.eu/arcgis/services/Land/Major_and_medium_antropogenic_fragmentation_effective_mesh_size/MapServer/WMSServer?request=GetCapabilities&service=WMS,,,"{""id"": ""6901"", ""bbox"": [-54.949946, 24.77391, 70.814194, 71.910443, ""CRS:84""], ""name"": ""0"", ""title"": ""Effective mesh size"", ""crs3857"": true, ""crs4326"": true, ""abstract"": null, ""keywords"": [], ""layer_name"": ""0"", ""description"": ""Effective mesh size"", ""service_type"": ""wms"", ""metadata_urls"": []}",spatial-extractor,2026-06-21 18:20:04.799 +0300,"[-54.949946, 24.77391, 70.814194, 71.910443]",CRS:84,ok,-54.949946,24.77391,70.814194,71.910443
436,eea_r_3035_1_km_fga2-s_p_2011-2016_v02_r00,https://land.discomap.eea.europa.eu/arcgis/services/Land/Major_and_medium_anthropogenic_fragmentation_effective_mesh_density/MapServer/WMSServer?request=GetCapabilities&service=WMS,,,"{""id"": ""6922"", ""bbox"": [-54.949946, 24.77391, 70.814194, 71.910443, ""CRS:84""], ""name"": ""0"", ""title"": ""Effective mesh density"", ""crs3857"": true, ""crs4326"": true, ""abstract"": null, ""keywords"": [], ""layer_name"": ""0"", ""description"": ""Effective mesh density"", ""service_type"": ""wms"", ""metadata_urls"": []}",spatial-extractor,2026-06-21 18:20:09.082 +0300,"[-54.949946, 24.77391, 70.814194, 71.910443]",CRS:84,ok,-54.949946,24.77391,70.814194,71.910443
437,"eea_r_3035_1_km_fga1-s_p_2011-2016_v02_r00,DAT-222-en",https://land.discomap.eea.europa.eu/arcgis/services/Land/Major_anthropogenic_fragmentation_effective_mesh_density/MapServer/WMSServer?request=GetCapabilities&service=WMS,,,"{""id"": ""6926"", ""bbox"": [-54.949946, 24.77391, 70.814194, 71.910443, ""CRS:84""], ""name"": ""0"", ""title"": ""Effective mesh density"", ""crs3857"": true, ""crs4326"": true, ""abstract"": null, ""keywords"": [], ""layer_name"": ""0"", ""description"": ""Effective mesh density"", ""service_type"": ""wms"", ""metadata_urls"": []}",spatial-extractor,2026-06-21 18:20:13.391 +0300,"[-54.949946, 24.77391, 70.814194, 71.910443]",CRS:84,ok,-54.949946,24.77391,70.814194,71.910443
438,ch.bafu.gewaesserschutz-diffuse_eintraege_stickstoff,https://wms.geo.admin.ch/?SERVICE=WMS&VERSION=1.3.0&REQUEST=GetCapabilities&lang=de,,,"{""id"": ""6937"", ""bbox"": [2300000.0, 900000.0, 3100000.0, 1450000.0, ""EPSG:2056""], ""name"": ""ch.bafu.gewaesserschutz-diffuse_eintraege_stickstoff"", ""title"": ""Diffuse Gesamt-Stickstoffeinträge"", ""crs3857"": true, ""crs4326"": true, ""abstract"": ""Stickstoffeinträge in Gewässer stellen eine unerwünschte Belastung dar. Im Rahmen des Übereinkommens über den Schutz der Meeresumwelt des Nordostatlantiks (OSPAR) hat sich die Schweiz verpflichtet, die über den Rhein aus der Schweiz gelangende Stickstofffracht gegenüber 1985 um 50% zu reduzieren. Dieses Ziel ist noch nicht erreicht. Insgesamt gelangen pro Jahr rund 48`000 t Gesamt-Stickstoff aus diffusen Quellen in die Gewässer der Schweiz. Hohe Einträge erfolgen von intensiv genutzten Ackerflächen, insbesondere von drainierten Flächen.</p><p>Die Gesamt-Stickstoffeinträge in die Gewässer wurden mit dem Stoffflussmodell MODIFFUS über alle diffusen Eintragsquellen (Ackerland, Dauergrünland, Wald, Gletscher, Siedlungsgrünflächen etc.) und alle diffusen Eintragspfade (Bodenerosion, Auswaschung, Abschwemmung, Drainage, atmosphärische Deposition etc.) berechnet. Die Karte zeigt die aufsummierten Verluste pro Landnutzungskategorie im Hektarraster, basierend auf der Arealstatistik 2013/18. Es wurden mittlere klimatische Bedingungen zugrunde gelegt, das Bezugsjahr ist 2020. </p><p> Diese modellierten Werte sind nicht gleichzusetzen mit gemessenen Werten in Gewässern, da sie die Umwandlungs- und Ablagerungsprozesse sowohl in der Landschaft als auch im Gewässer selbst nicht berücksichtigen. Die Resultate sind für hydrologische oder administrative Einheiten ab 50 km² Grösse interpretierbar, nicht aber für einzelne Pixel."", ""keywords"": [""ch.bafu.gewaesserschutz-diffuse_eintraege_stickstoff.wms_ows_keywordlist""], ""layer_name"": ""ch.bafu.gewaesserschutz-diffuse_eintraege_stickstoff"", ""description"": ""WMS-BGDI Dienst, Layer \""Diffuse Gesamt-Stickstoffeinträge\"""", ""service_type"": ""wms"", ""metadata_urls"": [""https://www.geocat.ch/geonetwork/srv/ger/catalog.search#/metadata/9b7dc233-813b-490b-b13c-3b3ab787e11f""]}",spatial-extractor,2026-06-21 18:20:18.281 +0300,"[2300000.0, 900000.0, 3100000.0, 1450000.0]",EPSG:2056,ok,2300000.0,900000.0,3100000.0,1450000.0
439,ch.bafu.gewaesserschutz-diffuse_eintraege_gesamt_phosphor,https://wms.geo.admin.ch/?SERVICE=WMS&VERSION=1.3.0&REQUEST=GetCapabilities&lang=de,,,"{""id"": ""6941"", ""bbox"": [2300000.0, 900000.0, 3100000.0, 1450000.0, ""EPSG:2056""], ""name"": ""ch.bafu.gewaesserschutz-diffuse_eintraege_gesamt_phosphor"", ""title"": ""Diffuse Gesamt-Phosphoreinträge"", ""crs3857"": true, ""crs4326"": true, ""abstract"": ""Phosphoreinträge in Gewässer stellen eine unerwünschte Belastung dar. Insgesamt gelangen pro Jahr rund 3400 t Gesamt-Phosphor (gelöster und partikulärer Phosphor) aus diffusen Quellen in die Gewässer der Schweiz. Hohe Einträge erfolgen vor allem durch natürliche Erosion in den Alpen in Form von partikulärem Phosphor, welcher kaum eutrophierungswirksam ist. Die Berechnungen der Phosphoreinträge über natürliche Erosion sind ausserdem mit grossen Unsicherheiten behaftet. Aus der landwirtschaftlich genutzten Fläche stammen nur 31 % der diffusen Gesamt-Phosphoreinträge.</p><p> Die Gesamt-Phosphoreinträge in die Gewässer wurden mit dem Stoffflussmodell MODIFFUS über alle diffusen Eintragsquellen (Ackerland, Dauergrünland, Wald, Gletscher, Siedlungsgrünflächen etc.) und alle diffusen Eintragspfade (Bodenerosion, Auswaschung, Abschwemmung, Drainage, atmosphärische Deposition etc.) berechnet. Die Karte zeigt die aufsummierten Verluste pro Landnutzungskategorie im Hektarraster, basierend auf der Arealstatistik 2013/18. Es wurden mittlere klimatische Bedingungen zugrunde gelegt, das Bezugsjahr ist 2020.</p><p> Diese modellierten Werte sind nicht gleichzusetzen mit gemessenen Werten in Gewässern, da sie die Umwandlungs- und Ablagerungsprozesse sowohl in der Landschaft als auch im Gewässer selbst nicht berücksichtigen. Die Resultate sind für hydrologische oder administrative Einheiten ab 50 km2 Grösse interpretierbar, nicht aber für einzelne Pixel."", ""keywords"": [""ch.bafu.gewaesserschutz-diffuse_eintraege_gesamt_phosphor.wms_ows_keywordlist""], ""layer_name"": ""ch.bafu.gewaesserschutz-diffuse_eintraege_gesamt_phosphor"", ""description"": ""WMS-BGDI Dienst, Layer \""Diffuse Gesamt-Phosphoreinträge\"""", ""service_type"": ""wms"", ""metadata_urls"": [""https://www.geocat.ch/geonetwork/srv/ger/catalog.search#/metadata/5de5d77b-a349-4da0-9b55-467d6455f466""]}",spatial-extractor,2026-06-21 18:20:19.088 +0300,"[2300000.0, 900000.0, 3100000.0, 1450000.0]",EPSG:2056,ok,2300000.0,900000.0,3100000.0,1450000.0
442,10.2909/afde0fbb-6401-45cd-aabd-3aa7b4b3a7f0,https://image.discomap.eea.europa.eu/arcgis/services/DownloadLayers/HRL_SWF_2015_DL/MapServer/WMSServer?service=WMS&request=GetCapabilities&version=1.3.0,,,"{""id"": ""6963"", ""bbox"": [-61.80958, -21.389853, 55.836628, 71.185417, ""CRS:84""], ""name"": ""0"", ""title"": ""SWF_2015_DownloadLayer_WM"", ""crs3857"": true, ""crs4326"": true, ""abstract"": null, ""keywords"": [], ""layer_name"": ""0"", ""description"": ""SWF_2015_DownloadLayer_WM"", ""service_type"": ""wms"", ""metadata_urls"": []}",spatial-extractor,2026-06-21 18:20:23.265 +0300,"[-61.80958, -21.389853, 55.836628, 71.185417]",CRS:84,ok,-61.80958,-21.389853,55.836628,71.185417
443,10.2909/2adfe942-186d-4ee0-af41-b8b864dfb6b6,https://image.discomap.eea.europa.eu/arcgis/services/DownloadLayers/HRL_SWF_2015_DL/MapServer/WMSServer?service=WMS&request=GetCapabilities&version=1.3.0,,,"{""id"": ""6966"", ""bbox"": [-61.80958, -21.389853, 55.836628, 71.185417, ""CRS:84""], ""name"": ""0"", ""title"": ""SWF_2015_DownloadLayer_WM"", ""crs3857"": true, ""crs4326"": true, ""abstract"": null, ""keywords"": [], ""layer_name"": ""0"", ""description"": ""SWF_2015_DownloadLayer_WM"", ""service_type"": ""wms"", ""metadata_urls"": []}",spatial-extractor,2026-06-21 18:20:23.975 +0300,"[-61.80958, -21.389853, 55.836628, 71.185417]",CRS:84,ok,-61.80958,-21.389853,55.836628,71.185417
452,"eea_r_3035_100_m_hnv-farm-2000-acc_p_2000_v01_r00,DAT-145-en",https://land.discomap.eea.europa.eu/arcgis/services/Land/HNV_2000ac/MapServer/WMSServer?request=GetCapabilities&service=WMS,,,"{""id"": ""7000"", ""bbox"": [-56.505142, 24.284177, 72.906137, 72.66441, ""CRS:84""], ""name"": ""0"", ""title"": ""HNV farmland 2000 accounting layer (100m) - Likelihood of HNV 2000 farmland presence"", ""crs3857"": true, ""crs4326"": true, ""abstract"": null, ""keywords"": [], ""layer_name"": ""0"", ""description"": ""HNV farmland 2000 accounting layer (100m) - Likelihood of HNV 2000 farmland presence"", ""service_type"": ""wms"", ""metadata_urls"": []}",spatial-extractor,2026-06-21 18:20:36.725 +0300,"[-56.505142, 24.284177, 72.906137, 72.66441]",CRS:84,ok,-56.505142,24.284177,72.906137,72.66441
456,"eea_r_3035_100_m_hnv-farm-2012-acc_p_2012_v01_r00,DAT-145-en",https://land.discomap.eea.europa.eu/arcgis/services/Land/WMS_HNV_2012ac/MapServer/WMSServer?request=GetCapabilities&service=WMS,,,"{""id"": ""7012"", ""bbox"": [-56.505142, 24.284177, 72.906137, 72.66441, ""CRS:84""], ""name"": ""0"", ""title"": ""HNV farmland 2012 accounting layer (100m) - Likelihood of HNV 2012 farmland presence"", ""crs3857"": true, ""crs4326"": true, ""abstract"": null, ""keywords"": [], ""layer_name"": ""0"", ""description"": ""HNV farmland 2012 accounting layer (100m) - Likelihood of HNV 2012 farmland presence"", ""service_type"": ""wms"", ""metadata_urls"": []}",spatial-extractor,2026-06-21 18:20:43.348 +0300,"[-56.505142, 24.284177, 72.906137, 72.66441]",CRS:84,ok,-56.505142,24.284177,72.906137,72.66441
470,https://www.dov.vlaanderen.be/geonetwork/srv/metadata/a1547a01-b9fc-40fa-a2eb-009a39c02c7b,https://www.dov.vlaanderen.be/geoserver/bodemkaart/wms?SERVICE=WMS&version=1.3.0&request=GetCapabilities,,,"{""id"": ""7196"", ""bbox"": [2.5285590909401936, 50.67393051415159, 5.935371601406674, 51.50548166406281, ""CRS:84""], ""name"": ""bodemtypes"", ""title"": ""Digitale bodemkaart van het Vlaams Gewest: bodemtypes"", ""crs3857"": true, ""crs4326"": true, ""abstract"": ""https://www.dov.vlaanderen.be/page/bodemkaarten\r\nDigitale vectoriële dataset van de analoge Bodemkaart van België voor het grondgebied van Vlaanderen.\r\nAlle kaartelementen van de analoge kaarten (gepubliceerd op kaartschaal 1: 20 000) zijn zorgvuldig manueel gedigitaliseerd en voorzien van een code, overeenkomstig het gebruikte classificatiesysteem: morfogenetisch voor binnen-Vlaanderen (substraat, textuurklasse, drainageklasse, profielontwikkelingsgroep, fase en variante) en geomorfologisch voor de Kuststreek (substraat, serie, subserie, type, subtype en variante).\r\nDe digitale versie van de bodemkaart is vrijwel systematisch gecontroleerd t.o.v. de analoge bodemkaarten. De polygonen werden ingekleurd zoals op de analoge bodemkaart. Waar beschikbaar zijn voor elk bodemtype de algemene kenmerken  (Van Ranst E. en Sys C., 2000) en foto's van een representatief bodemprofiel en representatieve omgevingen weergegeven. Tenslotte bestaat voor elke polygoon de mogelijkheid om de scan van het analoge bodemkaartblad, het toelichtingsboekje en de basiskaarten op schaal 1:5000 op te roepen.\r\nDeze dataset is omwille van de visualisatie onderverdeeld in 5 kaartlagen bij publicatie in de bodemverkenner: bodemtypes, substraten, fasen, varianten van het moedermateriaal en de profielontwikkeling. De kaartlaag met de bodemtypes bevat ook al de attributen van de andere kaartlagen. De bodemkaart werd in juni 2017 geupdate met enkele militaire domeinen en een unibodemtype voor de classficatie van de zeepolders en verschillende fouten werden verbeterd."", ""keywords"": [""Bodem"", ""ondergrond"", ""bodemkaart"", ""bodemtextuur"", ""bodemprofiel"", ""Regionaal"", ""Herbruikbaar"", ""Kosteloos"", ""Vlaamse Open data"", ""Toegevoegd GDI-Vl"", ""Metadata GDI-Vl-conform"", ""Metadata INSPIRE-conform"", ""DOV"", ""Vlaanderen"", ""Ondergrond"", ""Databank Ondergrond Vlaanderen"", ""Departement Omgeving"", ""VARIANTE VAN HET MOEDERMATERIAAL"", ""VARIANTE VAN DE PROFIELONTWIKKELING"", ""LANDBOUWSTREEK"", ""GEOMORFOLOGISCHE"", ""MORFOGENETISCH"", ""KUSTSTREEK"", ""BODEMTYPE"", ""DOV_PATHNAME@001#DOV:010#Bodem:020#Bodemkaarten:020#Bodemkaart (1/20.000):010#"", ""DOV_EXPERTISE@Bodem"", ""DOV_EXPERTISE@Delfstoffen"", ""DOV_EXPERTISE@Freatisch grondwater"", ""DOV_EXPERTISE@CTE"", ""DOV_EXPERTISE@Bodemverontreiniging""], ""layer_name"": ""bodemtypes"", ""description"": ""WMS-capabilities Digitale bodemkaart van het Vlaams Gewest: bodemtypes"", ""service_type"": ""wms"", ""metadata_urls"": [""https://www.dov.vlaanderen.be/geonetwork#/metadata/a1547a01-b9fc-40fa-a2eb-009a39c02c7b"", ""https://www.dov.vlaanderen.be/geonetwork/srv/dut/csw?Service=CSW&Request=GetRecordById&Version=2.0.2&outputSchema=http://www.isotc211.org/2005/gmd&elementSetName=full&id=a1547a01-b9fc-40fa-a2eb-009a39c02c7b""]}",spatial-extractor,2026-06-21 18:21:26.271 +0300,"[2.5285590909401936, 50.67393051415159, 5.935371601406674, 51.50548166406281]",CRS:84,ok,2.5285590909401936,50.67393051415159,5.935371601406674,51.50548166406281
471,https://www.dov.vlaanderen.be/geonetwork/srv/metadata/a1547a01-b9fc-40fa-a2eb-009a39c02c7b,https://www.dov.vlaanderen.be/geoserver/bodemkaart/wms?SERVICE=WMS&version=1.3.0&request=GetMap,,,"{""id"": ""7198"", ""bbox"": [2.5285590909401936, 50.67393051415159, 5.935371601406674, 51.50548166406281, ""CRS:84""], ""name"": ""bodemtypes"", ""title"": ""Digitale bodemkaart van het Vlaams Gewest: bodemtypes"", ""crs3857"": true, ""crs4326"": true, ""abstract"": ""https://www.dov.vlaanderen.be/page/bodemkaarten\r\nDigitale vectoriële dataset van de analoge Bodemkaart van België voor het grondgebied van Vlaanderen.\r\nAlle kaartelementen van de analoge kaarten (gepubliceerd op kaartschaal 1: 20 000) zijn zorgvuldig manueel gedigitaliseerd en voorzien van een code, overeenkomstig het gebruikte classificatiesysteem: morfogenetisch voor binnen-Vlaanderen (substraat, textuurklasse, drainageklasse, profielontwikkelingsgroep, fase en variante) en geomorfologisch voor de Kuststreek (substraat, serie, subserie, type, subtype en variante).\r\nDe digitale versie van de bodemkaart is vrijwel systematisch gecontroleerd t.o.v. de analoge bodemkaarten. De polygonen werden ingekleurd zoals op de analoge bodemkaart. Waar beschikbaar zijn voor elk bodemtype de algemene kenmerken  (Van Ranst E. en Sys C., 2000) en foto's van een representatief bodemprofiel en representatieve omgevingen weergegeven. Tenslotte bestaat voor elke polygoon de mogelijkheid om de scan van het analoge bodemkaartblad, het toelichtingsboekje en de basiskaarten op schaal 1:5000 op te roepen.\r\nDeze dataset is omwille van de visualisatie onderverdeeld in 5 kaartlagen bij publicatie in de bodemverkenner: bodemtypes, substraten, fasen, varianten van het moedermateriaal en de profielontwikkeling. De kaartlaag met de bodemtypes bevat ook al de attributen van de andere kaartlagen. De bodemkaart werd in juni 2017 geupdate met enkele militaire domeinen en een unibodemtype voor de classficatie van de zeepolders en verschillende fouten werden verbeterd."", ""keywords"": [""Bodem"", ""ondergrond"", ""bodemkaart"", ""bodemtextuur"", ""bodemprofiel"", ""Regionaal"", ""Herbruikbaar"", ""Kosteloos"", ""Vlaamse Open data"", ""Toegevoegd GDI-Vl"", ""Metadata GDI-Vl-conform"", ""Metadata INSPIRE-conform"", ""DOV"", ""Vlaanderen"", ""Ondergrond"", ""Databank Ondergrond Vlaanderen"", ""Departement Omgeving"", ""VARIANTE VAN HET MOEDERMATERIAAL"", ""VARIANTE VAN DE PROFIELONTWIKKELING"", ""LANDBOUWSTREEK"", ""GEOMORFOLOGISCHE"", ""MORFOGENETISCH"", ""KUSTSTREEK"", ""BODEMTYPE"", ""DOV_PATHNAME@001#DOV:010#Bodem:020#Bodemkaarten:020#Bodemkaart (1/20.000):010#"", ""DOV_EXPERTISE@Bodem"", ""DOV_EXPERTISE@Delfstoffen"", ""DOV_EXPERTISE@Freatisch grondwater"", ""DOV_EXPERTISE@CTE"", ""DOV_EXPERTISE@Bodemverontreiniging""], ""layer_name"": ""bodemtypes"", ""description"": ""WMS-map Digitale bodemkaart van het Vlaams Gewest: bodemtypes"", ""service_type"": ""wms"", ""metadata_urls"": [""https://www.dov.vlaanderen.be/geonetwork#/metadata/a1547a01-b9fc-40fa-a2eb-009a39c02c7b"", ""https://www.dov.vlaanderen.be/geonetwork/srv/dut/csw?Service=CSW&Request=GetRecordById&Version=2.0.2&outputSchema=http://www.isotc211.org/2005/gmd&elementSetName=full&id=a1547a01-b9fc-40fa-a2eb-009a39c02c7b""]}",spatial-extractor,2026-06-21 18:21:27.469 +0300,"[2.5285590909401936, 50.67393051415159, 5.935371601406674, 51.50548166406281]",CRS:84,ok,2.5285590909401936,50.67393051415159,5.935371601406674,51.50548166406281
472,https://www.dov.vlaanderen.be/geonetwork/srv/metadata/a1547a01-b9fc-40fa-a2eb-009a39c02c7b,https://www.dov.vlaanderen.be/geoserver/bodemkaart/wms?,,,"{""id"": ""7199"", ""bbox"": [2.5285590909401936, 50.67393051415159, 5.935371601406674, 51.50548166406281, ""CRS:84""], ""name"": ""bodemtypes"", ""title"": ""Digitale bodemkaart van het Vlaams Gewest: bodemtypes"", ""crs3857"": true, ""crs4326"": true, ""abstract"": ""https://www.dov.vlaanderen.be/page/bodemkaarten\r\nDigitale vectoriële dataset van de analoge Bodemkaart van België voor het grondgebied van Vlaanderen.\r\nAlle kaartelementen van de analoge kaarten (gepubliceerd op kaartschaal 1: 20 000) zijn zorgvuldig manueel gedigitaliseerd en voorzien van een code, overeenkomstig het gebruikte classificatiesysteem: morfogenetisch voor binnen-Vlaanderen (substraat, textuurklasse, drainageklasse, profielontwikkelingsgroep, fase en variante) en geomorfologisch voor de Kuststreek (substraat, serie, subserie, type, subtype en variante).\r\nDe digitale versie van de bodemkaart is vrijwel systematisch gecontroleerd t.o.v. de analoge bodemkaarten. De polygonen werden ingekleurd zoals op de analoge bodemkaart. Waar beschikbaar zijn voor elk bodemtype de algemene kenmerken  (Van Ranst E. en Sys C., 2000) en foto's van een representatief bodemprofiel en representatieve omgevingen weergegeven. Tenslotte bestaat voor elke polygoon de mogelijkheid om de scan van het analoge bodemkaartblad, het toelichtingsboekje en de basiskaarten op schaal 1:5000 op te roepen.\r\nDeze dataset is omwille van de visualisatie onderverdeeld in 5 kaartlagen bij publicatie in de bodemverkenner: bodemtypes, substraten, fasen, varianten van het moedermateriaal en de profielontwikkeling. De kaartlaag met de bodemtypes bevat ook al de attributen van de andere kaartlagen. De bodemkaart werd in juni 2017 geupdate met enkele militaire domeinen en een unibodemtype voor de classficatie van de zeepolders en verschillende fouten werden verbeterd."", ""keywords"": [""Bodem"", ""ondergrond"", ""bodemkaart"", ""bodemtextuur"", ""bodemprofiel"", ""Regionaal"", ""Herbruikbaar"", ""Kosteloos"", ""Vlaamse Open data"", ""Toegevoegd GDI-Vl"", ""Metadata GDI-Vl-conform"", ""Metadata INSPIRE-conform"", ""DOV"", ""Vlaanderen"", ""Ondergrond"", ""Databank Ondergrond Vlaanderen"", ""Departement Omgeving"", ""VARIANTE VAN HET MOEDERMATERIAAL"", ""VARIANTE VAN DE PROFIELONTWIKKELING"", ""LANDBOUWSTREEK"", ""GEOMORFOLOGISCHE"", ""MORFOGENETISCH"", ""KUSTSTREEK"", ""BODEMTYPE"", ""DOV_PATHNAME@001#DOV:010#Bodem:020#Bodemkaarten:020#Bodemkaart (1/20.000):010#"", ""DOV_EXPERTISE@Bodem"", ""DOV_EXPERTISE@Delfstoffen"", ""DOV_EXPERTISE@Freatisch grondwater"", ""DOV_EXPERTISE@CTE"", ""DOV_EXPERTISE@Bodemverontreiniging""], ""layer_name"": ""bodemtypes"", ""description"": ""WMS-endpoint Digitale bodemkaart van het Vlaams Gewest: bodemtypes"", ""service_type"": ""wms"", ""metadata_urls"": [""https://www.dov.vlaanderen.be/geonetwork#/metadata/a1547a01-b9fc-40fa-a2eb-009a39c02c7b"", ""https://www.dov.vlaanderen.be/geonetwork/srv/dut/csw?Service=CSW&Request=GetRecordById&Version=2.0.2&outputSchema=http://www.isotc211.org/2005/gmd&elementSetName=full&id=a1547a01-b9fc-40fa-a2eb-009a39c02c7b""]}",spatial-extractor,2026-06-21 18:21:28.284 +0300,"[2.5285590909401936, 50.67393051415159, 5.935371601406674, 51.50548166406281]",CRS:84,ok,2.5285590909401936,50.67393051415159,5.935371601406674,51.50548166406281
474,65b1d51a-5af4-47fe-bf46-419bf643a5a9,https://data.apps.fao.org/map/gsrv/gsrv1/solaw/wms,,,"{""id"": ""7313"", ""bbox"": [-180.0, -89.90000199999994, 179.9695316115654, 83.59992859999997, ""CRS:84""], ""name"": ""aei_sal_38014"", ""title"": ""aei_sal_38014"", ""crs3857"": true, ""crs4326"": true, ""abstract"": null, ""keywords"": [""aei_sal_38014"", ""WCS"", ""GeoTIFF""], ""layer_name"": ""aei_sal_38014"", ""description"": ""Proportion of land salinized due to irrigation"", ""service_type"": ""wms"", ""metadata_urls"": []}",spatial-extractor,2026-06-21 18:21:30.477 +0300,"[-180.0, -89.90000199999994, 179.9695316115654, 83.59992859999997]",CRS:84,ok,-180.0,-89.90000199999994,179.9695316115654,83.59992859999997
510,dce89881-104b-444e-8374-8c1486ef54a7,https://data.apps.fao.org/map/gsrv/edit/nga_hih_mcda/wms,,,"{""id"": ""7745"", ""bbox"": [2.67, 4.277420000000001, 14.67, 13.89742, ""CRS:84""], ""name"": ""nga_cat_pond_extensive"", ""title"": ""nga_cat_pond_extensive"", ""crs3857"": true, ""crs4326"": true, ""abstract"": null, ""keywords"": [""nga_cat_pond_extensive"", ""WCS"", ""GeoTIFF""], ""layer_name"": ""nga_cat_pond_extensive"", ""description"": ""Non-intensive fish farming systems location score: African Catfish and Nile Tilapia (Nigeria)"", ""service_type"": ""wms"", ""metadata_urls"": []}",spatial-extractor,2026-06-21 18:22:29.523 +0300,"[2.67, 4.277420000000001, 14.67, 13.89742]",CRS:84,ok,2.67,4.277420000000001,14.67,13.89742
695,https://www.dov.vlaanderen.be/geonetwork/srv/metadata/3f507fd9-24c0-40ab-9328-29f0dff571fe,https://www.dov.vlaanderen.be/geoserver/bodem/wms?SERVICE=WMS&version=1.3.0&request=GetCapabilities,,,"{""id"": ""9461"", ""bbox"": [2.5510946173653575, 50.52759259442094, 5.868244646565843, 51.45249900318474, ""CRS:84""], ""name"": ""bodemlocaties"", ""title"": ""Bodemlocaties"", ""crs3857"": true, ""crs4326"": true, ""abstract"": ""Een bodemlocatie is ofwel een profielput of een boring. Een boring is altijd één puntlocatie (x,y,z) en een profielput heeft minimum één en maximum twee puntlocaties (begin- en eindpunt van de profielput). \r\nEen profielput is een uitgegraven put in de bodem waarin profielbeschrijvingen, monsternames of bodemobservaties worden uitgevoerd. Een profielbeschrijving is een waarneming van bodemhorizonten en/of bodemlagen in een uitgegraven profielput. Een bodemhorizont is een visueel te onderscheiden deel van de bodem dat ontstaan is door omzetting van het moedermateriaal door pedogenetische processen of door het afzetten van organisch materiaal. Een bodemhorizont heeft voor de meeste bodemvariabelen homogene morfologische en analytische karakteristieken. Een bodemlaag daarentegen is ontstaan door niet-pedogenetische processen. Aan de hand van een profielput krijg je een beeld van de bodemkundige opbouw.\r\nEen boring is het resultaat van het boren in de ondergrond met verwijdering van bodem door middel van een gereedschap in de vorm van een holle buis. Aan de hand van dit opgeboorde bodemmateriaal worden bodembeschrijvingen, bodemobservaties en monsternames uitgevoerd.\r\nDe bodemlocaties uit de 'Aardewerk-Vlaanderen-2010' databank worden afzonderlijk ontsloten in de datasets 'Bodemprofielen kartering Belgische bodemkaart' en 'Oppervlaktemonsters kartering Belgische bodemkaart'."", ""keywords"": [""Bodem"", ""Bodemgebruik"", ""ondergrond"", ""bodemkaart"", ""bodemtextuur"", ""bodemprofiel"", ""bodemanalyse"", ""bodembiologie"", ""bodemchemie"", ""bodemkunde"", ""bodemkunde"", ""bodemlaag"", ""bodemproces"", ""bodemstructuur"", ""bodemvorming"", ""bodemdaling"", ""bodemdegradatie"", ""bodemerosie"", ""bodemfunctie"", ""bodemgebruik"", ""bodemgesteldheid"", ""bodemkwaliteit"", ""bodemlucht"", ""bodemorganisme"", ""bodemverdichting"", ""bodemverzuring"", ""bodemvocht"", ""bodemvochthuishouding"", ""bodemvruchtbaarheid"", ""doorsijpeling van water in de bodem"", ""Regionaal"", ""Herbruikbaar"", ""Kosteloos"", ""Vlaamse Open data"", ""Toegevoegd GDI-Vl"", ""Metadata GDI-Vl-conform"", ""Metadata INSPIRE-conform"", ""DOV"", ""Vlaanderen"", ""Ondergrond"", ""Databank Ondergrond Vlaanderen"", ""Departement Omgeving"", ""Profielput"", ""Bodemprofielgegevens"", ""DOV_PATHNAME@001#DOV:010#Bodem:010#Bodemdata:020#"", ""DOV_EXPERTISE@Bodem"", ""DOV_EXPERTISE@Delfstoffen""], ""layer_name"": ""bodemlocaties"", ""description"": ""WMS-capabilities Bodemlocaties"", ""service_type"": ""wms"", ""metadata_urls"": [""https://www.dov.vlaanderen.be/geonetwork#/metadata/3f507fd9-24c0-40ab-9328-29f0dff571fe"", ""https://www.dov.vlaanderen.be/geonetwork/srv/dut/csw?Service=CSW&Request=GetRecordById&Version=2.0.2&outputSchema=http://www.isotc211.org/2005/gmd&elementSetName=full&id=3f507fd9-24c0-40ab-9328-29f0dff571fe""]}",spatial-extractor,2026-06-21 18:32:32.247 +0300,"[2.5510946173653575, 50.52759259442094, 5.868244646565843, 51.45249900318474]",CRS:84,ok,2.5510946173653575,50.52759259442094,5.868244646565843,51.45249900318474
481,70f368f8-db6e-430d-9ae4-fe0acd55fe52,https://www.dov.vlaanderen.be/geoserver/erosie/wms?SERVICE=WMS&version=1.3.0&request=GetCapabilities,,,"{""id"": ""7415"", ""bbox"": [2.5174247215832684, 50.66919500010318, 5.942676652264954, 51.50683621451535, ""CRS:84""], ""name"": ""potential_soil_erosion"", ""title"": ""Potential soil erosion aggregated for a grid of 1 km by 1 km in Flanders"", ""crs3857"": true, ""crs4326"": true, ""abstract"": ""The potential soil erosion aggregated for a grid of 1 km shows the average potential erosion (ton/ha) for a specific grid cell. The map is the sum of water and tillage erosion. The map takes into account 4 types of land use: forest, permanent cover, agricultural crops without permanent cover and other land use. The map is based on the soil erosion map aggregated for each agricultural parcel in Flanders (2010).  The original map on parcel level is a product of computer modeling with a spatial resolution of 5 m * 5 m by the \""Physical and Regional Geography Division, Department of Earth and Environmental Sciences, K.U. Leuven\"". The calculation of water erosion is based on the Revised Soil Loss Equation (RUSLE, Renard et al., 1991) using a 2 dimensional approach for calculating the LS factor based on Desmet and Govers (1996).  The water erosion is calculated with a crop factor of 0,001 for forest, a crop factor of 0,01 for permanent cover (excluding forest), a crop factor of 0,37 for other agricultural crops and a crop factor of 0 for other land use. Tillage erosion is calculated according to the WaTEM/SEDEM model based on Van Oost et al. (2000)."", ""keywords"": [""Gebieden met natuurrisico's"", ""ondergrond"", ""bodemerosie"", ""erosie"", ""Regionaal"", ""Herbruikbaar"", ""Kosteloos"", ""Vlaamse Open data"", ""Toegevoegd GDI-Vl"", ""Metadata GDI-Vl-conform"", ""Metadata INSPIRE-conform"", ""Lijst M&R INSPIRE"", ""DOV"", ""Vlaanderen"", ""Ondergrond"", ""Databank Ondergrond Vlaanderen""], ""layer_name"": ""potential_soil_erosion"", ""description"": ""WMS-capabilities Potential soil erosion aggregated for a grid of 1 km by 1 km in Flanders"", ""service_type"": ""wms"", ""metadata_urls"": [""https://www.dov.vlaanderen.be/geonetwork#/metadata/70f368f8-db6e-430d-9ae4-fe0acd55fe52"", ""https://www.dov.vlaanderen.be/geonetwork/srv/dut/csw?Service=CSW&Request=GetRecordById&Version=2.0.2&outputSchema=http://www.isotc211.org/2005/gmd&elementSetName=full&id=70f368f8-db6e-430d-9ae4-fe0acd55fe52""]}",spatial-extractor,2026-06-21 18:21:42.156 +0300,"[2.5174247215832684, 50.66919500010318, 5.942676652264954, 51.50683621451535]",CRS:84,ok,2.5174247215832684,50.66919500010318,5.942676652264954,51.50683621451535
482,70f368f8-db6e-430d-9ae4-fe0acd55fe52,https://www.dov.vlaanderen.be/geoserver/erosie/wms?SERVICE=WMS&version=1.3.0&request=GetMap,,,"{""id"": ""7417"", ""bbox"": [2.5174247215832684, 50.66919500010318, 5.942676652264954, 51.50683621451535, ""CRS:84""], ""name"": ""potential_soil_erosion"", ""title"": ""Potential soil erosion aggregated for a grid of 1 km by 1 km in Flanders"", ""crs3857"": true, ""crs4326"": true, ""abstract"": ""The potential soil erosion aggregated for a grid of 1 km shows the average potential erosion (ton/ha) for a specific grid cell. The map is the sum of water and tillage erosion. The map takes into account 4 types of land use: forest, permanent cover, agricultural crops without permanent cover and other land use. The map is based on the soil erosion map aggregated for each agricultural parcel in Flanders (2010).  The original map on parcel level is a product of computer modeling with a spatial resolution of 5 m * 5 m by the \""Physical and Regional Geography Division, Department of Earth and Environmental Sciences, K.U. Leuven\"". The calculation of water erosion is based on the Revised Soil Loss Equation (RUSLE, Renard et al., 1991) using a 2 dimensional approach for calculating the LS factor based on Desmet and Govers (1996).  The water erosion is calculated with a crop factor of 0,001 for forest, a crop factor of 0,01 for permanent cover (excluding forest), a crop factor of 0,37 for other agricultural crops and a crop factor of 0 for other land use. Tillage erosion is calculated according to the WaTEM/SEDEM model based on Van Oost et al. (2000)."", ""keywords"": [""Gebieden met natuurrisico's"", ""ondergrond"", ""bodemerosie"", ""erosie"", ""Regionaal"", ""Herbruikbaar"", ""Kosteloos"", ""Vlaamse Open data"", ""Toegevoegd GDI-Vl"", ""Metadata GDI-Vl-conform"", ""Metadata INSPIRE-conform"", ""Lijst M&R INSPIRE"", ""DOV"", ""Vlaanderen"", ""Ondergrond"", ""Databank Ondergrond Vlaanderen""], ""layer_name"": ""potential_soil_erosion"", ""description"": ""WMS-map Potential soil erosion aggregated for a grid of 1 km by 1 km in Flanders"", ""service_type"": ""wms"", ""metadata_urls"": [""https://www.dov.vlaanderen.be/geonetwork#/metadata/70f368f8-db6e-430d-9ae4-fe0acd55fe52"", ""https://www.dov.vlaanderen.be/geonetwork/srv/dut/csw?Service=CSW&Request=GetRecordById&Version=2.0.2&outputSchema=http://www.isotc211.org/2005/gmd&elementSetName=full&id=70f368f8-db6e-430d-9ae4-fe0acd55fe52""]}",spatial-extractor,2026-06-21 18:21:43.702 +0300,"[2.5174247215832684, 50.66919500010318, 5.942676652264954, 51.50683621451535]",CRS:84,ok,2.5174247215832684,50.66919500010318,5.942676652264954,51.50683621451535
483,70f368f8-db6e-430d-9ae4-fe0acd55fe52,https://www.dov.vlaanderen.be/geoserver/erosie/wms?,,,"{""id"": ""7418"", ""bbox"": [2.5174247215832684, 50.66919500010318, 5.942676652264954, 51.50683621451535, ""CRS:84""], ""name"": ""potential_soil_erosion"", ""title"": ""Potential soil erosion aggregated for a grid of 1 km by 1 km in Flanders"", ""crs3857"": true, ""crs4326"": true, ""abstract"": ""The potential soil erosion aggregated for a grid of 1 km shows the average potential erosion (ton/ha) for a specific grid cell. The map is the sum of water and tillage erosion. The map takes into account 4 types of land use: forest, permanent cover, agricultural crops without permanent cover and other land use. The map is based on the soil erosion map aggregated for each agricultural parcel in Flanders (2010).  The original map on parcel level is a product of computer modeling with a spatial resolution of 5 m * 5 m by the \""Physical and Regional Geography Division, Department of Earth and Environmental Sciences, K.U. Leuven\"". The calculation of water erosion is based on the Revised Soil Loss Equation (RUSLE, Renard et al., 1991) using a 2 dimensional approach for calculating the LS factor based on Desmet and Govers (1996).  The water erosion is calculated with a crop factor of 0,001 for forest, a crop factor of 0,01 for permanent cover (excluding forest), a crop factor of 0,37 for other agricultural crops and a crop factor of 0 for other land use. Tillage erosion is calculated according to the WaTEM/SEDEM model based on Van Oost et al. (2000)."", ""keywords"": [""Gebieden met natuurrisico's"", ""ondergrond"", ""bodemerosie"", ""erosie"", ""Regionaal"", ""Herbruikbaar"", ""Kosteloos"", ""Vlaamse Open data"", ""Toegevoegd GDI-Vl"", ""Metadata GDI-Vl-conform"", ""Metadata INSPIRE-conform"", ""Lijst M&R INSPIRE"", ""DOV"", ""Vlaanderen"", ""Ondergrond"", ""Databank Ondergrond Vlaanderen""], ""layer_name"": ""potential_soil_erosion"", ""description"": ""WMS-endpoint Potential soil erosion aggregated for a grid of 1 km by 1 km in Flanders"", ""service_type"": ""wms"", ""metadata_urls"": [""https://www.dov.vlaanderen.be/geonetwork#/metadata/70f368f8-db6e-430d-9ae4-fe0acd55fe52"", ""https://www.dov.vlaanderen.be/geonetwork/srv/dut/csw?Service=CSW&Request=GetRecordById&Version=2.0.2&outputSchema=http://www.isotc211.org/2005/gmd&elementSetName=full&id=70f368f8-db6e-430d-9ae4-fe0acd55fe52""]}",spatial-extractor,2026-06-21 18:21:44.284 +0300,"[2.5174247215832684, 50.66919500010318, 5.942676652264954, 51.50683621451535]",CRS:84,ok,2.5174247215832684,50.66919500010318,5.942676652264954,51.50683621451535
486,https://basisregistratieondergrond.nl/inhoud-bro/registratieobjecten/bodem-grondonderzoek/booronderzoek-bhr/bodemkundig-booronderzoek-bhr/,https://service.pdok.nl/bzk/brobhrpkenset/wms/v1_0?request=GetCapabilities&service=WMS,,,"{""id"": ""7474"", ""bbox"": [250000.0, -25000.0, 725000.0, 280000.0, ""EPSG:4258""], ""name"": ""bhr_kenset"", ""title"": ""BHR kenset"", ""crs3857"": true, ""crs4326"": true, ""abstract"": ""Bodemkundig booronderzoek omvat de gegevens die voortkomen uit een bodemkundig georienteerde boring. In veel gevallen bestaat het bodemkundig booronderzoek uit niet meer dan een boormonsterprofiel. In het meest uitgebreide geval omvat het booronderzoek ook de resultaten van boormonsteronderzoek en boorgatmeetgegevens. Het boormonsterprofiel komt tot stand door de samenstelling van de monsters uit een booronderzoek macroscopisch te beschrijven."", ""keywords"": [""grondonderzoek"", ""bodemonderzoek"", ""booronderzoek"", ""bodemkundig boormonsterprofiel"", ""boormonsterprofiel""], ""layer_name"": ""bhr_kenset"", ""description"": ""NULL"", ""service_type"": ""wms"", ""metadata_urls"": [""https://www.nationaalgeoregister.nl/geonetwork/srv/dut/csw?service=CSW&version=2.0.2&request=GetRecordById&outputschema=http://www.isotc211.org/2005/gmd&elementsetname=full&id=562127a6-0381-46b3-9ed7-10e61ec5ecb5""]}",spatial-extractor,2026-06-21 18:21:50.343 +0300,"[250000.0, -25000.0, 725000.0, 280000.0]",EPSG:4258,ok,250000.0,-25000.0,725000.0,280000.0
508,f6a8ee75-a8fd-489d-b7f4-023eb11846ff,https://data.apps.fao.org/map/gsrv/edit/nga_hih_mcda/wms,,,"{""id"": ""7728"", ""bbox"": [2.66853, 4.27301, 14.67882, 13.89442, ""CRS:84""], ""name"": ""nga_hdx_pond_state_avg"", ""title"": ""NGA_HDX_Pond_state_AVG"", ""crs3857"": true, ""crs4326"": true, ""abstract"": null, ""keywords"": [""features"", ""nga_hdx_pond_state_avg""], ""layer_name"": ""nga_hdx_pond_state_avg"", ""description"": ""Map service for Non-intensive fish farming systems location score state average: African Catfish and Nile Tilapia (Nigeria)"", ""service_type"": ""wms"", ""metadata_urls"": []}",spatial-extractor,2026-06-21 18:22:27.855 +0300,"[2.66853, 4.27301, 14.67882, 13.89442]",CRS:84,ok,2.66853,4.27301,14.67882,13.89442
509,e493bcde-03ba-41d9-9b6c-a89f42d24978,https://data.apps.fao.org/map/gsrv/edit/nga_hih_mcda/wms,,,"{""id"": ""7735"", ""bbox"": [2.669248439525745, 4.273292967349192, 14.677341494010022, 13.896015028223573, ""CRS:84""], ""name"": ""nga_cat_pond_const_poverty_abov_avg"", ""title"": ""nga_cat_pond_const_poverty_abov_avg"", ""crs3857"": true, ""crs4326"": true, ""abstract"": null, ""keywords"": [""nga_cat_pond_const_poverty_abov_avg"", ""WCS"", ""GeoTIFF""], ""layer_name"": ""nga_cat_pond_const_poverty_abov_avg"", ""description"": ""Non-intensive fish farming systems location score - poverty: African Catfish and Nile Tilapia (Nigeria)"", ""service_type"": ""wms"", ""metadata_urls"": []}",spatial-extractor,2026-06-21 18:22:28.634 +0300,"[2.669248439525745, 4.273292967349192, 14.677341494010022, 13.896015028223573]",CRS:84,ok,2.669248439525745,4.273292967349192,14.677341494010022,13.896015028223573
511,304f1b81-61ab-4ede-b367-75b8ebfc069e,https://data.apps.fao.org/map/gsrv/gsrv1/geonetwork/wms,,,"{""id"": ""7753"", ""bbox"": [-180.0, -90.0, 180.00000000288003, 90.00000000144001, ""CRS:84""], ""name"": ""glc_shv10_09_47948"", ""title"": ""glc_shv10_09_47948"", ""crs3857"": true, ""crs4326"": true, ""abstract"": null, ""keywords"": [""glc_shv10_09_47948"", ""WCS"", ""GeoTIFF""], ""layer_name"": ""glc_shv10_09_47948"", ""description"": ""GLC-Share - Bare soil"", ""service_type"": ""wms"", ""metadata_urls"": []}",spatial-extractor,2026-06-21 18:22:30.191 +0300,"[-180.0, -90.0, 180.00000000288003, 90.00000000144001]",CRS:84,ok,-180.0,-90.0,180.00000000288003,90.00000000144001
515,fd5a512c-f2a9-41f8-87bd-34fbf3f68652,https://data.apps.fao.org/map/gsrv/gsrv1/water_accounting/wms,,,"{""id"": ""7800"", ""bbox"": [35.22867061645999, 33.099702395680005, 36.40029760051199, 34.050099221016005, ""CRS:84""], ""name"": ""topsoil_litani"", ""title"": ""topsoil_litani"", ""crs3857"": true, ""crs4326"": true, ""abstract"": null, ""keywords"": [""topsoil_litani"", ""WCS"", ""GeoTIFF""], ""layer_name"": ""topsoil_litani"", ""description"": ""Saturated Soil Water Content (Litani River Basin, Lebanon - 100m)"", ""service_type"": ""wms"", ""metadata_urls"": []}",spatial-extractor,2026-06-21 18:22:35.307 +0300,"[35.22867061645999, 33.099702395680005, 36.40029760051199, 34.050099221016005]",CRS:84,ok,35.22867061645999,33.099702395680005,36.40029760051199,34.050099221016005
530,c26de669-90f9-43a1-ae4d-6b1b9660f5e0,https://data.apps.fao.org/map/gsrv/gsrv1/aquamaps/wms,,,"{""id"": ""8047"", ""bbox"": [-180.0, -90.0, 180.00072, 90.00036, ""CRS:84""], ""name"": ""etoyr_7416"", ""title"": ""etoyr_7416"", ""crs3857"": true, ""crs4326"": true, ""abstract"": null, ""keywords"": [""etoyr_7416"", ""WCS"", ""GeoTIFF""], ""layer_name"": ""etoyr_7416"", ""description"": ""example of GlobWat input: reference ET"", ""service_type"": ""wms"", ""metadata_urls"": []}",spatial-extractor,2026-06-21 18:22:48.730 +0300,"[-180.0, -90.0, 180.00072, 90.00036]",CRS:84,ok,-180.0,-90.0,180.00072,90.00036
541,m_amte:299FN3:3291bd68-7059-4c5a-8074-f33989c46e7d,http://wms.pcn.minambiente.it/ogc?map=/ms_ogc/WMS_v1.3/Vettoriali/Carta_ecopedologica.map&service=wms&request=getCapabilities&version=1.3.0,,,"{""id"": ""8120"", ""bbox"": [6.0, 34.5, 19.0, 49.0, ""EPSG:4326""], ""name"": ""NULL"", ""title"": ""Carta ecopedologica - Generale"", ""crs3857"": true, ""crs4326"": true, ""abstract"": ""Il progetto ''Carta ecopedologica'' nasce dalla volontà  del MATTM che nell'ambito del progetto 'Carta della Natura', ha inserito tra le componenti ambientali studiate anche quella pedologica. A tal fine il Joint Research Centre - Commissione Europea è stata incaricato dal MATTM della realizzazione della ''Carta ecopedologica d'Italia''. Obiettivi del progetto sono stati: caratterizzazione dei suoli ai fini delle caratteristiche idrologiche e dei rischi di erosione; relazioni suolo-vegetazione; aspetti conservazionistici. Risoluzione 1:250.000.. Il layer è visibile a scale inferiori a 1:500.000."", ""keywords"": [""Suolo"", "" Pedosfera"", "" Processi del suolo"", "" Carta Ecopedologica""], ""layer_name"": ""GE.CARTAECOPEDOLOGICA.GENERALE"", ""description"": ""NULL"", ""service_type"": ""wms"", ""metadata_urls"": [""http://www.pcn.minambiente.it/geoportal/csw?SERVICE=CSW&VERSION=2.0.2&REQUEST=GetRecordById&outputSchema=http%3A%2F%2Fwww.isotc211.org%2F2005%2Fgmd&elementSetName=full&ID=m_amte:299FN3:3291bd68-7059-4c5a-8074-f33989c46e7d""]}",spatial-extractor,2026-06-21 18:22:58.095 +0300,"[6.0, 34.5, 19.0, 49.0]",EPSG:4326,ok,6.0,34.5,19.0,49.0
543,m_amte:299FN3:bd587278-b36b-4c88-ded1-cdff9039267c,http://wms.pcn.minambiente.it/ogc?map=/ms_ogc/WMS_v1.3/Vettoriali/Accelerazioni_Confronto_ERS_ENVISAT_Ascending.map&service=wms&request=getCapabilities&version=1.3.0,,,"{""id"": ""8125"", ""bbox"": [6.0, 34.5, 19.0, 49.0, ""EPSG:4326""], ""name"": ""NULL"", ""title"": ""Indice di variazione delle velocita' medie (mm/anno)"", ""crs3857"": true, ""crs4326"": true, ""abstract"": ""Le mappe di accelerazioni derivate sono state elaborate a partire da dati satellitari SAR ERS (periodo elaborato va dal 1992 al 2000)  ed ENVISAT (periodo elaborato va dal 2003 al 2008). La tabella associata contiene le seguenti informazioni: ers_cluste, identificativo del cluster ERS; ers_count, numero di punti dell'elaborazione ERS che ricadono nell'area; ers_vel, velocità; media dei punti ERS; ers_stdev, deviazione standard delle velocità; dei punti ERS; env_cluste, identificativo del cluster ENVISAT; env_count, numero di punti dell'elaborazione ENVISAT che ricadono nell'area; env_vel, velocità; media dei punti ENVISAT; env_stdev, deviazione standard delle velocità; dei punti ENVISAT; indice_var, indice di variazione; lineage, frame ERS ed ENVISAT da cui sono stati presi i dati."", ""keywords"": [""Zone a rischio naturale"", "" Rischio naturale"", "" ERS"", "" ENVISAT"", "" Confronto accelerazioni""], ""layer_name"": ""PI.CONFRONTOERSENVISAT.ASCENDING"", ""description"": ""NULL"", ""service_type"": ""wms"", ""metadata_urls"": [""http://www.pcn.minambiente.it/geoportal/csw?SERVICE=CSW&VERSION=2.0.2&REQUEST=GetRecordById&outputSchema=http%3A%2F%2Fwww.isotc211.org%2F2005%2Fgmd&elementSetName=full&ID=m_amte:299FN3:bd587278-b36b-4c88-ded1-cdff9039267c""]}",spatial-extractor,2026-06-21 18:22:59.511 +0300,"[6.0, 34.5, 19.0, 49.0]",EPSG:4326,ok,6.0,34.5,19.0,49.0
564,d60d8925-06fd-455d-b5fe-62ad78766e0a,https://services.bgr.de/wms/boden/lkwe1000/?,,,"{""id"": ""8283"", ""bbox"": [5.432722, 46.981071, 15.655428, 55.067148, ""EPSG:4326""], ""name"": ""0"", ""title"": ""LKWE1000_250 Version 1.0"", ""crs3857"": true, ""crs4326"": true, ""abstract"": ""Die Karte der Luftkapazität im effektiven Wurzelraum in Deutschland gibt einen Überblick über die Größe des Luftspeichers der Böden. Unter Luftkapazität wird der Porenraum verstanden, der bei Feldkapazität mit Luft gefüllt ist. Damit stellt sie ein Maß für die Versorgung der Wurzeln mit Sauerstoff dar. Die Größe des Luftspeichers im Boden hängt von der Bodenart, der Lagerungsdichte und dem Humusgehalt ab. Der effektive Wurzelraum wird anhand von Landnutzungs- und Bodendaten bestimmt. Die Karte basiert auf der Auswertung der nutzungsdifferenzierten Bodenübersichtskarte 1:1.000.000 (BUEK1000N) und zeigt die klassifizierte Luftkapazität in Volumen-%. Die Methode ist in der Bodenkundlichen Kartieranleitung (KA4) und in der Methodendokumentation Bodenkunde der Ad-hoc-AG Boden veröffentlicht. Als Landnutzungsinformation und zur nutzungsabhängigen Differenzierung der Profildaten werden Daten des CORINE Land Cover Projektes (2006) herangezogen."", ""keywords"": [], ""layer_name"": ""0"", ""description"": ""Die Karte der Luftkapazität im effektiven Wurzelraum in Deutschland gibt einen Überblick über die Größe des Luftspeichers der Böden. Unter Luftkapazität wird der Porenraum verstanden, der bei Feldkapazität mit Luft gefüllt ist. Damit stellt sie ein Maß für die Versorgung der Wurzeln mit Sauerstoff dar. Die Größe des Luftspeichers im Boden hängt von der Bodenart, der Lagerungsdichte und dem Humusgehalt ab. Der effektive Wurzelraum wird anhand von Landnutzungs- und Bodendaten bestimmt. Die Karte basiert auf der Auswertung der nutzungsdifferenzierten Bodenübersichtskarte 1:1.000.000 (BUEK1000N) und zeigt die klassifizierte Luftkapazität in Volumen-%. Die Methode ist in der Bodenkundlichen Kartieranleitung (KA4) und in der Methodendokumentation Bodenkunde der Ad-hoc-AG Boden veröffentlicht. Als Landnutzungsinformation und zur nutzungsabhängigen Differenzierung der Profildaten werden Daten des CORINE Land Cover Projektes (2006) herangezogen."", ""service_type"": ""wms"", ""metadata_urls"": [""https://geoportal.bgr.de/smartfindersdi-csw/api?request=GetRecordById&service=CSW&version=2.0.2&outputSchema=http://www.isotc211.org/2005/gmd&elementSetName=full&id=d60d8925-06fd-455d-b5fe-62ad78766e0a""]}",spatial-extractor,2026-06-21 18:23:24.525 +0300,"[5.432722, 46.981071, 15.655428, 55.067148]",EPSG:4326,ok,5.432722,46.981071,15.655428,55.067148
582,r_piemon:39192f81-1dfd-4792-b0bb-7c19b3889637,https://geomap.reteunitaria.piemonte.it/ws/agrigeo/rp-01/carboniowms/wms_carbonio_organico?service=wms&request=getcapabilities&version=1.3.0,,,"{""id"": ""8426"", ""bbox"": [290748.0, 4861380.0, 536649.0, 5165170.0, ""EPSG:32632""], ""name"": ""Cpeso"", ""title"": ""Carbonio organico in peso"", ""crs3857"": true, ""crs4326"": true, ""abstract"": ""Carbonio organico in peso"", ""keywords"": [], ""layer_name"": ""Cpeso"", ""description"": ""NULL"", ""service_type"": ""wms"", ""metadata_urls"": [""https://www.geoportale.piemonte.it/geonetwork/srv/ita/csw?request=GetRecordById&service=CSW&version=2.0.2&id=r_piemon:17309a4c-172b-4774-af26-38ee12d2147d&elementSetName=full&outputSchema=http://www.isotc211.org/2005/gmd""]}",spatial-extractor,2026-06-21 18:23:52.508 +0300,"[290748.0, 4861380.0, 536649.0, 5165170.0]",EPSG:32632,ok,290748.0,4861380.0,536649.0,5165170.0
594,684aa31b-375b-45e1-837f-334af42fc0e5,https://data.apps.fao.org/map/gsrv/gsrv1/adb/wms,,,"{""id"": ""8607"", ""bbox"": [74.208718566, 14.980356484, 76.126219483, 16.350355834, ""CRS:84""], ""name"": ""k4_smsat_hihydrosoils"", ""title"": ""k4_smsat_hihydrosoils"", ""crs3857"": true, ""crs4326"": true, ""abstract"": null, ""keywords"": [""k4_smsat_hihydrosoils"", ""WCS"", ""GeoTIFF""], ""layer_name"": ""k4_smsat_hihydrosoils"", ""description"": ""Saturated Soil Water Content (K4)"", ""service_type"": ""wms"", ""metadata_urls"": []}",spatial-extractor,2026-06-21 18:24:43.780 +0300,"[74.208718566, 14.980356484, 76.126219483, 16.350355834]",CRS:84,ok,74.208718566,14.980356484,76.126219483,16.350355834
595,b1f7eac6-baed-4227-bedc-28bc67086299,https://inspire.lfrz.gv.at/000604/wms?version=1.3.0&request=GetCapabilities,,,"{""id"": ""8627"", ""bbox"": [9.514, 46.301, 17.29, 49.131, ""CRS:84""], ""name"": ""Agricultural Soil Map of Austria - Soil Reference Group Code from the World Reference Base (WRB Lev1)"", ""title"": ""Agricultural Soil Map of Austria - Soil Reference Group Code from the World Reference Base (WRB Lev1)"", ""crs3857"": true, ""crs4326"": true, ""abstract"": ""The Soil Reference Group Code of the STU from the World Reference Base (WRB) for Soil Resources."", ""keywords"": [""BFW"", ""JRC"", ""WRB"", ""soil"", ""Reference Soil Group""], ""layer_name"": ""Agricultural Soil Map of Austria - Soil Reference Group Code from the World Reference Base (WRB Lev1)"", ""description"": ""Agricultural Soil Map of Austria - Soil Reference Group Code from the World Reference Base (WRB Lev1)"", ""service_type"": ""wms"", ""metadata_urls"": [""https://discovery.inspire.gv.at/at.lfrz.discoveryservices/srv/ger/csw?service=CSW&request=GetRecordById&version=2.0.2&outputSchema=http://www.isotc211.org/2005/gmd&ElementSetName=full&id=b1f7eac6-baed-4227-bedc-28bc67086299""]}",spatial-extractor,2026-06-21 18:25:09.606 +0300,"[9.514, 46.301, 17.29, 49.131]",CRS:84,ok,9.514,46.301,17.29,49.131
599,WRB-Soil-Units-40k,https://www.dov.vlaanderen.be/geoserver/bodemkaart_afgeleid/wms?SERVICE=WMS&version=1.3.0&request=GetCapabilities,,,"{""id"": ""8682"", ""bbox"": [2.528557456645049, 50.673930511952676, 5.935373000183582, 51.505522951519666, ""CRS:84""], ""name"": ""wrb_40000"", ""title"": ""WRB Soil Units 40k: Bodemkaart van het Vlaamse Gewest volgens het internationale bodemclassificatiesysteem World Reference Base op schaal 1:40.000"", ""crs3857"": true, ""crs4326"": true, ""abstract"": ""Op basis van de resultaten van een intensieve bodemkartering gedurende de jaren ’50 tot ’70 werd de Belgische bodemkaart opgesteld. Deze Belgische bodemkaart steunt op het Belgische bodemclassificatiesysteem. Het is een nationaal systeem dat uitsluitend voor de Belgische bodems werd opgesteld. Voor het Vlaamse Gewest werd deze bodemkaart daarom omgezet naar WRB-2014, de 3de editie van het internationaal bodemclassificatiesysteem World Reference Base. Het veld ‘Soil Unit’ geeft de standaard bodemnaam volgens WRB. Door het gebruik van ‘Reference Soil Groups' (gekleurde vlakken) en ‘Principal Qualifiers’ (bruin omlijnde polygonen met labels) kan de belangrijkste informatie uit de bodemkaart van België vertaald worden naar het WRB-systeem. Informatie over textuur, drainage, bodemmorfologie en chemische bodemvruchtbaarheid is weerhouden in 4 groepen van Supplementary Qualifiers. Het veld ‘Belgisch bodemtype’ is overgenomen van de oorspronkelijk bodemkaart. De vertaling werd gedaan per bodemdistrict aangegeven in het veld ‘Belgisch_bodemdistrict’."", ""keywords"": [""Bodem"", ""ondergrond"", ""Regionaal"", ""Herbruikbaar"", ""Kosteloos"", ""Vlaamse Open data"", ""Toegevoegd GDI-Vl"", ""Metadata GDI-Vl-conform"", ""Metadata INSPIRE-conform"", ""DOV"", ""Vlaanderen"", ""Ondergrond"", ""Databank Ondergrond Vlaanderen"", ""Departement Omgeving"", ""Reference Soil Group"", ""Principal Qualifiers"", ""DOV_PATHNAME@001#DOV:010#Bodem:020#Bodemkaarten:030#Bodemkaart volgens WRB:010#"", ""DOV_EXPERTISE@Bodem""], ""layer_name"": ""wrb_40000"", ""description"": ""WMS-capabilities WRB Soil Units 40k: Bodemkaart van het Vlaamse Gewest volgens het internationale bodemclassificatiesysteem World Reference Base op schaal 1:40.000"", ""service_type"": ""wms"", ""metadata_urls"": [""https://www.dov.vlaanderen.be/geonetwork#/metadata/83c46eae-a202-454c-b063-a858be3e4335"", ""https://www.dov.vlaanderen.be/geonetwork/srv/dut/csw?Service=CSW&Request=GetRecordById&Version=2.0.2&outputSchema=http://www.isotc211.org/2005/gmd&elementSetName=full&id=83c46eae-a202-454c-b063-a858be3e4335""]}",spatial-extractor,2026-06-21 18:25:15.085 +0300,"[2.528557456645049, 50.673930511952676, 5.935373000183582, 51.505522951519666]",CRS:84,ok,2.528557456645049,50.673930511952676,5.935373000183582,51.505522951519666
600,WRB-Soil-Units-40k,https://www.dov.vlaanderen.be/geoserver/bodemkaart_afgeleid/wms?SERVICE=WMS&version=1.3.0&request=GetMap,,,"{""id"": ""8684"", ""bbox"": [2.528557456645049, 50.673930511952676, 5.935373000183582, 51.505522951519666, ""CRS:84""], ""name"": ""wrb_40000"", ""title"": ""WRB Soil Units 40k: Bodemkaart van het Vlaamse Gewest volgens het internationale bodemclassificatiesysteem World Reference Base op schaal 1:40.000"", ""crs3857"": true, ""crs4326"": true, ""abstract"": ""Op basis van de resultaten van een intensieve bodemkartering gedurende de jaren ’50 tot ’70 werd de Belgische bodemkaart opgesteld. Deze Belgische bodemkaart steunt op het Belgische bodemclassificatiesysteem. Het is een nationaal systeem dat uitsluitend voor de Belgische bodems werd opgesteld. Voor het Vlaamse Gewest werd deze bodemkaart daarom omgezet naar WRB-2014, de 3de editie van het internationaal bodemclassificatiesysteem World Reference Base. Het veld ‘Soil Unit’ geeft de standaard bodemnaam volgens WRB. Door het gebruik van ‘Reference Soil Groups' (gekleurde vlakken) en ‘Principal Qualifiers’ (bruin omlijnde polygonen met labels) kan de belangrijkste informatie uit de bodemkaart van België vertaald worden naar het WRB-systeem. Informatie over textuur, drainage, bodemmorfologie en chemische bodemvruchtbaarheid is weerhouden in 4 groepen van Supplementary Qualifiers. Het veld ‘Belgisch bodemtype’ is overgenomen van de oorspronkelijk bodemkaart. De vertaling werd gedaan per bodemdistrict aangegeven in het veld ‘Belgisch_bodemdistrict’."", ""keywords"": [""Bodem"", ""ondergrond"", ""Regionaal"", ""Herbruikbaar"", ""Kosteloos"", ""Vlaamse Open data"", ""Toegevoegd GDI-Vl"", ""Metadata GDI-Vl-conform"", ""Metadata INSPIRE-conform"", ""DOV"", ""Vlaanderen"", ""Ondergrond"", ""Databank Ondergrond Vlaanderen"", ""Departement Omgeving"", ""Reference Soil Group"", ""Principal Qualifiers"", ""DOV_PATHNAME@001#DOV:010#Bodem:020#Bodemkaarten:030#Bodemkaart volgens WRB:010#"", ""DOV_EXPERTISE@Bodem""], ""layer_name"": ""wrb_40000"", ""description"": ""WMS-map WRB Soil Units 40k: Bodemkaart van het Vlaamse Gewest volgens het internationale bodemclassificatiesysteem World Reference Base op schaal 1:40.000"", ""service_type"": ""wms"", ""metadata_urls"": [""https://www.dov.vlaanderen.be/geonetwork#/metadata/83c46eae-a202-454c-b063-a858be3e4335"", ""https://www.dov.vlaanderen.be/geonetwork/srv/dut/csw?Service=CSW&Request=GetRecordById&Version=2.0.2&outputSchema=http://www.isotc211.org/2005/gmd&elementSetName=full&id=83c46eae-a202-454c-b063-a858be3e4335""]}",spatial-extractor,2026-06-21 18:25:16.075 +0300,"[2.528557456645049, 50.673930511952676, 5.935373000183582, 51.505522951519666]",CRS:84,ok,2.528557456645049,50.673930511952676,5.935373000183582,51.505522951519666
601,WRB-Soil-Units-40k,https://www.dov.vlaanderen.be/geoserver/bodemkaart_afgeleid/wms?,,,"{""id"": ""8685"", ""bbox"": [2.528557456645049, 50.673930511952676, 5.935373000183582, 51.505522951519666, ""CRS:84""], ""name"": ""wrb_40000"", ""title"": ""WRB Soil Units 40k: Bodemkaart van het Vlaamse Gewest volgens het internationale bodemclassificatiesysteem World Reference Base op schaal 1:40.000"", ""crs3857"": true, ""crs4326"": true, ""abstract"": ""Op basis van de resultaten van een intensieve bodemkartering gedurende de jaren ’50 tot ’70 werd de Belgische bodemkaart opgesteld. Deze Belgische bodemkaart steunt op het Belgische bodemclassificatiesysteem. Het is een nationaal systeem dat uitsluitend voor de Belgische bodems werd opgesteld. Voor het Vlaamse Gewest werd deze bodemkaart daarom omgezet naar WRB-2014, de 3de editie van het internationaal bodemclassificatiesysteem World Reference Base. Het veld ‘Soil Unit’ geeft de standaard bodemnaam volgens WRB. Door het gebruik van ‘Reference Soil Groups' (gekleurde vlakken) en ‘Principal Qualifiers’ (bruin omlijnde polygonen met labels) kan de belangrijkste informatie uit de bodemkaart van België vertaald worden naar het WRB-systeem. Informatie over textuur, drainage, bodemmorfologie en chemische bodemvruchtbaarheid is weerhouden in 4 groepen van Supplementary Qualifiers. Het veld ‘Belgisch bodemtype’ is overgenomen van de oorspronkelijk bodemkaart. De vertaling werd gedaan per bodemdistrict aangegeven in het veld ‘Belgisch_bodemdistrict’."", ""keywords"": [""Bodem"", ""ondergrond"", ""Regionaal"", ""Herbruikbaar"", ""Kosteloos"", ""Vlaamse Open data"", ""Toegevoegd GDI-Vl"", ""Metadata GDI-Vl-conform"", ""Metadata INSPIRE-conform"", ""DOV"", ""Vlaanderen"", ""Ondergrond"", ""Databank Ondergrond Vlaanderen"", ""Departement Omgeving"", ""Reference Soil Group"", ""Principal Qualifiers"", ""DOV_PATHNAME@001#DOV:010#Bodem:020#Bodemkaarten:030#Bodemkaart volgens WRB:010#"", ""DOV_EXPERTISE@Bodem""], ""layer_name"": ""wrb_40000"", ""description"": ""WMS-endpoint WRB Soil Units 40k: Bodemkaart van het Vlaamse Gewest volgens het internationale bodemclassificatiesysteem World Reference Base op schaal 1:40.000"", ""service_type"": ""wms"", ""metadata_urls"": [""https://www.dov.vlaanderen.be/geonetwork#/metadata/83c46eae-a202-454c-b063-a858be3e4335"", ""https://www.dov.vlaanderen.be/geonetwork/srv/dut/csw?Service=CSW&Request=GetRecordById&Version=2.0.2&outputSchema=http://www.isotc211.org/2005/gmd&elementSetName=full&id=83c46eae-a202-454c-b063-a858be3e4335""]}",spatial-extractor,2026-06-21 18:25:17.089 +0300,"[2.528557456645049, 50.673930511952676, 5.935373000183582, 51.505522951519666]",CRS:84,ok,2.528557456645049,50.673930511952676,5.935373000183582,51.505522951519666
603,WRB-Soil-Units-40k,https://www.dov.vlaanderen.be/geoserver/bodemkaart_afgeleid/wms,,,"{""id"": ""8689"", ""bbox"": [2.528557456645049, 50.673930511952676, 5.935373000183582, 51.505522951519666, ""CRS:84""], ""name"": ""wrb_40000"", ""title"": ""WRB Soil Units 40k: Bodemkaart van het Vlaamse Gewest volgens het internationale bodemclassificatiesysteem World Reference Base op schaal 1:40.000"", ""crs3857"": true, ""crs4326"": true, ""abstract"": ""Op basis van de resultaten van een intensieve bodemkartering gedurende de jaren ’50 tot ’70 werd de Belgische bodemkaart opgesteld. Deze Belgische bodemkaart steunt op het Belgische bodemclassificatiesysteem. Het is een nationaal systeem dat uitsluitend voor de Belgische bodems werd opgesteld. Voor het Vlaamse Gewest werd deze bodemkaart daarom omgezet naar WRB-2014, de 3de editie van het internationaal bodemclassificatiesysteem World Reference Base. Het veld ‘Soil Unit’ geeft de standaard bodemnaam volgens WRB. Door het gebruik van ‘Reference Soil Groups' (gekleurde vlakken) en ‘Principal Qualifiers’ (bruin omlijnde polygonen met labels) kan de belangrijkste informatie uit de bodemkaart van België vertaald worden naar het WRB-systeem. Informatie over textuur, drainage, bodemmorfologie en chemische bodemvruchtbaarheid is weerhouden in 4 groepen van Supplementary Qualifiers. Het veld ‘Belgisch bodemtype’ is overgenomen van de oorspronkelijk bodemkaart. De vertaling werd gedaan per bodemdistrict aangegeven in het veld ‘Belgisch_bodemdistrict’."", ""keywords"": [""Bodem"", ""ondergrond"", ""Regionaal"", ""Herbruikbaar"", ""Kosteloos"", ""Vlaamse Open data"", ""Toegevoegd GDI-Vl"", ""Metadata GDI-Vl-conform"", ""Metadata INSPIRE-conform"", ""DOV"", ""Vlaanderen"", ""Ondergrond"", ""Databank Ondergrond Vlaanderen"", ""Departement Omgeving"", ""Reference Soil Group"", ""Principal Qualifiers"", ""DOV_PATHNAME@001#DOV:010#Bodem:020#Bodemkaarten:030#Bodemkaart volgens WRB:010#"", ""DOV_EXPERTISE@Bodem""], ""layer_name"": ""wrb_40000"", ""description"": ""Op basis van de resultaten van een intensieve bodemkartering gedurende de jaren ’50 tot ’70 werd de Belgische bodemkaart opgesteld. Deze Belgische bodemkaart steunt op het Belgische bodemclassificatiesysteem. Het is een nationaal systeem dat uitsluitend voor de Belgische bodems werd opgesteld. Voor het Vlaamse Gewest werd deze bodemkaart daarom omgezet naar WRB-2014, de 3de editie van het internationaal bodemclassificatiesysteem World Reference Base. Het veld ‘Soil Unit’ geeft de standaard bodemnaam volgens WRB. Door het gebruik van ‘Reference Soil Groups' (gekleurde vlakken) en ‘Principal Qualifiers’ (bruin omlijnde polygonen met labels) kan de belangrijkste informatie uit de bodemkaart van België vertaald worden naar het WRB-systeem. Informatie over textuur, drainage, bodemmorfologie en chemische bodemvruchtbaarheid is weerhouden in 4 groepen van Supplementary Qualifiers. Het veld ‘Belgisch bodemtype’ is overgenomen van de oorspronkelijk bodemkaart. De vertaling werd gedaan per bodemdistrict aangegeven in het veld ‘Belgisch_bodemdistrict’."", ""service_type"": ""wms"", ""metadata_urls"": [""https://www.dov.vlaanderen.be/geonetwork#/metadata/83c46eae-a202-454c-b063-a858be3e4335"", ""https://www.dov.vlaanderen.be/geonetwork/srv/dut/csw?Service=CSW&Request=GetRecordById&Version=2.0.2&outputSchema=http://www.isotc211.org/2005/gmd&elementSetName=full&id=83c46eae-a202-454c-b063-a858be3e4335""]}",spatial-extractor,2026-06-21 18:25:19.177 +0300,"[2.528557456645049, 50.673930511952676, 5.935373000183582, 51.505522951519666]",CRS:84,ok,2.528557456645049,50.673930511952676,5.935373000183582,51.505522951519666
619,431940bc-833f-4abb-84f5-95212fe6dc48,https://inspire.lfrz.gv.at/000602/wms?version=1.3.0&request=GetCapabilities,,,"{""id"": ""8748"", ""bbox"": [9.679, 46.457, 16.637, 49.046, ""CRS:84""], ""name"": ""BIOSOIL Austria (SITE)"", ""title"": ""General site information"", ""crs3857"": true, ""crs4326"": true, ""abstract"": ""General site information, registration, location and soil forming factors of the BIOSOIL plots of Austria."", ""keywords"": [""soil""], ""layer_name"": ""BIOSOIL Austria (SITE)"", ""description"": ""General site information"", ""service_type"": ""wms"", ""metadata_urls"": [""https://discovery.inspire.gv.at/at.lfrz.discoveryservices/srv/ger/csw?service=CSW&request=GetRecordById&version=2.0.2&outputSchema=http%3A%2F%2Fwww.isotc211.org%2F2005%2Fgmd&ElementSetName=full&id=431940bc-833f-4abb-84f5-95212fe6dc48""]}",spatial-extractor,2026-06-21 18:29:09.501 +0300,"[9.679, 46.457, 16.637, 49.046]",CRS:84,ok,9.679,46.457,16.637,49.046
622,92adadcb-0e68-4c1a-a1ad-ed38aac9a03b,https://data.apps.fao.org/map/gsrv/gsrv1/adb/wms,,,"{""id"": ""8759"", ""bbox"": [66.263888757, 44.217368524, 77.990292152, 51.37896784, ""CRS:84""], ""name"": ""kazakhstan_wa_nura_sarysu_smsat_hihydrosoils"", ""title"": ""kazakhstan_wa_nura_sarysu_smsat_hihydrosoils"", ""crs3857"": true, ""crs4326"": true, ""abstract"": null, ""keywords"": [""kazakhstan_wa_nura_sarysu_smsat_hihydrosoils"", ""WCS"", ""GeoTIFF""], ""layer_name"": ""kazakhstan_wa_nura_sarysu_smsat_hihydrosoils"", ""description"": ""Saturated soil water content (Nura-Sarysu basin)"", ""service_type"": ""wms"", ""metadata_urls"": []}",spatial-extractor,2026-06-21 18:29:42.010 +0300,"[66.263888757, 44.217368524, 77.990292152, 51.37896784]",CRS:84,ok,66.263888757,44.217368524,77.990292152,51.37896784
625,7e659554-141f-4618-bac3-d7fc28ce0f54,https://data.apps.fao.org/map/gsrv/gsrv1/adb/wms,,,"{""id"": ""8770"", ""bbox"": [74.324082645, 15.740045814, 75.861578671, 16.452545853, ""CRS:84""], ""name"": ""k3_smsat_hihdrosoils"", ""title"": ""k3_smsat_hihdrosoils"", ""crs3857"": true, ""crs4326"": true, ""abstract"": null, ""keywords"": [""k3_smsat_hihdrosoils"", ""WCS"", ""GeoTIFF""], ""layer_name"": ""k3_smsat_hihdrosoils"", ""description"": ""Saturated Soil Water Content (K3)"", ""service_type"": ""wms"", ""metadata_urls"": []}",spatial-extractor,2026-06-21 18:30:10.493 +0300,"[74.324082645, 15.740045814, 75.861578671, 16.452545853]",CRS:84,ok,74.324082645,15.740045814,75.861578671,16.452545853
631,ba4526fd-cdbf-4028-a1bd-5a559c4bff38,https://data.apps.fao.org/map/gsrv/gsrv1/geonetwork/wms,,,"{""id"": ""10238"", ""bbox"": [-180.0, -90.0, 180.00000000288003, 90.00000000144001, ""CRS:84""], ""name"": ""glc_shv10_07_47948"", ""title"": ""glc_shv10_07_47948"", ""crs3857"": true, ""crs4326"": true, ""abstract"": null, ""keywords"": [""glc_shv10_07_47948"", ""WCS"", ""GeoTIFF""], ""layer_name"": ""glc_shv10_07_47948"", ""description"": ""GLC-Share - Mangroves"", ""service_type"": ""wms"", ""metadata_urls"": []}",spatial-extractor,2026-06-21 18:30:41.144 +0300,"[-180.0, -90.0, 180.00000000288003, 90.00000000144001]",CRS:84,ok,-180.0,-90.0,180.00000000288003,90.00000000144001
640,Potentiële-bodemerosiekaart-per-perceel-,https://www.dov.vlaanderen.be/geoserver/erosie/wms?SERVICE=WMS&version=1.3.0&request=GetCapabilities,,,"{""id"": ""8978"", ""bbox"": [2.529990447668254, 50.67420681879685, 5.931682119445873, 51.505461718137454, ""CRS:84""], ""name"": ""so_potbdmerosiepp_2018"", ""title"": ""Potentiële bodemerosiekaart per perceel (2018)"", ""crs3857"": true, ""crs4326"": true, ""abstract"": ""De potentiële bodemerosiekaart per perceel (2018) geeft aan de hand van een klasse-indeling de totale potentiële erosie van een bepaald landbouwperceel weer. De totale potentiële erosie houdt geen rekening met het huidige landgebruik (grasland of akkerland). In het veld ‘Erosiegevoeligheid verzamelaanvraag’ staat de informatie die overeenkomt met de erosiegevoeligheid op de verzamelaanvraag 2018. De goedgekeurde bezwaren werden zowel in het veld 'Erosiegevoeligheid verzamelaanvraag' als in het veld 'Totale erosie' verwerkt. De goedgekeurde aanvragen van de verlaging van de erosiegevoeligheidsklasse op basis van een hoog koolstofgehalte werden in het veld 'Erosiegevoeligheid verzamelaanvraag' verwerkt met aanduiding van ‘/ C’ achter de erosiegevoeligheid, maar het veld 'Totale erosie' behield zijn oorspronkelijke waarde voor deze percelen.\r\n\r\nErosie door water is een proces waarbij bodemdeeltjes door de impact van regendruppels en afstromend water worden losgemaakt en getransporteerd, hetzij laagsgewijs over een grote oppervlakte, hetzij geconcentreerd in geulen en ravijnen. Dit leidt o.m. tot een afname van de bodemkwaliteit en -productiviteit, maar ook tot belangrijke schade door modderoverlast in stroomafwaarts gelegen (woon)gebieden. Bodemerosie is een van de belangrijkste vormen van bodemaantasting in Vlaanderen. \r\n\r\nDe potentiële bodemerosiekaart per perceel is gebaseerd op de percelenkaart 2017. De potentiële bodemerosiekaart per perceel werd opgesteld door middel van computermodellering met een ruimtelijke resolutie van 5x5 m. De berekening van de erosie is gebaseerd op de herziene universele bodemverliesvergelijking of R.U.S.L.E. (Revised Universal Soil Loss Equation, Renard et al, 1991). Het betreft een empirisch model waarmee de gemiddelde jaarlijkse bodemerosiesnelheid per oppervlakte-eenheid als gevolg van intergeul- en geulerosie wordt berekend als een product van 6 factoren."", ""keywords"": [""Gebieden met natuurrisico's"", ""ondergrond"", ""bodemerosie"", ""watererosie"", ""landbouw"", ""Regionaal"", ""Herbruikbaar"", ""Kosteloos"", ""Vlaamse Open data"", ""Toegevoegd GDI-Vl"", ""Metadata GDI-Vl-conform"", ""Metadata INSPIRE-conform"", ""DOV"", ""Vlaanderen"", ""Ondergrond"", ""Databank Ondergrond Vlaanderen"", ""Departement Omgeving""], ""layer_name"": ""so_potbdmerosiepp_2018"", ""description"": ""WMS-capabilities Potentiële bodemerosiekaart per perceel (2018)"", ""service_type"": ""wms"", ""metadata_urls"": [""https://www.dov.vlaanderen.be/geonetwork#/metadata/265f238c-1772-4e48-997d-cd05e40dc611"", ""https://www.dov.vlaanderen.be/geonetwork/srv/dut/csw?Service=CSW&Request=GetRecordById&Version=2.0.2&outputSchema=http://www.isotc211.org/2005/gmd&elementSetName=full&id=265f238c-1772-4e48-997d-cd05e40dc611""]}",spatial-extractor,2026-06-21 18:31:23.898 +0300,"[2.529990447668254, 50.67420681879685, 5.931682119445873, 51.505461718137454]",CRS:84,ok,2.529990447668254,50.67420681879685,5.931682119445873,51.505461718137454
641,Potentiële-bodemerosiekaart-per-perceel-,https://www.dov.vlaanderen.be/geoserver/erosie/wms?SERVICE=WMS&version=1.3.0&request=GetMap,,,"{""id"": ""8980"", ""bbox"": [2.529990447668254, 50.67420681879685, 5.931682119445873, 51.505461718137454, ""CRS:84""], ""name"": ""so_potbdmerosiepp_2018"", ""title"": ""Potentiële bodemerosiekaart per perceel (2018)"", ""crs3857"": true, ""crs4326"": true, ""abstract"": ""De potentiële bodemerosiekaart per perceel (2018) geeft aan de hand van een klasse-indeling de totale potentiële erosie van een bepaald landbouwperceel weer. De totale potentiële erosie houdt geen rekening met het huidige landgebruik (grasland of akkerland). In het veld ‘Erosiegevoeligheid verzamelaanvraag’ staat de informatie die overeenkomt met de erosiegevoeligheid op de verzamelaanvraag 2018. De goedgekeurde bezwaren werden zowel in het veld 'Erosiegevoeligheid verzamelaanvraag' als in het veld 'Totale erosie' verwerkt. De goedgekeurde aanvragen van de verlaging van de erosiegevoeligheidsklasse op basis van een hoog koolstofgehalte werden in het veld 'Erosiegevoeligheid verzamelaanvraag' verwerkt met aanduiding van ‘/ C’ achter de erosiegevoeligheid, maar het veld 'Totale erosie' behield zijn oorspronkelijke waarde voor deze percelen.\r\n\r\nErosie door water is een proces waarbij bodemdeeltjes door de impact van regendruppels en afstromend water worden losgemaakt en getransporteerd, hetzij laagsgewijs over een grote oppervlakte, hetzij geconcentreerd in geulen en ravijnen. Dit leidt o.m. tot een afname van de bodemkwaliteit en -productiviteit, maar ook tot belangrijke schade door modderoverlast in stroomafwaarts gelegen (woon)gebieden. Bodemerosie is een van de belangrijkste vormen van bodemaantasting in Vlaanderen. \r\n\r\nDe potentiële bodemerosiekaart per perceel is gebaseerd op de percelenkaart 2017. De potentiële bodemerosiekaart per perceel werd opgesteld door middel van computermodellering met een ruimtelijke resolutie van 5x5 m. De berekening van de erosie is gebaseerd op de herziene universele bodemverliesvergelijking of R.U.S.L.E. (Revised Universal Soil Loss Equation, Renard et al, 1991). Het betreft een empirisch model waarmee de gemiddelde jaarlijkse bodemerosiesnelheid per oppervlakte-eenheid als gevolg van intergeul- en geulerosie wordt berekend als een product van 6 factoren."", ""keywords"": [""Gebieden met natuurrisico's"", ""ondergrond"", ""bodemerosie"", ""watererosie"", ""landbouw"", ""Regionaal"", ""Herbruikbaar"", ""Kosteloos"", ""Vlaamse Open data"", ""Toegevoegd GDI-Vl"", ""Metadata GDI-Vl-conform"", ""Metadata INSPIRE-conform"", ""DOV"", ""Vlaanderen"", ""Ondergrond"", ""Databank Ondergrond Vlaanderen"", ""Departement Omgeving""], ""layer_name"": ""so_potbdmerosiepp_2018"", ""description"": ""WMS-map Potentiële bodemerosiekaart per perceel (2018)"", ""service_type"": ""wms"", ""metadata_urls"": [""https://www.dov.vlaanderen.be/geonetwork#/metadata/265f238c-1772-4e48-997d-cd05e40dc611"", ""https://www.dov.vlaanderen.be/geonetwork/srv/dut/csw?Service=CSW&Request=GetRecordById&Version=2.0.2&outputSchema=http://www.isotc211.org/2005/gmd&elementSetName=full&id=265f238c-1772-4e48-997d-cd05e40dc611""]}",spatial-extractor,2026-06-21 18:31:25.558 +0300,"[2.529990447668254, 50.67420681879685, 5.931682119445873, 51.505461718137454]",CRS:84,ok,2.529990447668254,50.67420681879685,5.931682119445873,51.505461718137454
642,Potentiële-bodemerosiekaart-per-perceel-,https://www.dov.vlaanderen.be/geoserver/erosie/wms?,,,"{""id"": ""8981"", ""bbox"": [2.529990447668254, 50.67420681879685, 5.931682119445873, 51.505461718137454, ""CRS:84""], ""name"": ""so_potbdmerosiepp_2018"", ""title"": ""Potentiële bodemerosiekaart per perceel (2018)"", ""crs3857"": true, ""crs4326"": true, ""abstract"": ""De potentiële bodemerosiekaart per perceel (2018) geeft aan de hand van een klasse-indeling de totale potentiële erosie van een bepaald landbouwperceel weer. De totale potentiële erosie houdt geen rekening met het huidige landgebruik (grasland of akkerland). In het veld ‘Erosiegevoeligheid verzamelaanvraag’ staat de informatie die overeenkomt met de erosiegevoeligheid op de verzamelaanvraag 2018. De goedgekeurde bezwaren werden zowel in het veld 'Erosiegevoeligheid verzamelaanvraag' als in het veld 'Totale erosie' verwerkt. De goedgekeurde aanvragen van de verlaging van de erosiegevoeligheidsklasse op basis van een hoog koolstofgehalte werden in het veld 'Erosiegevoeligheid verzamelaanvraag' verwerkt met aanduiding van ‘/ C’ achter de erosiegevoeligheid, maar het veld 'Totale erosie' behield zijn oorspronkelijke waarde voor deze percelen.\r\n\r\nErosie door water is een proces waarbij bodemdeeltjes door de impact van regendruppels en afstromend water worden losgemaakt en getransporteerd, hetzij laagsgewijs over een grote oppervlakte, hetzij geconcentreerd in geulen en ravijnen. Dit leidt o.m. tot een afname van de bodemkwaliteit en -productiviteit, maar ook tot belangrijke schade door modderoverlast in stroomafwaarts gelegen (woon)gebieden. Bodemerosie is een van de belangrijkste vormen van bodemaantasting in Vlaanderen. \r\n\r\nDe potentiële bodemerosiekaart per perceel is gebaseerd op de percelenkaart 2017. De potentiële bodemerosiekaart per perceel werd opgesteld door middel van computermodellering met een ruimtelijke resolutie van 5x5 m. De berekening van de erosie is gebaseerd op de herziene universele bodemverliesvergelijking of R.U.S.L.E. (Revised Universal Soil Loss Equation, Renard et al, 1991). Het betreft een empirisch model waarmee de gemiddelde jaarlijkse bodemerosiesnelheid per oppervlakte-eenheid als gevolg van intergeul- en geulerosie wordt berekend als een product van 6 factoren."", ""keywords"": [""Gebieden met natuurrisico's"", ""ondergrond"", ""bodemerosie"", ""watererosie"", ""landbouw"", ""Regionaal"", ""Herbruikbaar"", ""Kosteloos"", ""Vlaamse Open data"", ""Toegevoegd GDI-Vl"", ""Metadata GDI-Vl-conform"", ""Metadata INSPIRE-conform"", ""DOV"", ""Vlaanderen"", ""Ondergrond"", ""Databank Ondergrond Vlaanderen"", ""Departement Omgeving""], ""layer_name"": ""so_potbdmerosiepp_2018"", ""description"": ""WMS-endpoint Potentiële bodemerosiekaart per perceel (2018)"", ""service_type"": ""wms"", ""metadata_urls"": [""https://www.dov.vlaanderen.be/geonetwork#/metadata/265f238c-1772-4e48-997d-cd05e40dc611"", ""https://www.dov.vlaanderen.be/geonetwork/srv/dut/csw?Service=CSW&Request=GetRecordById&Version=2.0.2&outputSchema=http://www.isotc211.org/2005/gmd&elementSetName=full&id=265f238c-1772-4e48-997d-cd05e40dc611""]}",spatial-extractor,2026-06-21 18:31:26.599 +0300,"[2.529990447668254, 50.67420681879685, 5.931682119445873, 51.505461718137454]",CRS:84,ok,2.529990447668254,50.67420681879685,5.931682119445873,51.505461718137454
644,Potentiële-bodemerosiekaart-per-perceel-,https://www.dov.vlaanderen.be/geoserver/erosie/wms?layers=so_potbdmerosiepp_2018,,,"{""id"": ""8984"", ""bbox"": [2.529990447668254, 50.67420681879685, 5.931682119445873, 51.505461718137454, ""CRS:84""], ""name"": ""so_potbdmerosiepp_2018"", ""title"": ""Potentiële bodemerosiekaart per perceel (2018)"", ""crs3857"": true, ""crs4326"": true, ""abstract"": ""De potentiële bodemerosiekaart per perceel (2018) geeft aan de hand van een klasse-indeling de totale potentiële erosie van een bepaald landbouwperceel weer. De totale potentiële erosie houdt geen rekening met het huidige landgebruik (grasland of akkerland). In het veld ‘Erosiegevoeligheid verzamelaanvraag’ staat de informatie die overeenkomt met de erosiegevoeligheid op de verzamelaanvraag 2018. De goedgekeurde bezwaren werden zowel in het veld 'Erosiegevoeligheid verzamelaanvraag' als in het veld 'Totale erosie' verwerkt. De goedgekeurde aanvragen van de verlaging van de erosiegevoeligheidsklasse op basis van een hoog koolstofgehalte werden in het veld 'Erosiegevoeligheid verzamelaanvraag' verwerkt met aanduiding van ‘/ C’ achter de erosiegevoeligheid, maar het veld 'Totale erosie' behield zijn oorspronkelijke waarde voor deze percelen.\r\n\r\nErosie door water is een proces waarbij bodemdeeltjes door de impact van regendruppels en afstromend water worden losgemaakt en getransporteerd, hetzij laagsgewijs over een grote oppervlakte, hetzij geconcentreerd in geulen en ravijnen. Dit leidt o.m. tot een afname van de bodemkwaliteit en -productiviteit, maar ook tot belangrijke schade door modderoverlast in stroomafwaarts gelegen (woon)gebieden. Bodemerosie is een van de belangrijkste vormen van bodemaantasting in Vlaanderen. \r\n\r\nDe potentiële bodemerosiekaart per perceel is gebaseerd op de percelenkaart 2017. De potentiële bodemerosiekaart per perceel werd opgesteld door middel van computermodellering met een ruimtelijke resolutie van 5x5 m. De berekening van de erosie is gebaseerd op de herziene universele bodemverliesvergelijking of R.U.S.L.E. (Revised Universal Soil Loss Equation, Renard et al, 1991). Het betreft een empirisch model waarmee de gemiddelde jaarlijkse bodemerosiesnelheid per oppervlakte-eenheid als gevolg van intergeul- en geulerosie wordt berekend als een product van 6 factoren."", ""keywords"": [""Gebieden met natuurrisico's"", ""ondergrond"", ""bodemerosie"", ""watererosie"", ""landbouw"", ""Regionaal"", ""Herbruikbaar"", ""Kosteloos"", ""Vlaamse Open data"", ""Toegevoegd GDI-Vl"", ""Metadata GDI-Vl-conform"", ""Metadata INSPIRE-conform"", ""DOV"", ""Vlaanderen"", ""Ondergrond"", ""Databank Ondergrond Vlaanderen"", ""Departement Omgeving""], ""layer_name"": ""so_potbdmerosiepp_2018"", ""description"": ""De potentiële bodemerosiekaart per perceel (2018) geeft aan de hand van een klasse-indeling de totale potentiële erosie van een bepaald landbouwperceel weer. De totale potentiële erosie houdt geen rekening met het huidige landgebruik (grasland of akkerland). In het veld ‘Erosiegevoeligheid verzamelaanvraag’ staat de informatie die overeenkomt met de erosiegevoeligheid op de verzamelaanvraag 2018. De goedgekeurde bezwaren werden zowel in het veld 'Erosiegevoeligheid verzamelaanvraag' als in het veld 'Totale erosie' verwerkt. De goedgekeurde aanvragen van de verlaging van de erosiegevoeligheidsklasse op basis van een hoog koolstofgehalte werden in het veld 'Erosiegevoeligheid verzamelaanvraag' verwerkt met aanduiding van ‘/ C’ achter de erosiegevoeligheid, maar het veld 'Totale erosie' behield zijn oorspronkelijke waarde voor deze percelen.\nErosie door water is een proces waarbij bodemdeeltjes door de impact van regendruppels en afstromend water worden losgemaakt en getransporteerd, hetzij laagsgewijs over een grote oppervlakte, hetzij geconcentreerd in geulen en ravijnen. Dit leidt o.m. tot een afname van de bodemkwaliteit en -productiviteit, maar ook tot belangrijke schade door modderoverlast in stroomafwaarts gelegen (woon)gebieden. Bodemerosie is een van de belangrijkste vormen van bodemaantasting in Vlaanderen. \nDe potentiële bodemerosiekaart per perceel is gebaseerd op de percelenkaart 2017. De potentiële bodemerosiekaart per perceel werd opgesteld door middel van computermodellering met een ruimtelijke resolutie van 5x5 m. De berekening van de erosie is gebaseerd op de herziene universele bodemverliesvergelijking of R.U.S.L.E. (Revised Universal Soil Loss Equation, Renard et al, 1991). Het betreft een empirisch model waarmee de gemiddelde jaarlijkse bodemerosiesnelheid per oppervlakte-eenheid als gevolg van intergeul- en geulerosie wordt berekend als een product van 6 factoren."", ""service_type"": ""wms"", ""metadata_urls"": [""https://www.dov.vlaanderen.be/geonetwork#/metadata/265f238c-1772-4e48-997d-cd05e40dc611"", ""https://www.dov.vlaanderen.be/geonetwork/srv/dut/csw?Service=CSW&Request=GetRecordById&Version=2.0.2&outputSchema=http://www.isotc211.org/2005/gmd&elementSetName=full&id=265f238c-1772-4e48-997d-cd05e40dc611""]}",spatial-extractor,2026-06-21 18:31:29.195 +0300,"[2.529990447668254, 50.67420681879685, 5.931682119445873, 51.505461718137454]",CRS:84,ok,2.529990447668254,50.67420681879685,5.931682119445873,51.505461718137454
649,https://www.dov.vlaanderen.be/geonetwork/srv/metadata/5e1146a5-4f72-4e93-a71d-8297d3dfec6c,https://www.dov.vlaanderen.be/geoserver/grondverschuivingen/wms?SERVICE=WMS&version=1.3.0&request=GetCapabilities,,,"{""id"": ""9131"", ""bbox"": [2.7125489339757647, 50.70405644016369, 4.23772263154259, 50.92953378643767, ""CRS:84""], ""name"": ""grndversch_gekarteerd"", ""title"": ""Gekarteerde grondverschuivingen"", ""crs3857"": true, ""crs4326"": true, ""abstract"": ""De kaart bevat een zo volledig mogelijke inventaris van in het landschap waarneembare grondverschuivingen in een studiegebied gelegen ten westen van Brussel, in het zuiden van de provincies West-Vlaanderen, Oost-Vlaanderen en Vlaams-Brabant. Het betreft zowel zeer oude, in het landschap geïntegreerde grondverschuivingen van post-glaciale oorsprong als relatief jonge grondverschuivingen waarvan de initiatiedatum (soms bij benadering) gekend is. De 'jonge' grondverschuivingen kunnen ontstaan zijn binnen een grotere, oude grondverschuiving (local reactivering) of op een onaangetaste (niet in het verleden door grondverschuiving aangetaste) locatie. De meeste grondverschuivngen zijn nog steeds onderhevig aan beweging, zichtbaar aan bijvoorbeeld scheefgestelde bomen. De kartering van de grondverschuivingen gebeurde door een combinatie van terreinprospectie en analyse van schaduwkaarten die werden afgeleid van het digitaal hoogtemodel op basis van laserscanning of LIDAR (Light Detection and Ranging; OC GIS-Vlaanderen, 2005)."", ""keywords"": [""Gebieden met natuurrisico's"", ""ondergrond"", ""Regionaal"", ""Herbruikbaar"", ""Kosteloos"", ""Vlaamse Open data"", ""Toegevoegd GDI-Vl"", ""Metadata GDI-Vl-conform"", ""Metadata INSPIRE-conform"", ""DOV"", ""Vlaanderen"", ""Ondergrond"", ""Databank Ondergrond Vlaanderen"", ""Departement Omgeving"", ""DOV_PATHNAME@001#DOV:080#Grondverschuivingen:020#"", ""DOV_EXPERTISE@Bodem"", ""DOV_EXPERTISE@Geotechniek""], ""layer_name"": ""grndversch_gekarteerd"", ""description"": ""WMS-capabilities Gekarteerde grondverschuivingen"", ""service_type"": ""wms"", ""metadata_urls"": [""https://www.dov.vlaanderen.be/geonetwork#/metadata/5e1146a5-4f72-4e93-a71d-8297d3dfec6c"", ""https://www.dov.vlaanderen.be/geonetwork/srv/dut/csw?Service=CSW&Request=GetRecordById&Version=2.0.2&outputSchema=http://www.isotc211.org/2005/gmd&elementSetName=full&id=5e1146a5-4f72-4e93-a71d-8297d3dfec6c""]}",spatial-extractor,2026-06-21 18:31:40.912 +0300,"[2.7125489339757647, 50.70405644016369, 4.23772263154259, 50.92953378643767]",CRS:84,ok,2.7125489339757647,50.70405644016369,4.23772263154259,50.92953378643767
650,https://www.dov.vlaanderen.be/geonetwork/srv/metadata/5e1146a5-4f72-4e93-a71d-8297d3dfec6c,https://www.dov.vlaanderen.be/geoserver/grondverschuivingen/wms?SERVICE=WMS&version=1.3.0&request=GetMap,,,"{""id"": ""9133"", ""bbox"": [2.7125489339757647, 50.70405644016369, 4.23772263154259, 50.92953378643767, ""CRS:84""], ""name"": ""grndversch_gekarteerd"", ""title"": ""Gekarteerde grondverschuivingen"", ""crs3857"": true, ""crs4326"": true, ""abstract"": ""De kaart bevat een zo volledig mogelijke inventaris van in het landschap waarneembare grondverschuivingen in een studiegebied gelegen ten westen van Brussel, in het zuiden van de provincies West-Vlaanderen, Oost-Vlaanderen en Vlaams-Brabant. Het betreft zowel zeer oude, in het landschap geïntegreerde grondverschuivingen van post-glaciale oorsprong als relatief jonge grondverschuivingen waarvan de initiatiedatum (soms bij benadering) gekend is. De 'jonge' grondverschuivingen kunnen ontstaan zijn binnen een grotere, oude grondverschuiving (local reactivering) of op een onaangetaste (niet in het verleden door grondverschuiving aangetaste) locatie. De meeste grondverschuivngen zijn nog steeds onderhevig aan beweging, zichtbaar aan bijvoorbeeld scheefgestelde bomen. De kartering van de grondverschuivingen gebeurde door een combinatie van terreinprospectie en analyse van schaduwkaarten die werden afgeleid van het digitaal hoogtemodel op basis van laserscanning of LIDAR (Light Detection and Ranging; OC GIS-Vlaanderen, 2005)."", ""keywords"": [""Gebieden met natuurrisico's"", ""ondergrond"", ""Regionaal"", ""Herbruikbaar"", ""Kosteloos"", ""Vlaamse Open data"", ""Toegevoegd GDI-Vl"", ""Metadata GDI-Vl-conform"", ""Metadata INSPIRE-conform"", ""DOV"", ""Vlaanderen"", ""Ondergrond"", ""Databank Ondergrond Vlaanderen"", ""Departement Omgeving"", ""DOV_PATHNAME@001#DOV:080#Grondverschuivingen:020#"", ""DOV_EXPERTISE@Bodem"", ""DOV_EXPERTISE@Geotechniek""], ""layer_name"": ""grndversch_gekarteerd"", ""description"": ""WMS-map Gekarteerde grondverschuivingen"", ""service_type"": ""wms"", ""metadata_urls"": [""https://www.dov.vlaanderen.be/geonetwork#/metadata/5e1146a5-4f72-4e93-a71d-8297d3dfec6c"", ""https://www.dov.vlaanderen.be/geonetwork/srv/dut/csw?Service=CSW&Request=GetRecordById&Version=2.0.2&outputSchema=http://www.isotc211.org/2005/gmd&elementSetName=full&id=5e1146a5-4f72-4e93-a71d-8297d3dfec6c""]}",spatial-extractor,2026-06-21 18:31:41.905 +0300,"[2.7125489339757647, 50.70405644016369, 4.23772263154259, 50.92953378643767]",CRS:84,ok,2.7125489339757647,50.70405644016369,4.23772263154259,50.92953378643767
651,https://www.dov.vlaanderen.be/geonetwork/srv/metadata/5e1146a5-4f72-4e93-a71d-8297d3dfec6c,https://www.dov.vlaanderen.be/geoserver/grondverschuivingen/wms?,,,"{""id"": ""9134"", ""bbox"": [2.7125489339757647, 50.70405644016369, 4.23772263154259, 50.92953378643767, ""CRS:84""], ""name"": ""grndversch_gekarteerd"", ""title"": ""Gekarteerde grondverschuivingen"", ""crs3857"": true, ""crs4326"": true, ""abstract"": ""De kaart bevat een zo volledig mogelijke inventaris van in het landschap waarneembare grondverschuivingen in een studiegebied gelegen ten westen van Brussel, in het zuiden van de provincies West-Vlaanderen, Oost-Vlaanderen en Vlaams-Brabant. Het betreft zowel zeer oude, in het landschap geïntegreerde grondverschuivingen van post-glaciale oorsprong als relatief jonge grondverschuivingen waarvan de initiatiedatum (soms bij benadering) gekend is. De 'jonge' grondverschuivingen kunnen ontstaan zijn binnen een grotere, oude grondverschuiving (local reactivering) of op een onaangetaste (niet in het verleden door grondverschuiving aangetaste) locatie. De meeste grondverschuivngen zijn nog steeds onderhevig aan beweging, zichtbaar aan bijvoorbeeld scheefgestelde bomen. De kartering van de grondverschuivingen gebeurde door een combinatie van terreinprospectie en analyse van schaduwkaarten die werden afgeleid van het digitaal hoogtemodel op basis van laserscanning of LIDAR (Light Detection and Ranging; OC GIS-Vlaanderen, 2005)."", ""keywords"": [""Gebieden met natuurrisico's"", ""ondergrond"", ""Regionaal"", ""Herbruikbaar"", ""Kosteloos"", ""Vlaamse Open data"", ""Toegevoegd GDI-Vl"", ""Metadata GDI-Vl-conform"", ""Metadata INSPIRE-conform"", ""DOV"", ""Vlaanderen"", ""Ondergrond"", ""Databank Ondergrond Vlaanderen"", ""Departement Omgeving"", ""DOV_PATHNAME@001#DOV:080#Grondverschuivingen:020#"", ""DOV_EXPERTISE@Bodem"", ""DOV_EXPERTISE@Geotechniek""], ""layer_name"": ""grndversch_gekarteerd"", ""description"": ""WMS-endpoint Gekarteerde grondverschuivingen"", ""service_type"": ""wms"", ""metadata_urls"": [""https://www.dov.vlaanderen.be/geonetwork#/metadata/5e1146a5-4f72-4e93-a71d-8297d3dfec6c"", ""https://www.dov.vlaanderen.be/geonetwork/srv/dut/csw?Service=CSW&Request=GetRecordById&Version=2.0.2&outputSchema=http://www.isotc211.org/2005/gmd&elementSetName=full&id=5e1146a5-4f72-4e93-a71d-8297d3dfec6c""]}",spatial-extractor,2026-06-21 18:31:42.851 +0300,"[2.7125489339757647, 50.70405644016369, 4.23772263154259, 50.92953378643767]",CRS:84,ok,2.7125489339757647,50.70405644016369,4.23772263154259,50.92953378643767
1008,5c129f2d-4498-4bc3-8860-01cb2d513f8f,https://www.dov.vlaanderen.be/geoserver/bodemkaart/wms?SERVICE=WMS&version=1.3.0&request=GetMap,,,"{""id"": ""47577"", ""bbox"": [2.5285590909401936, 50.67393051415159, 5.935371601406674, 51.50548166406281, ""CRS:84""], ""name"": ""bodemtypes"", ""title"": ""Digitale bodemkaart van het Vlaams Gewest: bodemtypes"", ""crs3857"": true, ""crs4326"": true, ""abstract"": ""https://www.dov.vlaanderen.be/page/bodemkaarten\r\nDigitale vectoriële dataset van de analoge Bodemkaart van België voor het grondgebied van Vlaanderen.\r\nAlle kaartelementen van de analoge kaarten (gepubliceerd op kaartschaal 1: 20 000) zijn zorgvuldig manueel gedigitaliseerd en voorzien van een code, overeenkomstig het gebruikte classificatiesysteem: morfogenetisch voor binnen-Vlaanderen (substraat, textuurklasse, drainageklasse, profielontwikkelingsgroep, fase en variante) en geomorfologisch voor de Kuststreek (substraat, serie, subserie, type, subtype en variante).\r\nDe digitale versie van de bodemkaart is vrijwel systematisch gecontroleerd t.o.v. de analoge bodemkaarten. De polygonen werden ingekleurd zoals op de analoge bodemkaart. Waar beschikbaar zijn voor elk bodemtype de algemene kenmerken  (Van Ranst E. en Sys C., 2000) en foto's van een representatief bodemprofiel en representatieve omgevingen weergegeven. Tenslotte bestaat voor elke polygoon de mogelijkheid om de scan van het analoge bodemkaartblad, het toelichtingsboekje en de basiskaarten op schaal 1:5000 op te roepen.\r\nDeze dataset is omwille van de visualisatie onderverdeeld in 5 kaartlagen bij publicatie in de bodemverkenner: bodemtypes, substraten, fasen, varianten van het moedermateriaal en de profielontwikkeling. De kaartlaag met de bodemtypes bevat ook al de attributen van de andere kaartlagen. De bodemkaart werd in juni 2017 geupdate met enkele militaire domeinen en een unibodemtype voor de classficatie van de zeepolders en verschillende fouten werden verbeterd."", ""keywords"": [""Bodem"", ""ondergrond"", ""bodemkaart"", ""bodemtextuur"", ""bodemprofiel"", ""Regionaal"", ""Herbruikbaar"", ""Kosteloos"", ""Vlaamse Open data"", ""Toegevoegd GDI-Vl"", ""Metadata GDI-Vl-conform"", ""Metadata INSPIRE-conform"", ""DOV"", ""Vlaanderen"", ""Ondergrond"", ""Databank Ondergrond Vlaanderen"", ""Departement Omgeving"", ""VARIANTE VAN HET MOEDERMATERIAAL"", ""VARIANTE VAN DE PROFIELONTWIKKELING"", ""LANDBOUWSTREEK"", ""GEOMORFOLOGISCHE"", ""MORFOGENETISCH"", ""KUSTSTREEK"", ""BODEMTYPE"", ""DOV_PATHNAME@001#DOV:010#Bodem:020#Bodemkaarten:020#Bodemkaart (1/20.000):010#"", ""DOV_EXPERTISE@Bodem"", ""DOV_EXPERTISE@Delfstoffen"", ""DOV_EXPERTISE@Freatisch grondwater"", ""DOV_EXPERTISE@CTE"", ""DOV_EXPERTISE@Bodemverontreiniging""], ""layer_name"": ""bodemtypes"", ""description"": ""WMS-map Digitale bodemkaart van het Vlaams Gewest: bodemtypes"", ""service_type"": ""wms"", ""metadata_urls"": [""https://www.dov.vlaanderen.be/geonetwork#/metadata/a1547a01-b9fc-40fa-a2eb-009a39c02c7b"", ""https://www.dov.vlaanderen.be/geonetwork/srv/dut/csw?Service=CSW&Request=GetRecordById&Version=2.0.2&outputSchema=http://www.isotc211.org/2005/gmd&elementSetName=full&id=a1547a01-b9fc-40fa-a2eb-009a39c02c7b""]}",spatial-extractor,2026-06-21 18:41:32.382 +0300,"[2.5285590909401936, 50.67393051415159, 5.935371601406674, 51.50548166406281]",CRS:84,ok,2.5285590909401936,50.67393051415159,5.935371601406674,51.50548166406281
696,https://www.dov.vlaanderen.be/geonetwork/srv/metadata/3f507fd9-24c0-40ab-9328-29f0dff571fe,https://www.dov.vlaanderen.be/geoserver/bodem/wms?SERVICE=WMS&version=1.3.0&request=GetMap,,,"{""id"": ""9463"", ""bbox"": [2.5510946173653575, 50.52759259442094, 5.868244646565843, 51.45249900318474, ""CRS:84""], ""name"": ""bodemlocaties"", ""title"": ""Bodemlocaties"", ""crs3857"": true, ""crs4326"": true, ""abstract"": ""Een bodemlocatie is ofwel een profielput of een boring. Een boring is altijd één puntlocatie (x,y,z) en een profielput heeft minimum één en maximum twee puntlocaties (begin- en eindpunt van de profielput). \r\nEen profielput is een uitgegraven put in de bodem waarin profielbeschrijvingen, monsternames of bodemobservaties worden uitgevoerd. Een profielbeschrijving is een waarneming van bodemhorizonten en/of bodemlagen in een uitgegraven profielput. Een bodemhorizont is een visueel te onderscheiden deel van de bodem dat ontstaan is door omzetting van het moedermateriaal door pedogenetische processen of door het afzetten van organisch materiaal. Een bodemhorizont heeft voor de meeste bodemvariabelen homogene morfologische en analytische karakteristieken. Een bodemlaag daarentegen is ontstaan door niet-pedogenetische processen. Aan de hand van een profielput krijg je een beeld van de bodemkundige opbouw.\r\nEen boring is het resultaat van het boren in de ondergrond met verwijdering van bodem door middel van een gereedschap in de vorm van een holle buis. Aan de hand van dit opgeboorde bodemmateriaal worden bodembeschrijvingen, bodemobservaties en monsternames uitgevoerd.\r\nDe bodemlocaties uit de 'Aardewerk-Vlaanderen-2010' databank worden afzonderlijk ontsloten in de datasets 'Bodemprofielen kartering Belgische bodemkaart' en 'Oppervlaktemonsters kartering Belgische bodemkaart'."", ""keywords"": [""Bodem"", ""Bodemgebruik"", ""ondergrond"", ""bodemkaart"", ""bodemtextuur"", ""bodemprofiel"", ""bodemanalyse"", ""bodembiologie"", ""bodemchemie"", ""bodemkunde"", ""bodemkunde"", ""bodemlaag"", ""bodemproces"", ""bodemstructuur"", ""bodemvorming"", ""bodemdaling"", ""bodemdegradatie"", ""bodemerosie"", ""bodemfunctie"", ""bodemgebruik"", ""bodemgesteldheid"", ""bodemkwaliteit"", ""bodemlucht"", ""bodemorganisme"", ""bodemverdichting"", ""bodemverzuring"", ""bodemvocht"", ""bodemvochthuishouding"", ""bodemvruchtbaarheid"", ""doorsijpeling van water in de bodem"", ""Regionaal"", ""Herbruikbaar"", ""Kosteloos"", ""Vlaamse Open data"", ""Toegevoegd GDI-Vl"", ""Metadata GDI-Vl-conform"", ""Metadata INSPIRE-conform"", ""DOV"", ""Vlaanderen"", ""Ondergrond"", ""Databank Ondergrond Vlaanderen"", ""Departement Omgeving"", ""Profielput"", ""Bodemprofielgegevens"", ""DOV_PATHNAME@001#DOV:010#Bodem:010#Bodemdata:020#"", ""DOV_EXPERTISE@Bodem"", ""DOV_EXPERTISE@Delfstoffen""], ""layer_name"": ""bodemlocaties"", ""description"": ""WMS-map Bodemlocaties"", ""service_type"": ""wms"", ""metadata_urls"": [""https://www.dov.vlaanderen.be/geonetwork#/metadata/3f507fd9-24c0-40ab-9328-29f0dff571fe"", ""https://www.dov.vlaanderen.be/geonetwork/srv/dut/csw?Service=CSW&Request=GetRecordById&Version=2.0.2&outputSchema=http://www.isotc211.org/2005/gmd&elementSetName=full&id=3f507fd9-24c0-40ab-9328-29f0dff571fe""]}",spatial-extractor,2026-06-21 18:32:33.361 +0300,"[2.5510946173653575, 50.52759259442094, 5.868244646565843, 51.45249900318474]",CRS:84,ok,2.5510946173653575,50.52759259442094,5.868244646565843,51.45249900318474
697,https://www.dov.vlaanderen.be/geonetwork/srv/metadata/3f507fd9-24c0-40ab-9328-29f0dff571fe,https://www.dov.vlaanderen.be/geoserver/bodem/wms?,,,"{""id"": ""9464"", ""bbox"": [2.5510946173653575, 50.52759259442094, 5.868244646565843, 51.45249900318474, ""CRS:84""], ""name"": ""bodemlocaties"", ""title"": ""Bodemlocaties"", ""crs3857"": true, ""crs4326"": true, ""abstract"": ""Een bodemlocatie is ofwel een profielput of een boring. Een boring is altijd één puntlocatie (x,y,z) en een profielput heeft minimum één en maximum twee puntlocaties (begin- en eindpunt van de profielput). \r\nEen profielput is een uitgegraven put in de bodem waarin profielbeschrijvingen, monsternames of bodemobservaties worden uitgevoerd. Een profielbeschrijving is een waarneming van bodemhorizonten en/of bodemlagen in een uitgegraven profielput. Een bodemhorizont is een visueel te onderscheiden deel van de bodem dat ontstaan is door omzetting van het moedermateriaal door pedogenetische processen of door het afzetten van organisch materiaal. Een bodemhorizont heeft voor de meeste bodemvariabelen homogene morfologische en analytische karakteristieken. Een bodemlaag daarentegen is ontstaan door niet-pedogenetische processen. Aan de hand van een profielput krijg je een beeld van de bodemkundige opbouw.\r\nEen boring is het resultaat van het boren in de ondergrond met verwijdering van bodem door middel van een gereedschap in de vorm van een holle buis. Aan de hand van dit opgeboorde bodemmateriaal worden bodembeschrijvingen, bodemobservaties en monsternames uitgevoerd.\r\nDe bodemlocaties uit de 'Aardewerk-Vlaanderen-2010' databank worden afzonderlijk ontsloten in de datasets 'Bodemprofielen kartering Belgische bodemkaart' en 'Oppervlaktemonsters kartering Belgische bodemkaart'."", ""keywords"": [""Bodem"", ""Bodemgebruik"", ""ondergrond"", ""bodemkaart"", ""bodemtextuur"", ""bodemprofiel"", ""bodemanalyse"", ""bodembiologie"", ""bodemchemie"", ""bodemkunde"", ""bodemkunde"", ""bodemlaag"", ""bodemproces"", ""bodemstructuur"", ""bodemvorming"", ""bodemdaling"", ""bodemdegradatie"", ""bodemerosie"", ""bodemfunctie"", ""bodemgebruik"", ""bodemgesteldheid"", ""bodemkwaliteit"", ""bodemlucht"", ""bodemorganisme"", ""bodemverdichting"", ""bodemverzuring"", ""bodemvocht"", ""bodemvochthuishouding"", ""bodemvruchtbaarheid"", ""doorsijpeling van water in de bodem"", ""Regionaal"", ""Herbruikbaar"", ""Kosteloos"", ""Vlaamse Open data"", ""Toegevoegd GDI-Vl"", ""Metadata GDI-Vl-conform"", ""Metadata INSPIRE-conform"", ""DOV"", ""Vlaanderen"", ""Ondergrond"", ""Databank Ondergrond Vlaanderen"", ""Departement Omgeving"", ""Profielput"", ""Bodemprofielgegevens"", ""DOV_PATHNAME@001#DOV:010#Bodem:010#Bodemdata:020#"", ""DOV_EXPERTISE@Bodem"", ""DOV_EXPERTISE@Delfstoffen""], ""layer_name"": ""bodemlocaties"", ""description"": ""WMS-endpoint Bodemlocaties"", ""service_type"": ""wms"", ""metadata_urls"": [""https://www.dov.vlaanderen.be/geonetwork#/metadata/3f507fd9-24c0-40ab-9328-29f0dff571fe"", ""https://www.dov.vlaanderen.be/geonetwork/srv/dut/csw?Service=CSW&Request=GetRecordById&Version=2.0.2&outputSchema=http://www.isotc211.org/2005/gmd&elementSetName=full&id=3f507fd9-24c0-40ab-9328-29f0dff571fe""]}",spatial-extractor,2026-06-21 18:32:34.636 +0300,"[2.5510946173653575, 50.52759259442094, 5.868244646565843, 51.45249900318474]",CRS:84,ok,2.5510946173653575,50.52759259442094,5.868244646565843,51.45249900318474
698,https://www.dov.vlaanderen.be/geonetwork/srv/metadata/bf8c35ad-ab45-4084-b1e1-3042c66204aa,https://www.dov.vlaanderen.be/geoserver/organische_koolstof/wms?SERVICE=WMS&version=1.3.0&request=GetCapabilities,,,"{""id"": ""9468"", ""bbox"": [2.523964636359352, 49.48428532976214, 6.458202921273839, 51.51446381540252, ""CRS:84""], ""name"": ""carbon_40"", ""title"": ""Soil Organic Carbon Stock Maps for Belgium: mean (40 m grid)"", ""crs3857"": true, ""crs4326"": true, ""abstract"": ""The Belgian soil organic carbon (SOC) stock map for topsoils (0-30 cm) at the resolution of 40m x 40m was composed of 2 regional SOC stock maps. For the regional maps a different approach was used for agricultural land as compared to forest. The maps are based on digital soil mapping approaches using empirical models calibrated to predict the SOC stock and using covariates that are available at a sufficient resolution at the regional scale. All maps are strongly dependent on the Belgian Soil Map (texture and drainage parameters). The regional maps were compiled at a fine resolution (10m x 10m grid cells for Flanders and 40m x 40m grid cells for Wallonia). Next they were joined (40m x 40m grid cells). The regional maps for Flanders were scaled up tot the 40m x 40m grid of Wallonia.  \r\nGiven the different origin of the individual maps, the uncertainty varies between maps. For instance, a map of the 90% confidence interval of the SOC stocks was produced for agricultural soils in Wallonia based on a Monte Carlo Approach taking into account both the measurement and the model uncertainties. For Flemish forest soils, spatial and analytical uncertainties were taken into account using bootstrapping techniques. For Flemish agricultural soils, the uncertainty reported is the model uncertainty on point estimates for each data point, in which the estimated model parameters are simulated 1000 times as being independent normal distributed variables using their model estimation and standard error as distribution parameters. No additional uncertainty is taken into account for the conversion functions that use the stochastic variables \""bulk density\"". The metadata are available and allow assessing the uncertainties of the stock estimates in the different component maps.\r\nThe SOC stock map (resolution of 40m x 40m) is the first comprehensive map for Belgium integrating grasslands, croplands and forests. Based on this map another SOC stock map at a resolution of 1km x 1km in the coordinate reference system WGS84 was created."", ""keywords"": [""Bodem"", ""ondergrond"", ""landbouw"", ""koolstof"", ""totaal aan organische koolstof"", ""grasland"", ""akker"", ""bos"", ""bos"", ""Regionaal"", ""Herbruikbaar"", ""Kosteloos"", ""Vlaamse Open data"", ""Toegevoegd GDI-Vl"", ""Metadata GDI-Vl-conform"", ""Metadata INSPIRE-conform"", ""Lijst M&R INSPIRE"", ""DOV"", ""Vlaanderen"", ""Ondergrond"", ""Databank Ondergrond Vlaanderen"", ""Departement Omgeving"", ""Aardobservatie en milieu"", ""Bodem"", ""HVD"", ""DOV_EXPERTISE@Bodem""], ""layer_name"": ""carbon_40"", ""description"": ""WMS-capabilities Soil Organic Carbon Stock Maps for Belgium: mean (40 m grid)"", ""service_type"": ""wms"", ""metadata_urls"": [""https://www.dov.vlaanderen.be/geonetwork#/metadata/bf8c35ad-ab45-4084-b1e1-3042c66204aa"", ""https://www.dov.vlaanderen.be/geonetwork/srv/dut/csw?Service=CSW&Request=GetRecordById&Version=2.0.2&outputSchema=http://www.isotc211.org/2005/gmd&elementSetName=full&id=bf8c35ad-ab45-4084-b1e1-3042c66204aa""]}",spatial-extractor,2026-06-21 18:32:37.455 +0300,"[2.523964636359352, 49.48428532976214, 6.458202921273839, 51.51446381540252]",CRS:84,ok,2.523964636359352,49.48428532976214,6.458202921273839,51.51446381540252
699,https://www.dov.vlaanderen.be/geonetwork/srv/metadata/bf8c35ad-ab45-4084-b1e1-3042c66204aa,https://www.dov.vlaanderen.be/geoserver/organische_koolstof/wms?SERVICE=WMS&version=1.3.0&request=GetMap,,,"{""id"": ""9470"", ""bbox"": [2.523964636359352, 49.48428532976214, 6.458202921273839, 51.51446381540252, ""CRS:84""], ""name"": ""carbon_40"", ""title"": ""Soil Organic Carbon Stock Maps for Belgium: mean (40 m grid)"", ""crs3857"": true, ""crs4326"": true, ""abstract"": ""The Belgian soil organic carbon (SOC) stock map for topsoils (0-30 cm) at the resolution of 40m x 40m was composed of 2 regional SOC stock maps. For the regional maps a different approach was used for agricultural land as compared to forest. The maps are based on digital soil mapping approaches using empirical models calibrated to predict the SOC stock and using covariates that are available at a sufficient resolution at the regional scale. All maps are strongly dependent on the Belgian Soil Map (texture and drainage parameters). The regional maps were compiled at a fine resolution (10m x 10m grid cells for Flanders and 40m x 40m grid cells for Wallonia). Next they were joined (40m x 40m grid cells). The regional maps for Flanders were scaled up tot the 40m x 40m grid of Wallonia.  \r\nGiven the different origin of the individual maps, the uncertainty varies between maps. For instance, a map of the 90% confidence interval of the SOC stocks was produced for agricultural soils in Wallonia based on a Monte Carlo Approach taking into account both the measurement and the model uncertainties. For Flemish forest soils, spatial and analytical uncertainties were taken into account using bootstrapping techniques. For Flemish agricultural soils, the uncertainty reported is the model uncertainty on point estimates for each data point, in which the estimated model parameters are simulated 1000 times as being independent normal distributed variables using their model estimation and standard error as distribution parameters. No additional uncertainty is taken into account for the conversion functions that use the stochastic variables \""bulk density\"". The metadata are available and allow assessing the uncertainties of the stock estimates in the different component maps.\r\nThe SOC stock map (resolution of 40m x 40m) is the first comprehensive map for Belgium integrating grasslands, croplands and forests. Based on this map another SOC stock map at a resolution of 1km x 1km in the coordinate reference system WGS84 was created."", ""keywords"": [""Bodem"", ""ondergrond"", ""landbouw"", ""koolstof"", ""totaal aan organische koolstof"", ""grasland"", ""akker"", ""bos"", ""bos"", ""Regionaal"", ""Herbruikbaar"", ""Kosteloos"", ""Vlaamse Open data"", ""Toegevoegd GDI-Vl"", ""Metadata GDI-Vl-conform"", ""Metadata INSPIRE-conform"", ""Lijst M&R INSPIRE"", ""DOV"", ""Vlaanderen"", ""Ondergrond"", ""Databank Ondergrond Vlaanderen"", ""Departement Omgeving"", ""Aardobservatie en milieu"", ""Bodem"", ""HVD"", ""DOV_EXPERTISE@Bodem""], ""layer_name"": ""carbon_40"", ""description"": ""WMS-map Soil Organic Carbon Stock Maps for Belgium: mean (40 m grid)"", ""service_type"": ""wms"", ""metadata_urls"": [""https://www.dov.vlaanderen.be/geonetwork#/metadata/bf8c35ad-ab45-4084-b1e1-3042c66204aa"", ""https://www.dov.vlaanderen.be/geonetwork/srv/dut/csw?Service=CSW&Request=GetRecordById&Version=2.0.2&outputSchema=http://www.isotc211.org/2005/gmd&elementSetName=full&id=bf8c35ad-ab45-4084-b1e1-3042c66204aa""]}",spatial-extractor,2026-06-21 18:32:38.397 +0300,"[2.523964636359352, 49.48428532976214, 6.458202921273839, 51.51446381540252]",CRS:84,ok,2.523964636359352,49.48428532976214,6.458202921273839,51.51446381540252
700,https://www.dov.vlaanderen.be/geonetwork/srv/metadata/bf8c35ad-ab45-4084-b1e1-3042c66204aa,https://www.dov.vlaanderen.be/geoserver/organische_koolstof/wms?,,,"{""id"": ""9471"", ""bbox"": [2.523964636359352, 49.48428532976214, 6.458202921273839, 51.51446381540252, ""CRS:84""], ""name"": ""carbon_40"", ""title"": ""Soil Organic Carbon Stock Maps for Belgium: mean (40 m grid)"", ""crs3857"": true, ""crs4326"": true, ""abstract"": ""The Belgian soil organic carbon (SOC) stock map for topsoils (0-30 cm) at the resolution of 40m x 40m was composed of 2 regional SOC stock maps. For the regional maps a different approach was used for agricultural land as compared to forest. The maps are based on digital soil mapping approaches using empirical models calibrated to predict the SOC stock and using covariates that are available at a sufficient resolution at the regional scale. All maps are strongly dependent on the Belgian Soil Map (texture and drainage parameters). The regional maps were compiled at a fine resolution (10m x 10m grid cells for Flanders and 40m x 40m grid cells for Wallonia). Next they were joined (40m x 40m grid cells). The regional maps for Flanders were scaled up tot the 40m x 40m grid of Wallonia.  \r\nGiven the different origin of the individual maps, the uncertainty varies between maps. For instance, a map of the 90% confidence interval of the SOC stocks was produced for agricultural soils in Wallonia based on a Monte Carlo Approach taking into account both the measurement and the model uncertainties. For Flemish forest soils, spatial and analytical uncertainties were taken into account using bootstrapping techniques. For Flemish agricultural soils, the uncertainty reported is the model uncertainty on point estimates for each data point, in which the estimated model parameters are simulated 1000 times as being independent normal distributed variables using their model estimation and standard error as distribution parameters. No additional uncertainty is taken into account for the conversion functions that use the stochastic variables \""bulk density\"". The metadata are available and allow assessing the uncertainties of the stock estimates in the different component maps.\r\nThe SOC stock map (resolution of 40m x 40m) is the first comprehensive map for Belgium integrating grasslands, croplands and forests. Based on this map another SOC stock map at a resolution of 1km x 1km in the coordinate reference system WGS84 was created."", ""keywords"": [""Bodem"", ""ondergrond"", ""landbouw"", ""koolstof"", ""totaal aan organische koolstof"", ""grasland"", ""akker"", ""bos"", ""bos"", ""Regionaal"", ""Herbruikbaar"", ""Kosteloos"", ""Vlaamse Open data"", ""Toegevoegd GDI-Vl"", ""Metadata GDI-Vl-conform"", ""Metadata INSPIRE-conform"", ""Lijst M&R INSPIRE"", ""DOV"", ""Vlaanderen"", ""Ondergrond"", ""Databank Ondergrond Vlaanderen"", ""Departement Omgeving"", ""Aardobservatie en milieu"", ""Bodem"", ""HVD"", ""DOV_EXPERTISE@Bodem""], ""layer_name"": ""carbon_40"", ""description"": ""WMS-endpoint Soil Organic Carbon Stock Maps for Belgium: mean (40 m grid)"", ""service_type"": ""wms"", ""metadata_urls"": [""https://www.dov.vlaanderen.be/geonetwork#/metadata/bf8c35ad-ab45-4084-b1e1-3042c66204aa"", ""https://www.dov.vlaanderen.be/geonetwork/srv/dut/csw?Service=CSW&Request=GetRecordById&Version=2.0.2&outputSchema=http://www.isotc211.org/2005/gmd&elementSetName=full&id=bf8c35ad-ab45-4084-b1e1-3042c66204aa""]}",spatial-extractor,2026-06-21 18:32:39.004 +0300,"[2.523964636359352, 49.48428532976214, 6.458202921273839, 51.51446381540252]",CRS:84,ok,2.523964636359352,49.48428532976214,6.458202921273839,51.51446381540252
760,Subsoil-Carbonate-Content-50k,https://map.bgs.ac.uk/arcgis/services/UKSO/UKSO_BGS/MapServer/WMSServer?,,,"{""id"": ""9824"", ""bbox"": [-8.349305, 49.84624, 2.705428, 60.872383, ""CRS:84""], ""name"": ""Parent.Material.Parent.calcareous.content"", ""title"": ""GBR BGS Parent Material Parent carbonate content"", ""crs3857"": true, ""crs4326"": true, ""abstract"": ""The Parent Material Carbonate Content classification is based on expert judgment of the likely content of CaCO3 in the total rock-mass of each parent material. Note that the map uses combinations of terms that refer to: High, Moderate, Low and Variable calcium carbonate content. As a rule of thumb, these categories are based on the bulk mineralogy of the parent material. For example, high carbonate content would be expected for a chalk or limestone parent material type; low carbonate content would be representative of weakly, calcite-cemented sandstone. The term variable is used where the parent material comprises two or more distinct lithologies e.g. interbedded limestone and mudstone where it is not possible to clearly identify the precise parent type at any given location. Users should note that land management practices and natural weathering processes of parent materials play a significant role in controlling carbonate content (it has not been possible to factor in these influences within the scope of this dataset) and so the classes shown in this dataset should be regarded as wholly 'indicative'."", ""keywords"": [""Map"", ""Geology"", ""Soil"", ""Parent material"", ""Calcareous content"", ""pH"", ""OneGeology"", ""continent@Europe"", ""subcontinent@Northern Europe"", ""geographicarea@United Kingdom of Great Britain and Northern Ireland"", ""dataprovider@British Geological Survey"", ""serviceprovider@British Geological Survey"", ""DS_TOPIC@geoscientificinformation"", ""DS_DATE@2022"", ""thematic@Soil"", ""thematic@Pedology""], ""layer_name"": ""Parent.Material.Parent.calcareous.content"", ""description"": ""NULL"", ""service_type"": ""wms"", ""metadata_urls"": [""https://metadata.bgs.ac.uk/geonetwork/srv/eng/csw?SERVICE=CSW&REQUEST=GetRecordById&ID=9df8df52-d6bd-37a8-e044-0003ba9b0d98&elementSetName=full&OutputSchema=http://www.isotc211.org/2005/gmd&version=2.0.2""]}",spatial-extractor,2026-06-21 18:33:58.827 +0300,"[-8.349305, 49.84624, 2.705428, 60.872383]",CRS:84,ok,-8.349305,49.84624,2.705428,60.872383
1009,5c129f2d-4498-4bc3-8860-01cb2d513f8f,https://www.dov.vlaanderen.be/geoserver/bodemkaart/wms?,,,"{""id"": ""47578"", ""bbox"": [2.5285590909401936, 50.67393051415159, 5.935371601406674, 51.50548166406281, ""CRS:84""], ""name"": ""bodemtypes"", ""title"": ""Digitale bodemkaart van het Vlaams Gewest: bodemtypes"", ""crs3857"": true, ""crs4326"": true, ""abstract"": ""https://www.dov.vlaanderen.be/page/bodemkaarten\r\nDigitale vectoriële dataset van de analoge Bodemkaart van België voor het grondgebied van Vlaanderen.\r\nAlle kaartelementen van de analoge kaarten (gepubliceerd op kaartschaal 1: 20 000) zijn zorgvuldig manueel gedigitaliseerd en voorzien van een code, overeenkomstig het gebruikte classificatiesysteem: morfogenetisch voor binnen-Vlaanderen (substraat, textuurklasse, drainageklasse, profielontwikkelingsgroep, fase en variante) en geomorfologisch voor de Kuststreek (substraat, serie, subserie, type, subtype en variante).\r\nDe digitale versie van de bodemkaart is vrijwel systematisch gecontroleerd t.o.v. de analoge bodemkaarten. De polygonen werden ingekleurd zoals op de analoge bodemkaart. Waar beschikbaar zijn voor elk bodemtype de algemene kenmerken  (Van Ranst E. en Sys C., 2000) en foto's van een representatief bodemprofiel en representatieve omgevingen weergegeven. Tenslotte bestaat voor elke polygoon de mogelijkheid om de scan van het analoge bodemkaartblad, het toelichtingsboekje en de basiskaarten op schaal 1:5000 op te roepen.\r\nDeze dataset is omwille van de visualisatie onderverdeeld in 5 kaartlagen bij publicatie in de bodemverkenner: bodemtypes, substraten, fasen, varianten van het moedermateriaal en de profielontwikkeling. De kaartlaag met de bodemtypes bevat ook al de attributen van de andere kaartlagen. De bodemkaart werd in juni 2017 geupdate met enkele militaire domeinen en een unibodemtype voor de classficatie van de zeepolders en verschillende fouten werden verbeterd."", ""keywords"": [""Bodem"", ""ondergrond"", ""bodemkaart"", ""bodemtextuur"", ""bodemprofiel"", ""Regionaal"", ""Herbruikbaar"", ""Kosteloos"", ""Vlaamse Open data"", ""Toegevoegd GDI-Vl"", ""Metadata GDI-Vl-conform"", ""Metadata INSPIRE-conform"", ""DOV"", ""Vlaanderen"", ""Ondergrond"", ""Databank Ondergrond Vlaanderen"", ""Departement Omgeving"", ""VARIANTE VAN HET MOEDERMATERIAAL"", ""VARIANTE VAN DE PROFIELONTWIKKELING"", ""LANDBOUWSTREEK"", ""GEOMORFOLOGISCHE"", ""MORFOGENETISCH"", ""KUSTSTREEK"", ""BODEMTYPE"", ""DOV_PATHNAME@001#DOV:010#Bodem:020#Bodemkaarten:020#Bodemkaart (1/20.000):010#"", ""DOV_EXPERTISE@Bodem"", ""DOV_EXPERTISE@Delfstoffen"", ""DOV_EXPERTISE@Freatisch grondwater"", ""DOV_EXPERTISE@CTE"", ""DOV_EXPERTISE@Bodemverontreiniging""], ""layer_name"": ""bodemtypes"", ""description"": ""WMS-endpoint Digitale bodemkaart van het Vlaams Gewest: bodemtypes"", ""service_type"": ""wms"", ""metadata_urls"": [""https://www.dov.vlaanderen.be/geonetwork#/metadata/a1547a01-b9fc-40fa-a2eb-009a39c02c7b"", ""https://www.dov.vlaanderen.be/geonetwork/srv/dut/csw?Service=CSW&Request=GetRecordById&Version=2.0.2&outputSchema=http://www.isotc211.org/2005/gmd&elementSetName=full&id=a1547a01-b9fc-40fa-a2eb-009a39c02c7b""]}",spatial-extractor,2026-06-21 18:41:32.928 +0300,"[2.5285590909401936, 50.67393051415159, 5.935371601406674, 51.50548166406281]",CRS:84,ok,2.5285590909401936,50.67393051415159,5.935371601406674,51.50548166406281
778,93df2c3a-dc9b-4372-9b9b-ad9cb5e18814,https://inspire.lfrz.gv.at/000602/wms?version=1.3.0&request=GetCapabilities,,,"{""id"": ""9906"", ""bbox"": [9.679, 46.457, 16.637, 49.046, ""CRS:84""], ""name"": ""BIOSOIL Austria (SOIL)"", ""title"": ""Soil horizon description"", ""crs3857"": true, ""crs4326"": true, ""abstract"": ""Parameters forming the soil horizon description. The sequence is different from those presented in the FAO guidelines (FAO, 1990). After preparing and cleaning of the profile the sequence of description is as follows:\r\na) delineation and description of te horizon boundaries; b) photographic recordings; c) colour measurements; d) record texture, rock fragments, structure, consistence, porosity, cutans, cementations and nodules; e) roots and other biological activity; f) carbonates, gypsum and salts; g)each horizon is designated one or more horizon symbols and the necessary samples are collected."", ""keywords"": [""soil""], ""layer_name"": ""BIOSOIL Austria (SOIL)"", ""description"": ""Soil horizon description"", ""service_type"": ""wms"", ""metadata_urls"": [""https://discovery.inspire.gv.at/at.lfrz.discoveryservices/srv/ger/csw?service=CSW&request=GetRecordById&version=2.0.2&outputSchema=http%3A%2F%2Fwww.isotc211.org%2F2005%2Fgmd&ElementSetName=full&id=93df2c3a-dc9b-4372-9b9b-ad9cb5e18814""]}",spatial-extractor,2026-06-21 18:34:19.120 +0300,"[9.679, 46.457, 16.637, 49.046]",CRS:84,ok,9.679,46.457,16.637,49.046
783,b0ab02b4-f172-41fb-ade8-cc3c46b322df,https://inspire.lfrz.gv.at/000806/wms?version=1.3.0&request=GetCapabilities,,,"{""id"": ""9916"", ""bbox"": [9.41, 46.358, 17.181, 49.011, ""CRS:84""], ""name"": ""BORIS_2018"", ""title"": ""BORIS_2018"", ""crs3857"": true, ""crs4326"": true, ""abstract"": ""Das Bodeninformationssystem BORIS stellt harmonisierte Bodenqualitätsdaten zu physikalischen, chemischen und biologischen Bodenkennwerten inklusive Information zu Standorten und Bodenprobenahmestellen sowie Profilen bereit. Es stehen Daten für über 10000 Standorte für ganz Österreich zur Verfügung."", ""keywords"": [""Boden""], ""layer_name"": ""BORIS_2018"", ""description"": ""BORIS_2018"", ""service_type"": ""wms"", ""metadata_urls"": [""https://data.inspire.gv.at/b0ab02b4-f172-41fb-ade8-cc3c46b322df""]}",spatial-extractor,2026-06-21 18:34:24.328 +0300,"[9.41, 46.358, 17.181, 49.011]",CRS:84,ok,9.41,46.358,17.181,49.011
795,303ceaa4-9375-4f42-8a00-d091adcd3ae0,https://data.apps.fao.org/map/gsrv/gsrv1/geonetwork/wms,,,"{""id"": ""10026"", ""bbox"": [-17.5833339691162, -47.0, 51.4166679382324, 27.2500019073486, ""CRS:84""], ""name"": ""fs_level_1_2010_56894"", ""title"": ""fs_level_1_2010_56894"", ""crs3857"": true, ""crs4326"": true, ""abstract"": null, ""keywords"": [""features"", ""fs_level_1_2010_56894""], ""layer_name"": ""fs_level_1_2010_56894"", ""description"": ""Africa Farming Systems 2015 Level 1 - Farming Systems for the Africa region at the continental level to capture current spatial extent of systems and provide a basis for updated analysis, trends, issues and strategic priorities for each system."", ""service_type"": ""wms"", ""metadata_urls"": []}",spatial-extractor,2026-06-21 18:34:34.852 +0300,"[-17.5833339691162, -47.0, 51.4166679382324, 27.2500019073486]",CRS:84,ok,-17.5833339691162,-47.0,51.4166679382324,27.2500019073486
796,303ceaa4-9375-4f42-8a00-d091adcd3ae0,https://data.apps.fao.org/map/gsrv/gsrv1/geonetwork/wms?service=WMS,,,"{""id"": ""10027"", ""bbox"": [-17.5833339691162, -47.0, 51.4166679382324, 27.2500019073486, ""CRS:84""], ""name"": ""fs_level_2_2010_56894"", ""title"": ""fs_level_2_2010_56894"", ""crs3857"": true, ""crs4326"": true, ""abstract"": null, ""keywords"": [""features"", ""fs_level_2_2010_56894""], ""layer_name"": ""fs_level_2_2010_56894"", ""description"": ""Africa Farming Systems 2015 Level 2"", ""service_type"": ""wms"", ""metadata_urls"": []}",spatial-extractor,2026-06-21 18:34:36.060 +0300,"[-17.5833339691162, -47.0, 51.4166679382324, 27.2500019073486]",CRS:84,ok,-17.5833339691162,-47.0,51.4166679382324,27.2500019073486
808,1689d1b7-ef22-417a-becd-d8d9a8a90a10,https://service.pdok.nl/kadaster/lc/wms/v1_0?request=GetCapabilities&service=WMS,,,"{""id"": ""10377"", ""bbox"": [50.71447164, 2.35417303, 55.66948102, 7.5553525, ""EPSG:4258""], ""name"": ""Bodemgebruik - Land Cover (INSPIRE geharmoniseerd) WMS"", ""title"": ""LandCoverSurfaces"", ""crs3857"": true, ""crs4326"": true, ""abstract"": ""Bodemgebruik dataset vertegenwoordigt ruimtelijke informatie over verschillende soorten fysieke bedekking van het aardoppervlak, b.v. bossen, graslanden, akkerlanden, water, bebouwd gebied enzovoort. Geharmoniseerd voor INSPIRE."", ""keywords"": [""bodemgebruik"", ""LandCoverUnit""], ""layer_name"": ""LC.LandCoverSurfaces"", ""description"": ""NULL"", ""service_type"": ""wms"", ""metadata_urls"": [""https://www.nationaalgeoregister.nl/geonetwork/srv/dut/csw?service=CSW&version=2.0.2&request=GetRecordById&outputschema=http://www.isotc211.org/2005/gmd&elementsetname=full&id=1689d1b7-ef22-417a-becd-d8d9a8a90a10""]}",spatial-extractor,2026-06-21 18:34:53.178 +0300,"[50.71447164, 2.35417303, 55.66948102, 7.5553525]",EPSG:4258,ok,50.71447164,2.35417303,55.66948102,7.5553525
809,f2f1f877-05f8-4e92-b401-cdc509238e4b,http://data.rivm.nl/geo/ank/wms?,,,"{""id"": ""10381"", ""bbox"": [3.2567917374522644, 50.73439916042575, 7.242411529634361, 53.51851028364233, ""CRS:84""], ""name"": ""altr_a14_ri_bodemctotaal"", ""title"": ""Potentiële bodemkoolstofvastlegging realistisch totaal voor alle maatregelen"", ""crs3857"": true, ""crs4326"": true, ""abstract"": ""Deze kaart laat de realistische potentie voor bodem C vastlegging zien voor een combinatie van alle doorgerekende maatregelen."", ""keywords"": [""vw_altr_a14_ri_bodemctotaal"", ""features""], ""layer_name"": ""altr_a14_ri_bodemctotaal"", ""description"": ""PotentiÃÂ«le bodemkoolstofvastlegging realistisch totaal voor alle maatregelen"", ""service_type"": ""wms"", ""metadata_urls"": [""http://nationaalgeoregister.nl/geonetwork/srv/dut/search#%7C44d77864-928d-46a5-9585-b73315d04834""]}",spatial-extractor,2026-06-21 18:34:56.927 +0300,"[3.2567917374522644, 50.73439916042575, 7.242411529634361, 53.51851028364233]",CRS:84,ok,3.2567917374522644,50.73439916042575,7.242411529634361,53.51851028364233
812,6318009c-7b11-4ab9-9929-735584dfb692,https://service.pdok.nl/cbs/landuse/wms/v1_0?request=GetCapabilities&service=WMS,,,"{""id"": ""10385"", ""bbox"": [3069862.0413491055, 3782104.042497744, 3643881.5519501823, 4167117.3319588923, ""EPSG:3035""], ""name"": ""WMS Existing Land Use NL"", ""title"": ""Existing Land Use objects according to the Hierarchical INSPIRE Land Use Classification System at the most appropriate level"", ""crs3857"": true, ""crs4326"": true, ""abstract"": ""This is the INSPIRE Existing Land Use data set of the Netherlands. It is based on the topographical map of the Netherlands (BRT) and aerial photo's."", ""keywords"": [""Landgebruik"", ""Nationaal"", ""CBS"", ""Bodemgebruik"", ""Land use"", ""Bodemfunctie"", ""BBG"", ""Bebouwing"", ""Wegen"", ""Spoor"", ""Natuur"", ""Vliegveld"", ""Bedrijfsterrein"", ""Bos"", ""Recreatie"", ""Landbouw"", ""Glastuinbouw""], ""layer_name"": ""LU.ExistingLandUse"", ""description"": ""NULL"", ""service_type"": ""wms"", ""metadata_urls"": [""https://www.nationaalgeoregister.nl/geonetwork/srv/dut/csw?service=CSW&version=2.0.2&request=GetRecordById&outputschema=http://www.isotc211.org/2005/gmd&elementsetname=full&id=6318009c-7b11-4ab9-9929-735584dfb692""]}",spatial-extractor,2026-06-21 18:35:01.738 +0300,"[3069862.0413491055, 3782104.042497744, 3643881.5519501823, 4167117.3319588923]",EPSG:3035,ok,3069862.0413491055,3782104.042497744,3643881.5519501823,4167117.3319588923
813,d9bf1ce1-5197-409e-b19e-340e50afafc4,https://service.pdok.nl/cbs/bestandbodemgebruik/2017/wms/v1_0?request=getCapabilities&service=WMS,,,"{""id"": ""10390"", ""bbox"": [-59188.44333693248, 304984.64144318487, 308126.88473339565, 858328.516489961, ""EPSG:28992""], ""name"": ""bestandbodemgebruik_2017_hoofdgroep"", ""title"": ""Bestand Bodemgebruik 2017 hoofdgroep"", ""crs3857"": true, ""crs4326"": true, ""abstract"": ""Het Bestand Bodemgebruik 2017 bevat digitale geometrie van het bodemgebruik in Nederland. Voorbeelden van het bodemgebruik zijn verkeersterreinen, bebouwing, recreatieterreinen en binnen- en buitenwater. De begrenzingen zijn voor een groot deel gebaseerd op de Top10NL (BRT). Bij het interpreteren zijn luchtfoto's leidend. De gegevens zijn ingewonnen in de zomer van 2017."", ""keywords"": [""Landgebruik"", ""Nationaal"", ""CBS"", ""Bodemgebruik"", ""Land use"", ""Bodemfunctie"", ""BBG"", ""Bebouwing"", ""Wegen"", ""Spoor"", ""Natuur"", ""Vliegveld"", ""Bedrijfsterrein"", ""Bos"", ""Recreatie"", ""Landbouw"", ""Glastuinbouw""], ""layer_name"": ""bestandbodemgebruik_2017_hoofdgroep"", ""description"": ""Bestand Bodemgebruik 2017 hoofdgroep"", ""service_type"": ""wms"", ""metadata_urls"": [""https://www.nationaalgeoregister.nl/geonetwork/srv/dut/csw?service=CSW&version=2.0.2&request=GetRecordById&outputschema=http://www.isotc211.org/2005/gmd&elementsetname=full&id=d9bf1ce1-5197-409e-b19e-340e50afafc4""]}",spatial-extractor,2026-06-21 18:35:03.617 +0300,"[-59188.44333693248, 304984.64144318487, 308126.88473339565, 858328.516489961]",EPSG:28992,ok,-59188.44333693248,304984.64144318487,308126.88473339565,858328.516489961
816,1ec5bc2f-a82e-467d-8e22-3e035419db2e,https://opengeodata.zeeland.nl/geoserver/rasters/wms?request=GetCapabilities,,,"{""id"": ""10398"", ""bbox"": [3.2870176953371586, 51.18408540584362, 4.315238015841172, 51.79080295269467, ""CRS:84""], ""name"": ""GEONAM_AKK_BWGSHRST"", ""title"": ""Bodemkundige geschiktheid voor akkerbouw"", ""crs3857"": true, ""crs4326"": true, ""abstract"": ""Bodemkundige geschiktheid voor akkerbouw\r\n\r\nGEONAM_AKK_BWGSHRST"", ""keywords"": [""WCS"", ""GeoTIFF"", ""GEONAM_AKK_BWGSHRST""], ""layer_name"": ""GEONAM_AKK_BWGSHRST"", ""description"": ""Bodemkundige geschiktheid voor akkerbouw"", ""service_type"": ""wms"", ""metadata_urls"": []}",spatial-extractor,2026-06-21 18:35:07.072 +0300,"[3.2870176953371586, 51.18408540584362, 4.315238015841172, 51.79080295269467]",CRS:84,ok,3.2870176953371586,51.18408540584362,4.315238015841172,51.79080295269467
818,264bf251-8c0b-4a7b-aa46-5017ba176ac3,https://opengeodata.zeeland.nl/geoserver/rasters/wms?request=GetCapabilities,,,"{""id"": ""10400"", ""bbox"": [3.2870176953371586, 51.18408540584362, 4.315238015841172, 51.79080295269467, ""CRS:84""], ""name"": ""GEONAM_KLKGHLTLGRST"", ""title"": ""Kalkgehalte toplaag van de bodem"", ""crs3857"": true, ""crs4326"": true, ""abstract"": ""Kalkgehalte toplaag van de bodem\r\n\r\nGEONAM_KLKGHLTLGRST"", ""keywords"": [""WCS"", ""GeoTIFF"", ""GEONAM_KLKGHLTLGRST""], ""layer_name"": ""GEONAM_KLKGHLTLGRST"", ""description"": ""Kalkgehalte toplaag van de bodem"", ""service_type"": ""wms"", ""metadata_urls"": []}",spatial-extractor,2026-06-21 18:35:08.577 +0300,"[3.2870176953371586, 51.18408540584362, 4.315238015841172, 51.79080295269467]",CRS:84,ok,3.2870176953371586,51.18408540584362,4.315238015841172,51.79080295269467
820,aed54b04-03fe-4751-8889-9663f10ce9c4,https://opengeodata.zeeland.nl/geoserver/rasters/wms?request=GetCapabilities,,,"{""id"": ""10402"", ""bbox"": [3.0474793223766397, 50.66939185751831, 7.578157376953769, 53.61112892802615, ""CRS:84""], ""name"": ""GEONAM_ZGRTLGRST"", ""title"": ""Zuurgraad toplaag van de bodem"", ""crs3857"": true, ""crs4326"": true, ""abstract"": ""Zuurgraad toplaag van de bodem\r\n\r\nGEONAM_ZGRTLGRST"", ""keywords"": [""WCS"", ""GeoTIFF"", ""GEONAM_ZGRTLGRST""], ""layer_name"": ""GEONAM_ZGRTLGRST"", ""description"": ""Zuurgraad toplaag van de bodem"", ""service_type"": ""wms"", ""metadata_urls"": []}",spatial-extractor,2026-06-21 18:35:09.947 +0300,"[3.0474793223766397, 50.66939185751831, 7.578157376953769, 53.61112892802615]",CRS:84,ok,3.0474793223766397,50.66939185751831,7.578157376953769,53.61112892802615
822,c149614e-773c-4b56-80bf-cef91f7dc42c,https://opengeodata.zeeland.nl/geoserver/rasters/wms?request=GetCapabilities,,,"{""id"": ""10404"", ""bbox"": [3.2870176953371586, 51.18408540584362, 4.315238015841172, 51.79080295269467, ""CRS:84""], ""name"": ""GEONAM_ORGSTFTLGRST"", ""title"": ""Organische stofgehalte toplaag van de bodem"", ""crs3857"": true, ""crs4326"": true, ""abstract"": ""Organische stofgehalte toplaag van de bodem\r\n\r\nGEONAM_ORGSTFTLGRST"", ""keywords"": [""WCS"", ""GeoTIFF"", ""GEONAM_ORGSTFTLGRST""], ""layer_name"": ""GEONAM_ORGSTFTLGRST"", ""description"": ""Organische stofgehalte toplaag van de bodem"", ""service_type"": ""wms"", ""metadata_urls"": []}",spatial-extractor,2026-06-21 18:35:11.569 +0300,"[3.2870176953371586, 51.18408540584362, 4.315238015841172, 51.79080295269467]",CRS:84,ok,3.2870176953371586,51.18408540584362,4.315238015841172,51.79080295269467
824,431657a6-c438-4fd9-b588-35bc5fec52a2,https://opengeodata.zeeland.nl/geoserver/bodem/wms?request=GetCapabilities,,,"{""id"": ""10406"", ""bbox"": [3.3388413250247515, 51.192238616444385, 4.28157473692115, 51.7629490352523, ""CRS:84""], ""name"": ""geonam_bdmtpskrtvlk"", ""title"": ""Bodemtoepassingskaart"", ""crs3857"": true, ""crs4326"": true, ""abstract"": ""Bodemtoepassingskaart\r\ngeonam_bdmtpskrtvlk"", ""keywords"": [""features"", ""geonam_bdmtpskrtvlk""], ""layer_name"": ""geonam_bdmtpskrtvlk"", ""description"": ""Bodemtoepassingskaart"", ""service_type"": ""wms"", ""metadata_urls"": []}",spatial-extractor,2026-06-21 18:35:13.269 +0300,"[3.3388413250247515, 51.192238616444385, 4.28157473692115, 51.7629490352523]",CRS:84,ok,3.3388413250247515,51.192238616444385,4.28157473692115,51.7629490352523
826,d4608f62-da32-4ee6-b432-386c01871ee1,https://opengeodata.zeeland.nl/geoserver/bodem/wms?request=GetCapabilities,,,"{""id"": ""10408"", ""bbox"": [3.3388413250247515, 51.192238616444385, 4.281610503533325, 51.76294938090279, ""CRS:84""], ""name"": ""geonam_bdmfnckrtvlk"", ""title"": ""Bodemfunctiekaart Zeeland"", ""crs3857"": true, ""crs4326"": true, ""abstract"": ""Bodemfunctiekaart Zeeland\r\n\r\ngeonam_bdmfnckrtvlk"", ""keywords"": [""features"", ""geonam_bdmfnckrtvlk""], ""layer_name"": ""geonam_bdmfnckrtvlk"", ""description"": ""Bodemfunctiekaart Zeeland"", ""service_type"": ""wms"", ""metadata_urls"": []}",spatial-extractor,2026-06-21 18:35:14.763 +0300,"[3.3388413250247515, 51.192238616444385, 4.281610503533325, 51.76294938090279]",CRS:84,ok,3.3388413250247515,51.192238616444385,4.281610503533325,51.76294938090279
878,1f9cac1e-ac71-4007-bec1-bdf979fa4403,https://services.bgr.de/wms/boden/fk10dm1000/?,,,"{""id"": ""43715"", ""bbox"": [5.432722, 46.98339, 15.655428, 55.067148, ""EPSG:4326""], ""name"": ""0"", ""title"": ""FK10DM1000_250 Version 1.0"", ""crs3857"": true, ""crs4326"": true, ""abstract"": ""Die Karte der Wasserspeicherfähigkeit der Böden in Deutschland gibt einen Überblick über die Feldkapazität der Böden bis in 1m Tiefe unter Geländeoberfläche. Als Feldkapazität wird die Wassermenge bezeichnet, die maximal gegen die Schwerkraft im Boden gespeichert werden kann. Nur ein Teil dieser Wassermenge ist pflanzenverfügbar. Die Karte basiert auf der Auswertung der nutzungsdifferenzierten Bodenübersichtskarte 1:1.000.000 (BUEK1000N) und zeigt die klassifizierte Feldkapazität. Die Methode ist in der Bodenkundlichen Kartieranleitung (KA4) und in der Methodendokumentation Bodenkunde der Ad-hoc-AG Boden veröffentlicht. Zur nutzungsabhängigen Differenzierung der Profildaten werden die Landnutzungsdaten CORINE Land Cover 2006 herangezogen."", ""keywords"": [], ""layer_name"": ""0"", ""description"": ""Die Karte der Wasserspeicherfähigkeit der Böden in Deutschland gibt einen Überblick über die Feldkapazität der Böden bis in 1m Tiefe unter Geländeoberfläche. Als Feldkapazität wird die Wassermenge bezeichnet, die maximal gegen die Schwerkraft im Boden gespeichert werden kann. Nur ein Teil dieser Wassermenge ist pflanzenverfügbar. Die Karte basiert auf der Auswertung der nutzungsdifferenzierten Bodenübersichtskarte 1:1.000.000 (BUEK1000N) und zeigt die klassifizierte Feldkapazität. Die Methode ist in der Bodenkundlichen Kartieranleitung (KA4) und in der Methodendokumentation Bodenkunde der Ad-hoc-AG Boden veröffentlicht. Zur nutzungsabhängigen Differenzierung der Profildaten werden die Landnutzungsdaten CORINE Land Cover 2006 herangezogen."", ""service_type"": ""wms"", ""metadata_urls"": [""https://geoportal.bgr.de/smartfindersdi-csw/api?request=GetRecordById&service=CSW&version=2.0.2&outputSchema=http://www.isotc211.org/2005/gmd&elementSetName=full&id=1f9cac1e-ac71-4007-bec1-bdf979fa4403""]}",spatial-extractor,2026-06-21 18:36:47.583 +0300,"[5.432722, 46.98339, 15.655428, 55.067148]",EPSG:4326,ok,5.432722,46.98339,15.655428,55.067148
897,csw,https://service.pdok.nl/tno/bro-bodemkundig-booronderzoek-bodem-geharmoniseerd/wms/v1_0?request=GetCapabilities&service=WMS,,,"{""id"": ""44294"", ""bbox"": [50.71447164, 2.35417303, 55.66948102, 7.5553525, ""EPSG:4258""], ""name"": ""SO.ObservedSoilProfile"", ""title"": ""Observed Soil Profile"", ""crs3857"": true, ""crs4326"": true, ""abstract"": ""Deze dataset bevat de naar INSPIRE thema Bodem geharmoniseerde gegevens over een bodemkundig booronderzoek, die voortkomen uit een bodemkundig georienteerde boring. In veel gevallen bestaat het bodemkundig booronderzoek uit niet meer dan een boormonsterprofiel. In het meest uitgebreide geval omvat het booronderzoek ook de resultaten van boormonsteronderzoek en boorgatmeetgegevens. Het boormonsterprofiel komt tot stand door de samenstelling van de monsters uit een booronderzoek macroscopisch te beschrijven."", ""keywords"": [""Bodem"", ""Nationaal"", ""Bodemkunde"", ""Bodemonderzoek"", ""Bodemprofiel"", ""Boorprofiel"", ""Booronderzoek"", ""Grondonderzoek"", ""soil plot"", ""soil plot location"", ""bore hole"", ""boring"", ""bore hole location"", ""soil profile"", ""profile"", ""soil profile location"", ""trial pit"", ""trial pit location"", ""soil pit""], ""layer_name"": ""SO.ObservedSoilProfile"", ""description"": ""NULL"", ""service_type"": ""wms"", ""metadata_urls"": [""https://www.nationaalgeoregister.nl/geonetwork/srv/dut/csw?service=CSW&version=2.0.2&request=GetRecordById&outputschema=http://www.isotc211.org/2005/gmd&elementsetname=full&id=7891e711-df3b-44df-bc35-81c3856a7efc""]}",spatial-extractor,2026-06-21 18:37:38.313 +0300,"[50.71447164, 2.35417303, 55.66948102, 7.5553525]",EPSG:4258,ok,50.71447164,2.35417303,55.66948102,7.5553525
903,https://www.dov.vlaanderen.be/dataset/c7970c8d-3eaa-42e4-8373-dbdf44f28d34,https://www.dov.vlaanderen.be/geoserver/organische_koolstof/wms?SERVICE=WMS&version=1.3.0&request=GetCapabilities,,,"{""id"": ""44402"", ""bbox"": [2.5469470020000244, 49.48524460835278, 6.403870021900024, 51.51377028725278, ""CRS:84""], ""name"": ""carbon_sd_1000"", ""title"": ""Soil Organic Carbon Stock Maps for Belgium: standard deviation (1 km grid)"", ""crs3857"": true, ""crs4326"": true, ""abstract"": ""The Belgian soil organic carbon (SOC) stock map for topsoils (0-30 cm) was composed of 2 regional SOC stock maps. For the regional maps a different approach was used for agricultural land as compared to forest. The maps are based on digital soil mapping approaches using empirical models calibrated to predict the SOC stock and using covariates that are available at a sufficient resolution at the regional scale. All maps are strongly dependent on the Belgian Soil Map (texture and drainage parameters). The regional maps were compiled at a finer resolution (10m x 10m and 40m x 40m grid cells). Next they were joined (40m x 40m grid cells) and finally scaled up to the required 1 by 1 km grid cells. This was done using the following tools: block statistics (mean), mosaic to new raster (mean), project to raster, block statistics (mean), resample (nearest neighbour) and project raster.\r\nGiven the different origin of the individual maps, the uncertainty varies between maps. For instance, a map of the 90% confidence interval of the SOC stocks was produced for agricultural soils in Wallonia based on a Monte Carlo Approach taking into account both the measurement and the model uncertainties. For Flemish forest soils, spatial and analytical uncertainties were taken into account using bootstrapping techniques. For Flemish agricultural soils, the uncertainty reported is the model uncertainty on point estimates for each data point, in which the estimated model parameters are simulated 1000 times as being independent normal distributed variables using their model estimation and standard error as distribution parameters. No additional uncertainty is taken into account for the conversion functions that use the stochastic variables \""bulk density\"".\r\nThe SOC stock maps are the first comprehensive map for Belgium integrating grasslands, croplands and forests. There are two versions of the SOC stock maps for Belgium: 1) resolution of 40m x 40m in the coordinate reference system Lambert72 and 2) resolution of 1km x 1km in the coordinate reference system WGS84. The metadata are available and allow assessing the uncertainties of the stock estimates in the different component maps."", ""keywords"": [""Bodem"", ""ondergrond"", ""landbouw"", ""koolstof"", ""totaal aan organische koolstof"", ""grasland"", ""akker"", ""bos"", ""bos"", ""Regionaal"", ""Herbruikbaar"", ""Kosteloos"", ""Vlaamse Open data"", ""Toegevoegd GDI-Vl"", ""Metadata GDI-Vl-conform"", ""Metadata INSPIRE-conform"", ""Lijst M&R INSPIRE"", ""DOV"", ""Vlaanderen"", ""Ondergrond"", ""Databank Ondergrond Vlaanderen"", ""Departement Omgeving"", ""Aardobservatie en milieu"", ""Bodem"", ""HVD""], ""layer_name"": ""carbon_sd_1000"", ""description"": ""WMS-capabilities Soil Organic Carbon Stock Maps for Belgium: standard deviation (1 km grid)"", ""service_type"": ""wms"", ""metadata_urls"": [""https://www.dov.vlaanderen.be/geonetwork#/metadata/8626aca9-9d5e-414d-92e0-351b0d8d7ba2"", ""https://www.dov.vlaanderen.be/geonetwork/srv/dut/csw?Service=CSW&Request=GetRecordById&Version=2.0.2&outputSchema=http://www.isotc211.org/2005/gmd&elementSetName=full&id=8626aca9-9d5e-414d-92e0-351b0d8d7ba2""]}",spatial-extractor,2026-06-21 18:37:45.725 +0300,"[2.5469470020000244, 49.48524460835278, 6.403870021900024, 51.51377028725278]",CRS:84,ok,2.5469470020000244,49.48524460835278,6.403870021900024,51.51377028725278
904,https://www.dov.vlaanderen.be/dataset/c7970c8d-3eaa-42e4-8373-dbdf44f28d34,https://www.dov.vlaanderen.be/geoserver/organische_koolstof/wms?SERVICE=WMS&version=1.3.0&request=GetMap,,,"{""id"": ""44404"", ""bbox"": [2.5469470020000244, 49.48524460835278, 6.403870021900024, 51.51377028725278, ""CRS:84""], ""name"": ""carbon_sd_1000"", ""title"": ""Soil Organic Carbon Stock Maps for Belgium: standard deviation (1 km grid)"", ""crs3857"": true, ""crs4326"": true, ""abstract"": ""The Belgian soil organic carbon (SOC) stock map for topsoils (0-30 cm) was composed of 2 regional SOC stock maps. For the regional maps a different approach was used for agricultural land as compared to forest. The maps are based on digital soil mapping approaches using empirical models calibrated to predict the SOC stock and using covariates that are available at a sufficient resolution at the regional scale. All maps are strongly dependent on the Belgian Soil Map (texture and drainage parameters). The regional maps were compiled at a finer resolution (10m x 10m and 40m x 40m grid cells). Next they were joined (40m x 40m grid cells) and finally scaled up to the required 1 by 1 km grid cells. This was done using the following tools: block statistics (mean), mosaic to new raster (mean), project to raster, block statistics (mean), resample (nearest neighbour) and project raster.\r\nGiven the different origin of the individual maps, the uncertainty varies between maps. For instance, a map of the 90% confidence interval of the SOC stocks was produced for agricultural soils in Wallonia based on a Monte Carlo Approach taking into account both the measurement and the model uncertainties. For Flemish forest soils, spatial and analytical uncertainties were taken into account using bootstrapping techniques. For Flemish agricultural soils, the uncertainty reported is the model uncertainty on point estimates for each data point, in which the estimated model parameters are simulated 1000 times as being independent normal distributed variables using their model estimation and standard error as distribution parameters. No additional uncertainty is taken into account for the conversion functions that use the stochastic variables \""bulk density\"".\r\nThe SOC stock maps are the first comprehensive map for Belgium integrating grasslands, croplands and forests. There are two versions of the SOC stock maps for Belgium: 1) resolution of 40m x 40m in the coordinate reference system Lambert72 and 2) resolution of 1km x 1km in the coordinate reference system WGS84. The metadata are available and allow assessing the uncertainties of the stock estimates in the different component maps."", ""keywords"": [""Bodem"", ""ondergrond"", ""landbouw"", ""koolstof"", ""totaal aan organische koolstof"", ""grasland"", ""akker"", ""bos"", ""bos"", ""Regionaal"", ""Herbruikbaar"", ""Kosteloos"", ""Vlaamse Open data"", ""Toegevoegd GDI-Vl"", ""Metadata GDI-Vl-conform"", ""Metadata INSPIRE-conform"", ""Lijst M&R INSPIRE"", ""DOV"", ""Vlaanderen"", ""Ondergrond"", ""Databank Ondergrond Vlaanderen"", ""Departement Omgeving"", ""Aardobservatie en milieu"", ""Bodem"", ""HVD""], ""layer_name"": ""carbon_sd_1000"", ""description"": ""WMS-map Soil Organic Carbon Stock Maps for Belgium: standard deviation (1 km grid)"", ""service_type"": ""wms"", ""metadata_urls"": [""https://www.dov.vlaanderen.be/geonetwork#/metadata/8626aca9-9d5e-414d-92e0-351b0d8d7ba2"", ""https://www.dov.vlaanderen.be/geonetwork/srv/dut/csw?Service=CSW&Request=GetRecordById&Version=2.0.2&outputSchema=http://www.isotc211.org/2005/gmd&elementSetName=full&id=8626aca9-9d5e-414d-92e0-351b0d8d7ba2""]}",spatial-extractor,2026-06-21 18:37:46.636 +0300,"[2.5469470020000244, 49.48524460835278, 6.403870021900024, 51.51377028725278]",CRS:84,ok,2.5469470020000244,49.48524460835278,6.403870021900024,51.51377028725278
905,https://www.dov.vlaanderen.be/dataset/c7970c8d-3eaa-42e4-8373-dbdf44f28d34,https://www.dov.vlaanderen.be/geoserver/organische_koolstof/wms?,,,"{""id"": ""44405"", ""bbox"": [2.5469470020000244, 49.48524460835278, 6.403870021900024, 51.51377028725278, ""CRS:84""], ""name"": ""carbon_sd_1000"", ""title"": ""Soil Organic Carbon Stock Maps for Belgium: standard deviation (1 km grid)"", ""crs3857"": true, ""crs4326"": true, ""abstract"": ""The Belgian soil organic carbon (SOC) stock map for topsoils (0-30 cm) was composed of 2 regional SOC stock maps. For the regional maps a different approach was used for agricultural land as compared to forest. The maps are based on digital soil mapping approaches using empirical models calibrated to predict the SOC stock and using covariates that are available at a sufficient resolution at the regional scale. All maps are strongly dependent on the Belgian Soil Map (texture and drainage parameters). The regional maps were compiled at a finer resolution (10m x 10m and 40m x 40m grid cells). Next they were joined (40m x 40m grid cells) and finally scaled up to the required 1 by 1 km grid cells. This was done using the following tools: block statistics (mean), mosaic to new raster (mean), project to raster, block statistics (mean), resample (nearest neighbour) and project raster.\r\nGiven the different origin of the individual maps, the uncertainty varies between maps. For instance, a map of the 90% confidence interval of the SOC stocks was produced for agricultural soils in Wallonia based on a Monte Carlo Approach taking into account both the measurement and the model uncertainties. For Flemish forest soils, spatial and analytical uncertainties were taken into account using bootstrapping techniques. For Flemish agricultural soils, the uncertainty reported is the model uncertainty on point estimates for each data point, in which the estimated model parameters are simulated 1000 times as being independent normal distributed variables using their model estimation and standard error as distribution parameters. No additional uncertainty is taken into account for the conversion functions that use the stochastic variables \""bulk density\"".\r\nThe SOC stock maps are the first comprehensive map for Belgium integrating grasslands, croplands and forests. There are two versions of the SOC stock maps for Belgium: 1) resolution of 40m x 40m in the coordinate reference system Lambert72 and 2) resolution of 1km x 1km in the coordinate reference system WGS84. The metadata are available and allow assessing the uncertainties of the stock estimates in the different component maps."", ""keywords"": [""Bodem"", ""ondergrond"", ""landbouw"", ""koolstof"", ""totaal aan organische koolstof"", ""grasland"", ""akker"", ""bos"", ""bos"", ""Regionaal"", ""Herbruikbaar"", ""Kosteloos"", ""Vlaamse Open data"", ""Toegevoegd GDI-Vl"", ""Metadata GDI-Vl-conform"", ""Metadata INSPIRE-conform"", ""Lijst M&R INSPIRE"", ""DOV"", ""Vlaanderen"", ""Ondergrond"", ""Databank Ondergrond Vlaanderen"", ""Departement Omgeving"", ""Aardobservatie en milieu"", ""Bodem"", ""HVD""], ""layer_name"": ""carbon_sd_1000"", ""description"": ""WMS-endpoint Soil Organic Carbon Stock Maps for Belgium: standard deviation (1 km grid)"", ""service_type"": ""wms"", ""metadata_urls"": [""https://www.dov.vlaanderen.be/geonetwork#/metadata/8626aca9-9d5e-414d-92e0-351b0d8d7ba2"", ""https://www.dov.vlaanderen.be/geonetwork/srv/dut/csw?Service=CSW&Request=GetRecordById&Version=2.0.2&outputSchema=http://www.isotc211.org/2005/gmd&elementSetName=full&id=8626aca9-9d5e-414d-92e0-351b0d8d7ba2""]}",spatial-extractor,2026-06-21 18:37:47.383 +0300,"[2.5469470020000244, 49.48524460835278, 6.403870021900024, 51.51377028725278]",CRS:84,ok,2.5469470020000244,49.48524460835278,6.403870021900024,51.51377028725278
937,9da315bf-62fb-49eb-be6f-118b84426174,https://soluri.gov.md/en/default/wms/public,,,"{""id"": ""44571"", ""bbox"": [-3100140.0, -15002900.0, 1623640.0, 5002870.0, ""EPSG:4026""], ""name"": ""SolulAreal"", ""title"": ""Solul areal"", ""crs3857"": true, ""crs4326"": true, ""abstract"": ""Setul de date care conţine totalitatea (ansamblul) arealurilor actuale de sol pe suprafaţa terenurilor agricole ale R. Moldova, colectate în urma investigaţiilor pedologice, efectuate cu scopul obţinerii informaţiei despre starea terenurilor/solurilor, stabilirii fertilităţii potenţiale a solurilor, identificării terenurilor expuse la eroziune hidrică şi eoliană, inundaţii cauzate de ridicarea nivelului apelor subterane, supraumectare/înmlăştinire, salinizare secundară, desecare, poluare cu reziduuri industriale etc. Unitatea spaţială cea mai mică pentru ţinerea evidenţei se consideră arealul elementar de sol, caracterizat prin conţinut, geometria contururilor şi amplasarea în structura învelişului extern al solului. Criteriile de definire a diferitelor tipuri de soluri se stabilesc conform poziţiei aprobate în clasificator. Amplasamentul arealurilor de sol se determină pe baza caracteristicilor secţiunilor transversale ale solurilor, reliefului, diversităţii vegetaţiei şi altor elemente proeminente ale cadrului natural la faţa locului etc."", ""keywords"": [], ""layer_name"": ""SolulAreal"", ""description"": ""Solul areal"", ""service_type"": ""wms"", ""metadata_urls"": []}",spatial-extractor,2026-06-21 18:38:48.813 +0300,"[-3100140.0, -15002900.0, 1623640.0, 5002870.0]",EPSG:4026,ok,-3100140.0,-15002900.0,1623640.0,5002870.0
939,https://www.dov.vlaanderen.be/dataset/62667b12-ae06-4c3a-b744-debc4331d398,https://www.dov.vlaanderen.be/geoserver/organische_koolstof/wms?SERVICE=WMS&version=1.3.0&request=GetCapabilities,,,"{""id"": ""44647"", ""bbox"": [2.4846222535102074, 48.49291304727594, 6.497545304122984, 52.50583609788872, ""CRS:84""], ""name"": ""carbon_sd_40"", ""title"": ""Soil Organic Carbon Stock Maps for Belgium: standard deviation (40 m grid)"", ""crs3857"": true, ""crs4326"": true, ""abstract"": ""The Belgian soil organic carbon (SOC) stock map for topsoils (0-30 cm) at the resolution of 40m x 40m was composed of 2 regional SOC stock maps. For the regional maps a different approach was used for agricultural land as compared to forest. The maps are based on digital soil mapping approaches using empirical models calibrated to predict the SOC stock and using covariates that are available at a sufficient resolution at the regional scale. All maps are strongly dependent on the Belgian Soil Map (texture and drainage parameters). The regional maps were compiled at a fine resolution (10m x 10m grid cells for Flanders and 40m x 40m grid cells for Wallonia). Next they were joined (40m x 40m grid cells). The regional maps for Flanders were scaled up tot the 40m x 40m grid of Wallonia.  \r\nGiven the different origin of the individual maps, the uncertainty varies between maps. For instance, a map of the 90% confidence interval of the SOC stocks was produced for agricultural soils in Wallonia based on a Monte Carlo Approach taking into account both the measurement and the model uncertainties. For Flemish forest soils, spatial and analytical uncertainties were taken into account using bootstrapping techniques. For Flemish agricultural soils, the uncertainty reported is the model uncertainty on point estimates for each data point, in which the estimated model parameters are simulated 1000 times as being independent normal distributed variables using their model estimation and standard error as distribution parameters. No additional uncertainty is taken into account for the conversion functions that use the stochastic variables \""bulk density\"". The metadata are available and allow assessing the uncertainties of the stock estimates in the different component maps.\r\nThe SOC stock map (resolution of 40m x 40m) is the first comprehensive map for Belgium integrating grasslands, croplands and forests. Based on this map another SOC stock map at a resolution of 1km x 1km in the coordinate reference system WGS84 was created."", ""keywords"": [""Bodem"", ""ondergrond"", ""landbouw"", ""koolstof"", ""totaal aan organische koolstof"", ""grasland"", ""akker"", ""bos"", ""Regionaal"", ""Herbruikbaar"", ""Kosteloos"", ""Vlaamse Open data"", ""Toegevoegd GDI-Vl"", ""Metadata GDI-Vl-conform"", ""Metadata INSPIRE-conform"", ""Lijst M&R INSPIRE"", ""DOV"", ""Vlaanderen"", ""Ondergrond"", ""Databank Ondergrond Vlaanderen"", ""Departement Omgeving"", ""Aardobservatie en milieu"", ""Bodem"", ""HVD"", ""DOV_EXPERTISE@Bodem""], ""layer_name"": ""carbon_sd_40"", ""description"": ""WMS-capabilities Soil Organic Carbon Stock Maps for Belgium: standard deviation (40 m grid)"", ""service_type"": ""wms"", ""metadata_urls"": [""https://www.dov.vlaanderen.be/geonetwork#/metadata/c41ae3d2-7975-457f-94d7-4ab83d659432"", ""https://www.dov.vlaanderen.be/geonetwork/srv/dut/csw?Service=CSW&Request=GetRecordById&Version=2.0.2&outputSchema=http://www.isotc211.org/2005/gmd&elementSetName=full&id=c41ae3d2-7975-457f-94d7-4ab83d659432""]}",spatial-extractor,2026-06-21 18:38:52.116 +0300,"[2.4846222535102074, 48.49291304727594, 6.497545304122984, 52.50583609788872]",CRS:84,ok,2.4846222535102074,48.49291304727594,6.497545304122984,52.50583609788872
940,https://www.dov.vlaanderen.be/dataset/62667b12-ae06-4c3a-b744-debc4331d398,https://www.dov.vlaanderen.be/geoserver/organische_koolstof/wms?SERVICE=WMS&version=1.3.0&request=GetMap,,,"{""id"": ""44649"", ""bbox"": [2.4846222535102074, 48.49291304727594, 6.497545304122984, 52.50583609788872, ""CRS:84""], ""name"": ""carbon_sd_40"", ""title"": ""Soil Organic Carbon Stock Maps for Belgium: standard deviation (40 m grid)"", ""crs3857"": true, ""crs4326"": true, ""abstract"": ""The Belgian soil organic carbon (SOC) stock map for topsoils (0-30 cm) at the resolution of 40m x 40m was composed of 2 regional SOC stock maps. For the regional maps a different approach was used for agricultural land as compared to forest. The maps are based on digital soil mapping approaches using empirical models calibrated to predict the SOC stock and using covariates that are available at a sufficient resolution at the regional scale. All maps are strongly dependent on the Belgian Soil Map (texture and drainage parameters). The regional maps were compiled at a fine resolution (10m x 10m grid cells for Flanders and 40m x 40m grid cells for Wallonia). Next they were joined (40m x 40m grid cells). The regional maps for Flanders were scaled up tot the 40m x 40m grid of Wallonia.  \r\nGiven the different origin of the individual maps, the uncertainty varies between maps. For instance, a map of the 90% confidence interval of the SOC stocks was produced for agricultural soils in Wallonia based on a Monte Carlo Approach taking into account both the measurement and the model uncertainties. For Flemish forest soils, spatial and analytical uncertainties were taken into account using bootstrapping techniques. For Flemish agricultural soils, the uncertainty reported is the model uncertainty on point estimates for each data point, in which the estimated model parameters are simulated 1000 times as being independent normal distributed variables using their model estimation and standard error as distribution parameters. No additional uncertainty is taken into account for the conversion functions that use the stochastic variables \""bulk density\"". The metadata are available and allow assessing the uncertainties of the stock estimates in the different component maps.\r\nThe SOC stock map (resolution of 40m x 40m) is the first comprehensive map for Belgium integrating grasslands, croplands and forests. Based on this map another SOC stock map at a resolution of 1km x 1km in the coordinate reference system WGS84 was created."", ""keywords"": [""Bodem"", ""ondergrond"", ""landbouw"", ""koolstof"", ""totaal aan organische koolstof"", ""grasland"", ""akker"", ""bos"", ""Regionaal"", ""Herbruikbaar"", ""Kosteloos"", ""Vlaamse Open data"", ""Toegevoegd GDI-Vl"", ""Metadata GDI-Vl-conform"", ""Metadata INSPIRE-conform"", ""Lijst M&R INSPIRE"", ""DOV"", ""Vlaanderen"", ""Ondergrond"", ""Databank Ondergrond Vlaanderen"", ""Departement Omgeving"", ""Aardobservatie en milieu"", ""Bodem"", ""HVD"", ""DOV_EXPERTISE@Bodem""], ""layer_name"": ""carbon_sd_40"", ""description"": ""WMS-map Soil Organic Carbon Stock Maps for Belgium: standard deviation (40 m grid)"", ""service_type"": ""wms"", ""metadata_urls"": [""https://www.dov.vlaanderen.be/geonetwork#/metadata/c41ae3d2-7975-457f-94d7-4ab83d659432"", ""https://www.dov.vlaanderen.be/geonetwork/srv/dut/csw?Service=CSW&Request=GetRecordById&Version=2.0.2&outputSchema=http://www.isotc211.org/2005/gmd&elementSetName=full&id=c41ae3d2-7975-457f-94d7-4ab83d659432""]}",spatial-extractor,2026-06-21 18:38:53.815 +0300,"[2.4846222535102074, 48.49291304727594, 6.497545304122984, 52.50583609788872]",CRS:84,ok,2.4846222535102074,48.49291304727594,6.497545304122984,52.50583609788872
941,https://www.dov.vlaanderen.be/dataset/62667b12-ae06-4c3a-b744-debc4331d398,https://www.dov.vlaanderen.be/geoserver/organische_koolstof/wms?,,,"{""id"": ""44650"", ""bbox"": [2.4846222535102074, 48.49291304727594, 6.497545304122984, 52.50583609788872, ""CRS:84""], ""name"": ""carbon_sd_40"", ""title"": ""Soil Organic Carbon Stock Maps for Belgium: standard deviation (40 m grid)"", ""crs3857"": true, ""crs4326"": true, ""abstract"": ""The Belgian soil organic carbon (SOC) stock map for topsoils (0-30 cm) at the resolution of 40m x 40m was composed of 2 regional SOC stock maps. For the regional maps a different approach was used for agricultural land as compared to forest. The maps are based on digital soil mapping approaches using empirical models calibrated to predict the SOC stock and using covariates that are available at a sufficient resolution at the regional scale. All maps are strongly dependent on the Belgian Soil Map (texture and drainage parameters). The regional maps were compiled at a fine resolution (10m x 10m grid cells for Flanders and 40m x 40m grid cells for Wallonia). Next they were joined (40m x 40m grid cells). The regional maps for Flanders were scaled up tot the 40m x 40m grid of Wallonia.  \r\nGiven the different origin of the individual maps, the uncertainty varies between maps. For instance, a map of the 90% confidence interval of the SOC stocks was produced for agricultural soils in Wallonia based on a Monte Carlo Approach taking into account both the measurement and the model uncertainties. For Flemish forest soils, spatial and analytical uncertainties were taken into account using bootstrapping techniques. For Flemish agricultural soils, the uncertainty reported is the model uncertainty on point estimates for each data point, in which the estimated model parameters are simulated 1000 times as being independent normal distributed variables using their model estimation and standard error as distribution parameters. No additional uncertainty is taken into account for the conversion functions that use the stochastic variables \""bulk density\"". The metadata are available and allow assessing the uncertainties of the stock estimates in the different component maps.\r\nThe SOC stock map (resolution of 40m x 40m) is the first comprehensive map for Belgium integrating grasslands, croplands and forests. Based on this map another SOC stock map at a resolution of 1km x 1km in the coordinate reference system WGS84 was created."", ""keywords"": [""Bodem"", ""ondergrond"", ""landbouw"", ""koolstof"", ""totaal aan organische koolstof"", ""grasland"", ""akker"", ""bos"", ""Regionaal"", ""Herbruikbaar"", ""Kosteloos"", ""Vlaamse Open data"", ""Toegevoegd GDI-Vl"", ""Metadata GDI-Vl-conform"", ""Metadata INSPIRE-conform"", ""Lijst M&R INSPIRE"", ""DOV"", ""Vlaanderen"", ""Ondergrond"", ""Databank Ondergrond Vlaanderen"", ""Departement Omgeving"", ""Aardobservatie en milieu"", ""Bodem"", ""HVD"", ""DOV_EXPERTISE@Bodem""], ""layer_name"": ""carbon_sd_40"", ""description"": ""WMS-endpoint Soil Organic Carbon Stock Maps for Belgium: standard deviation (40 m grid)"", ""service_type"": ""wms"", ""metadata_urls"": [""https://www.dov.vlaanderen.be/geonetwork#/metadata/c41ae3d2-7975-457f-94d7-4ab83d659432"", ""https://www.dov.vlaanderen.be/geonetwork/srv/dut/csw?Service=CSW&Request=GetRecordById&Version=2.0.2&outputSchema=http://www.isotc211.org/2005/gmd&elementSetName=full&id=c41ae3d2-7975-457f-94d7-4ab83d659432""]}",spatial-extractor,2026-06-21 18:38:54.682 +0300,"[2.4846222535102074, 48.49291304727594, 6.497545304122984, 52.50583609788872]",CRS:84,ok,2.4846222535102074,48.49291304727594,6.497545304122984,52.50583609788872
950,https://data.inspire.gv.at/93df2c3a-dc9b-4372-9b9b-ad9cb5e18814,https://inspire.lfrz.gv.at/000602/wms?version=1.3.0&request=GetCapabilities,,,"{""id"": ""44766"", ""bbox"": [9.679, 46.457, 16.637, 49.046, ""CRS:84""], ""name"": ""BIOSOIL Austria (SOIL)"", ""title"": ""Soil horizon description"", ""crs3857"": true, ""crs4326"": true, ""abstract"": ""Parameters forming the soil horizon description. The sequence is different from those presented in the FAO guidelines (FAO, 1990). After preparing and cleaning of the profile the sequence of description is as follows:\r\na) delineation and description of te horizon boundaries; b) photographic recordings; c) colour measurements; d) record texture, rock fragments, structure, consistence, porosity, cutans, cementations and nodules; e) roots and other biological activity; f) carbonates, gypsum and salts; g)each horizon is designated one or more horizon symbols and the necessary samples are collected."", ""keywords"": [""soil""], ""layer_name"": ""BIOSOIL Austria (SOIL)"", ""description"": ""Soil horizon description"", ""service_type"": ""wms"", ""metadata_urls"": [""https://discovery.inspire.gv.at/at.lfrz.discoveryservices/srv/ger/csw?service=CSW&request=GetRecordById&version=2.0.2&outputSchema=http%3A%2F%2Fwww.isotc211.org%2F2005%2Fgmd&ElementSetName=full&id=93df2c3a-dc9b-4372-9b9b-ad9cb5e18814""]}",spatial-extractor,2026-06-21 18:39:13.630 +0300,"[9.679, 46.457, 16.637, 49.046]",CRS:84,ok,9.679,46.457,16.637,49.046
1220,https://www.dov.vlaanderen.be/dataset/127c3b51-d606-47f8-8c35-df7301b35ca2,https://www.dov.vlaanderen.be/geoserver/organische_koolstof/wms?,,,"{""id"": ""56726"", ""bbox"": [2.523964636359352, 49.48428532976214, 6.458202921273839, 51.51446381540252, ""CRS:84""], ""name"": ""carbon_40"", ""title"": ""Soil Organic Carbon Stock Maps for Belgium: mean (40 m grid)"", ""crs3857"": true, ""crs4326"": true, ""abstract"": ""The Belgian soil organic carbon (SOC) stock map for topsoils (0-30 cm) at the resolution of 40m x 40m was composed of 2 regional SOC stock maps. For the regional maps a different approach was used for agricultural land as compared to forest. The maps are based on digital soil mapping approaches using empirical models calibrated to predict the SOC stock and using covariates that are available at a sufficient resolution at the regional scale. All maps are strongly dependent on the Belgian Soil Map (texture and drainage parameters). The regional maps were compiled at a fine resolution (10m x 10m grid cells for Flanders and 40m x 40m grid cells for Wallonia). Next they were joined (40m x 40m grid cells). The regional maps for Flanders were scaled up tot the 40m x 40m grid of Wallonia.  \r\nGiven the different origin of the individual maps, the uncertainty varies between maps. For instance, a map of the 90% confidence interval of the SOC stocks was produced for agricultural soils in Wallonia based on a Monte Carlo Approach taking into account both the measurement and the model uncertainties. For Flemish forest soils, spatial and analytical uncertainties were taken into account using bootstrapping techniques. For Flemish agricultural soils, the uncertainty reported is the model uncertainty on point estimates for each data point, in which the estimated model parameters are simulated 1000 times as being independent normal distributed variables using their model estimation and standard error as distribution parameters. No additional uncertainty is taken into account for the conversion functions that use the stochastic variables \""bulk density\"". The metadata are available and allow assessing the uncertainties of the stock estimates in the different component maps.\r\nThe SOC stock map (resolution of 40m x 40m) is the first comprehensive map for Belgium integrating grasslands, croplands and forests. Based on this map another SOC stock map at a resolution of 1km x 1km in the coordinate reference system WGS84 was created."", ""keywords"": [""Bodem"", ""ondergrond"", ""landbouw"", ""koolstof"", ""totaal aan organische koolstof"", ""grasland"", ""akker"", ""bos"", ""bos"", ""Regionaal"", ""Herbruikbaar"", ""Kosteloos"", ""Vlaamse Open data"", ""Toegevoegd GDI-Vl"", ""Metadata GDI-Vl-conform"", ""Metadata INSPIRE-conform"", ""Lijst M&R INSPIRE"", ""DOV"", ""Vlaanderen"", ""Ondergrond"", ""Databank Ondergrond Vlaanderen"", ""Departement Omgeving"", ""Aardobservatie en milieu"", ""Bodem"", ""HVD"", ""DOV_EXPERTISE@Bodem""], ""layer_name"": ""carbon_40"", ""description"": ""WMS-endpoint Soil Organic Carbon Stock Maps for Belgium: mean (40 m grid)"", ""service_type"": ""wms"", ""metadata_urls"": [""https://www.dov.vlaanderen.be/geonetwork#/metadata/bf8c35ad-ab45-4084-b1e1-3042c66204aa"", ""https://www.dov.vlaanderen.be/geonetwork/srv/dut/csw?Service=CSW&Request=GetRecordById&Version=2.0.2&outputSchema=http://www.isotc211.org/2005/gmd&elementSetName=full&id=bf8c35ad-ab45-4084-b1e1-3042c66204aa""]}",spatial-extractor,2026-06-21 18:47:29.354 +0300,"[2.523964636359352, 49.48428532976214, 6.458202921273839, 51.51446381540252]",CRS:84,ok,2.523964636359352,49.48428532976214,6.458202921273839,51.51446381540252
968,3f507fd9-24c0-40ab-9328-29f0dff571fe,https://www.dov.vlaanderen.be/geoserver/bodem/wms?SERVICE=WMS&version=1.3.0&request=GetCapabilities,,,"{""id"": ""45060"", ""bbox"": [2.5510946173653575, 50.52759259442094, 5.868244646565843, 51.45249900318474, ""CRS:84""], ""name"": ""bodemlocaties"", ""title"": ""Bodemlocaties"", ""crs3857"": true, ""crs4326"": true, ""abstract"": ""Een bodemlocatie is ofwel een profielput of een boring. Een boring is altijd één puntlocatie (x,y,z) en een profielput heeft minimum één en maximum twee puntlocaties (begin- en eindpunt van de profielput). \r\nEen profielput is een uitgegraven put in de bodem waarin profielbeschrijvingen, monsternames of bodemobservaties worden uitgevoerd. Een profielbeschrijving is een waarneming van bodemhorizonten en/of bodemlagen in een uitgegraven profielput. Een bodemhorizont is een visueel te onderscheiden deel van de bodem dat ontstaan is door omzetting van het moedermateriaal door pedogenetische processen of door het afzetten van organisch materiaal. Een bodemhorizont heeft voor de meeste bodemvariabelen homogene morfologische en analytische karakteristieken. Een bodemlaag daarentegen is ontstaan door niet-pedogenetische processen. Aan de hand van een profielput krijg je een beeld van de bodemkundige opbouw.\r\nEen boring is het resultaat van het boren in de ondergrond met verwijdering van bodem door middel van een gereedschap in de vorm van een holle buis. Aan de hand van dit opgeboorde bodemmateriaal worden bodembeschrijvingen, bodemobservaties en monsternames uitgevoerd.\r\nDe bodemlocaties uit de 'Aardewerk-Vlaanderen-2010' databank worden afzonderlijk ontsloten in de datasets 'Bodemprofielen kartering Belgische bodemkaart' en 'Oppervlaktemonsters kartering Belgische bodemkaart'."", ""keywords"": [""Bodem"", ""Bodemgebruik"", ""ondergrond"", ""bodemkaart"", ""bodemtextuur"", ""bodemprofiel"", ""bodemanalyse"", ""bodembiologie"", ""bodemchemie"", ""bodemkunde"", ""bodemkunde"", ""bodemlaag"", ""bodemproces"", ""bodemstructuur"", ""bodemvorming"", ""bodemdaling"", ""bodemdegradatie"", ""bodemerosie"", ""bodemfunctie"", ""bodemgebruik"", ""bodemgesteldheid"", ""bodemkwaliteit"", ""bodemlucht"", ""bodemorganisme"", ""bodemverdichting"", ""bodemverzuring"", ""bodemvocht"", ""bodemvochthuishouding"", ""bodemvruchtbaarheid"", ""doorsijpeling van water in de bodem"", ""Regionaal"", ""Herbruikbaar"", ""Kosteloos"", ""Vlaamse Open data"", ""Toegevoegd GDI-Vl"", ""Metadata GDI-Vl-conform"", ""Metadata INSPIRE-conform"", ""DOV"", ""Vlaanderen"", ""Ondergrond"", ""Databank Ondergrond Vlaanderen"", ""Departement Omgeving"", ""Profielput"", ""Bodemprofielgegevens"", ""DOV_PATHNAME@001#DOV:010#Bodem:010#Bodemdata:020#"", ""DOV_EXPERTISE@Bodem"", ""DOV_EXPERTISE@Delfstoffen""], ""layer_name"": ""bodemlocaties"", ""description"": ""WMS-capabilities Bodemlocaties"", ""service_type"": ""wms"", ""metadata_urls"": [""https://www.dov.vlaanderen.be/geonetwork#/metadata/3f507fd9-24c0-40ab-9328-29f0dff571fe"", ""https://www.dov.vlaanderen.be/geonetwork/srv/dut/csw?Service=CSW&Request=GetRecordById&Version=2.0.2&outputSchema=http://www.isotc211.org/2005/gmd&elementSetName=full&id=3f507fd9-24c0-40ab-9328-29f0dff571fe""]}",spatial-extractor,2026-06-21 18:40:14.695 +0300,"[2.5510946173653575, 50.52759259442094, 5.868244646565843, 51.45249900318474]",CRS:84,ok,2.5510946173653575,50.52759259442094,5.868244646565843,51.45249900318474
969,3f507fd9-24c0-40ab-9328-29f0dff571fe,https://www.dov.vlaanderen.be/geoserver/bodem/wms?SERVICE=WMS&version=1.3.0&request=GetMap,,,"{""id"": ""45062"", ""bbox"": [2.5510946173653575, 50.52759259442094, 5.868244646565843, 51.45249900318474, ""CRS:84""], ""name"": ""bodemlocaties"", ""title"": ""Bodemlocaties"", ""crs3857"": true, ""crs4326"": true, ""abstract"": ""Een bodemlocatie is ofwel een profielput of een boring. Een boring is altijd één puntlocatie (x,y,z) en een profielput heeft minimum één en maximum twee puntlocaties (begin- en eindpunt van de profielput). \r\nEen profielput is een uitgegraven put in de bodem waarin profielbeschrijvingen, monsternames of bodemobservaties worden uitgevoerd. Een profielbeschrijving is een waarneming van bodemhorizonten en/of bodemlagen in een uitgegraven profielput. Een bodemhorizont is een visueel te onderscheiden deel van de bodem dat ontstaan is door omzetting van het moedermateriaal door pedogenetische processen of door het afzetten van organisch materiaal. Een bodemhorizont heeft voor de meeste bodemvariabelen homogene morfologische en analytische karakteristieken. Een bodemlaag daarentegen is ontstaan door niet-pedogenetische processen. Aan de hand van een profielput krijg je een beeld van de bodemkundige opbouw.\r\nEen boring is het resultaat van het boren in de ondergrond met verwijdering van bodem door middel van een gereedschap in de vorm van een holle buis. Aan de hand van dit opgeboorde bodemmateriaal worden bodembeschrijvingen, bodemobservaties en monsternames uitgevoerd.\r\nDe bodemlocaties uit de 'Aardewerk-Vlaanderen-2010' databank worden afzonderlijk ontsloten in de datasets 'Bodemprofielen kartering Belgische bodemkaart' en 'Oppervlaktemonsters kartering Belgische bodemkaart'."", ""keywords"": [""Bodem"", ""Bodemgebruik"", ""ondergrond"", ""bodemkaart"", ""bodemtextuur"", ""bodemprofiel"", ""bodemanalyse"", ""bodembiologie"", ""bodemchemie"", ""bodemkunde"", ""bodemkunde"", ""bodemlaag"", ""bodemproces"", ""bodemstructuur"", ""bodemvorming"", ""bodemdaling"", ""bodemdegradatie"", ""bodemerosie"", ""bodemfunctie"", ""bodemgebruik"", ""bodemgesteldheid"", ""bodemkwaliteit"", ""bodemlucht"", ""bodemorganisme"", ""bodemverdichting"", ""bodemverzuring"", ""bodemvocht"", ""bodemvochthuishouding"", ""bodemvruchtbaarheid"", ""doorsijpeling van water in de bodem"", ""Regionaal"", ""Herbruikbaar"", ""Kosteloos"", ""Vlaamse Open data"", ""Toegevoegd GDI-Vl"", ""Metadata GDI-Vl-conform"", ""Metadata INSPIRE-conform"", ""DOV"", ""Vlaanderen"", ""Ondergrond"", ""Databank Ondergrond Vlaanderen"", ""Departement Omgeving"", ""Profielput"", ""Bodemprofielgegevens"", ""DOV_PATHNAME@001#DOV:010#Bodem:010#Bodemdata:020#"", ""DOV_EXPERTISE@Bodem"", ""DOV_EXPERTISE@Delfstoffen""], ""layer_name"": ""bodemlocaties"", ""description"": ""WMS-map Bodemlocaties"", ""service_type"": ""wms"", ""metadata_urls"": [""https://www.dov.vlaanderen.be/geonetwork#/metadata/3f507fd9-24c0-40ab-9328-29f0dff571fe"", ""https://www.dov.vlaanderen.be/geonetwork/srv/dut/csw?Service=CSW&Request=GetRecordById&Version=2.0.2&outputSchema=http://www.isotc211.org/2005/gmd&elementSetName=full&id=3f507fd9-24c0-40ab-9328-29f0dff571fe""]}",spatial-extractor,2026-06-21 18:40:16.198 +0300,"[2.5510946173653575, 50.52759259442094, 5.868244646565843, 51.45249900318474]",CRS:84,ok,2.5510946173653575,50.52759259442094,5.868244646565843,51.45249900318474
970,3f507fd9-24c0-40ab-9328-29f0dff571fe,https://www.dov.vlaanderen.be/geoserver/bodem/wms?,,,"{""id"": ""45063"", ""bbox"": [2.5510946173653575, 50.52759259442094, 5.868244646565843, 51.45249900318474, ""CRS:84""], ""name"": ""bodemlocaties"", ""title"": ""Bodemlocaties"", ""crs3857"": true, ""crs4326"": true, ""abstract"": ""Een bodemlocatie is ofwel een profielput of een boring. Een boring is altijd één puntlocatie (x,y,z) en een profielput heeft minimum één en maximum twee puntlocaties (begin- en eindpunt van de profielput). \r\nEen profielput is een uitgegraven put in de bodem waarin profielbeschrijvingen, monsternames of bodemobservaties worden uitgevoerd. Een profielbeschrijving is een waarneming van bodemhorizonten en/of bodemlagen in een uitgegraven profielput. Een bodemhorizont is een visueel te onderscheiden deel van de bodem dat ontstaan is door omzetting van het moedermateriaal door pedogenetische processen of door het afzetten van organisch materiaal. Een bodemhorizont heeft voor de meeste bodemvariabelen homogene morfologische en analytische karakteristieken. Een bodemlaag daarentegen is ontstaan door niet-pedogenetische processen. Aan de hand van een profielput krijg je een beeld van de bodemkundige opbouw.\r\nEen boring is het resultaat van het boren in de ondergrond met verwijdering van bodem door middel van een gereedschap in de vorm van een holle buis. Aan de hand van dit opgeboorde bodemmateriaal worden bodembeschrijvingen, bodemobservaties en monsternames uitgevoerd.\r\nDe bodemlocaties uit de 'Aardewerk-Vlaanderen-2010' databank worden afzonderlijk ontsloten in de datasets 'Bodemprofielen kartering Belgische bodemkaart' en 'Oppervlaktemonsters kartering Belgische bodemkaart'."", ""keywords"": [""Bodem"", ""Bodemgebruik"", ""ondergrond"", ""bodemkaart"", ""bodemtextuur"", ""bodemprofiel"", ""bodemanalyse"", ""bodembiologie"", ""bodemchemie"", ""bodemkunde"", ""bodemkunde"", ""bodemlaag"", ""bodemproces"", ""bodemstructuur"", ""bodemvorming"", ""bodemdaling"", ""bodemdegradatie"", ""bodemerosie"", ""bodemfunctie"", ""bodemgebruik"", ""bodemgesteldheid"", ""bodemkwaliteit"", ""bodemlucht"", ""bodemorganisme"", ""bodemverdichting"", ""bodemverzuring"", ""bodemvocht"", ""bodemvochthuishouding"", ""bodemvruchtbaarheid"", ""doorsijpeling van water in de bodem"", ""Regionaal"", ""Herbruikbaar"", ""Kosteloos"", ""Vlaamse Open data"", ""Toegevoegd GDI-Vl"", ""Metadata GDI-Vl-conform"", ""Metadata INSPIRE-conform"", ""DOV"", ""Vlaanderen"", ""Ondergrond"", ""Databank Ondergrond Vlaanderen"", ""Departement Omgeving"", ""Profielput"", ""Bodemprofielgegevens"", ""DOV_PATHNAME@001#DOV:010#Bodem:010#Bodemdata:020#"", ""DOV_EXPERTISE@Bodem"", ""DOV_EXPERTISE@Delfstoffen""], ""layer_name"": ""bodemlocaties"", ""description"": ""WMS-endpoint Bodemlocaties"", ""service_type"": ""wms"", ""metadata_urls"": [""https://www.dov.vlaanderen.be/geonetwork#/metadata/3f507fd9-24c0-40ab-9328-29f0dff571fe"", ""https://www.dov.vlaanderen.be/geonetwork/srv/dut/csw?Service=CSW&Request=GetRecordById&Version=2.0.2&outputSchema=http://www.isotc211.org/2005/gmd&elementSetName=full&id=3f507fd9-24c0-40ab-9328-29f0dff571fe""]}",spatial-extractor,2026-06-21 18:40:16.804 +0300,"[2.5510946173653575, 50.52759259442094, 5.868244646565843, 51.45249900318474]",CRS:84,ok,2.5510946173653575,50.52759259442094,5.868244646565843,51.45249900318474
971,ch.bazl.kataster-belasteter-standorte-zivilflugplaetze,https://wms.geo.admin.ch/?SERVICE=WMS&VERSION=1.3.0&REQUEST=GetCapabilities&lang=de,,,"{""id"": ""45218"", ""bbox"": [2300000.0, 900000.0, 3100000.0, 1450000.0, ""EPSG:2056""], ""name"": ""ch.bazl.kataster-belasteter-standorte-zivilflugplaetze"", ""title"": ""KbS Zivilflugplätze"", ""crs3857"": true, ""crs4326"": true, ""abstract"": ""Öffentlich zugänglicher Kataster der belasteten Standorte im Perimeter der zivilen Flugplätze. Der Kataster gibt unter anderem Auskunft über die Lage, die Art und Menge der an den Standort gelangten Abfälle, den Ablagerungszeitraum, sowie durchgeführte Untersuchungen und Massnahmen. Unterschieden werden folgende Standorttypen: Betriebsstandort, Unfallstandort und Ablagerungsstandort."", ""keywords"": [""ch.bazl.kataster-belasteter-standorte-zivilflugplaetze.wms_ows_keywordlist""], ""layer_name"": ""ch.bazl.kataster-belasteter-standorte-zivilflugplaetze"", ""description"": ""Link zum WMS"", ""service_type"": ""wms"", ""metadata_urls"": [""https://www.geocat.ch/geonetwork/srv/ger/catalog.search#/metadata/3f7c8f9f-b1be-4eb6-a9e2-7bdacf35dd58""]}",spatial-extractor,2026-06-21 18:40:20.832 +0300,"[2300000.0, 900000.0, 3100000.0, 1450000.0]",EPSG:2056,ok,2300000.0,900000.0,3100000.0,1450000.0
973,64e8a11d-5602-4ad5-b370-e4d396fe218f,https://www.dov.vlaanderen.be/geoserver/bodemkaart_afgeleid/wms?SERVICE=WMS&version=1.3.0&request=GetCapabilities,,,"{""id"": ""45555"", ""bbox"": [2.5284053051840685, 50.67257954128071, 5.935714799682381, 51.505972208811166, ""CRS:84""], ""name"": ""wrb_250000"", ""title"": ""WRB Reference Soil Groups 250k: Bodemkaart van het Vlaamse Gewest volgens het internationale bodemclassificatiesysteem World Reference Base op schaal 1:250.000"", ""crs3857"": true, ""crs4326"": true, ""abstract"": ""Voor het Vlaamse Gewest werd de Belgische bodemkaart omgezet naar WRB-2014, de 3de editie van het internationaal bodemclassificatiesysteem World Reference Base. Het resultaat ziet u in de kaartlaag ‘WRB Soil Units 40k: Bodemkaart van het Vlaamse Gewest volgens het internationale bodemclassificatiesysteem World Reference Base op schaal 1:40.000’. De kaartlaag op schaal 250.000 is een generalisatie van deze kaartlaag op schaal 1:40.000. De gegeneraliseerde kaartlaag bevat de dominante (meest voorkomende) Reference Soil Group (RSG) en de bijhorende Principal Qualifiers (PQ) en twee geassocieerde RSG’s met hun PQ’s (tweede en derde meest voorkomend) per kaarteenheid."", ""keywords"": [""Bodem"", ""ondergrond"", ""Regionaal"", ""Herbruikbaar"", ""Kosteloos"", ""Vlaamse Open data"", ""Toegevoegd GDI-Vl"", ""Metadata GDI-Vl-conform"", ""Metadata INSPIRE-conform"", ""DOV"", ""Vlaanderen"", ""Ondergrond"", ""Databank Ondergrond Vlaanderen"", ""Departement Omgeving"", ""Reference Soil Group"", ""Principal Qualifiers"", ""DOV_PATHNAME@001#DOV:010#Bodem:020#Bodemkaarten:030#Bodemkaart volgens WRB:020#"", ""DOV_EXPERTISE@Bodem""], ""layer_name"": ""wrb_250000"", ""description"": ""WMS-capabilities WRB Reference Soil Groups 250k: Bodemkaart van het Vlaamse Gewest volgens het internationale bodemclassificatiesysteem World Reference Base op schaal 1:250.000"", ""service_type"": ""wms"", ""metadata_urls"": [""https://www.dov.vlaanderen.be/geonetwork#/metadata/64e8a11d-5602-4ad5-b370-e4d396fe218f"", ""https://www.dov.vlaanderen.be/geonetwork/srv/dut/csw?Service=CSW&Request=GetRecordById&Version=2.0.2&outputSchema=http://www.isotc211.org/2005/gmd&elementSetName=full&id=64e8a11d-5602-4ad5-b370-e4d396fe218f""]}",spatial-extractor,2026-06-21 18:40:26.237 +0300,"[2.5284053051840685, 50.67257954128071, 5.935714799682381, 51.505972208811166]",CRS:84,ok,2.5284053051840685,50.67257954128071,5.935714799682381,51.505972208811166
974,64e8a11d-5602-4ad5-b370-e4d396fe218f,https://www.dov.vlaanderen.be/geoserver/bodemkaart_afgeleid/wms?SERVICE=WMS&version=1.3.0&request=GetMap,,,"{""id"": ""45557"", ""bbox"": [2.5284053051840685, 50.67257954128071, 5.935714799682381, 51.505972208811166, ""CRS:84""], ""name"": ""wrb_250000"", ""title"": ""WRB Reference Soil Groups 250k: Bodemkaart van het Vlaamse Gewest volgens het internationale bodemclassificatiesysteem World Reference Base op schaal 1:250.000"", ""crs3857"": true, ""crs4326"": true, ""abstract"": ""Voor het Vlaamse Gewest werd de Belgische bodemkaart omgezet naar WRB-2014, de 3de editie van het internationaal bodemclassificatiesysteem World Reference Base. Het resultaat ziet u in de kaartlaag ‘WRB Soil Units 40k: Bodemkaart van het Vlaamse Gewest volgens het internationale bodemclassificatiesysteem World Reference Base op schaal 1:40.000’. De kaartlaag op schaal 250.000 is een generalisatie van deze kaartlaag op schaal 1:40.000. De gegeneraliseerde kaartlaag bevat de dominante (meest voorkomende) Reference Soil Group (RSG) en de bijhorende Principal Qualifiers (PQ) en twee geassocieerde RSG’s met hun PQ’s (tweede en derde meest voorkomend) per kaarteenheid."", ""keywords"": [""Bodem"", ""ondergrond"", ""Regionaal"", ""Herbruikbaar"", ""Kosteloos"", ""Vlaamse Open data"", ""Toegevoegd GDI-Vl"", ""Metadata GDI-Vl-conform"", ""Metadata INSPIRE-conform"", ""DOV"", ""Vlaanderen"", ""Ondergrond"", ""Databank Ondergrond Vlaanderen"", ""Departement Omgeving"", ""Reference Soil Group"", ""Principal Qualifiers"", ""DOV_PATHNAME@001#DOV:010#Bodem:020#Bodemkaarten:030#Bodemkaart volgens WRB:020#"", ""DOV_EXPERTISE@Bodem""], ""layer_name"": ""wrb_250000"", ""description"": ""WMS-map WRB Reference Soil Groups 250k: Bodemkaart van het Vlaamse Gewest volgens het internationale bodemclassificatiesysteem World Reference Base op schaal 1:250.000"", ""service_type"": ""wms"", ""metadata_urls"": [""https://www.dov.vlaanderen.be/geonetwork#/metadata/64e8a11d-5602-4ad5-b370-e4d396fe218f"", ""https://www.dov.vlaanderen.be/geonetwork/srv/dut/csw?Service=CSW&Request=GetRecordById&Version=2.0.2&outputSchema=http://www.isotc211.org/2005/gmd&elementSetName=full&id=64e8a11d-5602-4ad5-b370-e4d396fe218f""]}",spatial-extractor,2026-06-21 18:40:27.137 +0300,"[2.5284053051840685, 50.67257954128071, 5.935714799682381, 51.505972208811166]",CRS:84,ok,2.5284053051840685,50.67257954128071,5.935714799682381,51.505972208811166
975,64e8a11d-5602-4ad5-b370-e4d396fe218f,https://www.dov.vlaanderen.be/geoserver/bodemkaart_afgeleid/wms?,,,"{""id"": ""45558"", ""bbox"": [2.5284053051840685, 50.67257954128071, 5.935714799682381, 51.505972208811166, ""CRS:84""], ""name"": ""wrb_250000"", ""title"": ""WRB Reference Soil Groups 250k: Bodemkaart van het Vlaamse Gewest volgens het internationale bodemclassificatiesysteem World Reference Base op schaal 1:250.000"", ""crs3857"": true, ""crs4326"": true, ""abstract"": ""Voor het Vlaamse Gewest werd de Belgische bodemkaart omgezet naar WRB-2014, de 3de editie van het internationaal bodemclassificatiesysteem World Reference Base. Het resultaat ziet u in de kaartlaag ‘WRB Soil Units 40k: Bodemkaart van het Vlaamse Gewest volgens het internationale bodemclassificatiesysteem World Reference Base op schaal 1:40.000’. De kaartlaag op schaal 250.000 is een generalisatie van deze kaartlaag op schaal 1:40.000. De gegeneraliseerde kaartlaag bevat de dominante (meest voorkomende) Reference Soil Group (RSG) en de bijhorende Principal Qualifiers (PQ) en twee geassocieerde RSG’s met hun PQ’s (tweede en derde meest voorkomend) per kaarteenheid."", ""keywords"": [""Bodem"", ""ondergrond"", ""Regionaal"", ""Herbruikbaar"", ""Kosteloos"", ""Vlaamse Open data"", ""Toegevoegd GDI-Vl"", ""Metadata GDI-Vl-conform"", ""Metadata INSPIRE-conform"", ""DOV"", ""Vlaanderen"", ""Ondergrond"", ""Databank Ondergrond Vlaanderen"", ""Departement Omgeving"", ""Reference Soil Group"", ""Principal Qualifiers"", ""DOV_PATHNAME@001#DOV:010#Bodem:020#Bodemkaarten:030#Bodemkaart volgens WRB:020#"", ""DOV_EXPERTISE@Bodem""], ""layer_name"": ""wrb_250000"", ""description"": ""WMS-endpoint WRB Reference Soil Groups 250k: Bodemkaart van het Vlaamse Gewest volgens het internationale bodemclassificatiesysteem World Reference Base op schaal 1:250.000"", ""service_type"": ""wms"", ""metadata_urls"": [""https://www.dov.vlaanderen.be/geonetwork#/metadata/64e8a11d-5602-4ad5-b370-e4d396fe218f"", ""https://www.dov.vlaanderen.be/geonetwork/srv/dut/csw?Service=CSW&Request=GetRecordById&Version=2.0.2&outputSchema=http://www.isotc211.org/2005/gmd&elementSetName=full&id=64e8a11d-5602-4ad5-b370-e4d396fe218f""]}",spatial-extractor,2026-06-21 18:40:27.882 +0300,"[2.5284053051840685, 50.67257954128071, 5.935714799682381, 51.505972208811166]",CRS:84,ok,2.5284053051840685,50.67257954128071,5.935714799682381,51.505972208811166
978,a1547a01-b9fc-40fa-a2eb-009a39c02c7b,https://www.dov.vlaanderen.be/geoserver/bodemkaart/wms?,,,"{""id"": ""47214"", ""bbox"": [2.5285590909401936, 50.67393051415159, 5.935371601406674, 51.50548166406281, ""CRS:84""], ""name"": ""bodemtypes"", ""title"": ""Digitale bodemkaart van het Vlaams Gewest: bodemtypes"", ""crs3857"": true, ""crs4326"": true, ""abstract"": ""https://www.dov.vlaanderen.be/page/bodemkaarten\r\nDigitale vectoriële dataset van de analoge Bodemkaart van België voor het grondgebied van Vlaanderen.\r\nAlle kaartelementen van de analoge kaarten (gepubliceerd op kaartschaal 1: 20 000) zijn zorgvuldig manueel gedigitaliseerd en voorzien van een code, overeenkomstig het gebruikte classificatiesysteem: morfogenetisch voor binnen-Vlaanderen (substraat, textuurklasse, drainageklasse, profielontwikkelingsgroep, fase en variante) en geomorfologisch voor de Kuststreek (substraat, serie, subserie, type, subtype en variante).\r\nDe digitale versie van de bodemkaart is vrijwel systematisch gecontroleerd t.o.v. de analoge bodemkaarten. De polygonen werden ingekleurd zoals op de analoge bodemkaart. Waar beschikbaar zijn voor elk bodemtype de algemene kenmerken  (Van Ranst E. en Sys C., 2000) en foto's van een representatief bodemprofiel en representatieve omgevingen weergegeven. Tenslotte bestaat voor elke polygoon de mogelijkheid om de scan van het analoge bodemkaartblad, het toelichtingsboekje en de basiskaarten op schaal 1:5000 op te roepen.\r\nDeze dataset is omwille van de visualisatie onderverdeeld in 5 kaartlagen bij publicatie in de bodemverkenner: bodemtypes, substraten, fasen, varianten van het moedermateriaal en de profielontwikkeling. De kaartlaag met de bodemtypes bevat ook al de attributen van de andere kaartlagen. De bodemkaart werd in juni 2017 geupdate met enkele militaire domeinen en een unibodemtype voor de classficatie van de zeepolders en verschillende fouten werden verbeterd."", ""keywords"": [""Bodem"", ""ondergrond"", ""bodemkaart"", ""bodemtextuur"", ""bodemprofiel"", ""Regionaal"", ""Herbruikbaar"", ""Kosteloos"", ""Vlaamse Open data"", ""Toegevoegd GDI-Vl"", ""Metadata GDI-Vl-conform"", ""Metadata INSPIRE-conform"", ""DOV"", ""Vlaanderen"", ""Ondergrond"", ""Databank Ondergrond Vlaanderen"", ""Departement Omgeving"", ""VARIANTE VAN HET MOEDERMATERIAAL"", ""VARIANTE VAN DE PROFIELONTWIKKELING"", ""LANDBOUWSTREEK"", ""GEOMORFOLOGISCHE"", ""MORFOGENETISCH"", ""KUSTSTREEK"", ""BODEMTYPE"", ""DOV_PATHNAME@001#DOV:010#Bodem:020#Bodemkaarten:020#Bodemkaart (1/20.000):010#"", ""DOV_EXPERTISE@Bodem"", ""DOV_EXPERTISE@Delfstoffen"", ""DOV_EXPERTISE@Freatisch grondwater"", ""DOV_EXPERTISE@CTE"", ""DOV_EXPERTISE@Bodemverontreiniging""], ""layer_name"": ""bodemtypes"", ""description"": ""WMS-endpoint Digitale bodemkaart van het Vlaams Gewest: bodemtypes"", ""service_type"": ""wms"", ""metadata_urls"": [""https://www.dov.vlaanderen.be/geonetwork#/metadata/a1547a01-b9fc-40fa-a2eb-009a39c02c7b"", ""https://www.dov.vlaanderen.be/geonetwork/srv/dut/csw?Service=CSW&Request=GetRecordById&Version=2.0.2&outputSchema=http://www.isotc211.org/2005/gmd&elementSetName=full&id=a1547a01-b9fc-40fa-a2eb-009a39c02c7b""]}",spatial-extractor,2026-06-21 18:40:33.114 +0300,"[2.5285590909401936, 50.67393051415159, 5.935371601406674, 51.50548166406281]",CRS:84,ok,2.5285590909401936,50.67393051415159,5.935371601406674,51.50548166406281
979,298d34a4-d459-4fc8-a9be-e8e26cd9b354,https://www.dov.vlaanderen.be/geoserver/erosie/wms?SERVICE=WMS&version=1.3.0&request=GetCapabilities,,,"{""id"": ""47132"", ""bbox"": [2.529990447668155, 50.673954726526, 5.931682119445861, 51.505461718137504, ""CRS:84""], ""name"": ""so_potbdmerosiepp_2020"", ""title"": ""Potentiële bodemerosiekaart per perceel (2020)"", ""crs3857"": true, ""crs4326"": true, ""abstract"": ""De potentiële bodemerosiekaart per perceel (2020) geeft aan de hand van een klasse-indeling de totale potentiële erosie van een bepaald landbouwperceel weer. De totale potentiële erosie houdt geen rekening met het huidige landgebruik (grasland of akkerland). In het veld ‘Erosiegevoeligheid verzamelaanvraag’ staat de informatie die overeenkomt met de erosiegevoeligheid op de verzamelaanvraag 2020. De goedgekeurde bezwaren werden zowel in het veld 'Erosiegevoeligheid verzamelaanvraag' als in het veld 'Totale erosie' verwerkt. De goedgekeurde aanvragen van de verlaging van de erosiegevoeligheidsklasse op basis van een hoog koolstofgehalte werden in het veld 'Erosiegevoeligheid verzamelaanvraag' verwerkt met aanduiding van ‘/ C’ achter de erosiegevoeligheid, maar het veld 'Totale erosie' behield zijn oorspronkelijke waarde voor deze percelen.\r\n\r\nErosie door water is een proces waarbij bodemdeeltjes door de impact van regendruppels en afstromend water worden losgemaakt en getransporteerd, hetzij laagsgewijs over een grote oppervlakte, hetzij geconcentreerd in geulen en ravijnen. Dit leidt o.m. tot een afname van de bodemkwaliteit en -productiviteit, maar ook tot belangrijke schade door modderoverlast in stroomafwaarts gelegen (woon)gebieden. Bodemerosie is een van de belangrijkste vormen van bodemaantasting in Vlaanderen. \r\n\r\nDe potentiële bodemerosiekaart per perceel is gebaseerd op de landbouwgebruikspercelen ALV 2019 (export augustus 2019). De potentiële bodemerosiekaart per perceel werd opgesteld door het Vlaams Planbureau voor Omgeving door middel van computermodellering met een ruimtelijke resolutie van 5x5 m. De berekening van de erosie is gebaseerd op de herziene universele bodemverliesvergelijking of R.U.S.L.E. (Revised Universal Soil Loss Equation, Renard et al, 1991). Het betreft een empirisch model waarmee de gemiddelde jaarlijkse bodemerosiesnelheid per oppervlakte-eenheid als gevolg van intergeul- en geulerosie wordt berekend als een product van 6 factoren."", ""keywords"": [""Gebieden met natuurrisico's"", ""ondergrond"", ""bodemerosie"", ""watererosie"", ""landbouw"", ""Regionaal"", ""Herbruikbaar"", ""Kosteloos"", ""Vlaamse Open data"", ""Toegevoegd GDI-Vl"", ""Metadata GDI-Vl-conform"", ""Metadata INSPIRE-conform"", ""DOV"", ""Vlaanderen"", ""Ondergrond"", ""Databank Ondergrond Vlaanderen"", ""Departement Omgeving"", ""DOV_EXPERTISE@Bodem""], ""layer_name"": ""so_potbdmerosiepp_2020"", ""description"": ""WMS-capabilities Potentiële bodemerosiekaart per perceel (2020)"", ""service_type"": ""wms"", ""metadata_urls"": [""https://www.dov.vlaanderen.be/geonetwork#/metadata/298d34a4-d459-4fc8-a9be-e8e26cd9b354"", ""https://www.dov.vlaanderen.be/geonetwork/srv/dut/csw?Service=CSW&Request=GetRecordById&Version=2.0.2&outputSchema=http://www.isotc211.org/2005/gmd&elementSetName=full&id=298d34a4-d459-4fc8-a9be-e8e26cd9b354""]}",spatial-extractor,2026-06-21 18:40:35.557 +0300,"[2.529990447668155, 50.673954726526, 5.931682119445861, 51.505461718137504]",CRS:84,ok,2.529990447668155,50.673954726526,5.931682119445861,51.505461718137504
980,298d34a4-d459-4fc8-a9be-e8e26cd9b354,https://www.dov.vlaanderen.be/geoserver/erosie/wms?SERVICE=WMS&version=1.3.0&request=GetMap,,,"{""id"": ""47134"", ""bbox"": [2.529990447668155, 50.673954726526, 5.931682119445861, 51.505461718137504, ""CRS:84""], ""name"": ""so_potbdmerosiepp_2020"", ""title"": ""Potentiële bodemerosiekaart per perceel (2020)"", ""crs3857"": true, ""crs4326"": true, ""abstract"": ""De potentiële bodemerosiekaart per perceel (2020) geeft aan de hand van een klasse-indeling de totale potentiële erosie van een bepaald landbouwperceel weer. De totale potentiële erosie houdt geen rekening met het huidige landgebruik (grasland of akkerland). In het veld ‘Erosiegevoeligheid verzamelaanvraag’ staat de informatie die overeenkomt met de erosiegevoeligheid op de verzamelaanvraag 2020. De goedgekeurde bezwaren werden zowel in het veld 'Erosiegevoeligheid verzamelaanvraag' als in het veld 'Totale erosie' verwerkt. De goedgekeurde aanvragen van de verlaging van de erosiegevoeligheidsklasse op basis van een hoog koolstofgehalte werden in het veld 'Erosiegevoeligheid verzamelaanvraag' verwerkt met aanduiding van ‘/ C’ achter de erosiegevoeligheid, maar het veld 'Totale erosie' behield zijn oorspronkelijke waarde voor deze percelen.\r\n\r\nErosie door water is een proces waarbij bodemdeeltjes door de impact van regendruppels en afstromend water worden losgemaakt en getransporteerd, hetzij laagsgewijs over een grote oppervlakte, hetzij geconcentreerd in geulen en ravijnen. Dit leidt o.m. tot een afname van de bodemkwaliteit en -productiviteit, maar ook tot belangrijke schade door modderoverlast in stroomafwaarts gelegen (woon)gebieden. Bodemerosie is een van de belangrijkste vormen van bodemaantasting in Vlaanderen. \r\n\r\nDe potentiële bodemerosiekaart per perceel is gebaseerd op de landbouwgebruikspercelen ALV 2019 (export augustus 2019). De potentiële bodemerosiekaart per perceel werd opgesteld door het Vlaams Planbureau voor Omgeving door middel van computermodellering met een ruimtelijke resolutie van 5x5 m. De berekening van de erosie is gebaseerd op de herziene universele bodemverliesvergelijking of R.U.S.L.E. (Revised Universal Soil Loss Equation, Renard et al, 1991). Het betreft een empirisch model waarmee de gemiddelde jaarlijkse bodemerosiesnelheid per oppervlakte-eenheid als gevolg van intergeul- en geulerosie wordt berekend als een product van 6 factoren."", ""keywords"": [""Gebieden met natuurrisico's"", ""ondergrond"", ""bodemerosie"", ""watererosie"", ""landbouw"", ""Regionaal"", ""Herbruikbaar"", ""Kosteloos"", ""Vlaamse Open data"", ""Toegevoegd GDI-Vl"", ""Metadata GDI-Vl-conform"", ""Metadata INSPIRE-conform"", ""DOV"", ""Vlaanderen"", ""Ondergrond"", ""Databank Ondergrond Vlaanderen"", ""Departement Omgeving"", ""DOV_EXPERTISE@Bodem""], ""layer_name"": ""so_potbdmerosiepp_2020"", ""description"": ""WMS-map Potentiële bodemerosiekaart per perceel (2020)"", ""service_type"": ""wms"", ""metadata_urls"": [""https://www.dov.vlaanderen.be/geonetwork#/metadata/298d34a4-d459-4fc8-a9be-e8e26cd9b354"", ""https://www.dov.vlaanderen.be/geonetwork/srv/dut/csw?Service=CSW&Request=GetRecordById&Version=2.0.2&outputSchema=http://www.isotc211.org/2005/gmd&elementSetName=full&id=298d34a4-d459-4fc8-a9be-e8e26cd9b354""]}",spatial-extractor,2026-06-21 18:40:37.387 +0300,"[2.529990447668155, 50.673954726526, 5.931682119445861, 51.505461718137504]",CRS:84,ok,2.529990447668155,50.673954726526,5.931682119445861,51.505461718137504
981,298d34a4-d459-4fc8-a9be-e8e26cd9b354,https://www.dov.vlaanderen.be/geoserver/erosie/wms?,,,"{""id"": ""47135"", ""bbox"": [2.529990447668155, 50.673954726526, 5.931682119445861, 51.505461718137504, ""CRS:84""], ""name"": ""so_potbdmerosiepp_2020"", ""title"": ""Potentiële bodemerosiekaart per perceel (2020)"", ""crs3857"": true, ""crs4326"": true, ""abstract"": ""De potentiële bodemerosiekaart per perceel (2020) geeft aan de hand van een klasse-indeling de totale potentiële erosie van een bepaald landbouwperceel weer. De totale potentiële erosie houdt geen rekening met het huidige landgebruik (grasland of akkerland). In het veld ‘Erosiegevoeligheid verzamelaanvraag’ staat de informatie die overeenkomt met de erosiegevoeligheid op de verzamelaanvraag 2020. De goedgekeurde bezwaren werden zowel in het veld 'Erosiegevoeligheid verzamelaanvraag' als in het veld 'Totale erosie' verwerkt. De goedgekeurde aanvragen van de verlaging van de erosiegevoeligheidsklasse op basis van een hoog koolstofgehalte werden in het veld 'Erosiegevoeligheid verzamelaanvraag' verwerkt met aanduiding van ‘/ C’ achter de erosiegevoeligheid, maar het veld 'Totale erosie' behield zijn oorspronkelijke waarde voor deze percelen.\r\n\r\nErosie door water is een proces waarbij bodemdeeltjes door de impact van regendruppels en afstromend water worden losgemaakt en getransporteerd, hetzij laagsgewijs over een grote oppervlakte, hetzij geconcentreerd in geulen en ravijnen. Dit leidt o.m. tot een afname van de bodemkwaliteit en -productiviteit, maar ook tot belangrijke schade door modderoverlast in stroomafwaarts gelegen (woon)gebieden. Bodemerosie is een van de belangrijkste vormen van bodemaantasting in Vlaanderen. \r\n\r\nDe potentiële bodemerosiekaart per perceel is gebaseerd op de landbouwgebruikspercelen ALV 2019 (export augustus 2019). De potentiële bodemerosiekaart per perceel werd opgesteld door het Vlaams Planbureau voor Omgeving door middel van computermodellering met een ruimtelijke resolutie van 5x5 m. De berekening van de erosie is gebaseerd op de herziene universele bodemverliesvergelijking of R.U.S.L.E. (Revised Universal Soil Loss Equation, Renard et al, 1991). Het betreft een empirisch model waarmee de gemiddelde jaarlijkse bodemerosiesnelheid per oppervlakte-eenheid als gevolg van intergeul- en geulerosie wordt berekend als een product van 6 factoren."", ""keywords"": [""Gebieden met natuurrisico's"", ""ondergrond"", ""bodemerosie"", ""watererosie"", ""landbouw"", ""Regionaal"", ""Herbruikbaar"", ""Kosteloos"", ""Vlaamse Open data"", ""Toegevoegd GDI-Vl"", ""Metadata GDI-Vl-conform"", ""Metadata INSPIRE-conform"", ""DOV"", ""Vlaanderen"", ""Ondergrond"", ""Databank Ondergrond Vlaanderen"", ""Departement Omgeving"", ""DOV_EXPERTISE@Bodem""], ""layer_name"": ""so_potbdmerosiepp_2020"", ""description"": ""WMS-endpoint Potentiële bodemerosiekaart per perceel (2020)"", ""service_type"": ""wms"", ""metadata_urls"": [""https://www.dov.vlaanderen.be/geonetwork#/metadata/298d34a4-d459-4fc8-a9be-e8e26cd9b354"", ""https://www.dov.vlaanderen.be/geonetwork/srv/dut/csw?Service=CSW&Request=GetRecordById&Version=2.0.2&outputSchema=http://www.isotc211.org/2005/gmd&elementSetName=full&id=298d34a4-d459-4fc8-a9be-e8e26cd9b354""]}",spatial-extractor,2026-06-21 18:40:38.041 +0300,"[2.529990447668155, 50.673954726526, 5.931682119445861, 51.505461718137504]",CRS:84,ok,2.529990447668155,50.673954726526,5.931682119445861,51.505461718137504
983,5e1146a5-4f72-4e93-a71d-8297d3dfec6c,https://www.dov.vlaanderen.be/geoserver/grondverschuivingen/wms?SERVICE=WMS&version=1.3.0&request=GetCapabilities,,,"{""id"": ""47142"", ""bbox"": [2.7125489339757647, 50.70405644016369, 4.23772263154259, 50.92953378643767, ""CRS:84""], ""name"": ""grndversch_gekarteerd"", ""title"": ""Gekarteerde grondverschuivingen"", ""crs3857"": true, ""crs4326"": true, ""abstract"": ""De kaart bevat een zo volledig mogelijke inventaris van in het landschap waarneembare grondverschuivingen in een studiegebied gelegen ten westen van Brussel, in het zuiden van de provincies West-Vlaanderen, Oost-Vlaanderen en Vlaams-Brabant. Het betreft zowel zeer oude, in het landschap geïntegreerde grondverschuivingen van post-glaciale oorsprong als relatief jonge grondverschuivingen waarvan de initiatiedatum (soms bij benadering) gekend is. De 'jonge' grondverschuivingen kunnen ontstaan zijn binnen een grotere, oude grondverschuiving (local reactivering) of op een onaangetaste (niet in het verleden door grondverschuiving aangetaste) locatie. De meeste grondverschuivngen zijn nog steeds onderhevig aan beweging, zichtbaar aan bijvoorbeeld scheefgestelde bomen. De kartering van de grondverschuivingen gebeurde door een combinatie van terreinprospectie en analyse van schaduwkaarten die werden afgeleid van het digitaal hoogtemodel op basis van laserscanning of LIDAR (Light Detection and Ranging; OC GIS-Vlaanderen, 2005)."", ""keywords"": [""Gebieden met natuurrisico's"", ""ondergrond"", ""Regionaal"", ""Herbruikbaar"", ""Kosteloos"", ""Vlaamse Open data"", ""Toegevoegd GDI-Vl"", ""Metadata GDI-Vl-conform"", ""Metadata INSPIRE-conform"", ""DOV"", ""Vlaanderen"", ""Ondergrond"", ""Databank Ondergrond Vlaanderen"", ""Departement Omgeving"", ""DOV_PATHNAME@001#DOV:080#Grondverschuivingen:020#"", ""DOV_EXPERTISE@Bodem"", ""DOV_EXPERTISE@Geotechniek""], ""layer_name"": ""grndversch_gekarteerd"", ""description"": ""WMS-capabilities Gekarteerde grondverschuivingen"", ""service_type"": ""wms"", ""metadata_urls"": [""https://www.dov.vlaanderen.be/geonetwork#/metadata/5e1146a5-4f72-4e93-a71d-8297d3dfec6c"", ""https://www.dov.vlaanderen.be/geonetwork/srv/dut/csw?Service=CSW&Request=GetRecordById&Version=2.0.2&outputSchema=http://www.isotc211.org/2005/gmd&elementSetName=full&id=5e1146a5-4f72-4e93-a71d-8297d3dfec6c""]}",spatial-extractor,2026-06-21 18:40:48.157 +0300,"[2.7125489339757647, 50.70405644016369, 4.23772263154259, 50.92953378643767]",CRS:84,ok,2.7125489339757647,50.70405644016369,4.23772263154259,50.92953378643767
984,5e1146a5-4f72-4e93-a71d-8297d3dfec6c,https://www.dov.vlaanderen.be/geoserver/grondverschuivingen/wms?SERVICE=WMS&version=1.3.0&request=GetMap,,,"{""id"": ""47144"", ""bbox"": [2.7125489339757647, 50.70405644016369, 4.23772263154259, 50.92953378643767, ""CRS:84""], ""name"": ""grndversch_gekarteerd"", ""title"": ""Gekarteerde grondverschuivingen"", ""crs3857"": true, ""crs4326"": true, ""abstract"": ""De kaart bevat een zo volledig mogelijke inventaris van in het landschap waarneembare grondverschuivingen in een studiegebied gelegen ten westen van Brussel, in het zuiden van de provincies West-Vlaanderen, Oost-Vlaanderen en Vlaams-Brabant. Het betreft zowel zeer oude, in het landschap geïntegreerde grondverschuivingen van post-glaciale oorsprong als relatief jonge grondverschuivingen waarvan de initiatiedatum (soms bij benadering) gekend is. De 'jonge' grondverschuivingen kunnen ontstaan zijn binnen een grotere, oude grondverschuiving (local reactivering) of op een onaangetaste (niet in het verleden door grondverschuiving aangetaste) locatie. De meeste grondverschuivngen zijn nog steeds onderhevig aan beweging, zichtbaar aan bijvoorbeeld scheefgestelde bomen. De kartering van de grondverschuivingen gebeurde door een combinatie van terreinprospectie en analyse van schaduwkaarten die werden afgeleid van het digitaal hoogtemodel op basis van laserscanning of LIDAR (Light Detection and Ranging; OC GIS-Vlaanderen, 2005)."", ""keywords"": [""Gebieden met natuurrisico's"", ""ondergrond"", ""Regionaal"", ""Herbruikbaar"", ""Kosteloos"", ""Vlaamse Open data"", ""Toegevoegd GDI-Vl"", ""Metadata GDI-Vl-conform"", ""Metadata INSPIRE-conform"", ""DOV"", ""Vlaanderen"", ""Ondergrond"", ""Databank Ondergrond Vlaanderen"", ""Departement Omgeving"", ""DOV_PATHNAME@001#DOV:080#Grondverschuivingen:020#"", ""DOV_EXPERTISE@Bodem"", ""DOV_EXPERTISE@Geotechniek""], ""layer_name"": ""grndversch_gekarteerd"", ""description"": ""WMS-map Gekarteerde grondverschuivingen"", ""service_type"": ""wms"", ""metadata_urls"": [""https://www.dov.vlaanderen.be/geonetwork#/metadata/5e1146a5-4f72-4e93-a71d-8297d3dfec6c"", ""https://www.dov.vlaanderen.be/geonetwork/srv/dut/csw?Service=CSW&Request=GetRecordById&Version=2.0.2&outputSchema=http://www.isotc211.org/2005/gmd&elementSetName=full&id=5e1146a5-4f72-4e93-a71d-8297d3dfec6c""]}",spatial-extractor,2026-06-21 18:40:49.357 +0300,"[2.7125489339757647, 50.70405644016369, 4.23772263154259, 50.92953378643767]",CRS:84,ok,2.7125489339757647,50.70405644016369,4.23772263154259,50.92953378643767
985,5e1146a5-4f72-4e93-a71d-8297d3dfec6c,https://www.dov.vlaanderen.be/geoserver/grondverschuivingen/wms?,,,"{""id"": ""47145"", ""bbox"": [2.7125489339757647, 50.70405644016369, 4.23772263154259, 50.92953378643767, ""CRS:84""], ""name"": ""grndversch_gekarteerd"", ""title"": ""Gekarteerde grondverschuivingen"", ""crs3857"": true, ""crs4326"": true, ""abstract"": ""De kaart bevat een zo volledig mogelijke inventaris van in het landschap waarneembare grondverschuivingen in een studiegebied gelegen ten westen van Brussel, in het zuiden van de provincies West-Vlaanderen, Oost-Vlaanderen en Vlaams-Brabant. Het betreft zowel zeer oude, in het landschap geïntegreerde grondverschuivingen van post-glaciale oorsprong als relatief jonge grondverschuivingen waarvan de initiatiedatum (soms bij benadering) gekend is. De 'jonge' grondverschuivingen kunnen ontstaan zijn binnen een grotere, oude grondverschuiving (local reactivering) of op een onaangetaste (niet in het verleden door grondverschuiving aangetaste) locatie. De meeste grondverschuivngen zijn nog steeds onderhevig aan beweging, zichtbaar aan bijvoorbeeld scheefgestelde bomen. De kartering van de grondverschuivingen gebeurde door een combinatie van terreinprospectie en analyse van schaduwkaarten die werden afgeleid van het digitaal hoogtemodel op basis van laserscanning of LIDAR (Light Detection and Ranging; OC GIS-Vlaanderen, 2005)."", ""keywords"": [""Gebieden met natuurrisico's"", ""ondergrond"", ""Regionaal"", ""Herbruikbaar"", ""Kosteloos"", ""Vlaamse Open data"", ""Toegevoegd GDI-Vl"", ""Metadata GDI-Vl-conform"", ""Metadata INSPIRE-conform"", ""DOV"", ""Vlaanderen"", ""Ondergrond"", ""Databank Ondergrond Vlaanderen"", ""Departement Omgeving"", ""DOV_PATHNAME@001#DOV:080#Grondverschuivingen:020#"", ""DOV_EXPERTISE@Bodem"", ""DOV_EXPERTISE@Geotechniek""], ""layer_name"": ""grndversch_gekarteerd"", ""description"": ""WMS-endpoint Gekarteerde grondverschuivingen"", ""service_type"": ""wms"", ""metadata_urls"": [""https://www.dov.vlaanderen.be/geonetwork#/metadata/5e1146a5-4f72-4e93-a71d-8297d3dfec6c"", ""https://www.dov.vlaanderen.be/geonetwork/srv/dut/csw?Service=CSW&Request=GetRecordById&Version=2.0.2&outputSchema=http://www.isotc211.org/2005/gmd&elementSetName=full&id=5e1146a5-4f72-4e93-a71d-8297d3dfec6c""]}",spatial-extractor,2026-06-21 18:40:50.106 +0300,"[2.7125489339757647, 50.70405644016369, 4.23772263154259, 50.92953378643767]",CRS:84,ok,2.7125489339757647,50.70405644016369,4.23772263154259,50.92953378643767
987,2035e01e-eef5-4806-948c-df7b966169a1,https://www.dov.vlaanderen.be/geoserver/grondverschuivingen/wms?SERVICE=WMS&version=1.3.0&request=GetCapabilities,,,"{""id"": ""47166"", ""bbox"": [2.590986716156292, 50.67476411972977, 4.306285166516531, 51.05363711476087, ""CRS:84""], ""name"": ""grndversch_gevoeligh"", ""title"": ""Gevoeligheid voor grondverschuivingen"", ""crs3857"": true, ""crs4326"": true, ""abstract"": ""De gevoeligheidskaart voor grondverschuivingen geeft een eerste indicatie van de gevoeligheid voor grondverschuivingen op zeer lokaal niveau in een studiegebied gelegen ten westen van Brussel, in het zuiden van de provincies West-Vlaanderen, Oost-Vlaanderen en Vlaams-Brabant. Aan de basis van de kaart ligt een statisch model dat gebaseerd is op logistische regressie voor zeldzame gebeurtenissen. Deze procedure legt het statistisch verband tussen de ligging van de gekarteerde (op het terrein geïnventariseerde) grondverschuivingen en de mogelijke controlerende factoren. Het model werd toegepast in een GIS omgeving voor rasters van 10 m op 10 m en voorspelt de kans op het voorkomen van een grondverschuiving op basis van de hellingsgradiënt, de oriëntatie van de helling (NW, W, ZW en Z), en de aanwezigheid van bepaalde litho-stratigrafische formaties (de formatie van Gent, lid van Vlierzele en lid van Merelbeke, de formatie van Tielt en de formatie van Kortrijk, lid van Aalbeke). Initieel werd aan elk raster een kans op het voorkomen van grondverschuivingen toegekend. Deze kanswaarden (tussen 0 en 1) werden in 4 klassen onderverdeeld, resulterend in pixels met lage, matige, hoge en zeer hoge gevoeligheid. Het werken met klassegrenzen op zich impliceert dat twee dicht bij elkaar gelegen waarden in een verschillendeklasse kunnen worden ingedeeld. Het model werd ontwikkeld voor de Vlaamse Ardennen, een deelgebied van het studiegebied, en nadien toegepast op het uitgebreide studiegebied met dezelfde geologische en topografische kenmerken."", ""keywords"": [""Gebieden met natuurrisico's"", ""ondergrond"", ""Regionaal"", ""Herbruikbaar"", ""Kosteloos"", ""Vlaamse Open data"", ""Toegevoegd GDI-Vl"", ""Metadata GDI-Vl-conform"", ""Metadata INSPIRE-conform"", ""DOV"", ""Vlaanderen"", ""Ondergrond"", ""Databank Ondergrond Vlaanderen"", ""Departement Omgeving"", ""DOV_PATHNAME@001#DOV:080#Grondverschuivingen:010#"", ""DOV_EXPERTISE@Bodem"", ""DOV_EXPERTISE@Geologie"", ""DOV_EXPERTISE@Geotechniek""], ""layer_name"": ""grndversch_gevoeligh"", ""description"": ""WMS-capabilities Gevoeligheid voor grondverschuivingen"", ""service_type"": ""wms"", ""metadata_urls"": [""https://www.dov.vlaanderen.be/geonetwork#/metadata/2035e01e-eef5-4806-948c-df7b966169a1"", ""https://www.dov.vlaanderen.be/geonetwork/srv/dut/csw?Service=CSW&Request=GetRecordById&Version=2.0.2&outputSchema=http://www.isotc211.org/2005/gmd&elementSetName=full&id=2035e01e-eef5-4806-948c-df7b966169a1""]}",spatial-extractor,2026-06-21 18:40:55.785 +0300,"[2.590986716156292, 50.67476411972977, 4.306285166516531, 51.05363711476087]",CRS:84,ok,2.590986716156292,50.67476411972977,4.306285166516531,51.05363711476087
988,2035e01e-eef5-4806-948c-df7b966169a1,https://www.dov.vlaanderen.be/geoserver/grondverschuivingen/wms?SERVICE=WMS&version=1.3.0&request=GetMap,,,"{""id"": ""47168"", ""bbox"": [2.590986716156292, 50.67476411972977, 4.306285166516531, 51.05363711476087, ""CRS:84""], ""name"": ""grndversch_gevoeligh"", ""title"": ""Gevoeligheid voor grondverschuivingen"", ""crs3857"": true, ""crs4326"": true, ""abstract"": ""De gevoeligheidskaart voor grondverschuivingen geeft een eerste indicatie van de gevoeligheid voor grondverschuivingen op zeer lokaal niveau in een studiegebied gelegen ten westen van Brussel, in het zuiden van de provincies West-Vlaanderen, Oost-Vlaanderen en Vlaams-Brabant. Aan de basis van de kaart ligt een statisch model dat gebaseerd is op logistische regressie voor zeldzame gebeurtenissen. Deze procedure legt het statistisch verband tussen de ligging van de gekarteerde (op het terrein geïnventariseerde) grondverschuivingen en de mogelijke controlerende factoren. Het model werd toegepast in een GIS omgeving voor rasters van 10 m op 10 m en voorspelt de kans op het voorkomen van een grondverschuiving op basis van de hellingsgradiënt, de oriëntatie van de helling (NW, W, ZW en Z), en de aanwezigheid van bepaalde litho-stratigrafische formaties (de formatie van Gent, lid van Vlierzele en lid van Merelbeke, de formatie van Tielt en de formatie van Kortrijk, lid van Aalbeke). Initieel werd aan elk raster een kans op het voorkomen van grondverschuivingen toegekend. Deze kanswaarden (tussen 0 en 1) werden in 4 klassen onderverdeeld, resulterend in pixels met lage, matige, hoge en zeer hoge gevoeligheid. Het werken met klassegrenzen op zich impliceert dat twee dicht bij elkaar gelegen waarden in een verschillendeklasse kunnen worden ingedeeld. Het model werd ontwikkeld voor de Vlaamse Ardennen, een deelgebied van het studiegebied, en nadien toegepast op het uitgebreide studiegebied met dezelfde geologische en topografische kenmerken."", ""keywords"": [""Gebieden met natuurrisico's"", ""ondergrond"", ""Regionaal"", ""Herbruikbaar"", ""Kosteloos"", ""Vlaamse Open data"", ""Toegevoegd GDI-Vl"", ""Metadata GDI-Vl-conform"", ""Metadata INSPIRE-conform"", ""DOV"", ""Vlaanderen"", ""Ondergrond"", ""Databank Ondergrond Vlaanderen"", ""Departement Omgeving"", ""DOV_PATHNAME@001#DOV:080#Grondverschuivingen:010#"", ""DOV_EXPERTISE@Bodem"", ""DOV_EXPERTISE@Geologie"", ""DOV_EXPERTISE@Geotechniek""], ""layer_name"": ""grndversch_gevoeligh"", ""description"": ""WMS-map Gevoeligheid voor grondverschuivingen"", ""service_type"": ""wms"", ""metadata_urls"": [""https://www.dov.vlaanderen.be/geonetwork#/metadata/2035e01e-eef5-4806-948c-df7b966169a1"", ""https://www.dov.vlaanderen.be/geonetwork/srv/dut/csw?Service=CSW&Request=GetRecordById&Version=2.0.2&outputSchema=http://www.isotc211.org/2005/gmd&elementSetName=full&id=2035e01e-eef5-4806-948c-df7b966169a1""]}",spatial-extractor,2026-06-21 18:40:56.521 +0300,"[2.590986716156292, 50.67476411972977, 4.306285166516531, 51.05363711476087]",CRS:84,ok,2.590986716156292,50.67476411972977,4.306285166516531,51.05363711476087
989,2035e01e-eef5-4806-948c-df7b966169a1,https://www.dov.vlaanderen.be/geoserver/grondverschuivingen/wms?,,,"{""id"": ""47169"", ""bbox"": [2.590986716156292, 50.67476411972977, 4.306285166516531, 51.05363711476087, ""CRS:84""], ""name"": ""grndversch_gevoeligh"", ""title"": ""Gevoeligheid voor grondverschuivingen"", ""crs3857"": true, ""crs4326"": true, ""abstract"": ""De gevoeligheidskaart voor grondverschuivingen geeft een eerste indicatie van de gevoeligheid voor grondverschuivingen op zeer lokaal niveau in een studiegebied gelegen ten westen van Brussel, in het zuiden van de provincies West-Vlaanderen, Oost-Vlaanderen en Vlaams-Brabant. Aan de basis van de kaart ligt een statisch model dat gebaseerd is op logistische regressie voor zeldzame gebeurtenissen. Deze procedure legt het statistisch verband tussen de ligging van de gekarteerde (op het terrein geïnventariseerde) grondverschuivingen en de mogelijke controlerende factoren. Het model werd toegepast in een GIS omgeving voor rasters van 10 m op 10 m en voorspelt de kans op het voorkomen van een grondverschuiving op basis van de hellingsgradiënt, de oriëntatie van de helling (NW, W, ZW en Z), en de aanwezigheid van bepaalde litho-stratigrafische formaties (de formatie van Gent, lid van Vlierzele en lid van Merelbeke, de formatie van Tielt en de formatie van Kortrijk, lid van Aalbeke). Initieel werd aan elk raster een kans op het voorkomen van grondverschuivingen toegekend. Deze kanswaarden (tussen 0 en 1) werden in 4 klassen onderverdeeld, resulterend in pixels met lage, matige, hoge en zeer hoge gevoeligheid. Het werken met klassegrenzen op zich impliceert dat twee dicht bij elkaar gelegen waarden in een verschillendeklasse kunnen worden ingedeeld. Het model werd ontwikkeld voor de Vlaamse Ardennen, een deelgebied van het studiegebied, en nadien toegepast op het uitgebreide studiegebied met dezelfde geologische en topografische kenmerken."", ""keywords"": [""Gebieden met natuurrisico's"", ""ondergrond"", ""Regionaal"", ""Herbruikbaar"", ""Kosteloos"", ""Vlaamse Open data"", ""Toegevoegd GDI-Vl"", ""Metadata GDI-Vl-conform"", ""Metadata INSPIRE-conform"", ""DOV"", ""Vlaanderen"", ""Ondergrond"", ""Databank Ondergrond Vlaanderen"", ""Departement Omgeving"", ""DOV_PATHNAME@001#DOV:080#Grondverschuivingen:010#"", ""DOV_EXPERTISE@Bodem"", ""DOV_EXPERTISE@Geologie"", ""DOV_EXPERTISE@Geotechniek""], ""layer_name"": ""grndversch_gevoeligh"", ""description"": ""WMS-endpoint Gevoeligheid voor grondverschuivingen"", ""service_type"": ""wms"", ""metadata_urls"": [""https://www.dov.vlaanderen.be/geonetwork#/metadata/2035e01e-eef5-4806-948c-df7b966169a1"", ""https://www.dov.vlaanderen.be/geonetwork/srv/dut/csw?Service=CSW&Request=GetRecordById&Version=2.0.2&outputSchema=http://www.isotc211.org/2005/gmd&elementSetName=full&id=2035e01e-eef5-4806-948c-df7b966169a1""]}",spatial-extractor,2026-06-21 18:40:57.091 +0300,"[2.590986716156292, 50.67476411972977, 4.306285166516531, 51.05363711476087]",CRS:84,ok,2.590986716156292,50.67476411972977,4.306285166516531,51.05363711476087
990,"Chartin C., Kruger I., Van Wesemael B., Carnol M., (2017) Carbiosol, Carbone organique, biomasse et activité microbienne des sols ,vers un indicateur de la qualité des sols en Wallonie-Rapport final, 111 pages",https://geoservices.wallonie.be/arcgis/services/SOL_SOUS_SOL/CARBIOSOL/MapServer/WMSServer?request=GetCapabilities&service=WMS,,,"{""id"": ""47183"", ""bbox"": [2.838657, 49.485132, 6.427052, 50.820335, ""CRS:84""], ""name"": ""1"", ""title"": ""Incertitudes des stocks en Carbone organique total (%) - période : 2004 - 2014"", ""crs3857"": true, ""crs4326"": true, ""abstract"": ""Cette couche de données reprend les incertitudes des teneurs en COT dans les sols sous cultures et prairies permanentes du territoire wallon entre la période 2004-2014.\n\nPour plus d'infomrations sur cette donnée, consultez https://geoportail.wallonie.be/catalogue/0b644920-ff5e-4aac-a124-8b478bda606c.html"", ""keywords"": [], ""layer_name"": ""1"", ""description"": ""NULL"", ""service_type"": ""wms"", ""metadata_urls"": []}",spatial-extractor,2026-06-21 18:40:59.823 +0300,"[2.838657, 49.485132, 6.427052, 50.820335]",CRS:84,ok,2.838657,49.485132,6.427052,50.820335
991,bf8c35ad-ab45-4084-b1e1-3042c66204aa,https://www.dov.vlaanderen.be/geoserver/organische_koolstof/wms?SERVICE=WMS&version=1.3.0&request=GetCapabilities,,,"{""id"": ""47192"", ""bbox"": [2.523964636359352, 49.48428532976214, 6.458202921273839, 51.51446381540252, ""CRS:84""], ""name"": ""carbon_40"", ""title"": ""Soil Organic Carbon Stock Maps for Belgium: mean (40 m grid)"", ""crs3857"": true, ""crs4326"": true, ""abstract"": ""The Belgian soil organic carbon (SOC) stock map for topsoils (0-30 cm) at the resolution of 40m x 40m was composed of 2 regional SOC stock maps. For the regional maps a different approach was used for agricultural land as compared to forest. The maps are based on digital soil mapping approaches using empirical models calibrated to predict the SOC stock and using covariates that are available at a sufficient resolution at the regional scale. All maps are strongly dependent on the Belgian Soil Map (texture and drainage parameters). The regional maps were compiled at a fine resolution (10m x 10m grid cells for Flanders and 40m x 40m grid cells for Wallonia). Next they were joined (40m x 40m grid cells). The regional maps for Flanders were scaled up tot the 40m x 40m grid of Wallonia.  \r\nGiven the different origin of the individual maps, the uncertainty varies between maps. For instance, a map of the 90% confidence interval of the SOC stocks was produced for agricultural soils in Wallonia based on a Monte Carlo Approach taking into account both the measurement and the model uncertainties. For Flemish forest soils, spatial and analytical uncertainties were taken into account using bootstrapping techniques. For Flemish agricultural soils, the uncertainty reported is the model uncertainty on point estimates for each data point, in which the estimated model parameters are simulated 1000 times as being independent normal distributed variables using their model estimation and standard error as distribution parameters. No additional uncertainty is taken into account for the conversion functions that use the stochastic variables \""bulk density\"". The metadata are available and allow assessing the uncertainties of the stock estimates in the different component maps.\r\nThe SOC stock map (resolution of 40m x 40m) is the first comprehensive map for Belgium integrating grasslands, croplands and forests. Based on this map another SOC stock map at a resolution of 1km x 1km in the coordinate reference system WGS84 was created."", ""keywords"": [""Bodem"", ""ondergrond"", ""landbouw"", ""koolstof"", ""totaal aan organische koolstof"", ""grasland"", ""akker"", ""bos"", ""bos"", ""Regionaal"", ""Herbruikbaar"", ""Kosteloos"", ""Vlaamse Open data"", ""Toegevoegd GDI-Vl"", ""Metadata GDI-Vl-conform"", ""Metadata INSPIRE-conform"", ""Lijst M&R INSPIRE"", ""DOV"", ""Vlaanderen"", ""Ondergrond"", ""Databank Ondergrond Vlaanderen"", ""Departement Omgeving"", ""Aardobservatie en milieu"", ""Bodem"", ""HVD"", ""DOV_EXPERTISE@Bodem""], ""layer_name"": ""carbon_40"", ""description"": ""WMS-capabilities Soil Organic Carbon Stock Maps for Belgium: mean (40 m grid)"", ""service_type"": ""wms"", ""metadata_urls"": [""https://www.dov.vlaanderen.be/geonetwork#/metadata/bf8c35ad-ab45-4084-b1e1-3042c66204aa"", ""https://www.dov.vlaanderen.be/geonetwork/srv/dut/csw?Service=CSW&Request=GetRecordById&Version=2.0.2&outputSchema=http://www.isotc211.org/2005/gmd&elementSetName=full&id=bf8c35ad-ab45-4084-b1e1-3042c66204aa""]}",spatial-extractor,2026-06-21 18:41:01.283 +0300,"[2.523964636359352, 49.48428532976214, 6.458202921273839, 51.51446381540252]",CRS:84,ok,2.523964636359352,49.48428532976214,6.458202921273839,51.51446381540252
992,bf8c35ad-ab45-4084-b1e1-3042c66204aa,https://www.dov.vlaanderen.be/geoserver/organische_koolstof/wms?SERVICE=WMS&version=1.3.0&request=GetMap,,,"{""id"": ""47194"", ""bbox"": [2.523964636359352, 49.48428532976214, 6.458202921273839, 51.51446381540252, ""CRS:84""], ""name"": ""carbon_40"", ""title"": ""Soil Organic Carbon Stock Maps for Belgium: mean (40 m grid)"", ""crs3857"": true, ""crs4326"": true, ""abstract"": ""The Belgian soil organic carbon (SOC) stock map for topsoils (0-30 cm) at the resolution of 40m x 40m was composed of 2 regional SOC stock maps. For the regional maps a different approach was used for agricultural land as compared to forest. The maps are based on digital soil mapping approaches using empirical models calibrated to predict the SOC stock and using covariates that are available at a sufficient resolution at the regional scale. All maps are strongly dependent on the Belgian Soil Map (texture and drainage parameters). The regional maps were compiled at a fine resolution (10m x 10m grid cells for Flanders and 40m x 40m grid cells for Wallonia). Next they were joined (40m x 40m grid cells). The regional maps for Flanders were scaled up tot the 40m x 40m grid of Wallonia.  \r\nGiven the different origin of the individual maps, the uncertainty varies between maps. For instance, a map of the 90% confidence interval of the SOC stocks was produced for agricultural soils in Wallonia based on a Monte Carlo Approach taking into account both the measurement and the model uncertainties. For Flemish forest soils, spatial and analytical uncertainties were taken into account using bootstrapping techniques. For Flemish agricultural soils, the uncertainty reported is the model uncertainty on point estimates for each data point, in which the estimated model parameters are simulated 1000 times as being independent normal distributed variables using their model estimation and standard error as distribution parameters. No additional uncertainty is taken into account for the conversion functions that use the stochastic variables \""bulk density\"". The metadata are available and allow assessing the uncertainties of the stock estimates in the different component maps.\r\nThe SOC stock map (resolution of 40m x 40m) is the first comprehensive map for Belgium integrating grasslands, croplands and forests. Based on this map another SOC stock map at a resolution of 1km x 1km in the coordinate reference system WGS84 was created."", ""keywords"": [""Bodem"", ""ondergrond"", ""landbouw"", ""koolstof"", ""totaal aan organische koolstof"", ""grasland"", ""akker"", ""bos"", ""bos"", ""Regionaal"", ""Herbruikbaar"", ""Kosteloos"", ""Vlaamse Open data"", ""Toegevoegd GDI-Vl"", ""Metadata GDI-Vl-conform"", ""Metadata INSPIRE-conform"", ""Lijst M&R INSPIRE"", ""DOV"", ""Vlaanderen"", ""Ondergrond"", ""Databank Ondergrond Vlaanderen"", ""Departement Omgeving"", ""Aardobservatie en milieu"", ""Bodem"", ""HVD"", ""DOV_EXPERTISE@Bodem""], ""layer_name"": ""carbon_40"", ""description"": ""WMS-map Soil Organic Carbon Stock Maps for Belgium: mean (40 m grid)"", ""service_type"": ""wms"", ""metadata_urls"": [""https://www.dov.vlaanderen.be/geonetwork#/metadata/bf8c35ad-ab45-4084-b1e1-3042c66204aa"", ""https://www.dov.vlaanderen.be/geonetwork/srv/dut/csw?Service=CSW&Request=GetRecordById&Version=2.0.2&outputSchema=http://www.isotc211.org/2005/gmd&elementSetName=full&id=bf8c35ad-ab45-4084-b1e1-3042c66204aa""]}",spatial-extractor,2026-06-21 18:41:01.997 +0300,"[2.523964636359352, 49.48428532976214, 6.458202921273839, 51.51446381540252]",CRS:84,ok,2.523964636359352,49.48428532976214,6.458202921273839,51.51446381540252
993,bf8c35ad-ab45-4084-b1e1-3042c66204aa,https://www.dov.vlaanderen.be/geoserver/organische_koolstof/wms?,,,"{""id"": ""47195"", ""bbox"": [2.523964636359352, 49.48428532976214, 6.458202921273839, 51.51446381540252, ""CRS:84""], ""name"": ""carbon_40"", ""title"": ""Soil Organic Carbon Stock Maps for Belgium: mean (40 m grid)"", ""crs3857"": true, ""crs4326"": true, ""abstract"": ""The Belgian soil organic carbon (SOC) stock map for topsoils (0-30 cm) at the resolution of 40m x 40m was composed of 2 regional SOC stock maps. For the regional maps a different approach was used for agricultural land as compared to forest. The maps are based on digital soil mapping approaches using empirical models calibrated to predict the SOC stock and using covariates that are available at a sufficient resolution at the regional scale. All maps are strongly dependent on the Belgian Soil Map (texture and drainage parameters). The regional maps were compiled at a fine resolution (10m x 10m grid cells for Flanders and 40m x 40m grid cells for Wallonia). Next they were joined (40m x 40m grid cells). The regional maps for Flanders were scaled up tot the 40m x 40m grid of Wallonia.  \r\nGiven the different origin of the individual maps, the uncertainty varies between maps. For instance, a map of the 90% confidence interval of the SOC stocks was produced for agricultural soils in Wallonia based on a Monte Carlo Approach taking into account both the measurement and the model uncertainties. For Flemish forest soils, spatial and analytical uncertainties were taken into account using bootstrapping techniques. For Flemish agricultural soils, the uncertainty reported is the model uncertainty on point estimates for each data point, in which the estimated model parameters are simulated 1000 times as being independent normal distributed variables using their model estimation and standard error as distribution parameters. No additional uncertainty is taken into account for the conversion functions that use the stochastic variables \""bulk density\"". The metadata are available and allow assessing the uncertainties of the stock estimates in the different component maps.\r\nThe SOC stock map (resolution of 40m x 40m) is the first comprehensive map for Belgium integrating grasslands, croplands and forests. Based on this map another SOC stock map at a resolution of 1km x 1km in the coordinate reference system WGS84 was created."", ""keywords"": [""Bodem"", ""ondergrond"", ""landbouw"", ""koolstof"", ""totaal aan organische koolstof"", ""grasland"", ""akker"", ""bos"", ""bos"", ""Regionaal"", ""Herbruikbaar"", ""Kosteloos"", ""Vlaamse Open data"", ""Toegevoegd GDI-Vl"", ""Metadata GDI-Vl-conform"", ""Metadata INSPIRE-conform"", ""Lijst M&R INSPIRE"", ""DOV"", ""Vlaanderen"", ""Ondergrond"", ""Databank Ondergrond Vlaanderen"", ""Departement Omgeving"", ""Aardobservatie en milieu"", ""Bodem"", ""HVD"", ""DOV_EXPERTISE@Bodem""], ""layer_name"": ""carbon_40"", ""description"": ""WMS-endpoint Soil Organic Carbon Stock Maps for Belgium: mean (40 m grid)"", ""service_type"": ""wms"", ""metadata_urls"": [""https://www.dov.vlaanderen.be/geonetwork#/metadata/bf8c35ad-ab45-4084-b1e1-3042c66204aa"", ""https://www.dov.vlaanderen.be/geonetwork/srv/dut/csw?Service=CSW&Request=GetRecordById&Version=2.0.2&outputSchema=http://www.isotc211.org/2005/gmd&elementSetName=full&id=bf8c35ad-ab45-4084-b1e1-3042c66204aa""]}",spatial-extractor,2026-06-21 18:41:02.582 +0300,"[2.523964636359352, 49.48428532976214, 6.458202921273839, 51.51446381540252]",CRS:84,ok,2.523964636359352,49.48428532976214,6.458202921273839,51.51446381540252
1007,5c129f2d-4498-4bc3-8860-01cb2d513f8f,https://www.dov.vlaanderen.be/geoserver/bodemkaart/wms?SERVICE=WMS&version=1.3.0&request=GetCapabilities,,,"{""id"": ""47575"", ""bbox"": [2.5285590909401936, 50.67393051415159, 5.935371601406674, 51.50548166406281, ""CRS:84""], ""name"": ""bodemtypes"", ""title"": ""Digitale bodemkaart van het Vlaams Gewest: bodemtypes"", ""crs3857"": true, ""crs4326"": true, ""abstract"": ""https://www.dov.vlaanderen.be/page/bodemkaarten\r\nDigitale vectoriële dataset van de analoge Bodemkaart van België voor het grondgebied van Vlaanderen.\r\nAlle kaartelementen van de analoge kaarten (gepubliceerd op kaartschaal 1: 20 000) zijn zorgvuldig manueel gedigitaliseerd en voorzien van een code, overeenkomstig het gebruikte classificatiesysteem: morfogenetisch voor binnen-Vlaanderen (substraat, textuurklasse, drainageklasse, profielontwikkelingsgroep, fase en variante) en geomorfologisch voor de Kuststreek (substraat, serie, subserie, type, subtype en variante).\r\nDe digitale versie van de bodemkaart is vrijwel systematisch gecontroleerd t.o.v. de analoge bodemkaarten. De polygonen werden ingekleurd zoals op de analoge bodemkaart. Waar beschikbaar zijn voor elk bodemtype de algemene kenmerken  (Van Ranst E. en Sys C., 2000) en foto's van een representatief bodemprofiel en representatieve omgevingen weergegeven. Tenslotte bestaat voor elke polygoon de mogelijkheid om de scan van het analoge bodemkaartblad, het toelichtingsboekje en de basiskaarten op schaal 1:5000 op te roepen.\r\nDeze dataset is omwille van de visualisatie onderverdeeld in 5 kaartlagen bij publicatie in de bodemverkenner: bodemtypes, substraten, fasen, varianten van het moedermateriaal en de profielontwikkeling. De kaartlaag met de bodemtypes bevat ook al de attributen van de andere kaartlagen. De bodemkaart werd in juni 2017 geupdate met enkele militaire domeinen en een unibodemtype voor de classficatie van de zeepolders en verschillende fouten werden verbeterd."", ""keywords"": [""Bodem"", ""ondergrond"", ""bodemkaart"", ""bodemtextuur"", ""bodemprofiel"", ""Regionaal"", ""Herbruikbaar"", ""Kosteloos"", ""Vlaamse Open data"", ""Toegevoegd GDI-Vl"", ""Metadata GDI-Vl-conform"", ""Metadata INSPIRE-conform"", ""DOV"", ""Vlaanderen"", ""Ondergrond"", ""Databank Ondergrond Vlaanderen"", ""Departement Omgeving"", ""VARIANTE VAN HET MOEDERMATERIAAL"", ""VARIANTE VAN DE PROFIELONTWIKKELING"", ""LANDBOUWSTREEK"", ""GEOMORFOLOGISCHE"", ""MORFOGENETISCH"", ""KUSTSTREEK"", ""BODEMTYPE"", ""DOV_PATHNAME@001#DOV:010#Bodem:020#Bodemkaarten:020#Bodemkaart (1/20.000):010#"", ""DOV_EXPERTISE@Bodem"", ""DOV_EXPERTISE@Delfstoffen"", ""DOV_EXPERTISE@Freatisch grondwater"", ""DOV_EXPERTISE@CTE"", ""DOV_EXPERTISE@Bodemverontreiniging""], ""layer_name"": ""bodemtypes"", ""description"": ""WMS-capabilities Digitale bodemkaart van het Vlaams Gewest: bodemtypes"", ""service_type"": ""wms"", ""metadata_urls"": [""https://www.dov.vlaanderen.be/geonetwork#/metadata/a1547a01-b9fc-40fa-a2eb-009a39c02c7b"", ""https://www.dov.vlaanderen.be/geonetwork/srv/dut/csw?Service=CSW&Request=GetRecordById&Version=2.0.2&outputSchema=http://www.isotc211.org/2005/gmd&elementSetName=full&id=a1547a01-b9fc-40fa-a2eb-009a39c02c7b""]}",spatial-extractor,2026-06-21 18:41:31.666 +0300,"[2.5285590909401936, 50.67393051415159, 5.935371601406674, 51.50548166406281]",CRS:84,ok,2.5285590909401936,50.67393051415159,5.935371601406674,51.50548166406281
998,a1547a01-b9fc-40fa-a2eb-009a39c02c7b,https://www.dov.vlaanderen.be/geoserver/bodemkaart/wms?SERVICE=WMS&version=1.3.0&request=GetCapabilities,,,"{""id"": ""47211"", ""bbox"": [2.5285590909401936, 50.67393051415159, 5.935371601406674, 51.50548166406281, ""CRS:84""], ""name"": ""bodemtypes"", ""title"": ""Digitale bodemkaart van het Vlaams Gewest: bodemtypes"", ""crs3857"": true, ""crs4326"": true, ""abstract"": ""https://www.dov.vlaanderen.be/page/bodemkaarten\r\nDigitale vectoriële dataset van de analoge Bodemkaart van België voor het grondgebied van Vlaanderen.\r\nAlle kaartelementen van de analoge kaarten (gepubliceerd op kaartschaal 1: 20 000) zijn zorgvuldig manueel gedigitaliseerd en voorzien van een code, overeenkomstig het gebruikte classificatiesysteem: morfogenetisch voor binnen-Vlaanderen (substraat, textuurklasse, drainageklasse, profielontwikkelingsgroep, fase en variante) en geomorfologisch voor de Kuststreek (substraat, serie, subserie, type, subtype en variante).\r\nDe digitale versie van de bodemkaart is vrijwel systematisch gecontroleerd t.o.v. de analoge bodemkaarten. De polygonen werden ingekleurd zoals op de analoge bodemkaart. Waar beschikbaar zijn voor elk bodemtype de algemene kenmerken  (Van Ranst E. en Sys C., 2000) en foto's van een representatief bodemprofiel en representatieve omgevingen weergegeven. Tenslotte bestaat voor elke polygoon de mogelijkheid om de scan van het analoge bodemkaartblad, het toelichtingsboekje en de basiskaarten op schaal 1:5000 op te roepen.\r\nDeze dataset is omwille van de visualisatie onderverdeeld in 5 kaartlagen bij publicatie in de bodemverkenner: bodemtypes, substraten, fasen, varianten van het moedermateriaal en de profielontwikkeling. De kaartlaag met de bodemtypes bevat ook al de attributen van de andere kaartlagen. De bodemkaart werd in juni 2017 geupdate met enkele militaire domeinen en een unibodemtype voor de classficatie van de zeepolders en verschillende fouten werden verbeterd."", ""keywords"": [""Bodem"", ""ondergrond"", ""bodemkaart"", ""bodemtextuur"", ""bodemprofiel"", ""Regionaal"", ""Herbruikbaar"", ""Kosteloos"", ""Vlaamse Open data"", ""Toegevoegd GDI-Vl"", ""Metadata GDI-Vl-conform"", ""Metadata INSPIRE-conform"", ""DOV"", ""Vlaanderen"", ""Ondergrond"", ""Databank Ondergrond Vlaanderen"", ""Departement Omgeving"", ""VARIANTE VAN HET MOEDERMATERIAAL"", ""VARIANTE VAN DE PROFIELONTWIKKELING"", ""LANDBOUWSTREEK"", ""GEOMORFOLOGISCHE"", ""MORFOGENETISCH"", ""KUSTSTREEK"", ""BODEMTYPE"", ""DOV_PATHNAME@001#DOV:010#Bodem:020#Bodemkaarten:020#Bodemkaart (1/20.000):010#"", ""DOV_EXPERTISE@Bodem"", ""DOV_EXPERTISE@Delfstoffen"", ""DOV_EXPERTISE@Freatisch grondwater"", ""DOV_EXPERTISE@CTE"", ""DOV_EXPERTISE@Bodemverontreiniging""], ""layer_name"": ""bodemtypes"", ""description"": ""WMS-capabilities Digitale bodemkaart van het Vlaams Gewest: bodemtypes"", ""service_type"": ""wms"", ""metadata_urls"": [""https://www.dov.vlaanderen.be/geonetwork#/metadata/a1547a01-b9fc-40fa-a2eb-009a39c02c7b"", ""https://www.dov.vlaanderen.be/geonetwork/srv/dut/csw?Service=CSW&Request=GetRecordById&Version=2.0.2&outputSchema=http://www.isotc211.org/2005/gmd&elementSetName=full&id=a1547a01-b9fc-40fa-a2eb-009a39c02c7b""]}",spatial-extractor,2026-06-21 18:41:10.999 +0300,"[2.5285590909401936, 50.67393051415159, 5.935371601406674, 51.50548166406281]",CRS:84,ok,2.5285590909401936,50.67393051415159,5.935371601406674,51.50548166406281
999,a1547a01-b9fc-40fa-a2eb-009a39c02c7b,https://www.dov.vlaanderen.be/geoserver/bodemkaart/wms?SERVICE=WMS&version=1.3.0&request=GetMap,,,"{""id"": ""47213"", ""bbox"": [2.5285590909401936, 50.67393051415159, 5.935371601406674, 51.50548166406281, ""CRS:84""], ""name"": ""bodemtypes"", ""title"": ""Digitale bodemkaart van het Vlaams Gewest: bodemtypes"", ""crs3857"": true, ""crs4326"": true, ""abstract"": ""https://www.dov.vlaanderen.be/page/bodemkaarten\r\nDigitale vectoriële dataset van de analoge Bodemkaart van België voor het grondgebied van Vlaanderen.\r\nAlle kaartelementen van de analoge kaarten (gepubliceerd op kaartschaal 1: 20 000) zijn zorgvuldig manueel gedigitaliseerd en voorzien van een code, overeenkomstig het gebruikte classificatiesysteem: morfogenetisch voor binnen-Vlaanderen (substraat, textuurklasse, drainageklasse, profielontwikkelingsgroep, fase en variante) en geomorfologisch voor de Kuststreek (substraat, serie, subserie, type, subtype en variante).\r\nDe digitale versie van de bodemkaart is vrijwel systematisch gecontroleerd t.o.v. de analoge bodemkaarten. De polygonen werden ingekleurd zoals op de analoge bodemkaart. Waar beschikbaar zijn voor elk bodemtype de algemene kenmerken  (Van Ranst E. en Sys C., 2000) en foto's van een representatief bodemprofiel en representatieve omgevingen weergegeven. Tenslotte bestaat voor elke polygoon de mogelijkheid om de scan van het analoge bodemkaartblad, het toelichtingsboekje en de basiskaarten op schaal 1:5000 op te roepen.\r\nDeze dataset is omwille van de visualisatie onderverdeeld in 5 kaartlagen bij publicatie in de bodemverkenner: bodemtypes, substraten, fasen, varianten van het moedermateriaal en de profielontwikkeling. De kaartlaag met de bodemtypes bevat ook al de attributen van de andere kaartlagen. De bodemkaart werd in juni 2017 geupdate met enkele militaire domeinen en een unibodemtype voor de classficatie van de zeepolders en verschillende fouten werden verbeterd."", ""keywords"": [""Bodem"", ""ondergrond"", ""bodemkaart"", ""bodemtextuur"", ""bodemprofiel"", ""Regionaal"", ""Herbruikbaar"", ""Kosteloos"", ""Vlaamse Open data"", ""Toegevoegd GDI-Vl"", ""Metadata GDI-Vl-conform"", ""Metadata INSPIRE-conform"", ""DOV"", ""Vlaanderen"", ""Ondergrond"", ""Databank Ondergrond Vlaanderen"", ""Departement Omgeving"", ""VARIANTE VAN HET MOEDERMATERIAAL"", ""VARIANTE VAN DE PROFIELONTWIKKELING"", ""LANDBOUWSTREEK"", ""GEOMORFOLOGISCHE"", ""MORFOGENETISCH"", ""KUSTSTREEK"", ""BODEMTYPE"", ""DOV_PATHNAME@001#DOV:010#Bodem:020#Bodemkaarten:020#Bodemkaart (1/20.000):010#"", ""DOV_EXPERTISE@Bodem"", ""DOV_EXPERTISE@Delfstoffen"", ""DOV_EXPERTISE@Freatisch grondwater"", ""DOV_EXPERTISE@CTE"", ""DOV_EXPERTISE@Bodemverontreiniging""], ""layer_name"": ""bodemtypes"", ""description"": ""WMS-map Digitale bodemkaart van het Vlaams Gewest: bodemtypes"", ""service_type"": ""wms"", ""metadata_urls"": [""https://www.dov.vlaanderen.be/geonetwork#/metadata/a1547a01-b9fc-40fa-a2eb-009a39c02c7b"", ""https://www.dov.vlaanderen.be/geonetwork/srv/dut/csw?Service=CSW&Request=GetRecordById&Version=2.0.2&outputSchema=http://www.isotc211.org/2005/gmd&elementSetName=full&id=a1547a01-b9fc-40fa-a2eb-009a39c02c7b""]}",spatial-extractor,2026-06-21 18:41:11.914 +0300,"[2.5285590909401936, 50.67393051415159, 5.935371601406674, 51.50548166406281]",CRS:84,ok,2.5285590909401936,50.67393051415159,5.935371601406674,51.50548166406281
1001,692a9efb-8509-4a6f-a3be-6887f969867d,https://www.dov.vlaanderen.be/geoserver/erosie/wms?SERVICE=WMS&version=1.3.0&request=GetCapabilities,,,"{""id"": ""47236"", ""bbox"": [2.6470319492844614, 50.699620386683655, 5.815385313523002, 51.02847335341908, ""CRS:84""], ""name"": ""erosiebestrijding_gemeente"", ""title"": ""Kleinschalige erosiebestrijdingswerken"", ""crs3857"": true, ""crs4326"": true, ""abstract"": ""De kaart met kleinschalige erosiebestrijdingswerken bevat de erosiebestrijdingswerken die gerealiseerd zijn of op korte termijn zullen gerealiseerd worden door (lokale) overheden. Deze datalaag omvat zowel de gemeentelijke erosiebestrijdingswerken die met subsidies van de Vlaamse Overheid (Departement Omgeving) in het kader van het Erosiebesluit zijn aangelegd als erosiebestrijdingswerken die via een ander financieringskanaal (gemeente, provincie, landinrichting, ruilverkaveling,...) werden gerealiseerd. De erosiebestrijdingswerken bestaan uit één of een combinatie van meerdere maatregelen, zoals aarden dammen, erosiepoelen, bufferbekkens, buffergrachten, grasstroken, graszones, houtige kleine landschapselementen, etc."", ""keywords"": [""Bodem"", ""ondergrond"", ""bodemerosie"", ""erosiebeheersing"", ""Regionaal"", ""Herbruikbaar"", ""Kosteloos"", ""Vlaamse Open data"", ""Toegevoegd GDI-Vl"", ""Metadata GDI-Vl-conform"", ""Metadata INSPIRE-conform"", ""DOV"", ""Vlaanderen"", ""Ondergrond"", ""Databank Ondergrond Vlaanderen"", ""Departement Omgeving"", ""DOV_PATHNAME@001#DOV:030#Erosie:030#Erosiebestrijdingsmaatregelen:010#"", ""DOV_EXPERTISE@Bodem"", ""DOV_EXPERTISE@Sediment""], ""layer_name"": ""erosiebestrijding_gemeente"", ""description"": ""WMS-capabilities Kleinschalige erosiebestrijdingswerken"", ""service_type"": ""wms"", ""metadata_urls"": [""https://www.dov.vlaanderen.be/geonetwork#/metadata/692a9efb-8509-4a6f-a3be-6887f969867d"", ""https://www.dov.vlaanderen.be/geonetwork/srv/dut/csw?Service=CSW&Request=GetRecordById&Version=2.0.2&outputSchema=http://www.isotc211.org/2005/gmd&elementSetName=full&id=692a9efb-8509-4a6f-a3be-6887f969867d""]}",spatial-extractor,2026-06-21 18:41:20.201 +0300,"[2.6470319492844614, 50.699620386683655, 5.815385313523002, 51.02847335341908]",CRS:84,ok,2.6470319492844614,50.699620386683655,5.815385313523002,51.02847335341908
1002,692a9efb-8509-4a6f-a3be-6887f969867d,https://www.dov.vlaanderen.be/geoserver/erosie/wms?SERVICE=WMS&version=1.3.0&request=GetMap,,,"{""id"": ""47238"", ""bbox"": [2.6470319492844614, 50.699620386683655, 5.815385313523002, 51.02847335341908, ""CRS:84""], ""name"": ""erosiebestrijding_gemeente"", ""title"": ""Kleinschalige erosiebestrijdingswerken"", ""crs3857"": true, ""crs4326"": true, ""abstract"": ""De kaart met kleinschalige erosiebestrijdingswerken bevat de erosiebestrijdingswerken die gerealiseerd zijn of op korte termijn zullen gerealiseerd worden door (lokale) overheden. Deze datalaag omvat zowel de gemeentelijke erosiebestrijdingswerken die met subsidies van de Vlaamse Overheid (Departement Omgeving) in het kader van het Erosiebesluit zijn aangelegd als erosiebestrijdingswerken die via een ander financieringskanaal (gemeente, provincie, landinrichting, ruilverkaveling,...) werden gerealiseerd. De erosiebestrijdingswerken bestaan uit één of een combinatie van meerdere maatregelen, zoals aarden dammen, erosiepoelen, bufferbekkens, buffergrachten, grasstroken, graszones, houtige kleine landschapselementen, etc."", ""keywords"": [""Bodem"", ""ondergrond"", ""bodemerosie"", ""erosiebeheersing"", ""Regionaal"", ""Herbruikbaar"", ""Kosteloos"", ""Vlaamse Open data"", ""Toegevoegd GDI-Vl"", ""Metadata GDI-Vl-conform"", ""Metadata INSPIRE-conform"", ""DOV"", ""Vlaanderen"", ""Ondergrond"", ""Databank Ondergrond Vlaanderen"", ""Departement Omgeving"", ""DOV_PATHNAME@001#DOV:030#Erosie:030#Erosiebestrijdingsmaatregelen:010#"", ""DOV_EXPERTISE@Bodem"", ""DOV_EXPERTISE@Sediment""], ""layer_name"": ""erosiebestrijding_gemeente"", ""description"": ""WMS-map Kleinschalige erosiebestrijdingswerken"", ""service_type"": ""wms"", ""metadata_urls"": [""https://www.dov.vlaanderen.be/geonetwork#/metadata/692a9efb-8509-4a6f-a3be-6887f969867d"", ""https://www.dov.vlaanderen.be/geonetwork/srv/dut/csw?Service=CSW&Request=GetRecordById&Version=2.0.2&outputSchema=http://www.isotc211.org/2005/gmd&elementSetName=full&id=692a9efb-8509-4a6f-a3be-6887f969867d""]}",spatial-extractor,2026-06-21 18:41:21.355 +0300,"[2.6470319492844614, 50.699620386683655, 5.815385313523002, 51.02847335341908]",CRS:84,ok,2.6470319492844614,50.699620386683655,5.815385313523002,51.02847335341908
1003,692a9efb-8509-4a6f-a3be-6887f969867d,https://www.dov.vlaanderen.be/geoserver/erosie/wms?,,,"{""id"": ""47239"", ""bbox"": [2.6470319492844614, 50.699620386683655, 5.815385313523002, 51.02847335341908, ""CRS:84""], ""name"": ""erosiebestrijding_gemeente"", ""title"": ""Kleinschalige erosiebestrijdingswerken"", ""crs3857"": true, ""crs4326"": true, ""abstract"": ""De kaart met kleinschalige erosiebestrijdingswerken bevat de erosiebestrijdingswerken die gerealiseerd zijn of op korte termijn zullen gerealiseerd worden door (lokale) overheden. Deze datalaag omvat zowel de gemeentelijke erosiebestrijdingswerken die met subsidies van de Vlaamse Overheid (Departement Omgeving) in het kader van het Erosiebesluit zijn aangelegd als erosiebestrijdingswerken die via een ander financieringskanaal (gemeente, provincie, landinrichting, ruilverkaveling,...) werden gerealiseerd. De erosiebestrijdingswerken bestaan uit één of een combinatie van meerdere maatregelen, zoals aarden dammen, erosiepoelen, bufferbekkens, buffergrachten, grasstroken, graszones, houtige kleine landschapselementen, etc."", ""keywords"": [""Bodem"", ""ondergrond"", ""bodemerosie"", ""erosiebeheersing"", ""Regionaal"", ""Herbruikbaar"", ""Kosteloos"", ""Vlaamse Open data"", ""Toegevoegd GDI-Vl"", ""Metadata GDI-Vl-conform"", ""Metadata INSPIRE-conform"", ""DOV"", ""Vlaanderen"", ""Ondergrond"", ""Databank Ondergrond Vlaanderen"", ""Departement Omgeving"", ""DOV_PATHNAME@001#DOV:030#Erosie:030#Erosiebestrijdingsmaatregelen:010#"", ""DOV_EXPERTISE@Bodem"", ""DOV_EXPERTISE@Sediment""], ""layer_name"": ""erosiebestrijding_gemeente"", ""description"": ""WMS-endpoint Kleinschalige erosiebestrijdingswerken"", ""service_type"": ""wms"", ""metadata_urls"": [""https://www.dov.vlaanderen.be/geonetwork#/metadata/692a9efb-8509-4a6f-a3be-6887f969867d"", ""https://www.dov.vlaanderen.be/geonetwork/srv/dut/csw?Service=CSW&Request=GetRecordById&Version=2.0.2&outputSchema=http://www.isotc211.org/2005/gmd&elementSetName=full&id=692a9efb-8509-4a6f-a3be-6887f969867d""]}",spatial-extractor,2026-06-21 18:41:21.943 +0300,"[2.6470319492844614, 50.699620386683655, 5.815385313523002, 51.02847335341908]",CRS:84,ok,2.6470319492844614,50.699620386683655,5.815385313523002,51.02847335341908
1011,5c129f2d-4498-4bc3-8860-01cb2d513f8f,https://www.dov.vlaanderen.be/geoserver/bodemkaart/wms?layers=bodemtypes,,,"{""id"": ""47583"", ""bbox"": [2.5285590909401936, 50.67393051415159, 5.935371601406674, 51.50548166406281, ""CRS:84""], ""name"": ""bodemtypes"", ""title"": ""Digitale bodemkaart van het Vlaams Gewest: bodemtypes"", ""crs3857"": true, ""crs4326"": true, ""abstract"": ""https://www.dov.vlaanderen.be/page/bodemkaarten\r\nDigitale vectoriële dataset van de analoge Bodemkaart van België voor het grondgebied van Vlaanderen.\r\nAlle kaartelementen van de analoge kaarten (gepubliceerd op kaartschaal 1: 20 000) zijn zorgvuldig manueel gedigitaliseerd en voorzien van een code, overeenkomstig het gebruikte classificatiesysteem: morfogenetisch voor binnen-Vlaanderen (substraat, textuurklasse, drainageklasse, profielontwikkelingsgroep, fase en variante) en geomorfologisch voor de Kuststreek (substraat, serie, subserie, type, subtype en variante).\r\nDe digitale versie van de bodemkaart is vrijwel systematisch gecontroleerd t.o.v. de analoge bodemkaarten. De polygonen werden ingekleurd zoals op de analoge bodemkaart. Waar beschikbaar zijn voor elk bodemtype de algemene kenmerken  (Van Ranst E. en Sys C., 2000) en foto's van een representatief bodemprofiel en representatieve omgevingen weergegeven. Tenslotte bestaat voor elke polygoon de mogelijkheid om de scan van het analoge bodemkaartblad, het toelichtingsboekje en de basiskaarten op schaal 1:5000 op te roepen.\r\nDeze dataset is omwille van de visualisatie onderverdeeld in 5 kaartlagen bij publicatie in de bodemverkenner: bodemtypes, substraten, fasen, varianten van het moedermateriaal en de profielontwikkeling. De kaartlaag met de bodemtypes bevat ook al de attributen van de andere kaartlagen. De bodemkaart werd in juni 2017 geupdate met enkele militaire domeinen en een unibodemtype voor de classficatie van de zeepolders en verschillende fouten werden verbeterd."", ""keywords"": [""Bodem"", ""ondergrond"", ""bodemkaart"", ""bodemtextuur"", ""bodemprofiel"", ""Regionaal"", ""Herbruikbaar"", ""Kosteloos"", ""Vlaamse Open data"", ""Toegevoegd GDI-Vl"", ""Metadata GDI-Vl-conform"", ""Metadata INSPIRE-conform"", ""DOV"", ""Vlaanderen"", ""Ondergrond"", ""Databank Ondergrond Vlaanderen"", ""Departement Omgeving"", ""VARIANTE VAN HET MOEDERMATERIAAL"", ""VARIANTE VAN DE PROFIELONTWIKKELING"", ""LANDBOUWSTREEK"", ""GEOMORFOLOGISCHE"", ""MORFOGENETISCH"", ""KUSTSTREEK"", ""BODEMTYPE"", ""DOV_PATHNAME@001#DOV:010#Bodem:020#Bodemkaarten:020#Bodemkaart (1/20.000):010#"", ""DOV_EXPERTISE@Bodem"", ""DOV_EXPERTISE@Delfstoffen"", ""DOV_EXPERTISE@Freatisch grondwater"", ""DOV_EXPERTISE@CTE"", ""DOV_EXPERTISE@Bodemverontreiniging""], ""layer_name"": ""bodemtypes"", ""description"": ""https://www.dov.vlaanderen.be/page/bodemkaarten\nDigitale vectoriële dataset van de analoge Bodemkaart van België voor het grondgebied van Vlaanderen.\nAlle kaartelementen van de analoge kaarten (gepubliceerd op kaartschaal 1: 20 000) zijn zorgvuldig manueel gedigitaliseerd en voorzien van een code, overeenkomstig het gebruikte classificatiesysteem: morfogenetisch voor binnen-Vlaanderen (substraat, textuurklasse, drainageklasse, profielontwikkelingsgroep, fase en variante) en geomorfologisch voor de Kuststreek (substraat, serie, subserie, type, subtype en variante).\nDe digitale versie van de bodemkaart is vrijwel systematisch gecontroleerd t.o.v. de analoge bodemkaarten. De polygonen werden ingekleurd zoals op de analoge bodemkaart. Waar beschikbaar zijn voor elk bodemtype de algemene kenmerken  (Van Ranst E. en Sys C., 2000) en foto's van een representatief bodemprofiel en representatieve omgevingen weergegeven. Tenslotte bestaat voor elke polygoon de mogelijkheid om de scan van het analoge bodemkaartblad, het toelichtingsboekje en de basiskaarten op schaal 1:5000 op te roepen.\nDeze dataset is omwille van de visualisatie onderverdeeld in 5 kaartlagen bij publicatie in de bodemverkenner: bodemtypes, substraten, fasen, varianten van het moedermateriaal en de profielontwikkeling. De kaartlaag met de bodemtypes bevat ook al de attributen van de andere kaartlagen. De bodemkaart werd in juni 2017 geupdate met enkele militaire domeinen en een unibodemtype voor de classficatie van de zeepolders en verschillende fouten werden verbeterd."", ""service_type"": ""wms"", ""metadata_urls"": [""https://www.dov.vlaanderen.be/geonetwork#/metadata/a1547a01-b9fc-40fa-a2eb-009a39c02c7b"", ""https://www.dov.vlaanderen.be/geonetwork/srv/dut/csw?Service=CSW&Request=GetRecordById&Version=2.0.2&outputSchema=http://www.isotc211.org/2005/gmd&elementSetName=full&id=a1547a01-b9fc-40fa-a2eb-009a39c02c7b""]}",spatial-extractor,2026-06-21 18:41:35.275 +0300,"[2.5285590909401936, 50.67393051415159, 5.935371601406674, 51.50548166406281]",CRS:84,ok,2.5285590909401936,50.67393051415159,5.935371601406674,51.50548166406281
1014,30e01cb0-3f8a-4a48-b72e-444b4a6fd531,https://www.dov.vlaanderen.be/geoserver/erosie/wms?SERVICE=WMS&version=1.3.0&request=GetCapabilities,,,"{""id"": ""47633"", ""bbox"": [2.529990447668254, 50.67420681879685, 5.931682119445873, 51.505461718137454, ""CRS:84""], ""name"": ""so_potbdmerosiepp_2018"", ""title"": ""Potentiële bodemerosiekaart per perceel (2018)"", ""crs3857"": true, ""crs4326"": true, ""abstract"": ""De potentiële bodemerosiekaart per perceel (2018) geeft aan de hand van een klasse-indeling de totale potentiële erosie van een bepaald landbouwperceel weer. De totale potentiële erosie houdt geen rekening met het huidige landgebruik (grasland of akkerland). In het veld ‘Erosiegevoeligheid verzamelaanvraag’ staat de informatie die overeenkomt met de erosiegevoeligheid op de verzamelaanvraag 2018. De goedgekeurde bezwaren werden zowel in het veld 'Erosiegevoeligheid verzamelaanvraag' als in het veld 'Totale erosie' verwerkt. De goedgekeurde aanvragen van de verlaging van de erosiegevoeligheidsklasse op basis van een hoog koolstofgehalte werden in het veld 'Erosiegevoeligheid verzamelaanvraag' verwerkt met aanduiding van ‘/ C’ achter de erosiegevoeligheid, maar het veld 'Totale erosie' behield zijn oorspronkelijke waarde voor deze percelen.\r\n\r\nErosie door water is een proces waarbij bodemdeeltjes door de impact van regendruppels en afstromend water worden losgemaakt en getransporteerd, hetzij laagsgewijs over een grote oppervlakte, hetzij geconcentreerd in geulen en ravijnen. Dit leidt o.m. tot een afname van de bodemkwaliteit en -productiviteit, maar ook tot belangrijke schade door modderoverlast in stroomafwaarts gelegen (woon)gebieden. Bodemerosie is een van de belangrijkste vormen van bodemaantasting in Vlaanderen. \r\n\r\nDe potentiële bodemerosiekaart per perceel is gebaseerd op de percelenkaart 2017. De potentiële bodemerosiekaart per perceel werd opgesteld door middel van computermodellering met een ruimtelijke resolutie van 5x5 m. De berekening van de erosie is gebaseerd op de herziene universele bodemverliesvergelijking of R.U.S.L.E. (Revised Universal Soil Loss Equation, Renard et al, 1991). Het betreft een empirisch model waarmee de gemiddelde jaarlijkse bodemerosiesnelheid per oppervlakte-eenheid als gevolg van intergeul- en geulerosie wordt berekend als een product van 6 factoren."", ""keywords"": [""Gebieden met natuurrisico's"", ""ondergrond"", ""bodemerosie"", ""watererosie"", ""landbouw"", ""Regionaal"", ""Herbruikbaar"", ""Kosteloos"", ""Vlaamse Open data"", ""Toegevoegd GDI-Vl"", ""Metadata GDI-Vl-conform"", ""Metadata INSPIRE-conform"", ""DOV"", ""Vlaanderen"", ""Ondergrond"", ""Databank Ondergrond Vlaanderen"", ""Departement Omgeving""], ""layer_name"": ""so_potbdmerosiepp_2018"", ""description"": ""WMS-capabilities Potentiële bodemerosiekaart per perceel (2018)"", ""service_type"": ""wms"", ""metadata_urls"": [""https://www.dov.vlaanderen.be/geonetwork#/metadata/265f238c-1772-4e48-997d-cd05e40dc611"", ""https://www.dov.vlaanderen.be/geonetwork/srv/dut/csw?Service=CSW&Request=GetRecordById&Version=2.0.2&outputSchema=http://www.isotc211.org/2005/gmd&elementSetName=full&id=265f238c-1772-4e48-997d-cd05e40dc611""]}",spatial-extractor,2026-06-21 18:41:44.024 +0300,"[2.529990447668254, 50.67420681879685, 5.931682119445873, 51.505461718137454]",CRS:84,ok,2.529990447668254,50.67420681879685,5.931682119445873,51.505461718137454
1015,30e01cb0-3f8a-4a48-b72e-444b4a6fd531,https://www.dov.vlaanderen.be/geoserver/erosie/wms?SERVICE=WMS&version=1.3.0&request=GetMap,,,"{""id"": ""47635"", ""bbox"": [2.529990447668254, 50.67420681879685, 5.931682119445873, 51.505461718137454, ""CRS:84""], ""name"": ""so_potbdmerosiepp_2018"", ""title"": ""Potentiële bodemerosiekaart per perceel (2018)"", ""crs3857"": true, ""crs4326"": true, ""abstract"": ""De potentiële bodemerosiekaart per perceel (2018) geeft aan de hand van een klasse-indeling de totale potentiële erosie van een bepaald landbouwperceel weer. De totale potentiële erosie houdt geen rekening met het huidige landgebruik (grasland of akkerland). In het veld ‘Erosiegevoeligheid verzamelaanvraag’ staat de informatie die overeenkomt met de erosiegevoeligheid op de verzamelaanvraag 2018. De goedgekeurde bezwaren werden zowel in het veld 'Erosiegevoeligheid verzamelaanvraag' als in het veld 'Totale erosie' verwerkt. De goedgekeurde aanvragen van de verlaging van de erosiegevoeligheidsklasse op basis van een hoog koolstofgehalte werden in het veld 'Erosiegevoeligheid verzamelaanvraag' verwerkt met aanduiding van ‘/ C’ achter de erosiegevoeligheid, maar het veld 'Totale erosie' behield zijn oorspronkelijke waarde voor deze percelen.\r\n\r\nErosie door water is een proces waarbij bodemdeeltjes door de impact van regendruppels en afstromend water worden losgemaakt en getransporteerd, hetzij laagsgewijs over een grote oppervlakte, hetzij geconcentreerd in geulen en ravijnen. Dit leidt o.m. tot een afname van de bodemkwaliteit en -productiviteit, maar ook tot belangrijke schade door modderoverlast in stroomafwaarts gelegen (woon)gebieden. Bodemerosie is een van de belangrijkste vormen van bodemaantasting in Vlaanderen. \r\n\r\nDe potentiële bodemerosiekaart per perceel is gebaseerd op de percelenkaart 2017. De potentiële bodemerosiekaart per perceel werd opgesteld door middel van computermodellering met een ruimtelijke resolutie van 5x5 m. De berekening van de erosie is gebaseerd op de herziene universele bodemverliesvergelijking of R.U.S.L.E. (Revised Universal Soil Loss Equation, Renard et al, 1991). Het betreft een empirisch model waarmee de gemiddelde jaarlijkse bodemerosiesnelheid per oppervlakte-eenheid als gevolg van intergeul- en geulerosie wordt berekend als een product van 6 factoren."", ""keywords"": [""Gebieden met natuurrisico's"", ""ondergrond"", ""bodemerosie"", ""watererosie"", ""landbouw"", ""Regionaal"", ""Herbruikbaar"", ""Kosteloos"", ""Vlaamse Open data"", ""Toegevoegd GDI-Vl"", ""Metadata GDI-Vl-conform"", ""Metadata INSPIRE-conform"", ""DOV"", ""Vlaanderen"", ""Ondergrond"", ""Databank Ondergrond Vlaanderen"", ""Departement Omgeving""], ""layer_name"": ""so_potbdmerosiepp_2018"", ""description"": ""WMS-map Potentiële bodemerosiekaart per perceel (2018)"", ""service_type"": ""wms"", ""metadata_urls"": [""https://www.dov.vlaanderen.be/geonetwork#/metadata/265f238c-1772-4e48-997d-cd05e40dc611"", ""https://www.dov.vlaanderen.be/geonetwork/srv/dut/csw?Service=CSW&Request=GetRecordById&Version=2.0.2&outputSchema=http://www.isotc211.org/2005/gmd&elementSetName=full&id=265f238c-1772-4e48-997d-cd05e40dc611""]}",spatial-extractor,2026-06-21 18:41:45.179 +0300,"[2.529990447668254, 50.67420681879685, 5.931682119445873, 51.505461718137454]",CRS:84,ok,2.529990447668254,50.67420681879685,5.931682119445873,51.505461718137454
1016,30e01cb0-3f8a-4a48-b72e-444b4a6fd531,https://www.dov.vlaanderen.be/geoserver/erosie/wms?,,,"{""id"": ""47636"", ""bbox"": [2.529990447668254, 50.67420681879685, 5.931682119445873, 51.505461718137454, ""CRS:84""], ""name"": ""so_potbdmerosiepp_2018"", ""title"": ""Potentiële bodemerosiekaart per perceel (2018)"", ""crs3857"": true, ""crs4326"": true, ""abstract"": ""De potentiële bodemerosiekaart per perceel (2018) geeft aan de hand van een klasse-indeling de totale potentiële erosie van een bepaald landbouwperceel weer. De totale potentiële erosie houdt geen rekening met het huidige landgebruik (grasland of akkerland). In het veld ‘Erosiegevoeligheid verzamelaanvraag’ staat de informatie die overeenkomt met de erosiegevoeligheid op de verzamelaanvraag 2018. De goedgekeurde bezwaren werden zowel in het veld 'Erosiegevoeligheid verzamelaanvraag' als in het veld 'Totale erosie' verwerkt. De goedgekeurde aanvragen van de verlaging van de erosiegevoeligheidsklasse op basis van een hoog koolstofgehalte werden in het veld 'Erosiegevoeligheid verzamelaanvraag' verwerkt met aanduiding van ‘/ C’ achter de erosiegevoeligheid, maar het veld 'Totale erosie' behield zijn oorspronkelijke waarde voor deze percelen.\r\n\r\nErosie door water is een proces waarbij bodemdeeltjes door de impact van regendruppels en afstromend water worden losgemaakt en getransporteerd, hetzij laagsgewijs over een grote oppervlakte, hetzij geconcentreerd in geulen en ravijnen. Dit leidt o.m. tot een afname van de bodemkwaliteit en -productiviteit, maar ook tot belangrijke schade door modderoverlast in stroomafwaarts gelegen (woon)gebieden. Bodemerosie is een van de belangrijkste vormen van bodemaantasting in Vlaanderen. \r\n\r\nDe potentiële bodemerosiekaart per perceel is gebaseerd op de percelenkaart 2017. De potentiële bodemerosiekaart per perceel werd opgesteld door middel van computermodellering met een ruimtelijke resolutie van 5x5 m. De berekening van de erosie is gebaseerd op de herziene universele bodemverliesvergelijking of R.U.S.L.E. (Revised Universal Soil Loss Equation, Renard et al, 1991). Het betreft een empirisch model waarmee de gemiddelde jaarlijkse bodemerosiesnelheid per oppervlakte-eenheid als gevolg van intergeul- en geulerosie wordt berekend als een product van 6 factoren."", ""keywords"": [""Gebieden met natuurrisico's"", ""ondergrond"", ""bodemerosie"", ""watererosie"", ""landbouw"", ""Regionaal"", ""Herbruikbaar"", ""Kosteloos"", ""Vlaamse Open data"", ""Toegevoegd GDI-Vl"", ""Metadata GDI-Vl-conform"", ""Metadata INSPIRE-conform"", ""DOV"", ""Vlaanderen"", ""Ondergrond"", ""Databank Ondergrond Vlaanderen"", ""Departement Omgeving""], ""layer_name"": ""so_potbdmerosiepp_2018"", ""description"": ""WMS-endpoint Potentiële bodemerosiekaart per perceel (2018)"", ""service_type"": ""wms"", ""metadata_urls"": [""https://www.dov.vlaanderen.be/geonetwork#/metadata/265f238c-1772-4e48-997d-cd05e40dc611"", ""https://www.dov.vlaanderen.be/geonetwork/srv/dut/csw?Service=CSW&Request=GetRecordById&Version=2.0.2&outputSchema=http://www.isotc211.org/2005/gmd&elementSetName=full&id=265f238c-1772-4e48-997d-cd05e40dc611""]}",spatial-extractor,2026-06-21 18:41:45.756 +0300,"[2.529990447668254, 50.67420681879685, 5.931682119445873, 51.505461718137454]",CRS:84,ok,2.529990447668254,50.67420681879685,5.931682119445873,51.505461718137454
1018,30e01cb0-3f8a-4a48-b72e-444b4a6fd531,https://www.dov.vlaanderen.be/geoserver/erosie/wms?layers=so_potbdmerosiepp_2018,,,"{""id"": ""47639"", ""bbox"": [2.529990447668254, 50.67420681879685, 5.931682119445873, 51.505461718137454, ""CRS:84""], ""name"": ""so_potbdmerosiepp_2018"", ""title"": ""Potentiële bodemerosiekaart per perceel (2018)"", ""crs3857"": true, ""crs4326"": true, ""abstract"": ""De potentiële bodemerosiekaart per perceel (2018) geeft aan de hand van een klasse-indeling de totale potentiële erosie van een bepaald landbouwperceel weer. De totale potentiële erosie houdt geen rekening met het huidige landgebruik (grasland of akkerland). In het veld ‘Erosiegevoeligheid verzamelaanvraag’ staat de informatie die overeenkomt met de erosiegevoeligheid op de verzamelaanvraag 2018. De goedgekeurde bezwaren werden zowel in het veld 'Erosiegevoeligheid verzamelaanvraag' als in het veld 'Totale erosie' verwerkt. De goedgekeurde aanvragen van de verlaging van de erosiegevoeligheidsklasse op basis van een hoog koolstofgehalte werden in het veld 'Erosiegevoeligheid verzamelaanvraag' verwerkt met aanduiding van ‘/ C’ achter de erosiegevoeligheid, maar het veld 'Totale erosie' behield zijn oorspronkelijke waarde voor deze percelen.\r\n\r\nErosie door water is een proces waarbij bodemdeeltjes door de impact van regendruppels en afstromend water worden losgemaakt en getransporteerd, hetzij laagsgewijs over een grote oppervlakte, hetzij geconcentreerd in geulen en ravijnen. Dit leidt o.m. tot een afname van de bodemkwaliteit en -productiviteit, maar ook tot belangrijke schade door modderoverlast in stroomafwaarts gelegen (woon)gebieden. Bodemerosie is een van de belangrijkste vormen van bodemaantasting in Vlaanderen. \r\n\r\nDe potentiële bodemerosiekaart per perceel is gebaseerd op de percelenkaart 2017. De potentiële bodemerosiekaart per perceel werd opgesteld door middel van computermodellering met een ruimtelijke resolutie van 5x5 m. De berekening van de erosie is gebaseerd op de herziene universele bodemverliesvergelijking of R.U.S.L.E. (Revised Universal Soil Loss Equation, Renard et al, 1991). Het betreft een empirisch model waarmee de gemiddelde jaarlijkse bodemerosiesnelheid per oppervlakte-eenheid als gevolg van intergeul- en geulerosie wordt berekend als een product van 6 factoren."", ""keywords"": [""Gebieden met natuurrisico's"", ""ondergrond"", ""bodemerosie"", ""watererosie"", ""landbouw"", ""Regionaal"", ""Herbruikbaar"", ""Kosteloos"", ""Vlaamse Open data"", ""Toegevoegd GDI-Vl"", ""Metadata GDI-Vl-conform"", ""Metadata INSPIRE-conform"", ""DOV"", ""Vlaanderen"", ""Ondergrond"", ""Databank Ondergrond Vlaanderen"", ""Departement Omgeving""], ""layer_name"": ""so_potbdmerosiepp_2018"", ""description"": ""De potentiële bodemerosiekaart per perceel (2018) geeft aan de hand van een klasse-indeling de totale potentiële erosie van een bepaald landbouwperceel weer. De totale potentiële erosie houdt geen rekening met het huidige landgebruik (grasland of akkerland). In het veld ‘Erosiegevoeligheid verzamelaanvraag’ staat de informatie die overeenkomt met de erosiegevoeligheid op de verzamelaanvraag 2018. De goedgekeurde bezwaren werden zowel in het veld 'Erosiegevoeligheid verzamelaanvraag' als in het veld 'Totale erosie' verwerkt. De goedgekeurde aanvragen van de verlaging van de erosiegevoeligheidsklasse op basis van een hoog koolstofgehalte werden in het veld 'Erosiegevoeligheid verzamelaanvraag' verwerkt met aanduiding van ‘/ C’ achter de erosiegevoeligheid, maar het veld 'Totale erosie' behield zijn oorspronkelijke waarde voor deze percelen.\nErosie door water is een proces waarbij bodemdeeltjes door de impact van regendruppels en afstromend water worden losgemaakt en getransporteerd, hetzij laagsgewijs over een grote oppervlakte, hetzij geconcentreerd in geulen en ravijnen. Dit leidt o.m. tot een afname van de bodemkwaliteit en -productiviteit, maar ook tot belangrijke schade door modderoverlast in stroomafwaarts gelegen (woon)gebieden. Bodemerosie is een van de belangrijkste vormen van bodemaantasting in Vlaanderen. \nDe potentiële bodemerosiekaart per perceel is gebaseerd op de percelenkaart 2017. De potentiële bodemerosiekaart per perceel werd opgesteld door middel van computermodellering met een ruimtelijke resolutie van 5x5 m. De berekening van de erosie is gebaseerd op de herziene universele bodemverliesvergelijking of R.U.S.L.E. (Revised Universal Soil Loss Equation, Renard et al, 1991). Het betreft een empirisch model waarmee de gemiddelde jaarlijkse bodemerosiesnelheid per oppervlakte-eenheid als gevolg van intergeul- en geulerosie wordt berekend als een product van 6 factoren."", ""service_type"": ""wms"", ""metadata_urls"": [""https://www.dov.vlaanderen.be/geonetwork#/metadata/265f238c-1772-4e48-997d-cd05e40dc611"", ""https://www.dov.vlaanderen.be/geonetwork/srv/dut/csw?Service=CSW&Request=GetRecordById&Version=2.0.2&outputSchema=http://www.isotc211.org/2005/gmd&elementSetName=full&id=265f238c-1772-4e48-997d-cd05e40dc611""]}",spatial-extractor,2026-06-21 18:41:48.865 +0300,"[2.529990447668254, 50.67420681879685, 5.931682119445873, 51.505461718137454]",CRS:84,ok,2.529990447668254,50.67420681879685,5.931682119445873,51.505461718137454
1020,876F61A9-36C0-4CDD-9FC1-C243685BC1E8,https://services.bgr.de/wms/boden/pegwasser1000/?,,,"{""id"": ""47698"", ""bbox"": [5.44371, 46.98135, 15.642101, 55.06406, ""EPSG:4326""], ""name"": ""1,3,5,7"", ""title"": ""SFaktor1000_250 Version 1.0"", ""crs3857"": true, ""crs4326"": true, ""abstract"": ""Der LS-Faktor der Allgemeinen Bodenabtragsgleichung (ABAG) bzw. der Universal Soil Equation (USLE) beschreibt den Einfluss der Topographie, insbesondere den Einfluss der Hangneigung und der Hanglänge auf den Prozess der Bodenerosion durch Wasser. Zur Berechnung des Faktors wird die prozentuale Hangneigung verwendet, die aus dem Digitalen Geländemodell 50 (DGM50) des Bundesamtes für Kartographie und Geodäsie (BKG) gewonnen wurde. Grundsätzlich geht zudem die Hanglänge in den Faktor ein. Sie ist definiert als Distanz zwischen der Hangposition, an der Oberflächenabfluss einsetzt und der Position ab der Deposition stattfindet. Aufgrund der geringen Auflösung des DGM und Einschränkungen des Modells wird auf die Berechnung hier verzichtet. Die Karte zeigt demnach ausschließlich den S-Faktor. Die Methode ist in der DIN 19708:2005-02 und auch in der Methodendokumentation der Ad-hoc-AG Boden veröffentlicht."", ""keywords"": [], ""layer_name"": ""1"", ""description"": ""Die Karte der potentiellen Erosionsgefährdung von Ackerböden durch Wasser gibt einen Überblick über das mögliche Risiko von Bodenabtrag (in t/(ha*a)) durch Wasser in Deutschland auf Basis von bodenkundlichen, morphographischen und klimatischen Faktoren. Bodenerosion durch Wasser zerstört langfristig den Boden und damit die natürliche Lebensgrundlage für künftige Generationen. Die Karte wurde mit Hilfe des Langfristmodells ABAG (Allgemeinen Bodenabtragsgleichung) erstellt. Sie ist die Anpassung des Modells Universal Soil Equation (USLE) an deutsche Verhältnisse. Die Methode ist in der DIN 19708:2005-02 und in der Methodendokumentation der Ad-hoc-AG Boden veröffentlicht. Für die Anwendung auf Bodenkarten wurde das Verfahren von der Bundesanstalt für Geowissenschaften und Rohstoffe (BGR) verändert. In die Karte fließen bodenkundliche Kennwerte (K-Faktor) aus der nutzungsdifferenzierten Bodenübersichtskarte von Deutschland 1:1.000.000 (BÜK1000N), morphologische Kennwerte (S-Faktor) aus dem DGM50 des Bundesamtes für Kartographie und Geodäsie (BKG) und klimatischen Kennwerte (R-Faktor) aus den Niederschlagsdaten des Deutschen Wetterdienstes (DWD) für den Zeitraum 1961–1990 ein. Die Ackerstandorte werden aus dem Landnutzungsdatensatz CORINE Land Cover von 2006 gewonnen."", ""service_type"": ""wms"", ""metadata_urls"": [""https://geoportal.bgr.de/smartfindersdi-csw/api?request=GetRecordById&service=CSW&version=2.0.2&outputSchema=http://www.isotc211.org/2005/gmd&elementSetName=full&id=876F61A9-36C0-4CDD-9FC1-C243685BC1E8""]}",spatial-extractor,2026-06-21 18:41:54.368 +0300,"[5.44371, 46.98135, 15.642101, 55.06406]",EPSG:4326,ok,5.44371,46.98135,15.642101,55.06406
1021,02F23B5B-5FB8-48BA-ADDA-7ECA7481C4DE,https://services.bgr.de/wms/boden/humus1000ob/?,,,"{""id"": ""47709"", ""bbox"": [5.472023, 47.17469, 15.494728, 55.061726, ""EPSG:4326""], ""name"": ""0"", ""title"": ""HUMUS1000OB Version 2.0"", ""crs3857"": true, ""crs4326"": true, ""abstract"": ""Die Karte der Gehalte an organischer Substanz in Oberböden Deutschlands 1:1.000.000 visualisiert die Ergebnisse der deutschlandweiten Zusammenstellung von typischen Gehalten an organischer Substanz der Oberböden differenziert nach 15 Bodenausgangsgesteinsgruppen, der Landnutzung und vier Klimaregionen. Die Auswertung basiert auf mehr als 9000 Bodenprofilen, zu denen qualitätsgesicherte Daten zur organischen Substanz aus einem zwanzigjährigen Zeitraum vorlagen. Das methodische Vorgehen ist in dem Bericht 'Gehalte an organischer Substanz in Oberböden Deutschlands', BGR Archiv, Nr. 0127036 dokumentiert. Die in der Karte dargestellten Klassen entsprechen der Klasseneinteilung in der Bodenkundlichen Kartieranleitung (KA5), wobei die Klassen h2–h5 der KA5 jeweils in der Klassenmitte geteilt wurden. Damit gibt die Karte insbesondere in den Klassen geringer Gehalte ein differenzierteres Bild wider. Die Version 2.0 basiert auf den topographischen Grundlagen der Digitalen Topographischen Karte 1:1.000.000 (DTK1000-V) des Bundesamtes für Kartographie und Geodäsie, welche von der BGR in Teilen modifiziert wurde."", ""keywords"": [], ""layer_name"": ""0"", ""description"": ""Die Karte der Gehalte an organischer Substanz in Oberböden Deutschlands 1:1.000.000 visualisiert die Ergebnisse der deutschlandweiten Zusammenstellung von typischen Gehalten an organischer Substanz der Oberböden differenziert nach 15 Bodenausgangsgesteinsgruppen, der Landnutzung und vier Klimaregionen. Die Auswertung basiert auf mehr als 9000 Bodenprofilen, zu denen qualitätsgesicherte Daten zur organischen Substanz aus einem zwanzigjährigen Zeitraum vorlagen. Das methodische Vorgehen ist in dem Bericht 'Gehalte an organischer Substanz in Oberböden Deutschlands', BGR Archiv, Nr. 0127036 dokumentiert. Die in der Karte dargestellten Klassen entsprechen der Klasseneinteilung in der Bodenkundlichen Kartieranleitung (KA5), wobei die Klassen h2–h5 der KA5 jeweils in der Klassenmitte geteilt wurden. Damit gibt die Karte insbesondere in den Klassen geringer Gehalte ein differenzierteres Bild wider. Die Version 2.0 basiert auf den topographischen Grundlagen der Digitalen Topographischen Karte 1:1.000.000 (DTK1000-V) des Bundesamtes für Kartographie und Geodäsie, welche von der BGR in Teilen modifiziert wurde."", ""service_type"": ""wms"", ""metadata_urls"": [""https://geoportal.bgr.de/smartfindersdi-csw/api?request=GetRecordById&service=CSW&version=2.0.2&outputSchema=http://www.isotc211.org/2005/gmd&elementSetName=full&id=02F23B5B-5FB8-48BA-ADDA-7ECA7481C4DE""]}",spatial-extractor,2026-06-21 18:41:55.410 +0300,"[5.472023, 47.17469, 15.494728, 55.061726]",EPSG:4326,ok,5.472023,47.17469,15.494728,55.061726
1039,e6eb5062-9088-4ded-872b-62015f9e5442,https://gislocal.md/geoserver/apl/wms,,,"{""id"": ""48139"", ""bbox"": [28.76291816212899, 46.92673129954461, 28.970165861518478, 47.06815032172972, ""CRS:84""], ""name"": ""s0100_fill_soil"", ""title"": ""Umpluturi de sol mun. Chișinău"", ""crs3857"": false, ""crs4326"": true, ""abstract"": null, ""keywords"": [""features"", ""s0100_fill_soil""], ""layer_name"": ""s0100_fill_soil"", ""description"": ""Umpluturi de sol mun. Chișinău"", ""service_type"": ""wms"", ""metadata_urls"": []}",spatial-extractor,2026-06-21 18:42:28.937 +0300,"[28.76291816212899, 46.92673129954461, 28.970165861518478, 47.06815032172972]",CRS:84,ok,28.76291816212899,46.92673129954461,28.970165861518478,47.06815032172972
1058,r_piemon:90453476-6f0f-4f76-8f0e-0aa4452bddc9,https://gisserver.territorio.csi.it/geoserver/decsiraogc_idf_pop_seme/wms?,,,"{""id"": ""48363"", ""bbox"": [6.61635289764599, 44.12296460260081, 9.210325712539392, 46.34673497229297, ""CRS:84""], ""name"": ""PopSeme"", ""title"": ""Risorse genetiche forestali"", ""crs3857"": true, ""crs4326"": true, ""abstract"": null, ""keywords"": [], ""layer_name"": ""PopSeme"", ""description"": ""NULL"", ""service_type"": ""wms"", ""metadata_urls"": []}",spatial-extractor,2026-06-21 18:43:04.229 +0300,"[6.61635289764599, 44.12296460260081, 9.210325712539392, 46.34673497229297]",CRS:84,ok,6.61635289764599,44.12296460260081,9.210325712539392,46.34673497229297
1092,https://data.inspire.gv.at/431940bc-833f-4abb-84f5-95212fe6dc48,https://inspire.lfrz.gv.at/000602/wms?version=1.3.0&request=GetCapabilities,,,"{""id"": ""48645"", ""bbox"": [9.679, 46.457, 16.637, 49.046, ""CRS:84""], ""name"": ""BIOSOIL Austria (SITE)"", ""title"": ""General site information"", ""crs3857"": true, ""crs4326"": true, ""abstract"": ""General site information, registration, location and soil forming factors of the BIOSOIL plots of Austria."", ""keywords"": [""soil""], ""layer_name"": ""BIOSOIL Austria (SITE)"", ""description"": ""General site information"", ""service_type"": ""wms"", ""metadata_urls"": [""https://discovery.inspire.gv.at/at.lfrz.discoveryservices/srv/ger/csw?service=CSW&request=GetRecordById&version=2.0.2&outputSchema=http%3A%2F%2Fwww.isotc211.org%2F2005%2Fgmd&ElementSetName=full&id=431940bc-833f-4abb-84f5-95212fe6dc48""]}",spatial-extractor,2026-06-21 18:44:09.326 +0300,"[9.679, 46.457, 16.637, 49.046]",CRS:84,ok,9.679,46.457,16.637,49.046
1094,23500e89-b854-46ad-89a9-5b7604e19539,https://soluri.gov.md/en/default/wms/public,,,"{""id"": ""48650"", ""bbox"": [-3100140.0, -15002900.0, 1623640.0, 5002870.0, ""EPSG:4026""], ""name"": ""SolulAreal"", ""title"": ""Solul areal"", ""crs3857"": true, ""crs4326"": true, ""abstract"": ""Setul de date care conţine totalitatea (ansamblul) arealurilor actuale de sol pe suprafaţa terenurilor agricole ale R. Moldova, colectate în urma investigaţiilor pedologice, efectuate cu scopul obţinerii informaţiei despre starea terenurilor/solurilor, stabilirii fertilităţii potenţiale a solurilor, identificării terenurilor expuse la eroziune hidrică şi eoliană, inundaţii cauzate de ridicarea nivelului apelor subterane, supraumectare/înmlăştinire, salinizare secundară, desecare, poluare cu reziduuri industriale etc. Unitatea spaţială cea mai mică pentru ţinerea evidenţei se consideră arealul elementar de sol, caracterizat prin conţinut, geometria contururilor şi amplasarea în structura învelişului extern al solului. Criteriile de definire a diferitelor tipuri de soluri se stabilesc conform poziţiei aprobate în clasificator. Amplasamentul arealurilor de sol se determină pe baza caracteristicilor secţiunilor transversale ale solurilor, reliefului, diversităţii vegetaţiei şi altor elemente proeminente ale cadrului natural la faţa locului etc."", ""keywords"": [], ""layer_name"": ""SolulAreal"", ""description"": ""Solul areal"", ""service_type"": ""wms"", ""metadata_urls"": []}",spatial-extractor,2026-06-21 18:44:10.656 +0300,"[-3100140.0, -15002900.0, 1623640.0, 5002870.0]",EPSG:4026,ok,-3100140.0,-15002900.0,1623640.0,5002870.0
1103,"{d07c5dce-4a6e-4042-ac48-8b589c57d6d1},SO,SO.SoilBody,SO.ObservedSoilProfile",https://www.inspire-geoportal.lt/geoserver/so/wms?service=WMS&version=1.3.0&request=GetCapabilities,,,"{""id"": ""48784"", ""bbox"": [21.06344223022461, 53.90375522328503, 26.832435607910156, 56.44597247456006, ""CRS:84""], ""name"": ""SO.ObservedSoilProfile"", ""title"": ""Observed Soil Profile"", ""crs3857"": true, ""crs4326"": true, ""abstract"": ""Observed Soil Profile"", ""keywords"": [""features"", ""so.observedsoilprofile"", ""Observed soil profile"", ""Soil"", ""SO""], ""layer_name"": ""SO.ObservedSoilProfile"", ""description"": ""Observed Soil Profile"", ""service_type"": ""wms"", ""metadata_urls"": [""https://www.inspire-geoportal.lt/geonetwork/srv/eng/csw?service=CSW&request=GetRecordById&version=2.0.2&outputSchema=http://www.isotc211.org/2005/gmd&elementSetName=full&id=d07c5dce-4a6e-4042-ac48-8b589c57d6d1""]}",spatial-extractor,2026-06-21 18:44:40.447 +0300,"[21.06344223022461, 53.90375522328503, 26.832435607910156, 56.44597247456006]",CRS:84,ok,21.06344223022461,53.90375522328503,26.832435607910156,56.44597247456006
1106,https://data.inspire.gv.at/517168bd-9e1b-4144-b6ed-388bd55f79b8,https://inspire.lfrz.gv.at/000602/wms?version=1.3.0&request=GetCapabilities,,,"{""id"": ""48810"", ""bbox"": [9.679, 46.457, 16.637, 49.046, ""CRS:84""], ""name"": ""BIOSOIL Austria (WRB-LEV1)"", ""title"": ""Soil reference group code (WRB-LEV1)"", ""crs3857"": true, ""crs4326"": true, ""abstract"": ""Soil reference group code of the STU from the World Reference Base (WRB) for Soil Resources for the BIOSOIL sites of Austria."", ""keywords"": [""soil"", ""WRB""], ""layer_name"": ""BIOSOIL Austria (WRB-LEV1)"", ""description"": ""Soil reference group code (WRB-LEV1)"", ""service_type"": ""wms"", ""metadata_urls"": [""https://discovery.inspire.gv.at/at.lfrz.discoveryservices/srv/ger/csw?service=CSW&request=GetRecordById&version=2.0.2&outputSchema=http%3A%2F%2Fwww.isotc211.org%2F2005%2Fgmd&ElementSetName=full&id=517168bd-9e1b-4144-b6ed-388bd55f79b8""]}",spatial-extractor,2026-06-21 18:44:43.337 +0300,"[9.679, 46.457, 16.637, 49.046]",CRS:84,ok,9.679,46.457,16.637,49.046
1115,R_SARDEG:78670d09-26d2-4443-85e2-f437784e4786,https://webgis.regione.sardegna.it/geoserverraster/ows?service=wms&version=1.3.0&request=GetCapabilities,,,"{""id"": ""48908"", ""bbox"": [8.123223861220302, 38.85752599648739, 9.838610883021294, 41.313801896461804, ""CRS:84""], ""name"": ""NULL"", ""title"": ""Mosaico DTM 1m altimetria"", ""crs3857"": true, ""crs4326"": true, ""abstract"": ""Il dato contiene le informazioni sull'altimetria derivanti dai DTM con passo 1m realizzati mediante volo LIDAR dall'Amministrazione regionale sulla fascia costiera e sui centri urbani, e dal Ministero dell’Ambiente e della Tutela del Territorio e del Mare oggi Ministero della Transizione ecologica (MATTM) su alcune aree critiche, sulle fasce fluviali principali e sulla Gallura (progetto PST-A)"", ""keywords"": [""DTM_1M_MOSAICO_ALTIMETRIA"", ""WCS"", ""GeoTIFF""], ""layer_name"": ""raster:DTM_1M_MOSAICO_ALTIMETRIA"", ""description"": ""NULL"", ""service_type"": ""wms"", ""metadata_urls"": [""https://webgis2.regione.sardegna.it/geonetwork/srv/ita/catalog.search#/metadata/R_SARDEG:78670d09-26d2-4443-85e2-f437784e4786""]}",spatial-extractor,2026-06-21 18:44:54.667 +0300,"[8.123223861220302, 38.85752599648739, 9.838610883021294, 41.313801896461804]",CRS:84,ok,8.123223861220302,38.85752599648739,9.838610883021294,41.313801896461804
1116,R_SARDEG:5308d2cd-0943-4920-9c91-7010ae1fd5a9,https://webgis.regione.sardegna.it/geoserverraster/ows?service=wms&version=1.3.0&request=GetCapabilities,,,"{""id"": ""48913"", ""bbox"": [8.123223861220302, 38.85752599648739, 9.838610883021294, 41.313801896461804, ""CRS:84""], ""name"": ""NULL"", ""title"": ""Mosaico DTM 1m ombre"", ""crs3857"": true, ""crs4326"": true, ""abstract"": ""Il dato contiene le informazioni sulla ombreggiatura del Mosaico DTM 1m Altimetria ,realizzato a partire dai DTM con passo 1m da volo LIDAR dall'Amministrazione regionale sulla fascia costiera e sui centri urbani, e dal Ministero dell’Ambiente e della Tutela del Territorio e del Mare oggi Ministero della Transizione ecologica (MATTM) su alcune aree critiche, sulle fasce fluviali principali e sulla Gallura (progetto PST-A)"", ""keywords"": [""DTM_1M_MOSAICO_OMBRE"", ""WCS"", ""GeoTIFF""], ""layer_name"": ""raster:DTM_1M_MOSAICO_OMBRE"", ""description"": ""NULL"", ""service_type"": ""wms"", ""metadata_urls"": [""https://webgis2.regione.sardegna.it/geonetwork/srv/ita/catalog.search#/metadata/R_SARDEG:5308d2cd-0943-4920-9c91-7010ae1fd5a9""]}",spatial-extractor,2026-06-21 18:44:55.624 +0300,"[8.123223861220302, 38.85752599648739, 9.838610883021294, 41.313801896461804]",CRS:84,ok,8.123223861220302,38.85752599648739,9.838610883021294,41.313801896461804
1117,https://data.inspire.gv.at/a1491e6d-c462-4340-a167-5c1aadaa635d,https://inspire.lfrz.gv.at/009501/wms?request=GetCapabilities&version=1.3.0,,,"{""id"": ""48915"", ""bbox"": [9.41602024475061, 46.36021225792016, 17.182869982739835, 49.02216373239621, ""CRS:84""], ""name"": ""inspire_hofstellen_2025-1"", ""title"": ""inspire_hofstellen_2025-1"", ""crs3857"": true, ""crs4326"": true, ""abstract"": ""Dieser Layer umfasst die Wirtschaftsgebäude der AntragstellerInnen, welche im Zuge der Förderabwicklung herangezogen werden. Unter Hofstelle ist das Wirtschaftsgebäude des Hauptbetriebes zu verstehen."", ""keywords"": [], ""layer_name"": ""inspire_hofstellen_2025-1"", ""description"": ""inspire_hofstellen_2025-1"", ""service_type"": ""wms"", ""metadata_urls"": [""https://discovery.inspire.gv.at/at.lfrz.discoveryservices/srv/ger/csw?service=CSW&request=GetRecordById&version=2.0.2&outputSchema=http%3A%2F%2Fwww.isotc211.org%2F2005%2Fgmd&ElementSetName=full&id=a1491e6d-c462-4340-a167-5c1aadaa635d""]}",spatial-extractor,2026-06-21 18:44:57.474 +0300,"[9.41602024475061, 46.36021225792016, 17.182869982739835, 49.02216373239621]",CRS:84,ok,9.41602024475061,46.36021225792016,17.182869982739835,49.02216373239621
1118,https://data.inspire.gv.at/0095/f587df27-ef10-4a10-8b3a-7a84a5fd1b55,https://inspire.lfrz.gv.at/009501/wms?request=GetCapabilities&version=1.3.0,,,"{""id"": ""48922"", ""bbox"": [9.212353182968585, 46.08231048268711, 17.45260436230758, 49.298386740380934, ""CRS:84""], ""name"": ""inspire_hofstellen_2015"", ""title"": ""inspire_hofstellen_2015"", ""crs3857"": true, ""crs4326"": true, ""abstract"": ""Dieser Layer umfasst die Wirtschaftsgebäude der AntragstellerInnen, welche im Zuge der Förderabwicklung herangezogen werden. Unter Hofstelle ist das Wirtschaftsgebäude des Hauptbetriebes zu verstehen."", ""keywords"": [""Gebäude"", ""Bauernhof"", ""Landwirtschaft"", ""Landwirtschaftliche Anlagen"", ""Landwirtschaftliches Unternehmen""], ""layer_name"": ""inspire_hofstellen_2015"", ""description"": ""INVEKOS Hofstellen 2015"", ""service_type"": ""wms"", ""metadata_urls"": [""https://discovery.inspire.gv.at/at.lfrz.discoveryservices/srv/ger/csw?service=CSW&request=GetRecordById&version=2.0.2&outputSchema=http%3A%2F%2Fwww.isotc211.org%2F2005%2Fgmd&ElementSetName=full&id=f587df27-ef10-4a10-8b3a-7a84a5fd1b55""]}",spatial-extractor,2026-06-21 18:44:58.638 +0300,"[9.212353182968585, 46.08231048268711, 17.45260436230758, 49.298386740380934]",CRS:84,ok,9.212353182968585,46.08231048268711,17.45260436230758,49.298386740380934
1129,https://data.inspire.gv.at/0095/4de4d8fa-15a0-4d85-8b33-68c17c8bab78,https://inspire.lfrz.gv.at/009501/wms?request=GetCapabilities&version=1.3.0,,,"{""id"": ""48962"", ""bbox"": [9.212353182968585, 46.08231048268711, 17.45260436230758, 49.298386740380934, ""CRS:84""], ""name"": ""inspire_hofstellen_2016"", ""title"": ""inspire_hofstellen_2016"", ""crs3857"": true, ""crs4326"": true, ""abstract"": ""Dieser Layer umfasst die Wirtschaftsgebäude der AntragstellerInnen, welche im Zuge der Förderabwicklung herangezogen werden. Unter Hofstelle ist das Wirtschaftsgebäude des Hauptbetriebes zu verstehen."", ""keywords"": [""Gebäude"", ""Bauernhof"", ""Landwirtschaft"", ""Landwirtschaftliche Anlagen"", ""Landwirtschaftliches Unternehmen""], ""layer_name"": ""inspire_hofstellen_2016"", ""description"": ""INVEKOS Hofstellen 2016"", ""service_type"": ""wms"", ""metadata_urls"": [""https://discovery.inspire.gv.at/at.lfrz.discoveryservices/srv/ger/csw?service=CSW&request=GetRecordById&version=2.0.2&outputSchema=http%3A%2F%2Fwww.isotc211.org%2F2005%2Fgmd&ElementSetName=full&id=4de4d8fa-15a0-4d85-8b33-68c17c8bab78""]}",spatial-extractor,2026-06-21 18:45:20.596 +0300,"[9.212353182968585, 46.08231048268711, 17.45260436230758, 49.298386740380934]",CRS:84,ok,9.212353182968585,46.08231048268711,17.45260436230758,49.298386740380934
1130,https://data.inspire.gv.at/951dfc5f-7303-46e1-9413-8d53986b006d,https://inspire.lfrz.gv.at/009501/wms?request=GetCapabilities&version=1.3.0,,,"{""id"": ""48968"", ""bbox"": [9.417024651398023, 46.36024405746746, 17.182869982739838, 49.02216388825376, ""CRS:84""], ""name"": ""inspire_hofstellen_2023-1"", ""title"": ""inspire_hofstellen_2023-1"", ""crs3857"": true, ""crs4326"": true, ""abstract"": ""Dieser Layer umfasst die Wirtschaftsgebäude der AntragstellerInnen, welche im Zuge der Förderabwicklung herangezogen werden. Unter Hofstelle ist das Wirtschaftsgebäude des Hauptbetriebes zu verstehen."", ""keywords"": [], ""layer_name"": ""inspire_hofstellen_2023-1"", ""description"": ""inspire_hofstellen_2023-1"", ""service_type"": ""wms"", ""metadata_urls"": [""https://discovery.inspire.gv.at/at.lfrz.discoveryservices/srv/ger/csw?service=CSW&request=GetRecordById&version=2.0.2&outputSchema=http%3A%2F%2Fwww.isotc211.org%2F2005%2Fgmd&ElementSetName=full&id=951dfc5f-7303-46e1-9413-8d53986b006d""]}",spatial-extractor,2026-06-21 18:45:21.096 +0300,"[9.417024651398023, 46.36024405746746, 17.182869982739838, 49.02216388825376]",CRS:84,ok,9.417024651398023,46.36024405746746,17.182869982739838,49.02216388825376
1132,https://data.inspire.gv.at/0095/ba0baeb9-0652-4391-8619-806e7fb56a16,https://inspire.lfrz.gv.at/009501/wms?request=GetCapabilities&version=1.3.0,,,"{""id"": ""48983"", ""bbox"": [9.212353182968585, 46.08231048268711, 17.45260436230758, 49.298386740380934, ""CRS:84""], ""name"": ""inspire_hofstellen_2019"", ""title"": ""inspire_hofstellen_2019"", ""crs3857"": true, ""crs4326"": true, ""abstract"": ""Dieser Layer umfasst die Wirtschaftsgebäude der AntragstellerInnen, welche im Zuge der Förderabwicklung herangezogen werden. Unter Hofstelle ist das Wirtschaftsgebäude des Hauptbetriebes zu verstehen."", ""keywords"": [""Gebäude"", ""Bauernhof"", ""Landwirtschaft"", ""Landwirtschaftliche Anlagen"", ""Landwirtschaftliches Unternehmen""], ""layer_name"": ""inspire_hofstellen_2019"", ""description"": ""INVEKOS Hofstellen 2019"", ""service_type"": ""wms"", ""metadata_urls"": [""https://discovery.inspire.gv.at/at.lfrz.discoveryservices/srv/ger/csw?service=CSW&request=GetRecordById&version=2.0.2&outputSchema=http%3A%2F%2Fwww.isotc211.org%2F2005%2Fgmd&ElementSetName=full&id=ba0baeb9-0652-4391-8619-806e7fb56a16""]}",spatial-extractor,2026-06-21 18:45:22.428 +0300,"[9.212353182968585, 46.08231048268711, 17.45260436230758, 49.298386740380934]",CRS:84,ok,9.212353182968585,46.08231048268711,17.45260436230758,49.298386740380934
1133,https://data.inspire.gv.at/8081e9c4-3f2e-4763-933b-ec3f3d0d83ee,https://inspire.lfrz.gv.at/009501/wms?request=GetCapabilities&version=1.3.0,,,"{""id"": ""48986"", ""bbox"": [9.417024651398023, 46.36024405746746, 17.18286998273984, 49.02216388825376, ""CRS:84""], ""name"": ""inspire_hofstellen_2021"", ""title"": ""inspire_hofstellen_2021"", ""crs3857"": true, ""crs4326"": true, ""abstract"": ""Dieser Layer umfasst die Wirtschaftsgebäude der AntragstellerInnen, welche im Zuge der Förderabwicklung herangezogen werden. Unter Hofstelle ist das Wirtschaftsgebäude des Hauptbetriebes zu verstehen."", ""keywords"": [""LPIS"", ""IACS"", ""INVEKOS""], ""layer_name"": ""inspire_hofstellen_2021"", ""description"": ""INVEKOS Hofstellen 2021"", ""service_type"": ""wms"", ""metadata_urls"": [""https://discovery.inspire.gv.at/at.lfrz.discoveryservices/srv/ger/csw?service=CSW&request=GetRecordById&version=2.0.2&outputSchema=http%3A%2F%2Fwww.isotc211.org%2F2005%2Fgmd&ElementSetName=full&id=8081e9c4-3f2e-4763-933b-ec3f3d0d83ee""]}",spatial-extractor,2026-06-21 18:45:22.951 +0300,"[9.417024651398023, 46.36024405746746, 17.18286998273984, 49.02216388825376]",CRS:84,ok,9.417024651398023,46.36024405746746,17.18286998273984,49.02216388825376
1134,https://data.inspire.gv.at/0095/8fdd7264-c8d3-4810-b1b4-9b2bf73dc436,https://inspire.lfrz.gv.at/009501/wms?request=GetCapabilities&version=1.3.0,,,"{""id"": ""48993"", ""bbox"": [9.212353182968585, 46.08231048268711, 17.45260436230758, 49.298386740380934, ""CRS:84""], ""name"": ""inspire_hofstellen_2018"", ""title"": ""inspire_hofstellen_2018"", ""crs3857"": true, ""crs4326"": true, ""abstract"": ""Dieser Layer umfasst die Wirtschaftsgebäude der AntragstellerInnen, welche im Zuge der Förderabwicklung herangezogen werden. Unter Hofstelle ist das Wirtschaftsgebäude des Hauptbetriebes zu verstehen."", ""keywords"": [""Gebäude"", ""Bauernhof"", ""Landwirtschaft"", ""Landwirtschaftliche Anlagen"", ""Landwirtschaftliches Unternehmen""], ""layer_name"": ""inspire_hofstellen_2018"", ""description"": ""INVEKOS Hofstellen 2018"", ""service_type"": ""wms"", ""metadata_urls"": [""https://discovery.inspire.gv.at/at.lfrz.discoveryservices/srv/ger/csw?service=CSW&request=GetRecordById&version=2.0.2&outputSchema=http%3A%2F%2Fwww.isotc211.org%2F2005%2Fgmd&ElementSetName=full&id=8fdd7264-c8d3-4810-b1b4-9b2bf73dc436""]}",spatial-extractor,2026-06-21 18:45:23.416 +0300,"[9.212353182968585, 46.08231048268711, 17.45260436230758, 49.298386740380934]",CRS:84,ok,9.212353182968585,46.08231048268711,17.45260436230758,49.298386740380934
1135,fd071af5-3753-4c51-a625-01b0c0cee9da,https://www.inspire-geoportal.lt/geoserver/so/wms?service=WMS&version=1.3.0&request=GetCapabilities,,,"{""id"": ""48995"", ""bbox"": [21.06344223022461, 53.90375522328503, 26.832435607910156, 56.44597247456006, ""CRS:84""], ""name"": ""SO.ObservedSoilProfile"", ""title"": ""Observed Soil Profile"", ""crs3857"": true, ""crs4326"": true, ""abstract"": ""Observed Soil Profile"", ""keywords"": [""features"", ""so.observedsoilprofile"", ""Observed soil profile"", ""Soil"", ""SO""], ""layer_name"": ""SO.ObservedSoilProfile"", ""description"": ""Observed Soil Profile"", ""service_type"": ""wms"", ""metadata_urls"": [""https://www.inspire-geoportal.lt/geonetwork/srv/eng/csw?service=CSW&request=GetRecordById&version=2.0.2&outputSchema=http://www.isotc211.org/2005/gmd&elementSetName=full&id=d07c5dce-4a6e-4042-ac48-8b589c57d6d1""]}",spatial-extractor,2026-06-21 18:45:23.874 +0300,"[21.06344223022461, 53.90375522328503, 26.832435607910156, 56.44597247456006]",CRS:84,ok,21.06344223022461,53.90375522328503,26.832435607910156,56.44597247456006
1136,https://data.inspire.gv.at/08a352d6-d1cf-443a-9a6b-2f72cd7bc848,https://inspire.lfrz.gv.at/009501/wms?request=GetCapabilities&version=1.3.0,,,"{""id"": ""49000"", ""bbox"": [9.417024651398025, 46.36024405746747, 17.182869982739835, 49.02216388825376, ""CRS:84""], ""name"": ""inspire_hofstellen_2024-1"", ""title"": ""inspire_hofstellen_2024-1"", ""crs3857"": true, ""crs4326"": true, ""abstract"": ""Dieser Layer umfasst die Wirtschaftsgebäude der AntragstellerInnen, welche im Zuge der Förderabwicklung herangezogen werden. Unter Hofstelle ist das Wirtschaftsgebäude des Hauptbetriebes zu verstehen."", ""keywords"": [], ""layer_name"": ""inspire_hofstellen_2024-1"", ""description"": ""inspire_hofstellen_2024-1"", ""service_type"": ""wms"", ""metadata_urls"": [""https://discovery.inspire.gv.at/at.lfrz.discoveryservices/srv/ger/csw?service=CSW&request=GetRecordById&version=2.0.2&outputSchema=http%3A%2F%2Fwww.isotc211.org%2F2005%2Fgmd&ElementSetName=full&id=08a352d6-d1cf-443a-9a6b-2f72cd7bc848""]}",spatial-extractor,2026-06-21 18:45:24.647 +0300,"[9.417024651398025, 46.36024405746747, 17.182869982739835, 49.02216388825376]",CRS:84,ok,9.417024651398025,46.36024405746747,17.182869982739835,49.02216388825376
1137,https://data.inspire.gv.at/c27097c7-41fc-43ea-8536-534141c9d505,https://inspire.lfrz.gv.at/009501/wms?version=1.3.0&request=GetCapabilities,,,"{""id"": ""49005"", ""bbox"": [9.212353182968585, 46.08231048268711, 17.45260436230758, 49.298386740380934, ""CRS:84""], ""name"": ""inspire_feldstuecke_2021"", ""title"": ""inspire_feldstuecke_2021"", ""crs3857"": true, ""crs4326"": true, ""abstract"": ""Der Layer umfasst alle von den AntragstellerInnen erfassten Feldstücken, welche als Grundlage der Förderabwicklung dienen. Ein Feldstück ist eine im Bundesgebiet gelegene, eindeutig abgrenzbare Bewirtschaftungseinheit eines Betriebsinhabers mit nur einer Nutzungsart gemäß § 16 der Verordnung des zuständigen Bundesministeriums mit horizontalen Regeln für den Bereich der Gemeinsamen Agrarpolitik (Horizontale GAP-Verordnung) StF: BGBl. II Nr. 100/2015, die im Geographischen Informationssystem (GIS) als Polygon digitalisiert ist und aus Schlägen besteht."", ""keywords"": [""INVEKOS"", ""LPIS"", ""IACS""], ""layer_name"": ""inspire_feldstuecke_2021"", ""description"": ""INVEKOS Feldstücke 2021"", ""service_type"": ""wms"", ""metadata_urls"": [""https://discovery.inspire.gv.at/at.lfrz.discoveryservices/srv/ger/csw?service=CSW&request=GetRecordById&version=2.0.2&outputSchema=http%3A%2F%2Fwww.isotc211.org%2F2005%2Fgmd&ElementSetName=full&id=c27097c7-41fc-43ea-8536-534141c9d505""]}",spatial-extractor,2026-06-21 18:45:25.109 +0300,"[9.212353182968585, 46.08231048268711, 17.45260436230758, 49.298386740380934]",CRS:84,ok,9.212353182968585,46.08231048268711,17.45260436230758,49.298386740380934
1144,https://data.inspire.gv.at/ee6181dd-ffa0-4658-b5dd-025958cf6d05,https://inspire.lfrz.gv.at/009501/wms?request=GetCapabilities&version=1.3.0,,,"{""id"": ""49036"", ""bbox"": [9.417024651398023, 46.36024405746746, 17.18286998273984, 49.02216388825376, ""CRS:84""], ""name"": ""inspire_hofstellen_2022"", ""title"": ""inspire_hofstellen_2022"", ""crs3857"": true, ""crs4326"": true, ""abstract"": ""Dieser Layer umfasst die Wirtschaftsgebäude der AntragstellerInnen, welche im Zuge der Förderabwicklung herangezogen werden. Unter Hofstelle ist das Wirtschaftsgebäude des Hauptbetriebes zu verstehen."", ""keywords"": [""INVEKOS"", ""LPIS"", ""IACS""], ""layer_name"": ""inspire_hofstellen_2022"", ""description"": ""inspire_hofstellen_2022"", ""service_type"": ""wms"", ""metadata_urls"": [""https://discovery.inspire.gv.at/at.lfrz.discoveryservices/srv/ger/csw?service=CSW&request=GetRecordById&version=2.0.2&outputSchema=http%3A%2F%2Fwww.isotc211.org%2F2005%2Fgmd&ElementSetName=full&id=ee6181dd-ffa0-4658-b5dd-025958cf6d05""]}",spatial-extractor,2026-06-21 18:45:44.801 +0300,"[9.417024651398023, 46.36024405746746, 17.18286998273984, 49.02216388825376]",CRS:84,ok,9.417024651398023,46.36024405746746,17.18286998273984,49.02216388825376
1145,4d283c4d-ddfc-4d27-b679-7d5881e66f85,https://inspire.lfrz.gv.at/000604/wms?version=1.3.0&request=GetCapabilities,,,"{""id"": ""49041"", ""bbox"": [9.513914191140248, 46.30048140381362, 17.28852676698014, 49.129908596103235, ""CRS:84""], ""name"": ""Agricultural Soil Map of Austria - Soil characteristic Water Permeability"", ""title"": ""Agricultural Soil Map of Austria - Soil characteristic Water Permeability"", ""crs3857"": true, ""crs4326"": true, ""abstract"": ""Bodeneigenschaft Durchlaessigkeit"", ""keywords"": [""BFW"", ""Soil"", ""Boden"", ""Bodeneigenschaft"", ""Water Permeability"", ""Soil characteristic""], ""layer_name"": ""Agricultural Soil Map of Austria - Soil characteristic Water Permeability"", ""description"": ""Agricultural Soil Map of Austria - Soil characteristic Water Permeability"", ""service_type"": ""wms"", ""metadata_urls"": [""https://discovery.inspire.gv.at/at.lfrz.discoveryservices/srv/ger/csw?service=CSW&request=GetRecordById&version=2.0.2&outputSchema=http://www.isotc211.org/2005/gmd&ElementSetName=full&id=4d283c4d-ddfc-4d27-b679-7d5881e66f85""]}",spatial-extractor,2026-06-21 18:45:45.303 +0300,"[9.513914191140248, 46.30048140381362, 17.28852676698014, 49.129908596103235]",CRS:84,ok,9.513914191140248,46.30048140381362,17.28852676698014,49.129908596103235
1149,https://data.inspire.gv.at/b78613e2-f6dc-4b9f-901c-dfe13122dd54,https://inspire.lfrz.gv.at/009501/wms?version=1.3.0&request=GetCapabilities,,,"{""id"": ""49058"", ""bbox"": [9.405290334050319, 46.3458780728679, 17.232237933779302, 49.02992317964396, ""CRS:84""], ""name"": ""inspire_feldstuecke_2023-1"", ""title"": ""inspire_feldstuecke_2023-1"", ""crs3857"": true, ""crs4326"": true, ""abstract"": ""Der Layer umfasst alle von den AntragstellerInnen erfassten Feldstücken, welche als Grundlage der Förderabwicklung dienen. Ein Feldstück ist eine im Bundesgebiet gelegene, eindeutig abgrenzbare Bewirtschaftungseinheit eines Betriebsinhabers mit nur einer Nutzungsart gemäß § 16 der Verordnung des zuständigen Bundesministeriums mit horizontalen Regeln für den Bereich der Gemeinsamen Agrarpolitik (Horizontale GAP-Verordnung) StF: BGBl. II Nr. 100/2015, die im Geographischen Informationssystem (GIS) als Polygon digitalisiert ist und aus Schlägen besteht."", ""keywords"": [], ""layer_name"": ""inspire_feldstuecke_2023-1"", ""description"": ""inspire_feldstuecke_2023-1"", ""service_type"": ""wms"", ""metadata_urls"": [""https://discovery.inspire.gv.at/at.lfrz.discoveryservices/srv/ger/csw?service=CSW&request=GetRecordById&version=2.0.2&outputSchema=http%3A%2F%2Fwww.isotc211.org%2F2005%2Fgmd&ElementSetName=full&id=b78613e2-f6dc-4b9f-901c-dfe13122dd54""]}",spatial-extractor,2026-06-21 18:45:48.651 +0300,"[9.405290334050319, 46.3458780728679, 17.232237933779302, 49.02992317964396]",CRS:84,ok,9.405290334050319,46.3458780728679,17.232237933779302,49.02992317964396
1151,https://data.inspire.gv.at/0095/97725be7-e74d-4340-847a-178ae0d4f524,https://inspire.lfrz.gv.at/009501/wms?version=1.3.0&request=GetCapabilities,,,"{""id"": ""49073"", ""bbox"": [9.212353182968585, 46.08231048268711, 17.45260436230758, 49.298386740380934, ""CRS:84""], ""name"": ""inspire_schlaege_2015_point"", ""title"": ""inspire_schlaege_2015_point"", ""crs3857"": true, ""crs4326"": true, ""abstract"": ""Dieser Layer umfasst alle von den AntragstellerInnen erfassten Schlagnutzungen, welche als Grundlage der Förderabwicklung dienen. Ein Schlag ist eine zusammenhängende Fläche eines Feldstücks, die für eine Vegetationsperiode mit nur einer Kultur (Schlagnutzungsart) und einheitlicher Bewirtschaftungsauflage bzw. als ein Landschaftselementetyp gemäß Anlage 1 der Verordnung des zuständigen Bundesministeriums mit horizontalen Regeln für den Bereich der Gemeinsamen Agrarpolitik (Horizontale GAP-Verordnung) StF: BGBl. II Nr. 100/2015 bewirtschaftet oder aber lediglich in gutem landwirtschaftlichen und ökologischen Zustand gemäß Art. 94 der Verordnung (EU) Nr. 1306/2013 erhalten wird und im GIS als Polygon oder als Punkt digitalisiert ist."", ""keywords"": [], ""layer_name"": ""inspire_schlaege_2015_point"", ""description"": ""INVEKOS Schläge 2015 (Point)"", ""service_type"": ""wms"", ""metadata_urls"": [""https://discovery.inspire.gv.at/at.lfrz.discoveryservices/srv/ger/csw?service=CSW&request=GetRecordById&version=2.0.2&outputSchema=http://www.isotc211.org/2005/gmd&ElementSetName=full&id=97725be7-e74d-4340-847a-178ae0d4f524""]}",spatial-extractor,2026-06-21 18:45:50.231 +0300,"[9.212353182968585, 46.08231048268711, 17.45260436230758, 49.298386740380934]",CRS:84,ok,9.212353182968585,46.08231048268711,17.45260436230758,49.298386740380934
1153,https://data.inspire.gv.at/0095/6d1524bc-f610-486a-be54-ba5c956af068,https://inspire.lfrz.gv.at/009501/wms?version=1.3.0&request=GetCapabilities,,,"{""id"": ""49086"", ""bbox"": [9.212353182968585, 46.08231048268711, 17.45260436230758, 49.298386740380934, ""CRS:84""], ""name"": ""inspire_referenzen_2018_point"", ""title"": ""inspire_referenzen_2018_point"", ""crs3857"": true, ""crs4326"": true, ""abstract"": ""Der Layer umfasst alle von der Zahlstelle Agrarmarkt Austria festgelegte Referenzparzellen und erfasste Landschaftselemente (Landschaftselementelayers) im Sinne des Art. 5 der Verordnung (EU) Nr. 640/2014 und Verordnung des zuständigen Bundesministeriums mit horizontalen Regeln für den Bereich der Gemeinsamen Agrarpolitik (Horizontale GAP-Verordnung) StF: BGBl. II Nr. 100/2015 Referenzparzelle: ist der physische Block, der als eindeutig nach außen abgrenzbar (zB Wald, Straßen, Gewässer) und durch in der Natur erkennbare, zusammenhängende landwirtschaftlich genutzte Flächen gebildet wird. Landschaftselementelayer: Layer mit den im GIS als Punkt oder Polygon gemäß den Definitionen laut Anlage 1 der Horizontale GAP-Verordnung digitalisierten Landschaftselementen, die sich auf Referenzflächen befinden, an eine solche unmittelbar angrenzen oder in einem Abstand von höchstens 5 m zu einer Referenzfläche liegen."", ""keywords"": [], ""layer_name"": ""inspire_referenzen_2018_point"", ""description"": ""INVEKOS Referenzen 2018 (Point)"", ""service_type"": ""wms"", ""metadata_urls"": [""https://discovery.inspire.gv.at/at.lfrz.discoveryservices/srv/ger/csw?service=CSW&request=GetRecordById&version=2.0.2&outputSchema=http://www.isotc211.org/2005/gmd&ElementSetName=full&id=6d1524bc-f610-486a-be54-ba5c956af068""]}",spatial-extractor,2026-06-21 18:45:51.697 +0300,"[9.212353182968585, 46.08231048268711, 17.45260436230758, 49.298386740380934]",CRS:84,ok,9.212353182968585,46.08231048268711,17.45260436230758,49.298386740380934
1154,https://data.inspire.gv.at/e499eacb-df06-4a6a-8175-b9745eeeadc4,https://inspire.lfrz.gv.at/009501/wms?version=1.3.0&request=GetCapabilities,,,"{""id"": ""49169"", ""bbox"": [9.212353182968581, 46.08231048268711, 17.452604362307575, 49.298386740380934, ""CRS:84""], ""name"": ""inspire_schlaege_2020_polygon"", ""title"": ""inspire_schlaege_2020_polygon"", ""crs3857"": true, ""crs4326"": true, ""abstract"": ""Dieser Layer umfasst alle von den AntragstellerInnen erfassten Schlagnutzungen, welche als Grundlage der Förderabwicklung dienen. Ein Schlag ist eine zusammenhängende Fläche eines Feldstücks, die für eine Vegetationsperiode mit nur einer Kultur (Schlagnutzungsart) und einheitlicher Bewirtschaftungsauflage bzw. als ein Landschaftselementetyp gemäß Anlage 1 der Verordnung des zuständigen Bundesministeriums mit horizontalen Regeln für den Bereich der Gemeinsamen Agrarpolitik (Horizontale GAP-Verordnung) StF: BGBl. II Nr. 100/2015 bewirtschaftet oder aber lediglich in gutem landwirtschaftlichen und ökologischen Zustand gemäß Art. 94 der Verordnung (EU) Nr. 1306/2013 erhalten wird und im GIS als Polygon oder als Punkt digitalisiert ist."", ""keywords"": [""Bodennutzung"", ""Landwirtschaftliche Nutzung"", ""Nutzung der landwirtschaftlichen Fläche""], ""layer_name"": ""inspire_schlaege_2020_polygon"", ""description"": ""INVEKOS Schläge 2020 (Polygon)"", ""service_type"": ""wms"", ""metadata_urls"": [""https://discovery.inspire.gv.at/at.lfrz.discoveryservices/srv/ger/csw?service=CSW&request=GetRecordById&version=2.0.2&outputSchema=http%3A%2F%2Fwww.isotc211.org%2F2005%2Fgmd&ElementSetName=full&id=e499eacb-df06-4a6a-8175-b9745eeeadc4""]}",spatial-extractor,2026-06-21 18:45:52.452 +0300,"[9.212353182968581, 46.08231048268711, 17.452604362307575, 49.298386740380934]",CRS:84,ok,9.212353182968581,46.08231048268711,17.452604362307575,49.298386740380934
1155,https://data.inspire.gv.at/7175d2af-d188-4ec2-b079-d4c0e5417f77,https://inspire.lfrz.gv.at/009501/wms?version=1.3.0&request=GetCapabilities,,,"{""id"": ""49094"", ""bbox"": [9.406563886760875, 46.35029480991183, 17.217982433587952, 49.029157645814074, ""CRS:84""], ""name"": ""inspire_schlaege_2023-2_point"", ""title"": ""inspire_schlaege_2023-2_point"", ""crs3857"": true, ""crs4326"": true, ""abstract"": ""Dieser Layer umfasst alle von den AntragstellerInnen erfassten Schlagnutzungen, welche als Grundlage der Förderabwicklung dienen. Ein Schlag ist eine zusammenhängende Fläche eines Feldstücks, die für eine Vegetationsperiode mit nur einer Kultur (Schlagnutzungsart) und einheitlicher Bewirtschaftungsauflage bzw. als ein Landschaftselementetyp gemäß Anlage 1 der Verordnung des zuständigen Bundesministeriums mit horizontalen Regeln für den Bereich der Gemeinsamen Agrarpolitik (Horizontale GAP-Verordnung) StF: BGBl. II Nr. 100/2015 bewirtschaftet oder aber lediglich in gutem landwirtschaftlichen und ökologischen Zustand gemäß Art. 94 der Verordnung (EU) Nr. 1306/2013 erhalten wird und im GIS als Polygon oder als Punkt digitalisiert ist."", ""keywords"": [], ""layer_name"": ""inspire_schlaege_2023-2_point"", ""description"": ""inspire_schlaege_2023-2_point"", ""service_type"": ""wms"", ""metadata_urls"": [""https://discovery.inspire.gv.at/at.lfrz.discoveryservices/srv/ger/csw?service=CSW&request=GetRecordById&version=2.0.2&outputSchema=http%3A%2F%2Fwww.isotc211.org%2F2005%2Fgmd&ElementSetName=full&id=7175d2af-d188-4ec2-b079-d4c0e5417f77""]}",spatial-extractor,2026-06-21 18:45:52.938 +0300,"[9.406563886760875, 46.35029480991183, 17.217982433587952, 49.029157645814074]",CRS:84,ok,9.406563886760875,46.35029480991183,17.217982433587952,49.029157645814074
1157,https://data.inspire.gv.at/b037d48d-06f3-4af2-ac48-ae07e7ca1e00,https://inspire.lfrz.gv.at/009501/wms?version=1.3.0&request=GetCapabilities,,,"{""id"": ""49108"", ""bbox"": [9.406563886760875, 46.35029480991183, 17.215557900587502, 49.029157393076325, ""CRS:84""], ""name"": ""inspire_schlaege_2024-2_point"", ""title"": ""inspire_schlaege_2024-2_point"", ""crs3857"": true, ""crs4326"": true, ""abstract"": ""Dieser Layer umfasst alle von den AntragstellerInnen erfassten Schlagnutzungen, welche als Grundlage der Förderabwicklung dienen. Ein Schlag ist eine zusammenhängende Fläche eines Feldstücks, die für eine Vegetationsperiode mit nur einer Kultur (Schlagnutzungsart) und einheitlicher Bewirtschaftungsauflage bzw. als ein Landschaftselementetyp gemäß Anlage 1 der Verordnung des zuständigen Bundesministeriums mit horizontalen Regeln für den Bereich der Gemeinsamen Agrarpolitik (Horizontale GAP-Verordnung) StF: BGBl. II Nr. 100/2015 bewirtschaftet oder aber lediglich in gutem landwirtschaftlichen und ökologischen Zustand gemäß Art. 94 der Verordnung (EU) Nr. 1306/2013 erhalten wird und im GIS als Polygon oder als Punkt digitalisiert ist."", ""keywords"": [], ""layer_name"": ""inspire_schlaege_2024-2_point"", ""description"": ""inspire_schlaege_2024-2_point"", ""service_type"": ""wms"", ""metadata_urls"": [""https://discovery.inspire.gv.at/at.lfrz.discoveryservices/srv/ger/csw?service=CSW&request=GetRecordById&version=2.0.2&outputSchema=http%3A%2F%2Fwww.isotc211.org%2F2005%2Fgmd&ElementSetName=full&id=b037d48d-06f3-4af2-ac48-ae07e7ca1e00""]}",spatial-extractor,2026-06-21 18:45:54.500 +0300,"[9.406563886760875, 46.35029480991183, 17.215557900587502, 49.029157393076325]",CRS:84,ok,9.406563886760875,46.35029480991183,17.215557900587502,49.029157393076325
1159,https://data.inspire.gv.at/bbd8ee1b-76a1-451f-88ef-84e9c7a1faaf,https://inspire.lfrz.gv.at/009501/wms?version=1.3.0&request=GetCapabilities,,,"{""id"": ""49121"", ""bbox"": [9.406563886760875, 46.35029480991183, 17.215557900587502, 49.029157393076325, ""CRS:84""], ""name"": ""inspire_schlaege_2024-1_point"", ""title"": ""inspire_schlaege_2024-1_point"", ""crs3857"": true, ""crs4326"": true, ""abstract"": ""Dieser Layer umfasst alle von den AntragstellerInnen erfassten Schlagnutzungen, welche als Grundlage der Förderabwicklung dienen. Ein Schlag ist eine zusammenhängende Fläche eines Feldstücks, die für eine Vegetationsperiode mit nur einer Kultur (Schlagnutzungsart) und einheitlicher Bewirtschaftungsauflage bzw. als ein Landschaftselementetyp gemäß Anlage 1 der Verordnung des zuständigen Bundesministeriums mit horizontalen Regeln für den Bereich der Gemeinsamen Agrarpolitik (Horizontale GAP-Verordnung) StF: BGBl. II Nr. 100/2015 bewirtschaftet oder aber lediglich in gutem landwirtschaftlichen und ökologischen Zustand gemäß Art. 94 der Verordnung (EU) Nr. 1306/2013 erhalten wird und im GIS als Polygon oder als Punkt digitalisiert ist."", ""keywords"": [], ""layer_name"": ""inspire_schlaege_2024-1_point"", ""description"": ""inspire_schlaege_2024-1_point"", ""service_type"": ""wms"", ""metadata_urls"": [""https://discovery.inspire.gv.at/at.lfrz.discoveryservices/srv/ger/csw?service=CSW&request=GetRecordById&version=2.0.2&outputSchema=http%3A%2F%2Fwww.isotc211.org%2F2005%2Fgmd&ElementSetName=full&id=bbd8ee1b-76a1-451f-88ef-84e9c7a1faaf""]}",spatial-extractor,2026-06-21 18:45:56.216 +0300,"[9.406563886760875, 46.35029480991183, 17.215557900587502, 49.029157393076325]",CRS:84,ok,9.406563886760875,46.35029480991183,17.215557900587502,49.029157393076325
1160,https://data.inspire.gv.at/0095/c2412b1f-b77d-435a-b76a-d56f4609266e,https://inspire.lfrz.gv.at/009501/wms?version=1.3.0&request=GetCapabilities,,,"{""id"": ""49132"", ""bbox"": [9.212353182968585, 46.08231048268711, 17.45260436230758, 49.298386740380934, ""CRS:84""], ""name"": ""inspire_feldstuecke_2019"", ""title"": ""inspire_feldstuecke_2019"", ""crs3857"": true, ""crs4326"": true, ""abstract"": ""Der Layer umfasst alle von den AntragstellerInnen erfassten Feldstücken, welche als Grundlage der Förderabwicklung dienen. Ein Feldstück ist eine im Bundesgebiet gelegene, eindeutig abgrenzbare Bewirtschaftungseinheit eines Betriebsinhabers mit nur einer Nutzungsart gemäß § 16 der Verordnung des zuständigen Bundesministeriums mit horizontalen Regeln für den Bereich der Gemeinsamen Agrarpolitik (Horizontale GAP-Verordnung) StF: BGBl. II Nr. 100/2015, die im Geographischen Informationssystem (GIS) als Polygon digitalisiert ist und aus Schlägen besteht."", ""keywords"": [""Bodennutzung"", ""Flurstücke/Grundstücke (Katasterparzellen)"", ""Landwirtschaftliche Nutzung"", ""Nutzung der landwirtschaftlichen Fläche""], ""layer_name"": ""inspire_feldstuecke_2019"", ""description"": ""INVEKOS Feldstücke 2019"", ""service_type"": ""wms"", ""metadata_urls"": [""https://discovery.inspire.gv.at/at.lfrz.discoveryservices/srv/ger/csw?service=CSW&request=GetRecordById&version=2.0.2&outputSchema=http%3A%2F%2Fwww.isotc211.org%2F2005%2Fgmd&ElementSetName=full&id=c2412b1f-b77d-435a-b76a-d56f4609266e""]}",spatial-extractor,2026-06-21 18:46:03.731 +0300,"[9.212353182968585, 46.08231048268711, 17.45260436230758, 49.298386740380934]",CRS:84,ok,9.212353182968585,46.08231048268711,17.45260436230758,49.298386740380934
1161,https://data.inspire.gv.at/0095/bdddeedb-5381-43cd-8c48-88a946ae2d0b,https://inspire.lfrz.gv.at/009501/wms?version=1.3.0&request=GetCapabilities,,,"{""id"": ""49139"", ""bbox"": [9.406528989424798, 46.36583800700145, 17.21801690784526, 49.02961218147889, ""CRS:84""], ""name"": ""inspire_schlaege_2018_point"", ""title"": ""inspire_schlaege_2018_point"", ""crs3857"": true, ""crs4326"": true, ""abstract"": ""Dieser Layer umfasst alle von den AntragstellerInnen erfassten Schlagnutzungen, welche als Grundlage der Förderabwicklung dienen. Ein Schlag ist eine zusammenhängende Fläche eines Feldstücks, die für eine Vegetationsperiode mit nur einer Kultur (Schlagnutzungsart) und einheitlicher Bewirtschaftungsauflage bzw. als ein Landschaftselementetyp gemäß Anlage 1 der Verordnung des zuständigen Bundesministeriums mit horizontalen Regeln für den Bereich der Gemeinsamen Agrarpolitik (Horizontale GAP-Verordnung) StF: BGBl. II Nr. 100/2015 bewirtschaftet oder aber lediglich in gutem landwirtschaftlichen und ökologischen Zustand gemäß Art. 94 der Verordnung (EU) Nr. 1306/2013 erhalten wird und im GIS als Polygon oder als Punkt digitalisiert ist."", ""keywords"": [], ""layer_name"": ""inspire_schlaege_2018_point"", ""description"": ""INVEKOS Schläge 2018 (Point)"", ""service_type"": ""wms"", ""metadata_urls"": [""https://discovery.inspire.gv.at/at.lfrz.discoveryservices/srv/ger/csw?service=CSW&request=GetRecordById&version=2.0.2&outputSchema=http://www.isotc211.org/2005/gmd&ElementSetName=full&id=bdddeedb-5381-43cd-8c48-88a946ae2d0b""]}",spatial-extractor,2026-06-21 18:46:04.231 +0300,"[9.406528989424798, 46.36583800700145, 17.21801690784526, 49.02961218147889]",CRS:84,ok,9.406528989424798,46.36583800700145,17.21801690784526,49.02961218147889
1162,https://data.inspire.gv.at/0095/546e3dff-8a23-482a-814e-b1fb3dde5562,https://inspire.lfrz.gv.at/009501/wms?version=1.3.0&request=GetCapabilities,,,"{""id"": ""49146"", ""bbox"": [9.212353182968585, 46.08231048268711, 17.45260436230758, 49.298386740380934, ""CRS:84""], ""name"": ""inspire_feldstuecke_2015"", ""title"": ""inspire_feldstuecke_2015"", ""crs3857"": true, ""crs4326"": true, ""abstract"": ""Der Layer umfasst alle von den AntragstellerInnen erfassten Feldstücken, welche als Grundlage der Förderabwicklung dienen. Ein Feldstück ist eine im Bundesgebiet gelegene, eindeutig abgrenzbare Bewirtschaftungseinheit eines Betriebsinhabers mit nur einer Nutzungsart gemäß § 16 der Verordnung des zuständigen Bundesministeriums mit horizontalen Regeln für den Bereich der Gemeinsamen Agrarpolitik (Horizontale GAP-Verordnung) StF: BGBl. II Nr. 100/2015, die im Geographischen Informationssystem (GIS) als Polygon digitalisiert ist und aus Schlägen besteht."", ""keywords"": [""Bodennutzung"", ""Flurstücke/Grundstücke (Katasterparzellen)"", ""Landwirtschaftliche Nutzung"", ""Nutzung der landwirtschaftlichen Fläche""], ""layer_name"": ""inspire_feldstuecke_2015"", ""description"": ""inspire_feldstuecke_2015"", ""service_type"": ""wms"", ""metadata_urls"": [""https://discovery.inspire.gv.at/at.lfrz.discoveryservices/srv/ger/csw?service=CSW&request=GetRecordById&version=2.0.2&outputSchema=http%3A%2F%2Fwww.isotc211.org%2F2005%2Fgmd&ElementSetName=full&id=546e3dff-8a23-482a-814e-b1fb3dde5562""]}",spatial-extractor,2026-06-21 18:46:04.723 +0300,"[9.212353182968585, 46.08231048268711, 17.45260436230758, 49.298386740380934]",CRS:84,ok,9.212353182968585,46.08231048268711,17.45260436230758,49.298386740380934
1164,https://data.inspire.gv.at/88ae1d46-12f9-43a6-99f3-c3c09b9425fc,https://inspire.lfrz.gv.at/009501/wms?request=GetCapabilities&version=1.3.0,,,"{""id"": ""49158"", ""bbox"": [9.417024651398023, 46.36024405746746, 17.182869982739838, 49.02216388825376, ""CRS:84""], ""name"": ""inspire_hofstellen_2023-2"", ""title"": ""inspire_hofstellen_2023-2"", ""crs3857"": true, ""crs4326"": true, ""abstract"": ""Dieser Layer umfasst die Wirtschaftsgebäude der AntragstellerInnen, welche im Zuge der Förderabwicklung herangezogen werden. Unter Hofstelle ist das Wirtschaftsgebäude des Hauptbetriebes zu verstehen."", ""keywords"": [], ""layer_name"": ""inspire_hofstellen_2023-2"", ""description"": ""inspire_hofstellen_2023-2"", ""service_type"": ""wms"", ""metadata_urls"": [""https://discovery.inspire.gv.at/at.lfrz.discoveryservices/srv/ger/csw?service=CSW&request=GetRecordById&version=2.0.2&outputSchema=http%3A%2F%2Fwww.isotc211.org%2F2005%2Fgmd&ElementSetName=full&id=88ae1d46-12f9-43a6-99f3-c3c09b9425fc""]}",spatial-extractor,2026-06-21 18:46:05.770 +0300,"[9.417024651398023, 46.36024405746746, 17.182869982739838, 49.02216388825376]",CRS:84,ok,9.417024651398023,46.36024405746746,17.182869982739838,49.02216388825376
1165,https://data.inspire.gv.at/5f147bb9-7fe5-41ba-a91e-0a3595c8335e,https://inspire.lfrz.gv.at/009501/wms?version=1.3.0&request=GetCapabilities,,,"{""id"": ""49163"", ""bbox"": [9.405290334050319, 46.3458780728679, 17.232237933779302, 49.02992317964396, ""CRS:84""], ""name"": ""inspire_feldstuecke_2023-2"", ""title"": ""inspire_feldstuecke_2023-2"", ""crs3857"": true, ""crs4326"": true, ""abstract"": ""Der Layer umfasst alle von den AntragstellerInnen erfassten Feldstücken, welche als Grundlage der Förderabwicklung dienen. Ein Feldstück ist eine im Bundesgebiet gelegene, eindeutig abgrenzbare Bewirtschaftungseinheit eines Betriebsinhabers mit nur einer Nutzungsart gemäß § 16 der Verordnung des zuständigen Bundesministeriums mit horizontalen Regeln für den Bereich der Gemeinsamen Agrarpolitik (Horizontale GAP-Verordnung) StF: BGBl. II Nr. 100/2015, die im Geographischen Informationssystem (GIS) als Polygon digitalisiert ist und aus Schlägen besteht."", ""keywords"": [], ""layer_name"": ""inspire_feldstuecke_2023-2"", ""description"": ""inspire_feldstuecke_2023-2"", ""service_type"": ""wms"", ""metadata_urls"": [""https://discovery.inspire.gv.at/at.lfrz.discoveryservices/srv/ger/csw?service=CSW&request=GetRecordById&version=2.0.2&outputSchema=http%3A%2F%2Fwww.isotc211.org%2F2005%2Fgmd&ElementSetName=full&id=5f147bb9-7fe5-41ba-a91e-0a3595c8335e""]}",spatial-extractor,2026-06-21 18:46:06.260 +0300,"[9.405290334050319, 46.3458780728679, 17.232237933779302, 49.02992317964396]",CRS:84,ok,9.405290334050319,46.3458780728679,17.232237933779302,49.02992317964396
1166,https://data.inspire.gv.at/0095/f77c993f-f70f-4c88-9b6c-582429b48405,https://inspire.lfrz.gv.at/009501/wms?version=1.3.0&request=GetCapabilities,,,"{""id"": ""49179"", ""bbox"": [9.212353182968585, 46.08231048268711, 17.45260436230758, 49.298386740380934, ""CRS:84""], ""name"": ""inspire_feldstuecke_2017"", ""title"": ""inspire_feldstuecke_2017"", ""crs3857"": true, ""crs4326"": true, ""abstract"": ""Der Layer umfasst alle von den AntragstellerInnen erfassten Feldstücken, welche als Grundlage der Förderabwicklung dienen. Ein Feldstück ist eine im Bundesgebiet gelegene, eindeutig abgrenzbare Bewirtschaftungseinheit eines Betriebsinhabers mit nur einer Nutzungsart gemäß § 16 der Verordnung des zuständigen Bundesministeriums mit horizontalen Regeln für den Bereich der Gemeinsamen Agrarpolitik (Horizontale GAP-Verordnung) StF: BGBl. II Nr. 100/2015, die im Geographischen Informationssystem (GIS) als Polygon digitalisiert ist und aus Schlägen besteht."", ""keywords"": [""Bodennutzung"", ""Flurstücke/Grundstücke (Katasterparzellen)"", ""Landwirtschaftliche Nutzung"", ""Nutzung der landwirtschaftlichen Fläche""], ""layer_name"": ""inspire_feldstuecke_2017"", ""description"": ""INVEKOS Feldstücke 2017"", ""service_type"": ""wms"", ""metadata_urls"": [""https://discovery.inspire.gv.at/at.lfrz.discoveryservices/srv/ger/csw?service=CSW&request=GetRecordById&version=2.0.2&outputSchema=http%3A%2F%2Fwww.isotc211.org%2F2005%2Fgmd&ElementSetName=full&id=f77c993f-f70f-4c88-9b6c-582429b48405""]}",spatial-extractor,2026-06-21 18:46:06.722 +0300,"[9.212353182968585, 46.08231048268711, 17.45260436230758, 49.298386740380934]",CRS:84,ok,9.212353182968585,46.08231048268711,17.45260436230758,49.298386740380934
1167,https://data.inspire.gv.at/90c91343-a573-4cf2-a5d9-09ccd97f13cf,https://inspire.lfrz.gv.at/009501/wms?request=GetCapabilities&version=1.3.0,,,"{""id"": ""49182"", ""bbox"": [9.417024651398025, 46.36024405746747, 17.182869982739835, 49.02216388825376, ""CRS:84""], ""name"": ""inspire_hofstellen_2024-2"", ""title"": ""inspire_hofstellen_2024-2"", ""crs3857"": true, ""crs4326"": true, ""abstract"": ""Dieser Layer umfasst die Wirtschaftsgebäude der AntragstellerInnen, welche im Zuge der Förderabwicklung herangezogen werden. Unter Hofstelle ist das Wirtschaftsgebäude des Hauptbetriebes zu verstehen."", ""keywords"": [], ""layer_name"": ""inspire_hofstellen_2024-2"", ""description"": ""inspire_hofstellen_2024-2"", ""service_type"": ""wms"", ""metadata_urls"": [""https://discovery.inspire.gv.at/at.lfrz.discoveryservices/srv/ger/csw?service=CSW&request=GetRecordById&version=2.0.2&outputSchema=http%3A%2F%2Fwww.isotc211.org%2F2005%2Fgmd&ElementSetName=full&id=90c91343-a573-4cf2-a5d9-09ccd97f13cf""]}",spatial-extractor,2026-06-21 18:46:07.431 +0300,"[9.417024651398025, 46.36024405746747, 17.182869982739835, 49.02216388825376]",CRS:84,ok,9.417024651398025,46.36024405746747,17.182869982739835,49.02216388825376
1170,https://data.inspire.gv.at/cf1600b1-56c5-45b6-95ee-1e7a9714acdf,https://inspire.lfrz.gv.at/009501/wms?version=1.3.0&request=GetCapabilities,,,"{""id"": ""49196"", ""bbox"": [9.406563886760875, 46.35029480991183, 17.217982433587952, 49.029157645814074, ""CRS:84""], ""name"": ""inspire_schlaege_2023-1_point"", ""title"": ""inspire_schlaege_2023-1_point"", ""crs3857"": true, ""crs4326"": true, ""abstract"": ""Dieser Layer umfasst alle von den AntragstellerInnen erfassten Schlagnutzungen, welche als Grundlage der Förderabwicklung dienen. Ein Schlag ist eine zusammenhängende Fläche eines Feldstücks, die für eine Vegetationsperiode mit nur einer Kultur (Schlagnutzungsart) und einheitlicher Bewirtschaftungsauflage bzw. als ein Landschaftselementetyp gemäß Anlage 1 der Verordnung des zuständigen Bundesministeriums mit horizontalen Regeln für den Bereich der Gemeinsamen Agrarpolitik (Horizontale GAP-Verordnung) StF: BGBl. II Nr. 100/2015 bewirtschaftet oder aber lediglich in gutem landwirtschaftlichen und ökologischen Zustand gemäß Art. 94 der Verordnung (EU) Nr. 1306/2013 erhalten wird und im GIS als Polygon oder als Punkt digitalisiert ist."", ""keywords"": [], ""layer_name"": ""inspire_schlaege_2023-1_point"", ""description"": ""inspire_schlaege_2023-1_point"", ""service_type"": ""wms"", ""metadata_urls"": [""https://discovery.inspire.gv.at/at.lfrz.discoveryservices/srv/ger/csw?service=CSW&request=GetRecordById&version=2.0.2&outputSchema=http%3A%2F%2Fwww.isotc211.org%2F2005%2Fgmd&ElementSetName=full&id=cf1600b1-56c5-45b6-95ee-1e7a9714acdf""]}",spatial-extractor,2026-06-21 18:46:09.586 +0300,"[9.406563886760875, 46.35029480991183, 17.217982433587952, 49.029157645814074]",CRS:84,ok,9.406563886760875,46.35029480991183,17.217982433587952,49.029157645814074
1171,https://data.inspire.gv.at/89e7d5e0-385f-40b2-9e42-fb3bb29e52a9,https://inspire.lfrz.gv.at/009501/wms?version=1.3.0&request=GetCapabilities,,,"{""id"": ""49205"", ""bbox"": [9.212353182968585, 46.08231048268711, 17.45260436230758, 49.298386740380934, ""CRS:84""], ""name"": ""inspire_schlaege_2021_point"", ""title"": ""inspire_schlaege_2021_point"", ""crs3857"": true, ""crs4326"": true, ""abstract"": ""Dieser Layer umfasst alle von den AntragstellerInnen erfassten Schlagnutzungen, welche als Grundlage der Förderabwicklung dienen. Ein Schlag ist eine zusammenhängende Fläche eines Feldstücks, die für eine Vegetationsperiode mit nur einer Kultur (Schlagnutzungsart) und einheitlicher Bewirtschaftungsauflage bzw. als ein Landschaftselementetyp gemäß Anlage 1 der Verordnung des zuständigen Bundesministeriums mit horizontalen Regeln für den Bereich der Gemeinsamen Agrarpolitik (Horizontale GAP-Verordnung) StF: BGBl. II Nr. 100/2015 bewirtschaftet oder aber lediglich in gutem landwirtschaftlichen und ökologischen Zustand gemäß Art. 94 der Verordnung (EU) Nr. 1306/2013 erhalten wird und im GIS als Polygon oder als Punkt digitalisiert ist."", ""keywords"": [""INVEKOS"", ""IACS"", ""LPIS""], ""layer_name"": ""inspire_schlaege_2021_point"", ""description"": ""INVEKOS Schläge 2021 (Point)"", ""service_type"": ""wms"", ""metadata_urls"": [""https://discovery.inspire.gv.at/at.lfrz.discoveryservices/srv/ger/csw?service=CSW&request=GetRecordById&version=2.0.2&outputSchema=http%3A%2F%2Fwww.isotc211.org%2F2005%2Fgmd&ElementSetName=full&id=89e7d5e0-385f-40b2-9e42-fb3bb29e52a9""]}",spatial-extractor,2026-06-21 18:46:10.052 +0300,"[9.212353182968585, 46.08231048268711, 17.45260436230758, 49.298386740380934]",CRS:84,ok,9.212353182968585,46.08231048268711,17.45260436230758,49.298386740380934
1175,https://data.inspire.gv.at/762116b3-ef95-479a-8a50-50e42da2092e,https://inspire.lfrz.gv.at/009501/wms?version=1.3.0&request=GetCapabilities,,,"{""id"": ""49227"", ""bbox"": [9.212353182968585, 46.08231048268711, 17.45260436230758, 49.298386740380934, ""CRS:84""], ""name"": ""inspire_feldstuecke_2020"", ""title"": ""inspire_feldstuecke_2020"", ""crs3857"": true, ""crs4326"": true, ""abstract"": ""Der Layer umfasst alle von den AntragstellerInnen erfassten Feldstücken, welche als Grundlage der Förderabwicklung dienen. Ein Feldstück ist eine im Bundesgebiet gelegene, eindeutig abgrenzbare Bewirtschaftungseinheit eines Betriebsinhabers mit nur einer Nutzungsart gemäß § 16 der Verordnung des zuständigen Bundesministeriums mit horizontalen Regeln für den Bereich der Gemeinsamen Agrarpolitik (Horizontale GAP-Verordnung) StF: BGBl. II Nr. 100/2015, die im Geographischen Informationssystem (GIS) als Polygon digitalisiert ist und aus Schlägen besteht."", ""keywords"": [""Bodennutzung"", ""Landwirtschaftliche Nutzung"", ""Nutzung der landwirtschaftlichen Fläche"", ""Flurstücke/Grundstücke (Katasterparzellen)""], ""layer_name"": ""inspire_feldstuecke_2020"", ""description"": ""INVEKOS Feldstücke 2020"", ""service_type"": ""wms"", ""metadata_urls"": [""https://discovery.inspire.gv.at/at.lfrz.discoveryservices/srv/ger/csw?service=CSW&request=GetRecordById&version=2.0.2&outputSchema=http%3A%2F%2Fwww.isotc211.org%2F2005%2Fgmd&ElementSetName=full&id=762116b3-ef95-479a-8a50-50e42da2092e""]}",spatial-extractor,2026-06-21 18:46:14.049 +0300,"[9.212353182968585, 46.08231048268711, 17.45260436230758, 49.298386740380934]",CRS:84,ok,9.212353182968585,46.08231048268711,17.45260436230758,49.298386740380934
1177,https://data.inspire.gv.at/ce83d9d5-9dd8-4094-bd3b-345cde487bc7,https://inspire.lfrz.gv.at/009501/wms?version=1.3.0&request=GetCapabilities,,,"{""id"": ""49237"", ""bbox"": [9.406430103965574, 46.35029167261794, 17.231844975890883, 49.02961337687206, ""CRS:84""], ""name"": ""inspire_referenzen_2025-1_point"", ""title"": ""inspire_referenzen_2025-1_point"", ""crs3857"": true, ""crs4326"": true, ""abstract"": ""Der Layer umfasst alle von der Zahlstelle Agrarmarkt Austria festgelegte Referenzparzellen und erfasste Landschaftselemente (Landschaftselementelayers) im Sinne des Art. 5 der Verordnung (EU) Nr. 640/2014 und Verordnung des zuständigen Bundesministeriums mit horizontalen Regeln für den Bereich der Gemeinsamen Agrarpolitik (Horizontale GAP-Verordnung) StF: BGBl. II Nr. 100/2015 Referenzparzelle: ist der physische Block, der als eindeutig nach außen abgrenzbar (zB Wald, Straßen, Gewässer) und durch in der Natur erkennbare, zusammenhängende landwirtschaftlich genutzte Flächen gebildet wird. Landschaftselementelayer: Layer mit den im GIS als Punkt oder Polygon gemäß den Definitionen laut Anlage 1 der Horizontale GAP-Verordnung digitalisierten Landschaftselementen, die sich auf Referenzflächen befinden, an eine solche unmittelbar angrenzen oder in einem Abstand von höchstens 5 m zu einer Referenzfläche liegen."", ""keywords"": [], ""layer_name"": ""inspire_referenzen_2025-1_point"", ""description"": ""inspire_referenzen_2025-1_point"", ""service_type"": ""wms"", ""metadata_urls"": [""https://discovery.inspire.gv.at/at.lfrz.discoveryservices/srv/ger/csw?service=CSW&request=GetRecordById&version=2.0.2&outputSchema=http%3A%2F%2Fwww.isotc211.org%2F2005%2Fgmd&ElementSetName=full&id=ce83d9d5-9dd8-4094-bd3b-345cde487bc7""]}",spatial-extractor,2026-06-21 18:46:15.520 +0300,"[9.406430103965574, 46.35029167261794, 17.231844975890883, 49.02961337687206]",CRS:84,ok,9.406430103965574,46.35029167261794,17.231844975890883,49.02961337687206
1178,https://data.inspire.gv.at/b2bd27c3-ccd9-4e5a-98ce-28deab1266f5,https://inspire.lfrz.gv.at/009501/wms?version=1.3.0&request=GetCapabilities,,,"{""id"": ""49257"", ""bbox"": [9.406563886760875, 46.35029480991183, 17.215557900587502, 49.029157393076325, ""CRS:84""], ""name"": ""inspire_schlaege_2025-1_point"", ""title"": ""inspire_schlaege_2025-1_point"", ""crs3857"": true, ""crs4326"": true, ""abstract"": ""Dieser Layer umfasst alle von den AntragstellerInnen erfassten Schlagnutzungen, welche als Grundlage der Förderabwicklung dienen. Ein Schlag ist eine zusammenhängende Fläche eines Feldstücks, die für eine Vegetationsperiode mit nur einer Kultur (Schlagnutzungsart) und einheitlicher Bewirtschaftungsauflage bzw. als ein Landschaftselementetyp gemäß Anlage 1 der Verordnung des zuständigen Bundesministeriums mit horizontalen Regeln für den Bereich der Gemeinsamen Agrarpolitik (Horizontale GAP-Verordnung) StF: BGBl. II Nr. 100/2015 bewirtschaftet oder aber lediglich in gutem landwirtschaftlichen und ökologischen Zustand gemäß Art. 94 der Verordnung (EU) Nr. 1306/2013 erhalten wird und im GIS als Polygon oder als Punkt digitalisiert ist."", ""keywords"": [], ""layer_name"": ""inspire_schlaege_2025-1_point"", ""description"": ""inspire_schlaege_2025-1_point"", ""service_type"": ""wms"", ""metadata_urls"": [""https://discovery.inspire.gv.at/at.lfrz.discoveryservices/srv/ger/csw?service=CSW&request=GetRecordById&version=2.0.2&outputSchema=http%3A%2F%2Fwww.isotc211.org%2F2005%2Fgmd&ElementSetName=full&id=b2bd27c3-ccd9-4e5a-98ce-28deab1266f5""]}",spatial-extractor,2026-06-21 18:46:16.033 +0300,"[9.406563886760875, 46.35029480991183, 17.215557900587502, 49.029157393076325]",CRS:84,ok,9.406563886760875,46.35029480991183,17.215557900587502,49.029157393076325
1181,https://data.inspire.gv.at/0095/b6134075-0fb5-4278-bbbd-2cf48a776d2d,https://inspire.lfrz.gv.at/009501/wms?version=1.3.0&request=GetCapabilities,,,"{""id"": ""49277"", ""bbox"": [9.212353182968585, 46.08231048268711, 17.45260436230758, 49.298386740380934, ""CRS:84""], ""name"": ""inspire_feldstuecke_2018"", ""title"": ""inspire_feldstuecke_2018"", ""crs3857"": true, ""crs4326"": true, ""abstract"": ""Der Layer umfasst alle von den AntragstellerInnen erfassten Feldstücken, welche als Grundlage der Förderabwicklung dienen. Ein Feldstück ist eine im Bundesgebiet gelegene, eindeutig abgrenzbare Bewirtschaftungseinheit eines Betriebsinhabers mit nur einer Nutzungsart gemäß § 16 der Verordnung des zuständigen Bundesministeriums mit horizontalen Regeln für den Bereich der Gemeinsamen Agrarpolitik (Horizontale GAP-Verordnung) StF: BGBl. II Nr. 100/2015, die im Geographischen Informationssystem (GIS) als Polygon digitalisiert ist und aus Schlägen besteht."", ""keywords"": [""Bodennutzung"", ""Flurstücke/Grundstücke (Katasterparzellen)"", ""Landwirtschaftliche Nutzung"", ""Nutzung der landwirtschaftlichen Fläche""], ""layer_name"": ""inspire_feldstuecke_2018"", ""description"": ""INVEKOS Feldstücke 2018"", ""service_type"": ""wms"", ""metadata_urls"": [""https://discovery.inspire.gv.at/at.lfrz.discoveryservices/srv/ger/csw?service=CSW&request=GetRecordById&version=2.0.2&outputSchema=http%3A%2F%2Fwww.isotc211.org%2F2005%2Fgmd&ElementSetName=full&id=b6134075-0fb5-4278-bbbd-2cf48a776d2d""]}",spatial-extractor,2026-06-21 18:46:18.523 +0300,"[9.212353182968585, 46.08231048268711, 17.45260436230758, 49.298386740380934]",CRS:84,ok,9.212353182968585,46.08231048268711,17.45260436230758,49.298386740380934
1204,3315c83b-cbf2-4941-902e-8962476d0a5f,https://gislocal.md/geoserver/apl/wms,,,"{""id"": ""56652"", ""bbox"": [28.744069421322177, 46.92025132873904, 28.973708566210952, 47.080166476678855, ""CRS:84""], ""name"": ""s0100_seismic_zones"", ""title"": ""Zone Seismice mun. Chișinău"", ""crs3857"": false, ""crs4326"": true, ""abstract"": null, ""keywords"": [""features"", ""s0100_seismic_zones""], ""layer_name"": ""s0100_seismic_zones"", ""description"": ""Zone Seismice mun. Chișinău"", ""service_type"": ""wms"", ""metadata_urls"": []}",spatial-extractor,2026-06-21 18:47:07.521 +0300,"[28.744069421322177, 46.92025132873904, 28.973708566210952, 47.080166476678855]",CRS:84,ok,28.744069421322177,46.92025132873904,28.973708566210952,47.080166476678855
1184,faee466f-27c1-44c9-bcb8-3c2bec8b1116,https://services.bgr.de/wms/boden/physgru1000/?,,,"{""id"": ""56440"", ""bbox"": [5.432722, 46.98339, 15.655428, 55.067148, ""EPSG:4326""], ""name"": ""0"", ""title"": ""PhysGru1000_250 Version 1.0"", ""crs3857"": true, ""crs4326"": true, ""abstract"": ""Die Karte der physiologischen Gründigkeit der Böden in Deutschland gibt einen Überblick über die Mächtigkeit des durchwurzelbaren Raumes unterhalb der Erdoberfläche in Dezimeter. Die physiologische Gründigkeit beschreibt die Durchwurzelbarkeit des Bodens. Sie wird durch festes Gestein, verfestigte Bänke und Horizonte sowie von anstehendem Grundwasser begrenzt. Die Karte basiert auf der Auswertung der nutzungsdifferenzierten Bodenübersichtskarte 1:1.000.000 (BUEK1000N) und zeigt den metrischen Wert der Gründigkeit in klassifizierter Form an. Die Methode ist aus der Bodenkundlichen Kartieranleitung (KA5) abgeleitet und im MethodenWIKI des FISBo BGR dokumentiert. Zur nutzungsabhängigen Differenzierung der Profildaten werden die Landnutzungsdaten aus CORINE Land Cover 2006 genutzt."", ""keywords"": [], ""layer_name"": ""0"", ""description"": ""Die Karte der physiologischen Gründigkeit der Böden in Deutschland gibt einen Überblick über die Mächtigkeit des durchwurzelbaren Raumes unterhalb der Erdoberfläche in Dezimeter. Die physiologische Gründigkeit beschreibt die Durchwurzelbarkeit des Bodens. Sie wird durch festes Gestein, verfestigte Bänke und Horizonte sowie von anstehendem Grundwasser begrenzt. Die Karte basiert auf der Auswertung der nutzungsdifferenzierten Bodenübersichtskarte 1:1.000.000 (BUEK1000N) und zeigt den metrischen Wert der Gründigkeit in klassifizierter Form an. Die Methode ist aus der Bodenkundlichen Kartieranleitung (KA5) abgeleitet und im MethodenWIKI des FISBo BGR dokumentiert. Zur nutzungsabhängigen Differenzierung der Profildaten werden die Landnutzungsdaten aus CORINE Land Cover 2006 genutzt."", ""service_type"": ""wms"", ""metadata_urls"": [""https://geoportal.bgr.de/smartfindersdi-csw/api?request=GetRecordById&service=CSW&version=2.0.2&outputSchema=http://www.isotc211.org/2005/gmd&elementSetName=full&id=faee466f-27c1-44c9-bcb8-3c2bec8b1116""]}",spatial-extractor,2026-06-21 18:46:21.245 +0300,"[5.432722, 46.98339, 15.655428, 55.067148]",EPSG:4326,ok,5.432722,46.98339,15.655428,55.067148
1192,r_piemon:19a03f12-06ad-4f24-bb2a-3d3fe7008d07,https://gisserver.territorio.csi.it/geoserver/decsiraogc_geo_pop_seme/wms?,,,"{""id"": ""56575"", ""bbox"": [6.602914325914654, 44.11171258195143, 9.223345948925926, 46.357733081429814, ""CRS:84""], ""name"": ""MappaPopolamentiSeme"", ""title"": ""Mappa Popolamenti da seme"", ""crs3857"": true, ""crs4326"": true, ""abstract"": null, ""keywords"": [""features"", ""decsira_geo_mappa_pop_seme""], ""layer_name"": ""MappaPopolamentiSeme"", ""description"": ""NULL"", ""service_type"": ""wms"", ""metadata_urls"": []}",spatial-extractor,2026-06-21 18:46:38.944 +0300,"[6.602914325914654, 44.11171258195143, 9.223345948925926, 46.357733081429814]",CRS:84,ok,6.602914325914654,44.11171258195143,9.223345948925926,46.357733081429814
1218,https://www.dov.vlaanderen.be/dataset/127c3b51-d606-47f8-8c35-df7301b35ca2,https://www.dov.vlaanderen.be/geoserver/organische_koolstof/wms?SERVICE=WMS&version=1.3.0&request=GetCapabilities,,,"{""id"": ""56723"", ""bbox"": [2.523964636359352, 49.48428532976214, 6.458202921273839, 51.51446381540252, ""CRS:84""], ""name"": ""carbon_40"", ""title"": ""Soil Organic Carbon Stock Maps for Belgium: mean (40 m grid)"", ""crs3857"": true, ""crs4326"": true, ""abstract"": ""The Belgian soil organic carbon (SOC) stock map for topsoils (0-30 cm) at the resolution of 40m x 40m was composed of 2 regional SOC stock maps. For the regional maps a different approach was used for agricultural land as compared to forest. The maps are based on digital soil mapping approaches using empirical models calibrated to predict the SOC stock and using covariates that are available at a sufficient resolution at the regional scale. All maps are strongly dependent on the Belgian Soil Map (texture and drainage parameters). The regional maps were compiled at a fine resolution (10m x 10m grid cells for Flanders and 40m x 40m grid cells for Wallonia). Next they were joined (40m x 40m grid cells). The regional maps for Flanders were scaled up tot the 40m x 40m grid of Wallonia.  \r\nGiven the different origin of the individual maps, the uncertainty varies between maps. For instance, a map of the 90% confidence interval of the SOC stocks was produced for agricultural soils in Wallonia based on a Monte Carlo Approach taking into account both the measurement and the model uncertainties. For Flemish forest soils, spatial and analytical uncertainties were taken into account using bootstrapping techniques. For Flemish agricultural soils, the uncertainty reported is the model uncertainty on point estimates for each data point, in which the estimated model parameters are simulated 1000 times as being independent normal distributed variables using their model estimation and standard error as distribution parameters. No additional uncertainty is taken into account for the conversion functions that use the stochastic variables \""bulk density\"". The metadata are available and allow assessing the uncertainties of the stock estimates in the different component maps.\r\nThe SOC stock map (resolution of 40m x 40m) is the first comprehensive map for Belgium integrating grasslands, croplands and forests. Based on this map another SOC stock map at a resolution of 1km x 1km in the coordinate reference system WGS84 was created."", ""keywords"": [""Bodem"", ""ondergrond"", ""landbouw"", ""koolstof"", ""totaal aan organische koolstof"", ""grasland"", ""akker"", ""bos"", ""bos"", ""Regionaal"", ""Herbruikbaar"", ""Kosteloos"", ""Vlaamse Open data"", ""Toegevoegd GDI-Vl"", ""Metadata GDI-Vl-conform"", ""Metadata INSPIRE-conform"", ""Lijst M&R INSPIRE"", ""DOV"", ""Vlaanderen"", ""Ondergrond"", ""Databank Ondergrond Vlaanderen"", ""Departement Omgeving"", ""Aardobservatie en milieu"", ""Bodem"", ""HVD"", ""DOV_EXPERTISE@Bodem""], ""layer_name"": ""carbon_40"", ""description"": ""WMS-capabilities Soil Organic Carbon Stock Maps for Belgium: mean (40 m grid)"", ""service_type"": ""wms"", ""metadata_urls"": [""https://www.dov.vlaanderen.be/geonetwork#/metadata/bf8c35ad-ab45-4084-b1e1-3042c66204aa"", ""https://www.dov.vlaanderen.be/geonetwork/srv/dut/csw?Service=CSW&Request=GetRecordById&Version=2.0.2&outputSchema=http://www.isotc211.org/2005/gmd&elementSetName=full&id=bf8c35ad-ab45-4084-b1e1-3042c66204aa""]}",spatial-extractor,2026-06-21 18:47:27.505 +0300,"[2.523964636359352, 49.48428532976214, 6.458202921273839, 51.51446381540252]",CRS:84,ok,2.523964636359352,49.48428532976214,6.458202921273839,51.51446381540252
1219,https://www.dov.vlaanderen.be/dataset/127c3b51-d606-47f8-8c35-df7301b35ca2,https://www.dov.vlaanderen.be/geoserver/organische_koolstof/wms?SERVICE=WMS&version=1.3.0&request=GetMap,,,"{""id"": ""56725"", ""bbox"": [2.523964636359352, 49.48428532976214, 6.458202921273839, 51.51446381540252, ""CRS:84""], ""name"": ""carbon_40"", ""title"": ""Soil Organic Carbon Stock Maps for Belgium: mean (40 m grid)"", ""crs3857"": true, ""crs4326"": true, ""abstract"": ""The Belgian soil organic carbon (SOC) stock map for topsoils (0-30 cm) at the resolution of 40m x 40m was composed of 2 regional SOC stock maps. For the regional maps a different approach was used for agricultural land as compared to forest. The maps are based on digital soil mapping approaches using empirical models calibrated to predict the SOC stock and using covariates that are available at a sufficient resolution at the regional scale. All maps are strongly dependent on the Belgian Soil Map (texture and drainage parameters). The regional maps were compiled at a fine resolution (10m x 10m grid cells for Flanders and 40m x 40m grid cells for Wallonia). Next they were joined (40m x 40m grid cells). The regional maps for Flanders were scaled up tot the 40m x 40m grid of Wallonia.  \r\nGiven the different origin of the individual maps, the uncertainty varies between maps. For instance, a map of the 90% confidence interval of the SOC stocks was produced for agricultural soils in Wallonia based on a Monte Carlo Approach taking into account both the measurement and the model uncertainties. For Flemish forest soils, spatial and analytical uncertainties were taken into account using bootstrapping techniques. For Flemish agricultural soils, the uncertainty reported is the model uncertainty on point estimates for each data point, in which the estimated model parameters are simulated 1000 times as being independent normal distributed variables using their model estimation and standard error as distribution parameters. No additional uncertainty is taken into account for the conversion functions that use the stochastic variables \""bulk density\"". The metadata are available and allow assessing the uncertainties of the stock estimates in the different component maps.\r\nThe SOC stock map (resolution of 40m x 40m) is the first comprehensive map for Belgium integrating grasslands, croplands and forests. Based on this map another SOC stock map at a resolution of 1km x 1km in the coordinate reference system WGS84 was created."", ""keywords"": [""Bodem"", ""ondergrond"", ""landbouw"", ""koolstof"", ""totaal aan organische koolstof"", ""grasland"", ""akker"", ""bos"", ""bos"", ""Regionaal"", ""Herbruikbaar"", ""Kosteloos"", ""Vlaamse Open data"", ""Toegevoegd GDI-Vl"", ""Metadata GDI-Vl-conform"", ""Metadata INSPIRE-conform"", ""Lijst M&R INSPIRE"", ""DOV"", ""Vlaanderen"", ""Ondergrond"", ""Databank Ondergrond Vlaanderen"", ""Departement Omgeving"", ""Aardobservatie en milieu"", ""Bodem"", ""HVD"", ""DOV_EXPERTISE@Bodem""], ""layer_name"": ""carbon_40"", ""description"": ""WMS-map Soil Organic Carbon Stock Maps for Belgium: mean (40 m grid)"", ""service_type"": ""wms"", ""metadata_urls"": [""https://www.dov.vlaanderen.be/geonetwork#/metadata/bf8c35ad-ab45-4084-b1e1-3042c66204aa"", ""https://www.dov.vlaanderen.be/geonetwork/srv/dut/csw?Service=CSW&Request=GetRecordById&Version=2.0.2&outputSchema=http://www.isotc211.org/2005/gmd&elementSetName=full&id=bf8c35ad-ab45-4084-b1e1-3042c66204aa""]}",spatial-extractor,2026-06-21 18:47:28.540 +0300,"[2.523964636359352, 49.48428532976214, 6.458202921273839, 51.51446381540252]",CRS:84,ok,2.523964636359352,49.48428532976214,6.458202921273839,51.51446381540252
1211,3ef63e0d-591a-4047-a2c4-339546ed2bd7,https://inspire.lfrz.gv.at/000604/wms?version=1.3.0&request=GetCapabilities,,,"{""id"": ""56697"", ""bbox"": [9.513914191140248, 46.30048140381362, 17.28852676698014, 49.129908596103235, ""CRS:84""], ""name"": ""Agricultural Soil Map of Austria - Soil characteristic Humus Form"", ""title"": ""Agricultural Soil Map of Austria - Soil characteristic Humus Form"", ""crs3857"": true, ""crs4326"": true, ""abstract"": ""Bodeneigenschaft Humusform"", ""keywords"": [], ""layer_name"": ""Agricultural Soil Map of Austria - Soil characteristic Humus Form"", ""description"": ""Agricultural Soil Map of Austria - Soil characteristic Humus Form"", ""service_type"": ""wms"", ""metadata_urls"": [""https://discovery.inspire.gv.at/at.lfrz.discoveryservices/srv/ger/csw?service=CSW&request=GetRecordById&version=2.0.2&outputSchema=http://www.isotc211.org/2005/gmd&ElementSetName=full&id=3ef63e0d-591a-4047-a2c4-339546ed2bd7""]}",spatial-extractor,2026-06-21 18:47:21.789 +0300,"[9.513914191140248, 46.30048140381362, 17.28852676698014, 49.129908596103235]",CRS:84,ok,9.513914191140248,46.30048140381362,17.28852676698014,49.129908596103235
1216,9eb263f1-2fa8-4647-9ff9-295b332e93cc,https://inspire.lfrz.gv.at/000604/wms?version=1.3.0&request=GetCapabilities,,,"{""id"": ""56718"", ""bbox"": [9.513914191140248, 46.30048140381362, 17.28852676698014, 49.129908596103235, ""CRS:84""], ""name"": ""Agricultural Soil Map of Austria - Soil characteristic Soil Depth"", ""title"": ""Agricultural Soil Map of Austria - Soil characteristic Soil Depth"", ""crs3857"": true, ""crs4326"": true, ""abstract"": ""Bodeneigenschaft Gruendigkeit"", ""keywords"": [""BFW"", ""Soil"", ""Boden"", ""Bodeneigenschaft"", ""Gründigkeit"", ""Soil Depth"", ""Soil characteristic""], ""layer_name"": ""Agricultural Soil Map of Austria - Soil characteristic Soil Depth"", ""description"": ""Agricultural Soil Map of Austria - Soil characteristic Soil Depth"", ""service_type"": ""wms"", ""metadata_urls"": [""https://discovery.inspire.gv.at/at.lfrz.discoveryservices/srv/ger/csw?service=CSW&request=GetRecordById&version=2.0.2&outputSchema=http://www.isotc211.org/2005/gmd&ElementSetName=full&id=9eb263f1-2fa8-4647-9ff9-295b332e93cc""]}",spatial-extractor,2026-06-21 18:47:26.062 +0300,"[9.513914191140248, 46.30048140381362, 17.28852676698014, 49.129908596103235]",CRS:84,ok,9.513914191140248,46.30048140381362,17.28852676698014,49.129908596103235
1232,https://www.dov.vlaanderen.be/dataset/80b78280-2182-4031-ad24-2b717f110ef5,https://www.dov.vlaanderen.be/geoserver/organische_koolstof/wms?SERVICE=WMS&version=1.3.0&request=GetCapabilities,,,"{""id"": ""56843"", ""bbox"": [2.53862, 49.48526, 6.40387, 51.50544, ""CRS:84""], ""name"": ""carbon_1000"", ""title"": ""Soil Organic Carbon Stock Maps for Belgium: mean (1 km grid)"", ""crs3857"": true, ""crs4326"": true, ""abstract"": ""The Belgian soil organic carbon (SOC) stock map for topsoils (0-30 cm) was composed of 2 regional SOC stock maps. For the regional maps a different approach was used for agricultural land as compared to forest. The maps are based on digital soil mapping approaches using empirical models calibrated to predict the SOC stock and using covariates that are available at a sufficient resolution at the regional scale. All maps are strongly dependent on the Belgian Soil Map (texture and drainage parameters). The regional maps were compiled at a finer resolution (10m x 10m and 40m x 40m grid cells). Next they were joined (40m x 40m grid cells) and finally scaled up to the required 1 by 1 km grid cells. This was done using the following tools: block statistics (mean), mosaic to new raster (mean), project to raster, block statistics (mean), resample (nearest neighbour) and project raster.\r\nGiven the different origin of the individual maps, the uncertainty varies between maps. For instance, a map of the 90% confidence interval of the SOC stocks was produced for agricultural soils in Wallonia based on a Monte Carlo Approach taking into account both the measurement and the model uncertainties. For Flemish forest soils, spatial and analytical uncertainties were taken into account using bootstrapping techniques. For Flemish agricultural soils, the uncertainty reported is the model uncertainty on point estimates for each data point, in which the estimated model parameters are simulated 1000 times as being independent normal distributed variables using their model estimation and standard error as distribution parameters. No additional uncertainty is taken into account for the conversion functions that use the stochastic variables \""bulk density\"".\r\nThe SOC stock maps are the first comprehensive map for Belgium integrating grasslands, croplands and forests. There are two versions of the SOC stock maps for Belgium: 1) resolution of 40m x 40m in the coordinate reference system Lambert72 and 2) resolution of 1km x 1km in the coordinate reference system WGS84. The metadata are available and allow assessing the uncertainties of the stock estimates in the different component maps."", ""keywords"": [""Bodem"", ""ondergrond"", ""landbouw"", ""koolstof"", ""totaal aan organische koolstof"", ""grasland"", ""akker"", ""bos"", ""bos"", ""Regionaal"", ""Herbruikbaar"", ""Kosteloos"", ""Vlaamse Open data"", ""Toegevoegd GDI-Vl"", ""Metadata GDI-Vl-conform"", ""Metadata INSPIRE-conform"", ""Lijst M&R INSPIRE"", ""DOV"", ""Vlaanderen"", ""Ondergrond"", ""Databank Ondergrond Vlaanderen"", ""Departement Omgeving"", ""Aardobservatie en milieu"", ""Bodem"", ""HVD""], ""layer_name"": ""carbon_1000"", ""description"": ""WMS-capabilities Soil Organic Carbon Stock Maps for Belgium: mean (1 km grid)"", ""service_type"": ""wms"", ""metadata_urls"": [""https://www.dov.vlaanderen.be/geonetwork#/metadata/37aaa10d-50bd-431e-b924-209c2e88b9d7"", ""https://www.dov.vlaanderen.be/geonetwork/srv/dut/csw?Service=CSW&Request=GetRecordById&Version=2.0.2&outputSchema=http://www.isotc211.org/2005/gmd&elementSetName=full&id=37aaa10d-50bd-431e-b924-209c2e88b9d7""]}",spatial-extractor,2026-06-21 18:47:50.828 +0300,"[2.53862, 49.48526, 6.40387, 51.50544]",CRS:84,ok,2.53862,49.48526,6.40387,51.50544
1233,https://www.dov.vlaanderen.be/dataset/80b78280-2182-4031-ad24-2b717f110ef5,https://www.dov.vlaanderen.be/geoserver/organische_koolstof/wms?SERVICE=WMS&version=1.3.0&request=GetMap,,,"{""id"": ""56845"", ""bbox"": [2.53862, 49.48526, 6.40387, 51.50544, ""CRS:84""], ""name"": ""carbon_1000"", ""title"": ""Soil Organic Carbon Stock Maps for Belgium: mean (1 km grid)"", ""crs3857"": true, ""crs4326"": true, ""abstract"": ""The Belgian soil organic carbon (SOC) stock map for topsoils (0-30 cm) was composed of 2 regional SOC stock maps. For the regional maps a different approach was used for agricultural land as compared to forest. The maps are based on digital soil mapping approaches using empirical models calibrated to predict the SOC stock and using covariates that are available at a sufficient resolution at the regional scale. All maps are strongly dependent on the Belgian Soil Map (texture and drainage parameters). The regional maps were compiled at a finer resolution (10m x 10m and 40m x 40m grid cells). Next they were joined (40m x 40m grid cells) and finally scaled up to the required 1 by 1 km grid cells. This was done using the following tools: block statistics (mean), mosaic to new raster (mean), project to raster, block statistics (mean), resample (nearest neighbour) and project raster.\r\nGiven the different origin of the individual maps, the uncertainty varies between maps. For instance, a map of the 90% confidence interval of the SOC stocks was produced for agricultural soils in Wallonia based on a Monte Carlo Approach taking into account both the measurement and the model uncertainties. For Flemish forest soils, spatial and analytical uncertainties were taken into account using bootstrapping techniques. For Flemish agricultural soils, the uncertainty reported is the model uncertainty on point estimates for each data point, in which the estimated model parameters are simulated 1000 times as being independent normal distributed variables using their model estimation and standard error as distribution parameters. No additional uncertainty is taken into account for the conversion functions that use the stochastic variables \""bulk density\"".\r\nThe SOC stock maps are the first comprehensive map for Belgium integrating grasslands, croplands and forests. There are two versions of the SOC stock maps for Belgium: 1) resolution of 40m x 40m in the coordinate reference system Lambert72 and 2) resolution of 1km x 1km in the coordinate reference system WGS84. The metadata are available and allow assessing the uncertainties of the stock estimates in the different component maps."", ""keywords"": [""Bodem"", ""ondergrond"", ""landbouw"", ""koolstof"", ""totaal aan organische koolstof"", ""grasland"", ""akker"", ""bos"", ""bos"", ""Regionaal"", ""Herbruikbaar"", ""Kosteloos"", ""Vlaamse Open data"", ""Toegevoegd GDI-Vl"", ""Metadata GDI-Vl-conform"", ""Metadata INSPIRE-conform"", ""Lijst M&R INSPIRE"", ""DOV"", ""Vlaanderen"", ""Ondergrond"", ""Databank Ondergrond Vlaanderen"", ""Departement Omgeving"", ""Aardobservatie en milieu"", ""Bodem"", ""HVD""], ""layer_name"": ""carbon_1000"", ""description"": ""WMS-map Soil Organic Carbon Stock Maps for Belgium: mean (1 km grid)"", ""service_type"": ""wms"", ""metadata_urls"": [""https://www.dov.vlaanderen.be/geonetwork#/metadata/37aaa10d-50bd-431e-b924-209c2e88b9d7"", ""https://www.dov.vlaanderen.be/geonetwork/srv/dut/csw?Service=CSW&Request=GetRecordById&Version=2.0.2&outputSchema=http://www.isotc211.org/2005/gmd&elementSetName=full&id=37aaa10d-50bd-431e-b924-209c2e88b9d7""]}",spatial-extractor,2026-06-21 18:47:51.561 +0300,"[2.53862, 49.48526, 6.40387, 51.50544]",CRS:84,ok,2.53862,49.48526,6.40387,51.50544
1234,https://www.dov.vlaanderen.be/dataset/80b78280-2182-4031-ad24-2b717f110ef5,https://www.dov.vlaanderen.be/geoserver/organische_koolstof/wms?,,,"{""id"": ""56846"", ""bbox"": [2.53862, 49.48526, 6.40387, 51.50544, ""CRS:84""], ""name"": ""carbon_1000"", ""title"": ""Soil Organic Carbon Stock Maps for Belgium: mean (1 km grid)"", ""crs3857"": true, ""crs4326"": true, ""abstract"": ""The Belgian soil organic carbon (SOC) stock map for topsoils (0-30 cm) was composed of 2 regional SOC stock maps. For the regional maps a different approach was used for agricultural land as compared to forest. The maps are based on digital soil mapping approaches using empirical models calibrated to predict the SOC stock and using covariates that are available at a sufficient resolution at the regional scale. All maps are strongly dependent on the Belgian Soil Map (texture and drainage parameters). The regional maps were compiled at a finer resolution (10m x 10m and 40m x 40m grid cells). Next they were joined (40m x 40m grid cells) and finally scaled up to the required 1 by 1 km grid cells. This was done using the following tools: block statistics (mean), mosaic to new raster (mean), project to raster, block statistics (mean), resample (nearest neighbour) and project raster.\r\nGiven the different origin of the individual maps, the uncertainty varies between maps. For instance, a map of the 90% confidence interval of the SOC stocks was produced for agricultural soils in Wallonia based on a Monte Carlo Approach taking into account both the measurement and the model uncertainties. For Flemish forest soils, spatial and analytical uncertainties were taken into account using bootstrapping techniques. For Flemish agricultural soils, the uncertainty reported is the model uncertainty on point estimates for each data point, in which the estimated model parameters are simulated 1000 times as being independent normal distributed variables using their model estimation and standard error as distribution parameters. No additional uncertainty is taken into account for the conversion functions that use the stochastic variables \""bulk density\"".\r\nThe SOC stock maps are the first comprehensive map for Belgium integrating grasslands, croplands and forests. There are two versions of the SOC stock maps for Belgium: 1) resolution of 40m x 40m in the coordinate reference system Lambert72 and 2) resolution of 1km x 1km in the coordinate reference system WGS84. The metadata are available and allow assessing the uncertainties of the stock estimates in the different component maps."", ""keywords"": [""Bodem"", ""ondergrond"", ""landbouw"", ""koolstof"", ""totaal aan organische koolstof"", ""grasland"", ""akker"", ""bos"", ""bos"", ""Regionaal"", ""Herbruikbaar"", ""Kosteloos"", ""Vlaamse Open data"", ""Toegevoegd GDI-Vl"", ""Metadata GDI-Vl-conform"", ""Metadata INSPIRE-conform"", ""Lijst M&R INSPIRE"", ""DOV"", ""Vlaanderen"", ""Ondergrond"", ""Databank Ondergrond Vlaanderen"", ""Departement Omgeving"", ""Aardobservatie en milieu"", ""Bodem"", ""HVD""], ""layer_name"": ""carbon_1000"", ""description"": ""WMS-endpoint Soil Organic Carbon Stock Maps for Belgium: mean (1 km grid)"", ""service_type"": ""wms"", ""metadata_urls"": [""https://www.dov.vlaanderen.be/geonetwork#/metadata/37aaa10d-50bd-431e-b924-209c2e88b9d7"", ""https://www.dov.vlaanderen.be/geonetwork/srv/dut/csw?Service=CSW&Request=GetRecordById&Version=2.0.2&outputSchema=http://www.isotc211.org/2005/gmd&elementSetName=full&id=37aaa10d-50bd-431e-b924-209c2e88b9d7""]}",spatial-extractor,2026-06-21 18:47:53.148 +0300,"[2.53862, 49.48526, 6.40387, 51.50544]",CRS:84,ok,2.53862,49.48526,6.40387,51.50544
1239,7f2a17d7-0aed-4f30-9805-eca33234df05,https://inspire.lfrz.gv.at/000604/wms?version=1.3.0&request=GetCapabilities,,,"{""id"": ""56886"", ""bbox"": [9.513914191140248, 46.30048140381362, 17.28852676698014, 49.129908596103235, ""CRS:84""], ""name"": ""Agricultural Soil Map of Austria - Soil characteristic Water Conditions"", ""title"": ""Agricultural Soil Map of Austria - Soil characteristic Water Conditions"", ""crs3857"": true, ""crs4326"": true, ""abstract"": ""Bodeneigenschaft Wasserverhaeltnisse"", ""keywords"": [""Boden"", ""Bodeneigenschaft"", ""Soil"", ""Soil characteristic""], ""layer_name"": ""Agricultural Soil Map of Austria - Soil characteristic Water Conditions"", ""description"": ""Agricultural Soil Map of Austria - Soil characteristic Water Conditions"", ""service_type"": ""wms"", ""metadata_urls"": [""https://discovery.inspire.gv.at/at.lfrz.discoveryservices/srv/ger/csw?service=CSW&request=GetRecordById&version=2.0.2&outputSchema=http://www.isotc211.org/2005/gmd&ElementSetName=full&id=7f2a17d7-0aed-4f30-9805-eca33234df05""]}",spatial-extractor,2026-06-21 18:48:01.190 +0300,"[9.513914191140248, 46.30048140381362, 17.28852676698014, 49.129908596103235]",CRS:84,ok,9.513914191140248,46.30048140381362,17.28852676698014,49.129908596103235
1242,https://www.dov.vlaanderen.be/dataset/a8e9cd7a-42ad-4330-983a-6f185194bfed,https://www.dov.vlaanderen.be/geoserver-inspire/soilbody/wms?SERVICE=WMS&version=1.3.0&request=GetCapabilities,,,"{""id"": ""56901"", ""bbox"": [2.545426845550537, 50.68752670288086, 5.911116600036621, 51.505165100097656, ""CRS:84""], ""name"": ""SoilBody"", ""title"": ""INSPIRE geharmoniseerd - WRB Soil Units 40k Vlaanderen"", ""crs3857"": true, ""crs4326"": true, ""abstract"": ""Op basis van de resultaten van een intensieve bodemkartering gedurende de jaren ’50 tot ’70 werd de Belgische bodemkaart opgesteld. Deze Belgische bodemkaart steunt op het Belgische bodemclassificatiesysteem. Het is een nationaal systeem dat uitsluitend voor de Belgische bodems werd opgesteld. Voor het Vlaamse Gewest werd deze bodemkaart daarom omgezet naar WRB-2014, de 3de editie van het internationaal bodemclassificatiesysteem World Reference Base. Het veld ‘Soil Unit’ geeft de standaard bodemnaam volgens WRB. Door het gebruik van ‘Reference Soil Groups' (gekleurde vlakken) en ‘Principal Qualifiers’ (bruin omlijnde polygonen met labels) kan de belangrijkste informatie uit de bodemkaart van België vertaald worden naar het WRB-systeem. Informatie over textuur, drainage, bodemmorfologie en chemische bodemvruchtbaarheid is weerhouden in 4 groepen van Supplementary Qualifiers. Het veld ‘Belgisch bodemtype’ is overgenomen van de oorspronkelijk bodemkaart. De vertaling werd gedaan per bodemdistrict aangegeven in het veld ‘Belgisch_bodemdistrict’."", ""keywords"": [""Bodem"", ""ondergrond"", ""Regionaal"", ""Herbruikbaar"", ""Kosteloos"", ""Vlaamse Open data"", ""Toegevoegd GDI-Vl"", ""Metadata GDI-Vl-conform"", ""Metadata INSPIRE-conform"", ""Lijst M&R INSPIRE"", ""DOV"", ""Vlaanderen"", ""Ondergrond"", ""Databank Ondergrond Vlaanderen"", ""Departement Omgeving"", ""Reference Soil Group"", ""Principal Qualifiers"", ""Aardobservatie en milieu"", ""Bodem"", ""HVD""], ""layer_name"": ""SoilBody"", ""description"": ""WMS-capabilities INSPIRE geharmoniseerd - WRB Soil Units 40k Vlaanderen"", ""service_type"": ""wms"", ""metadata_urls"": [""https://www.dov.vlaanderen.be/geonetwork#/metadata/23234dff-a8a9-4d70-a44e-f065454d38f0"", ""https://www.dov.vlaanderen.be/geonetwork/srv/dut/csw?Service=CSW&Request=GetRecordById&Version=2.0.2&outputSchema=http://www.isotc211.org/2005/gmd&elementSetName=full&id=23234dff-a8a9-4d70-a44e-f065454d38f0""]}",spatial-extractor,2026-06-21 18:48:05.958 +0300,"[2.545426845550537, 50.68752670288086, 5.911116600036621, 51.505165100097656]",CRS:84,ok,2.545426845550537,50.68752670288086,5.911116600036621,51.505165100097656
1243,https://www.dov.vlaanderen.be/dataset/a8e9cd7a-42ad-4330-983a-6f185194bfed,https://www.dov.vlaanderen.be/geoserver-inspire/soilbody/wms?SERVICE=WMS&version=1.3.0&request=GetMap,,,"{""id"": ""56903"", ""bbox"": [2.545426845550537, 50.68752670288086, 5.911116600036621, 51.505165100097656, ""CRS:84""], ""name"": ""SoilBody"", ""title"": ""INSPIRE geharmoniseerd - WRB Soil Units 40k Vlaanderen"", ""crs3857"": true, ""crs4326"": true, ""abstract"": ""Op basis van de resultaten van een intensieve bodemkartering gedurende de jaren ’50 tot ’70 werd de Belgische bodemkaart opgesteld. Deze Belgische bodemkaart steunt op het Belgische bodemclassificatiesysteem. Het is een nationaal systeem dat uitsluitend voor de Belgische bodems werd opgesteld. Voor het Vlaamse Gewest werd deze bodemkaart daarom omgezet naar WRB-2014, de 3de editie van het internationaal bodemclassificatiesysteem World Reference Base. Het veld ‘Soil Unit’ geeft de standaard bodemnaam volgens WRB. Door het gebruik van ‘Reference Soil Groups' (gekleurde vlakken) en ‘Principal Qualifiers’ (bruin omlijnde polygonen met labels) kan de belangrijkste informatie uit de bodemkaart van België vertaald worden naar het WRB-systeem. Informatie over textuur, drainage, bodemmorfologie en chemische bodemvruchtbaarheid is weerhouden in 4 groepen van Supplementary Qualifiers. Het veld ‘Belgisch bodemtype’ is overgenomen van de oorspronkelijk bodemkaart. De vertaling werd gedaan per bodemdistrict aangegeven in het veld ‘Belgisch_bodemdistrict’."", ""keywords"": [""Bodem"", ""ondergrond"", ""Regionaal"", ""Herbruikbaar"", ""Kosteloos"", ""Vlaamse Open data"", ""Toegevoegd GDI-Vl"", ""Metadata GDI-Vl-conform"", ""Metadata INSPIRE-conform"", ""Lijst M&R INSPIRE"", ""DOV"", ""Vlaanderen"", ""Ondergrond"", ""Databank Ondergrond Vlaanderen"", ""Departement Omgeving"", ""Reference Soil Group"", ""Principal Qualifiers"", ""Aardobservatie en milieu"", ""Bodem"", ""HVD""], ""layer_name"": ""SoilBody"", ""description"": ""WMS-map INSPIRE geharmoniseerd - WRB Soil Units 40k Vlaanderen"", ""service_type"": ""wms"", ""metadata_urls"": [""https://www.dov.vlaanderen.be/geonetwork#/metadata/23234dff-a8a9-4d70-a44e-f065454d38f0"", ""https://www.dov.vlaanderen.be/geonetwork/srv/dut/csw?Service=CSW&Request=GetRecordById&Version=2.0.2&outputSchema=http://www.isotc211.org/2005/gmd&elementSetName=full&id=23234dff-a8a9-4d70-a44e-f065454d38f0""]}",spatial-extractor,2026-06-21 18:48:06.681 +0300,"[2.545426845550537, 50.68752670288086, 5.911116600036621, 51.505165100097656]",CRS:84,ok,2.545426845550537,50.68752670288086,5.911116600036621,51.505165100097656
1244,https://www.dov.vlaanderen.be/dataset/a8e9cd7a-42ad-4330-983a-6f185194bfed,https://www.dov.vlaanderen.be/geoserver-inspire/soilbody/wms?,,,"{""id"": ""56904"", ""bbox"": [2.545426845550537, 50.68752670288086, 5.911116600036621, 51.505165100097656, ""CRS:84""], ""name"": ""SoilBody"", ""title"": ""INSPIRE geharmoniseerd - WRB Soil Units 40k Vlaanderen"", ""crs3857"": true, ""crs4326"": true, ""abstract"": ""Op basis van de resultaten van een intensieve bodemkartering gedurende de jaren ’50 tot ’70 werd de Belgische bodemkaart opgesteld. Deze Belgische bodemkaart steunt op het Belgische bodemclassificatiesysteem. Het is een nationaal systeem dat uitsluitend voor de Belgische bodems werd opgesteld. Voor het Vlaamse Gewest werd deze bodemkaart daarom omgezet naar WRB-2014, de 3de editie van het internationaal bodemclassificatiesysteem World Reference Base. Het veld ‘Soil Unit’ geeft de standaard bodemnaam volgens WRB. Door het gebruik van ‘Reference Soil Groups' (gekleurde vlakken) en ‘Principal Qualifiers’ (bruin omlijnde polygonen met labels) kan de belangrijkste informatie uit de bodemkaart van België vertaald worden naar het WRB-systeem. Informatie over textuur, drainage, bodemmorfologie en chemische bodemvruchtbaarheid is weerhouden in 4 groepen van Supplementary Qualifiers. Het veld ‘Belgisch bodemtype’ is overgenomen van de oorspronkelijk bodemkaart. De vertaling werd gedaan per bodemdistrict aangegeven in het veld ‘Belgisch_bodemdistrict’."", ""keywords"": [""Bodem"", ""ondergrond"", ""Regionaal"", ""Herbruikbaar"", ""Kosteloos"", ""Vlaamse Open data"", ""Toegevoegd GDI-Vl"", ""Metadata GDI-Vl-conform"", ""Metadata INSPIRE-conform"", ""Lijst M&R INSPIRE"", ""DOV"", ""Vlaanderen"", ""Ondergrond"", ""Databank Ondergrond Vlaanderen"", ""Departement Omgeving"", ""Reference Soil Group"", ""Principal Qualifiers"", ""Aardobservatie en milieu"", ""Bodem"", ""HVD""], ""layer_name"": ""SoilBody"", ""description"": ""WMS-endpoint INSPIRE geharmoniseerd - WRB Soil Units 40k Vlaanderen"", ""service_type"": ""wms"", ""metadata_urls"": [""https://www.dov.vlaanderen.be/geonetwork#/metadata/23234dff-a8a9-4d70-a44e-f065454d38f0"", ""https://www.dov.vlaanderen.be/geonetwork/srv/dut/csw?Service=CSW&Request=GetRecordById&Version=2.0.2&outputSchema=http://www.isotc211.org/2005/gmd&elementSetName=full&id=23234dff-a8a9-4d70-a44e-f065454d38f0""]}",spatial-extractor,2026-06-21 18:48:08.335 +0300,"[2.545426845550537, 50.68752670288086, 5.911116600036621, 51.505165100097656]",CRS:84,ok,2.545426845550537,50.68752670288086,5.911116600036621,51.505165100097656
1313,955d50d9-6d7d-45f5-b027-88ce00e0ce98,"https://geo.api.vlaanderen.be/ALV/wms?SERVICE=WMS&REQUEST=GetMap&FORMAT=image/png&TRANSPARENT=TRUE&STYLES=default&VERSION=1.3.0&LAYERS=LbGebrPerc2023&WIDTH=2048&HEIGHT=721&CRS=EPSG:3857&BBOX=458534.445757238,6634055.556412904,481465.554242762,6640944.443587096",,,"{""id"": ""57460"", ""bbox"": [2.5285590957857376, 49.484441286393235, 6.457602714635808, 51.505491548376874], ""name"": ""LbGebrPerc2023"", ""title"": ""Landbouwgebruikspercelen LV, 2023"", ""crs3857"": true, ""crs4326"": true, ""abstract"": ""Overzicht van de percelen die in landbouwgebruik zijn op de uiterste indieningsdatum van de verzamelaanvraag van 2023. De inventaris omvat ondermeer ook poelen, houtkanten en landbouwproductiefaciliteiten (erven met stallen en gebouwen)."", ""keywords"": [""land parcel identification system"", ""landbouw"", ""landbouwproductiefaciliteiten""], ""layer_name"": ""LbGebrPerc2023"", ""description"": ""Landbouwgebruikspercelen LV, 2023"", ""service_type"": ""wms"", ""metadata_urls"": [""https://metadata.vlaanderen.be/srv/dut/catalog.search#/metadata/a778c84d-b30d-47bd-8d9e-cac96180095a"", ""https://metadata.vlaanderen.be/srv/dut/csw?request=GetRecordById&service=CSW&constraintLanguage=CQL_TEXT&version=2.0.2&resultType=results&ElementSetName=full&typenames=csw:Record&id=a778c84d-b30d-47bd-8d9e-cac96180095a&OUTPUTSCHEMA=http://www.isotc211.org/2005/gmd""]}",spatial-extractor,2026-06-21 18:56:55.907 +0300,"[2.5285590957857376, 49.484441286393235, 6.457602714635808, 51.505491548376874]",,ok,2.5285590957857376,49.484441286393235,6.457602714635808,51.505491548376874
1277,https://data.inspire.gv.at/542cfb9d-9fad-4164-a1f5-2c32e7c564f2,https://inspire.lfrz.gv.at/009501/wms?request=GetCapabilities&version=1.3.0,,,"{""id"": ""57142"", ""bbox"": [9.212353182968585, 46.08231048268711, 17.45260436230758, 49.298386740380934, ""CRS:84""], ""name"": ""inspire_hofstellen_2020"", ""title"": ""inspire_hofstellen_2020"", ""crs3857"": true, ""crs4326"": true, ""abstract"": ""Dieser Layer umfasst die Wirtschaftsgebäude der AntragstellerInnen, welche im Zuge der Förderabwicklung herangezogen werden. Unter Hofstelle ist das Wirtschaftsgebäude des Hauptbetriebes zu verstehen."", ""keywords"": [""Gebäude"", ""Bauernhof"", ""Landwirtschaft"", ""Landwirtschaftliche Anlagen"", ""Landwirtschaftliches Unternehmen""], ""layer_name"": ""inspire_hofstellen_2020"", ""description"": ""INVEKOS Hofstellen 2020"", ""service_type"": ""wms"", ""metadata_urls"": [""https://discovery.inspire.gv.at/at.lfrz.discoveryservices/srv/ger/csw?service=CSW&request=GetRecordById&version=2.0.2&outputSchema=http%3A%2F%2Fwww.isotc211.org%2F2005%2Fgmd&ElementSetName=full&id=542cfb9d-9fad-4164-a1f5-2c32e7c564f2""]}",spatial-extractor,2026-06-21 18:56:06.077 +0300,"[9.212353182968585, 46.08231048268711, 17.45260436230758, 49.298386740380934]",CRS:84,ok,9.212353182968585,46.08231048268711,17.45260436230758,49.298386740380934
1278,https://data.inspire.gv.at/0095/8b3ae28f-bf2f-4647-9d38-76f448124b89,https://inspire.lfrz.gv.at/009501/wms?request=GetCapabilities&version=1.3.0,,,"{""id"": ""57160"", ""bbox"": [9.212353182968585, 46.08231048268711, 17.45260436230758, 49.298386740380934, ""CRS:84""], ""name"": ""inspire_hofstellen_2017"", ""title"": ""inspire_hofstellen_2017"", ""crs3857"": true, ""crs4326"": true, ""abstract"": ""Dieser Layer umfasst die Wirtschaftsgebäude der AntragstellerInnen, welche im Zuge der Förderabwicklung herangezogen werden. Unter Hofstelle ist das Wirtschaftsgebäude des Hauptbetriebes zu verstehen."", ""keywords"": [""Gebäude"", ""Bauernhof"", ""Landwirtschaft"", ""Landwirtschaftliche Anlagen"", ""Landwirtschaftliches Unternehmen""], ""layer_name"": ""inspire_hofstellen_2017"", ""description"": ""INVEKOS Hofstellen 2017"", ""service_type"": ""wms"", ""metadata_urls"": [""https://discovery.inspire.gv.at/at.lfrz.discoveryservices/srv/ger/csw?service=CSW&request=GetRecordById&version=2.0.2&outputSchema=http%3A%2F%2Fwww.isotc211.org%2F2005%2Fgmd&ElementSetName=full&id=8b3ae28f-bf2f-4647-9d38-76f448124b89""]}",spatial-extractor,2026-06-21 18:56:06.565 +0300,"[9.212353182968585, 46.08231048268711, 17.45260436230758, 49.298386740380934]",CRS:84,ok,9.212353182968585,46.08231048268711,17.45260436230758,49.298386740380934
1279,https://data.inspire.gv.at/0095/1a9a1ebc-73ad-4faf-8611-73a755d3735c,https://inspire.lfrz.gv.at/009501/wms?version=1.3.0&request=GetCapabilities,,,"{""id"": ""57168"", ""bbox"": [9.212353182968585, 46.08231048268711, 17.45260436230758, 49.298386740380934, ""CRS:84""], ""name"": ""inspire_schlaege_2016_point"", ""title"": ""inspire_schlaege_2016_point"", ""crs3857"": true, ""crs4326"": true, ""abstract"": ""Dieser Layer umfasst alle von den AntragstellerInnen erfassten Schlagnutzungen, welche als Grundlage der Förderabwicklung dienen. Ein Schlag ist eine zusammenhängende Fläche eines Feldstücks, die für eine Vegetationsperiode mit nur einer Kultur (Schlagnutzungsart) und einheitlicher Bewirtschaftungsauflage bzw. als ein Landschaftselementetyp gemäß Anlage 1 der Verordnung des zuständigen Bundesministeriums mit horizontalen Regeln für den Bereich der Gemeinsamen Agrarpolitik (Horizontale GAP-Verordnung) StF: BGBl. II Nr. 100/2015 bewirtschaftet oder aber lediglich in gutem landwirtschaftlichen und ökologischen Zustand gemäß Art. 94 der Verordnung (EU) Nr. 1306/2013 erhalten wird und im GIS als Polygon oder als Punkt digitalisiert ist."", ""keywords"": [], ""layer_name"": ""inspire_schlaege_2016_point"", ""description"": ""INVEKOS Schläge 2016 (Point)"", ""service_type"": ""wms"", ""metadata_urls"": [""https://discovery.inspire.gv.at/at.lfrz.discoveryservices/srv/ger/csw?service=CSW&request=GetRecordById&version=2.0.2&outputSchema=http://www.isotc211.org/2005/gmd&ElementSetName=full&id=1a9a1ebc-73ad-4faf-8611-73a755d3735c""]}",spatial-extractor,2026-06-21 18:56:07.027 +0300,"[9.212353182968585, 46.08231048268711, 17.45260436230758, 49.298386740380934]",CRS:84,ok,9.212353182968585,46.08231048268711,17.45260436230758,49.298386740380934
1280,https://data.inspire.gv.at/d982e28a-6715-4576-89f3-280d7f20ec0a,https://inspire.lfrz.gv.at/009501/wms?version=1.3.0&request=GetCapabilities,,,"{""id"": ""57173"", ""bbox"": [9.406430103965574, 46.35029167261794, 17.231844975890883, 49.02961337687206, ""CRS:84""], ""name"": ""inspire_referenzen_2024-2_point"", ""title"": ""inspire_referenzen_2024-2_point"", ""crs3857"": true, ""crs4326"": true, ""abstract"": ""Der Layer umfasst alle von der Zahlstelle Agrarmarkt Austria festgelegte Referenzparzellen und erfasste Landschaftselemente (Landschaftselementelayers) im Sinne des Art. 5 der Verordnung (EU) Nr. 640/2014 und Verordnung des zuständigen Bundesministeriums mit horizontalen Regeln für den Bereich der Gemeinsamen Agrarpolitik (Horizontale GAP-Verordnung) StF: BGBl. II Nr. 100/2015 Referenzparzelle: ist der physische Block, der als eindeutig nach außen abgrenzbar (zB Wald, Straßen, Gewässer) und durch in der Natur erkennbare, zusammenhängende landwirtschaftlich genutzte Flächen gebildet wird. Landschaftselementelayer: Layer mit den im GIS als Punkt oder Polygon gemäß den Definitionen laut Anlage 1 der Horizontale GAP-Verordnung digitalisierten Landschaftselementen, die sich auf Referenzflächen befinden, an eine solche unmittelbar angrenzen oder in einem Abstand von höchstens 5 m zu einer Referenzfläche liegen."", ""keywords"": [], ""layer_name"": ""inspire_referenzen_2024-2_point"", ""description"": ""inspire_referenzen_2024-2_point"", ""service_type"": ""wms"", ""metadata_urls"": [""https://discovery.inspire.gv.at/at.lfrz.discoveryservices/srv/ger/csw?service=CSW&request=GetRecordById&version=2.0.2&outputSchema=http%3A%2F%2Fwww.isotc211.org%2F2005%2Fgmd&ElementSetName=full&id=d982e28a-6715-4576-89f3-280d7f20ec0a""]}",spatial-extractor,2026-06-21 18:56:07.693 +0300,"[9.406430103965574, 46.35029167261794, 17.231844975890883, 49.02961337687206]",CRS:84,ok,9.406430103965574,46.35029167261794,17.231844975890883,49.02961337687206
1281,https://data.inspire.gv.at/560558dc-59a8-455c-9374-e2c39b9abda2,https://inspire.lfrz.gv.at/009501/wms?version=1.3.0&request=GetCapabilities,,,"{""id"": ""57182"", ""bbox"": [9.405290334050319, 46.34587807286791, 17.232237933779302, 49.029923179643966, ""CRS:84""], ""name"": ""inspire_feldstuecke_2024-2"", ""title"": ""inspire_feldstuecke_2024-2"", ""crs3857"": true, ""crs4326"": true, ""abstract"": ""Der Layer umfasst alle von den AntragstellerInnen erfassten Feldstücken, welche als Grundlage der Förderabwicklung dienen. Ein Feldstück ist eine im Bundesgebiet gelegene, eindeutig abgrenzbare Bewirtschaftungseinheit eines Betriebsinhabers mit nur einer Nutzungsart gemäß § 16 der Verordnung des zuständigen Bundesministeriums mit horizontalen Regeln für den Bereich der Gemeinsamen Agrarpolitik (Horizontale GAP-Verordnung) StF: BGBl. II Nr. 100/2015, die im Geographischen Informationssystem (GIS) als Polygon digitalisiert ist und aus Schlägen besteht."", ""keywords"": [], ""layer_name"": ""inspire_feldstuecke_2024-2"", ""description"": ""inspire_feldstuecke_2024-2"", ""service_type"": ""wms"", ""metadata_urls"": [""https://discovery.inspire.gv.at/at.lfrz.discoveryservices/srv/ger/csw?service=CSW&request=GetRecordById&version=2.0.2&outputSchema=http%3A%2F%2Fwww.isotc211.org%2F2005%2Fgmd&ElementSetName=full&id=560558dc-59a8-455c-9374-e2c39b9abda2""]}",spatial-extractor,2026-06-21 18:56:08.169 +0300,"[9.405290334050319, 46.34587807286791, 17.232237933779302, 49.029923179643966]",CRS:84,ok,9.405290334050319,46.34587807286791,17.232237933779302,49.029923179643966
1282,https://data.inspire.gv.at/0095/5a7739f5-866f-4f8a-91c6-8898a1ce52b2,https://inspire.lfrz.gv.at/009501/wms?version=1.3.0&request=GetCapabilities,,,"{""id"": ""57191"", ""bbox"": [9.406528989424798, 46.36583800700145, 17.21801690784526, 49.02961218147889, ""CRS:84""], ""name"": ""inspire_schlaege_2019_point"", ""title"": ""inspire_schlaege_2019_point"", ""crs3857"": true, ""crs4326"": true, ""abstract"": ""Dieser Layer umfasst alle von den AntragstellerInnen erfassten Schlagnutzungen, welche als Grundlage der Förderabwicklung dienen. Ein Schlag ist eine zusammenhängende Fläche eines Feldstücks, die für eine Vegetationsperiode mit nur einer Kultur (Schlagnutzungsart) und einheitlicher Bewirtschaftungsauflage bzw. als ein Landschaftselementetyp gemäß Anlage 1 der Verordnung des zuständigen Bundesministeriums mit horizontalen Regeln für den Bereich der Gemeinsamen Agrarpolitik (Horizontale GAP-Verordnung) StF: BGBl. II Nr. 100/2015 bewirtschaftet oder aber lediglich in gutem landwirtschaftlichen und ökologischen Zustand gemäß Art. 94 der Verordnung (EU) Nr. 1306/2013 erhalten wird und im GIS als Polygon oder als Punkt digitalisiert ist."", ""keywords"": [], ""layer_name"": ""inspire_schlaege_2019_point"", ""description"": ""INVEKOS Schläge 2019 (Point)"", ""service_type"": ""wms"", ""metadata_urls"": [""https://discovery.inspire.gv.at/at.lfrz.discoveryservices/srv/ger/csw?service=CSW&request=GetRecordById&version=2.0.2&outputSchema=http://www.isotc211.org/2005/gmd&ElementSetName=full&id=5a7739f5-866f-4f8a-91c6-8898a1ce52b2""]}",spatial-extractor,2026-06-21 18:56:08.633 +0300,"[9.406528989424798, 46.36583800700145, 17.21801690784526, 49.02961218147889]",CRS:84,ok,9.406528989424798,46.36583800700145,17.21801690784526,49.02961218147889
1283,https://data.inspire.gv.at/e3d8c747-4717-4190-ba03-6f805a22bf3b,https://inspire.lfrz.gv.at/009501/wms?version=1.3.0&request=GetCapabilities,,,"{""id"": ""57196"", ""bbox"": [9.406430103965574, 46.35029167261794, 17.231844975890883, 49.02961337687205, ""CRS:84""], ""name"": ""inspire_referenzen_2022_point"", ""title"": ""inspire_referenzen_2022_point"", ""crs3857"": true, ""crs4326"": true, ""abstract"": ""Der Layer umfasst alle von der Zahlstelle Agrarmarkt Austria festgelegte Referenzparzellen und erfasste Landschaftselemente (Landschaftselementelayers) im Sinne des Art. 5 der Verordnung (EU) Nr. 640/2014 und Verordnung des zuständigen Bundesministeriums mit horizontalen Regeln für den Bereich der Gemeinsamen Agrarpolitik (Horizontale GAP-Verordnung) StF: BGBl. II Nr. 100/2015 Referenzparzelle: ist der physische Block, der als eindeutig nach außen abgrenzbar (zB Wald, Straßen, Gewässer) und durch in der Natur erkennbare, zusammenhängende landwirtschaftlich genutzte Flächen gebildet wird. Landschaftselementelayer: Layer mit den im GIS als Punkt oder Polygon gemäß den Definitionen laut Anlage 1 der Horizontale GAP-Verordnung digitalisierten Landschaftselementen, die sich auf Referenzflächen befinden, an eine solche unmittelbar angrenzen oder in einem Abstand von höchstens 5 m zu einer Referenzfläche liegen."", ""keywords"": [""IACS"", ""INVEKOS"", ""LPIS""], ""layer_name"": ""inspire_referenzen_2022_point"", ""description"": ""inspire_referenzen_2022_point"", ""service_type"": ""wms"", ""metadata_urls"": [""https://discovery.inspire.gv.at/at.lfrz.discoveryservices/srv/ger/csw?service=CSW&request=GetRecordById&version=2.0.2&outputSchema=http%3A%2F%2Fwww.isotc211.org%2F2005%2Fgmd&ElementSetName=full&id=e3d8c747-4717-4190-ba03-6f805a22bf3b""]}",spatial-extractor,2026-06-21 18:56:09.145 +0300,"[9.406430103965574, 46.35029167261794, 17.231844975890883, 49.02961337687205]",CRS:84,ok,9.406430103965574,46.35029167261794,17.231844975890883,49.02961337687205
1284,https://data.inspire.gv.at/7d636728-bcf3-4f07-9f4a-3fe8ce8c8fce,https://inspire.lfrz.gv.at/009501/wms?version=1.3.0&request=GetCapabilities,,,"{""id"": ""57205"", ""bbox"": [9.212353182968585, 46.08231048268711, 17.45260436230758, 49.298386740380934, ""CRS:84""], ""name"": ""inspire_feldstuecke_2022"", ""title"": ""inspire_feldstuecke_2022"", ""crs3857"": true, ""crs4326"": true, ""abstract"": ""Der Layer umfasst alle von den AntragstellerInnen erfassten Feldstücken, welche als Grundlage der Förderabwicklung dienen. Ein Feldstück ist eine im Bundesgebiet gelegene, eindeutig abgrenzbare Bewirtschaftungseinheit eines Betriebsinhabers mit nur einer Nutzungsart gemäß § 16 der Verordnung des zuständigen Bundesministeriums mit horizontalen Regeln für den Bereich der Gemeinsamen Agrarpolitik (Horizontale GAP-Verordnung) StF: BGBl. II Nr. 100/2015, die im Geographischen Informationssystem (GIS) als Polygon digitalisiert ist und aus Schlägen besteht."", ""keywords"": [""IACS"", ""INVEKOS"", ""LPIS""], ""layer_name"": ""inspire_feldstuecke_2022"", ""description"": ""inspire_feldstuecke_2022"", ""service_type"": ""wms"", ""metadata_urls"": [""https://discovery.inspire.gv.at/at.lfrz.discoveryservices/srv/ger/csw?service=CSW&request=GetRecordById&version=2.0.2&outputSchema=http%3A%2F%2Fwww.isotc211.org%2F2005%2Fgmd&ElementSetName=full&id=7d636728-bcf3-4f07-9f4a-3fe8ce8c8fce""]}",spatial-extractor,2026-06-21 18:56:09.888 +0300,"[9.212353182968585, 46.08231048268711, 17.45260436230758, 49.298386740380934]",CRS:84,ok,9.212353182968585,46.08231048268711,17.45260436230758,49.298386740380934
1285,https://data.inspire.gv.at/9028e056-22f4-46de-bb6b-66225fed8058,https://inspire.lfrz.gv.at/009501/wms?version=1.3.0&request=GetCapabilities,,,"{""id"": ""57210"", ""bbox"": [9.406430103965574, 46.35029167261794, 17.231844975890883, 49.02961337687205, ""CRS:84""], ""name"": ""inspire_referenzen_2023-1_point"", ""title"": ""inspire_referenzen_2023-1_point"", ""crs3857"": true, ""crs4326"": true, ""abstract"": ""Der Layer umfasst alle von der Zahlstelle Agrarmarkt Austria festgelegte Referenzparzellen und erfasste Landschaftselemente (Landschaftselementelayers) im Sinne des Art. 5 der Verordnung (EU) Nr. 640/2014 und Verordnung des zuständigen Bundesministeriums mit horizontalen Regeln für den Bereich der Gemeinsamen Agrarpolitik (Horizontale GAP-Verordnung) StF: BGBl. II Nr. 100/2015 Referenzparzelle: ist der physische Block, der als eindeutig nach außen abgrenzbar (zB Wald, Straßen, Gewässer) und durch in der Natur erkennbare, zusammenhängende landwirtschaftlich genutzte Flächen gebildet wird. Landschaftselementelayer: Layer mit den im GIS als Punkt oder Polygon gemäß den Definitionen laut Anlage 1 der Horizontale GAP-Verordnung digitalisierten Landschaftselementen, die sich auf Referenzflächen befinden, an eine solche unmittelbar angrenzen oder in einem Abstand von höchstens 5 m zu einer Referenzfläche liegen."", ""keywords"": [], ""layer_name"": ""inspire_referenzen_2023-1_point"", ""description"": ""inspire_referenzen_2023-1_point"", ""service_type"": ""wms"", ""metadata_urls"": [""https://discovery.inspire.gv.at/at.lfrz.discoveryservices/srv/ger/csw?service=CSW&request=GetRecordById&version=2.0.2&outputSchema=http%3A%2F%2Fwww.isotc211.org%2F2005%2Fgmd&ElementSetName=full&id=9028e056-22f4-46de-bb6b-66225fed8058""]}",spatial-extractor,2026-06-21 18:56:10.363 +0300,"[9.406430103965574, 46.35029167261794, 17.231844975890883, 49.02961337687205]",CRS:84,ok,9.406430103965574,46.35029167261794,17.231844975890883,49.02961337687205
1315,GSAA.EFA,https://kls.pria.ee/geoserver/inspire_gsaa/wms,,,"{""id"": ""57485"", ""bbox"": [20.100786540955884, 57.44973890996587, 28.509024378467785, 60.06548397644702, ""CRS:84""], ""name"": ""WMS teenuse getCapabilities"", ""title"": ""Geospatial Aid Application Estonia EFA"", ""crs3857"": true, ""crs4326"": true, ""abstract"": ""PRIA Ökoalad"", ""keywords"": [""features"", ""LU.GSAA.EFA""], ""layer_name"": ""LU.GSAA.EFA"", ""description"": ""NULL"", ""service_type"": ""wms"", ""metadata_urls"": [""https://metadata.geoportaal.ee/geonetwork/srv/est/xml.metadata.get?uuid=d49036ca-edcb-4929-8353-e1791ed97bd3""]}",spatial-extractor,2026-06-21 18:57:02.615 +0300,"[20.100786540955884, 57.44973890996587, 28.509024378467785, 60.06548397644702]",CRS:84,ok,20.100786540955884,57.44973890996587,28.509024378467785,60.06548397644702
1286,https://data.inspire.gv.at/0095/1653d49b-ac76-4efc-b03f-38a5df768f41,https://inspire.lfrz.gv.at/009501/wms?version=1.3.0&request=GetCapabilities,,,"{""id"": ""57221"", ""bbox"": [9.212353182968585, 46.08231048268711, 17.45260436230758, 49.298386740380934, ""CRS:84""], ""name"": ""inspire_feldstuecke_2016"", ""title"": ""inspire_feldstuecke_2016"", ""crs3857"": true, ""crs4326"": true, ""abstract"": ""Der Layer umfasst alle von den AntragstellerInnen erfassten Feldstücken, welche als Grundlage der Förderabwicklung dienen. Ein Feldstück ist eine im Bundesgebiet gelegene, eindeutig abgrenzbare Bewirtschaftungseinheit eines Betriebsinhabers mit nur einer Nutzungsart gemäß § 16 der Verordnung des zuständigen Bundesministeriums mit horizontalen Regeln für den Bereich der Gemeinsamen Agrarpolitik (Horizontale GAP-Verordnung) StF: BGBl. II Nr. 100/2015, die im Geographischen Informationssystem (GIS) als Polygon digitalisiert ist und aus Schlägen besteht."", ""keywords"": [""Bodennutzung"", ""Flurstücke/Grundstücke (Katasterparzellen)"", ""Landwirtschaftliche Nutzung"", ""Nutzung der landwirtschaftlichen Fläche""], ""layer_name"": ""inspire_feldstuecke_2016"", ""description"": ""INVEKOS Feldstücke 2016"", ""service_type"": ""wms"", ""metadata_urls"": [""https://discovery.inspire.gv.at/at.lfrz.discoveryservices/srv/ger/csw?service=CSW&request=GetRecordById&version=2.0.2&outputSchema=http%3A%2F%2Fwww.isotc211.org%2F2005%2Fgmd&ElementSetName=full&id=1653d49b-ac76-4efc-b03f-38a5df768f41""]}",spatial-extractor,2026-06-21 18:56:10.847 +0300,"[9.212353182968585, 46.08231048268711, 17.45260436230758, 49.298386740380934]",CRS:84,ok,9.212353182968585,46.08231048268711,17.45260436230758,49.298386740380934
1287,LPIS.LANDSCAPE_ELEMENTS,https://kls.pria.ee/geoserver/inspire_lpis/wms?service=WMS&request=GetCapabilities,,,"{""id"": ""57233"", ""bbox"": [20.100786540955884, 57.44973890996587, 28.509024378467785, 60.06548397644702, ""CRS:84""], ""name"": ""WMS teenuse getCapabilities"", ""title"": ""Land Parcel Identification System Estonia Landscape elements"", ""crs3857"": true, ""crs4326"": true, ""abstract"": ""PRIA Maastikuelemendid"", ""keywords"": [""features"", ""LC.LPIS.LANDSCAPE_ELEMENTS""], ""layer_name"": ""LC.LPIS.LANDSCAPE_ELEMENTS"", ""description"": ""NULL"", ""service_type"": ""wms"", ""metadata_urls"": [""https://metadata.geoportaal.ee/geonetwork/srv/est/xml.metadata.get?uuid=120973d8-7443-4091-906b-c0a9a11713c3""]}",spatial-extractor,2026-06-21 18:56:12.883 +0300,"[20.100786540955884, 57.44973890996587, 28.509024378467785, 60.06548397644702]",CRS:84,ok,20.100786540955884,57.44973890996587,28.509024378467785,60.06548397644702
1289,https://data.inspire.gv.at/f2342aad-cce7-4da7-a44e-b0a691a06739,https://inspire.lfrz.gv.at/009501/wms?version=1.3.0&request=GetCapabilities,,,"{""id"": ""57244"", ""bbox"": [9.406430103965574, 46.35029167261794, 17.231844975890883, 49.02961337687205, ""CRS:84""], ""name"": ""inspire_referenzen_2023-2_point"", ""title"": ""inspire_referenzen_2023-2_point"", ""crs3857"": true, ""crs4326"": true, ""abstract"": ""Der Layer umfasst alle von der Zahlstelle Agrarmarkt Austria festgelegte Referenzparzellen und erfasste Landschaftselemente (Landschaftselementelayers) im Sinne des Art. 5 der Verordnung (EU) Nr. 640/2014 und Verordnung des zuständigen Bundesministeriums mit horizontalen Regeln für den Bereich der Gemeinsamen Agrarpolitik (Horizontale GAP-Verordnung) StF: BGBl. II Nr. 100/2015 Referenzparzelle: ist der physische Block, der als eindeutig nach außen abgrenzbar (zB Wald, Straßen, Gewässer) und durch in der Natur erkennbare, zusammenhängende landwirtschaftlich genutzte Flächen gebildet wird. Landschaftselementelayer: Layer mit den im GIS als Punkt oder Polygon gemäß den Definitionen laut Anlage 1 der Horizontale GAP-Verordnung digitalisierten Landschaftselementen, die sich auf Referenzflächen befinden, an eine solche unmittelbar angrenzen oder in einem Abstand von höchstens 5 m zu einer Referenzfläche liegen."", ""keywords"": [], ""layer_name"": ""inspire_referenzen_2023-2_point"", ""description"": ""inspire_referenzen_2023-2_point"", ""service_type"": ""wms"", ""metadata_urls"": [""https://discovery.inspire.gv.at/at.lfrz.discoveryservices/srv/ger/csw?service=CSW&request=GetRecordById&version=2.0.2&outputSchema=http%3A%2F%2Fwww.isotc211.org%2F2005%2Fgmd&ElementSetName=full&id=f2342aad-cce7-4da7-a44e-b0a691a06739""]}",spatial-extractor,2026-06-21 18:56:14.824 +0300,"[9.406430103965574, 46.35029167261794, 17.231844975890883, 49.02961337687205]",CRS:84,ok,9.406430103965574,46.35029167261794,17.231844975890883,49.02961337687205
1290,LPIS.REFERENCE_PARCELS,https://kls.pria.ee/geoserver/inspire_lpis/wms?service=WMS&request=GetCapabilities,,,"{""id"": ""57253"", ""bbox"": [21.592806309665995, 57.45329504791562, 28.2754939840628, 59.8515811675627, ""CRS:84""], ""name"": ""WMS teenuse getCapabilities"", ""title"": ""Land Parcel Identification System Estonia Reference parcels"", ""crs3857"": true, ""crs4326"": true, ""abstract"": ""PRIA Põllumassiivid"", ""keywords"": [""features"", ""LC.LPIS""], ""layer_name"": ""LC.LPIS.REFERENCE_PARCELS"", ""description"": ""NULL"", ""service_type"": ""wms"", ""metadata_urls"": [""https://metadata.geoportaal.ee/geonetwork/srv/est/xml.metadata.get?uuid=8a4572d5-1b5b-4b32-8332-996d4c49b2aa""]}",spatial-extractor,2026-06-21 18:56:17.758 +0300,"[21.592806309665995, 57.45329504791562, 28.2754939840628, 59.8515811675627]",CRS:84,ok,21.592806309665995,57.45329504791562,28.2754939840628,59.8515811675627
1291,https://data.inspire.gv.at/9db8a0c3-e92a-4df4-9d55-8210e326a7ed,https://inspire.lfrz.gv.at/009501/wms?version=1.3.0&request=GetCapabilities,,,"{""id"": ""57256"", ""bbox"": [9.212353182968585, 46.08231048268711, 17.45260436230758, 49.298386740380934, ""CRS:84""], ""name"": ""inspire_referenzen_2021_point"", ""title"": ""inspire_referenzen_2021_point"", ""crs3857"": true, ""crs4326"": true, ""abstract"": ""Der Layer umfasst alle von der Zahlstelle Agrarmarkt Austria festgelegte Referenzparzellen und erfasste Landschaftselemente (Landschaftselementelayers) im Sinne des Art. 5 der Verordnung (EU) Nr. 640/2014 und Verordnung des zuständigen Bundesministeriums mit horizontalen Regeln für den Bereich der Gemeinsamen Agrarpolitik (Horizontale GAP-Verordnung) StF: BGBl. II Nr. 100/2015 Referenzparzelle: ist der physische Block, der als eindeutig nach außen abgrenzbar (zB Wald, Straßen, Gewässer) und durch in der Natur erkennbare, zusammenhängende landwirtschaftlich genutzte Flächen gebildet wird. Landschaftselementelayer: Layer mit den im GIS als Punkt oder Polygon gemäß den Definitionen laut Anlage 1 der Horizontale GAP-Verordnung digitalisierten Landschaftselementen, die sich auf Referenzflächen befinden, an eine solche unmittelbar angrenzen oder in einem Abstand von höchstens 5 m zu einer Referenzfläche liegen."", ""keywords"": [""INVEKOS"", ""LPIS"", ""IACS""], ""layer_name"": ""inspire_referenzen_2021_point"", ""description"": ""INVEKOS Referenzen 2021 (Point)"", ""service_type"": ""wms"", ""metadata_urls"": [""https://discovery.inspire.gv.at/at.lfrz.discoveryservices/srv/ger/csw?service=CSW&request=GetRecordById&version=2.0.2&outputSchema=http%3A%2F%2Fwww.isotc211.org%2F2005%2Fgmd&ElementSetName=full&id=9db8a0c3-e92a-4df4-9d55-8210e326a7ed""]}",spatial-extractor,2026-06-21 18:56:19.027 +0300,"[9.212353182968585, 46.08231048268711, 17.45260436230758, 49.298386740380934]",CRS:84,ok,9.212353182968585,46.08231048268711,17.45260436230758,49.298386740380934
1316,GSAA.AGRICULTURAL_PARCELS,https://kls.pria.ee/geoserver/inspire_gsaa/wms?service=WMS&request=GetCapabilities,,,"{""id"": ""57491"", ""bbox"": [21.592806309665995, 57.45329504791562, 28.2754939840628, 59.8515811675627, ""CRS:84""], ""name"": ""WMS teenuse getCapabilities"", ""title"": ""Geospatial Aid Application Estonia Agricultural parcels"", ""crs3857"": true, ""crs4326"": true, ""abstract"": ""PRIA Põllud"", ""keywords"": [""features"", ""LU.GSAA""], ""layer_name"": ""LU.GSAA.AGRICULTURAL_PARCELS"", ""description"": ""NULL"", ""service_type"": ""wms"", ""metadata_urls"": [""https://metadata.geoportaal.ee/geonetwork/srv/est/xml.metadata.get?uuid=2fa494d3-3f1d-4f76-9866-bedd005cada6""]}",spatial-extractor,2026-06-21 18:57:05.508 +0300,"[21.592806309665995, 57.45329504791562, 28.2754939840628, 59.8515811675627]",CRS:84,ok,21.592806309665995,57.45329504791562,28.2754939840628,59.8515811675627
1292,https://data.inspire.gv.at/0095/904df4b4-e315-45b4-bf72-19f4dd0aafbd,https://inspire.lfrz.gv.at/009501/wms?version=1.3.0&request=GetCapabilities,,,"{""id"": ""57273"", ""bbox"": [9.406430103965574, 46.35029167261794, 17.21801690784526, 49.029612171414726, ""CRS:84""], ""name"": ""inspire_referenzen_2017_point"", ""title"": ""inspire_referenzen_2017_point"", ""crs3857"": true, ""crs4326"": true, ""abstract"": ""Der Layer umfasst alle von der Zahlstelle Agrarmarkt Austria festgelegte Referenzparzellen und erfasste Landschaftselemente (Landschaftselementelayers) im Sinne des Art. 5 der Verordnung (EU) Nr. 640/2014 und Verordnung des zuständigen Bundesministeriums mit horizontalen Regeln für den Bereich der Gemeinsamen Agrarpolitik (Horizontale GAP-Verordnung) StF: BGBl. II Nr. 100/2015 Referenzparzelle: ist der physische Block, der als eindeutig nach außen abgrenzbar (zB Wald, Straßen, Gewässer) und durch in der Natur erkennbare, zusammenhängende landwirtschaftlich genutzte Flächen gebildet wird. Landschaftselementelayer: Layer mit den im GIS als Punkt oder Polygon gemäß den Definitionen laut Anlage 1 der Horizontale GAP-Verordnung digitalisierten Landschaftselementen, die sich auf Referenzflächen befinden, an eine solche unmittelbar angrenzen oder in einem Abstand von höchstens 5 m zu einer Referenzfläche liegen."", ""keywords"": [], ""layer_name"": ""inspire_referenzen_2017_point"", ""description"": ""INVEKOS Referenzen 2017 (Point)"", ""service_type"": ""wms"", ""metadata_urls"": [""https://discovery.inspire.gv.at/at.lfrz.discoveryservices/srv/ger/csw?service=CSW&request=GetRecordById&version=2.0.2&outputSchema=http://www.isotc211.org/2005/gmd&ElementSetName=full&id=904df4b4-e315-45b4-bf72-19f4dd0aafbd""]}",spatial-extractor,2026-06-21 18:56:19.650 +0300,"[9.406430103965574, 46.35029167261794, 17.21801690784526, 49.029612171414726]",CRS:84,ok,9.406430103965574,46.35029167261794,17.21801690784526,49.029612171414726
1293,"7e22910f-0b5c-41ae-b06f-5cfa83666c3f,AF,AF.Site,AF.AgriculturalHolding",https://www.inspire-geoportal.lt/geoserver/af/wms?service=WMS&version=1.3.0&request=GetCapabilities,,,"{""id"": ""57289"", ""bbox"": [21.061717987060543, 53.90254214955603, 26.83526611328125, 56.447002442820306, ""CRS:84""], ""name"": ""AF.AgriculturalHolding"", ""title"": ""Agricultural Holding"", ""crs3857"": true, ""crs4326"": false, ""abstract"": ""Agricultural Holding"", ""keywords"": [""features"", ""af.holding"", ""AF""], ""layer_name"": ""AF.AgriculturalHolding"", ""description"": ""Agricultural Holding"", ""service_type"": ""wms"", ""metadata_urls"": [""https://www.inspire-geoportal.lt/geonetwork/srv/eng/csw?service=CSW&request=GetRecordById&version=2.0.2&outputSchema=http://www.isotc211.org/2005/gmd&elementSetName=full&id=7e22910f-0b5c-41ae-b06f-5cfa83666c3f""]}",spatial-extractor,2026-06-21 18:56:20.499 +0300,"[21.061717987060543, 53.90254214955603, 26.83526611328125, 56.447002442820306]",CRS:84,ok,21.061717987060543,53.90254214955603,26.83526611328125,56.447002442820306
1294,https://data.inspire.gv.at/d76f8f0a-55a4-4b11-afea-fed43fa27b49,https://inspire.lfrz.gv.at/009501/wms?version=1.3.0&request=GetCapabilities,,,"{""id"": ""57294"", ""bbox"": [9.405290334050319, 46.34587807286791, 17.232237933779302, 49.029923179643966, ""CRS:84""], ""name"": ""inspire_feldstuecke_2025-1"", ""title"": ""inspire_feldstuecke_2025-1"", ""crs3857"": true, ""crs4326"": true, ""abstract"": ""Der Layer umfasst alle von den AntragstellerInnen erfassten Feldstücken, welche als Grundlage der Förderabwicklung dienen. Ein Feldstück ist eine im Bundesgebiet gelegene, eindeutig abgrenzbare Bewirtschaftungseinheit eines Betriebsinhabers mit nur einer Nutzungsart gemäß § 16 der Verordnung des zuständigen Bundesministeriums mit horizontalen Regeln für den Bereich der Gemeinsamen Agrarpolitik (Horizontale GAP-Verordnung) StF: BGBl. II Nr. 100/2015, die im Geographischen Informationssystem (GIS) als Polygon digitalisiert ist und aus Schlägen besteht."", ""keywords"": [], ""layer_name"": ""inspire_feldstuecke_2025-1"", ""description"": ""inspire_feldstuecke_2025-1"", ""service_type"": ""wms"", ""metadata_urls"": [""https://discovery.inspire.gv.at/at.lfrz.discoveryservices/srv/ger/csw?service=CSW&request=GetRecordById&version=2.0.2&outputSchema=http%3A%2F%2Fwww.isotc211.org%2F2005%2Fgmd&ElementSetName=full&id=d76f8f0a-55a4-4b11-afea-fed43fa27b49""]}",spatial-extractor,2026-06-21 18:56:21.106 +0300,"[9.405290334050319, 46.34587807286791, 17.232237933779302, 49.029923179643966]",CRS:84,ok,9.405290334050319,46.34587807286791,17.232237933779302,49.029923179643966
1301,https://data.inspire.gv.at/73e6acd7-2d81-417b-b2fa-8a4d1bae65c9,https://inspire.lfrz.gv.at/009501/wms?version=1.3.0&request=GetCapabilities,,,"{""id"": ""57345"", ""bbox"": [9.212353182968585, 46.08231048268711, 17.45260436230758, 49.298386740380934, ""CRS:84""], ""name"": ""inspire_referenzen_2020_point"", ""title"": ""inspire_referenzen_2020_point"", ""crs3857"": true, ""crs4326"": true, ""abstract"": ""Der Layer umfasst alle von der Zahlstelle Agrarmarkt Austria festgelegte Referenzparzellen und erfasste Landschaftselemente (Landschaftselementelayers) im Sinne des Art. 5 der Verordnung (EU) Nr. 640/2014 und Verordnung des zuständigen Bundesministeriums mit horizontalen Regeln für den Bereich der Gemeinsamen Agrarpolitik (Horizontale GAP-Verordnung) StF: BGBl. II Nr. 100/2015 Referenzparzelle: ist der physische Block, der als eindeutig nach außen abgrenzbar (zB Wald, Straßen, Gewässer) und durch in der Natur erkennbare, zusammenhängende landwirtschaftlich genutzte Flächen gebildet wird. Landschaftselementelayer: Layer mit den im GIS als Punkt oder Polygon gemäß den Definitionen laut Anlage 1 der Horizontale GAP-Verordnung digitalisierten Landschaftselementen, die sich auf Referenzflächen befinden, an eine solche unmittelbar angrenzen oder in einem Abstand von höchstens 5 m zu einer Referenzfläche liegen."", ""keywords"": [""INVEKOS"", ""Bodennutzung""], ""layer_name"": ""inspire_referenzen_2020_point"", ""description"": ""INVEKOS Referenzen 2020 (Point)"", ""service_type"": ""wms"", ""metadata_urls"": [""https://discovery.inspire.gv.at/at.lfrz.discoveryservices/srv/ger/csw?service=CSW&request=GetRecordById&version=2.0.2&outputSchema=http%3A%2F%2Fwww.isotc211.org%2F2005%2Fgmd&ElementSetName=full&id=73e6acd7-2d81-417b-b2fa-8a4d1bae65c9""]}",spatial-extractor,2026-06-21 18:56:32.791 +0300,"[9.212353182968585, 46.08231048268711, 17.45260436230758, 49.298386740380934]",CRS:84,ok,9.212353182968585,46.08231048268711,17.45260436230758,49.298386740380934
1302,https://data.inspire.gv.at/9feabade-987d-4faa-9780-e6bbaefd4e48,https://inspire.lfrz.gv.at/009501/wms?version=1.3.0&request=GetCapabilities,,,"{""id"": ""57354"", ""bbox"": [9.406430103965574, 46.35029167261794, 17.231844975890883, 49.02961337687206, ""CRS:84""], ""name"": ""inspire_referenzen_2024-1_point"", ""title"": ""inspire_referenzen_2024-1_point"", ""crs3857"": true, ""crs4326"": true, ""abstract"": ""Der Layer umfasst alle von der Zahlstelle Agrarmarkt Austria festgelegte Referenzparzellen und erfasste Landschaftselemente (Landschaftselementelayers) im Sinne des Art. 5 der Verordnung (EU) Nr. 640/2014 und Verordnung des zuständigen Bundesministeriums mit horizontalen Regeln für den Bereich der Gemeinsamen Agrarpolitik (Horizontale GAP-Verordnung) StF: BGBl. II Nr. 100/2015 Referenzparzelle: ist der physische Block, der als eindeutig nach außen abgrenzbar (zB Wald, Straßen, Gewässer) und durch in der Natur erkennbare, zusammenhängende landwirtschaftlich genutzte Flächen gebildet wird. Landschaftselementelayer: Layer mit den im GIS als Punkt oder Polygon gemäß den Definitionen laut Anlage 1 der Horizontale GAP-Verordnung digitalisierten Landschaftselementen, die sich auf Referenzflächen befinden, an eine solche unmittelbar angrenzen oder in einem Abstand von höchstens 5 m zu einer Referenzfläche liegen."", ""keywords"": [], ""layer_name"": ""inspire_referenzen_2024-1_point"", ""description"": ""inspire_referenzen_2024-1_point"", ""service_type"": ""wms"", ""metadata_urls"": [""https://discovery.inspire.gv.at/at.lfrz.discoveryservices/srv/ger/csw?service=CSW&request=GetRecordById&version=2.0.2&outputSchema=http%3A%2F%2Fwww.isotc211.org%2F2005%2Fgmd&ElementSetName=full&id=9feabade-987d-4faa-9780-e6bbaefd4e48""]}",spatial-extractor,2026-06-21 18:56:34.461 +0300,"[9.406430103965574, 46.35029167261794, 17.231844975890883, 49.02961337687206]",CRS:84,ok,9.406430103965574,46.35029167261794,17.231844975890883,49.02961337687206
1307,714a55b9-46ad-4c73-90a9-8ef3d00762d8,"https://geo.api.vlaanderen.be/ALV/wms?SERVICE=WMS&REQUEST=GetMap&FORMAT=image/png&TRANSPARENT=TRUE&STYLES=default&VERSION=1.3.0&LAYERS=LbGebrPerc2022&WIDTH=2048&HEIGHT=721&CRS=EPSG:3857&BBOX=458534.445757238,6634055.556412904,481465.554242762,6640944.443587096",,,"{""id"": ""57418"", ""bbox"": [2.5285590957857376, 49.484441286393235, 6.457602714635808, 51.505491548376874], ""name"": ""LbGebrPerc2024"", ""title"": ""Landbouwgebruikspercelen LV, 2024"", ""crs3857"": true, ""crs4326"": true, ""abstract"": ""Overzicht van de percelen die in landbouwgebruik zijn op de uiterste indieningsdatum van de verzamelaanvraag van 2024. De inventaris omvat ondermeer ook poelen, houtkanten en landbouwproductiefaciliteiten (erven met stallen en gebouwen)."", ""keywords"": [""land parcel identification system"", ""landbouw"", ""landbouwproductiefaciliteiten""], ""layer_name"": ""LbGebrPerc2024"", ""description"": ""Landbouwgebruikspercelen LV, 2024"", ""service_type"": ""wms"", ""metadata_urls"": [""https://metadata.vlaanderen.be/srv/dut/catalog.search#/metadata/e68b0395-0f83-4de4-b22e-aa8151edcba7"", ""https://metadata.vlaanderen.be/srv/dut/csw?request=GetRecordById&service=CSW&constraintLanguage=CQL_TEXT&version=2.0.2&resultType=results&ElementSetName=full&typenames=csw:Record&id=e68b0395-0f83-4de4-b22e-aa8151edcba7&OUTPUTSCHEMA=http://www.isotc211.org/2005/gmd""]}",spatial-extractor,2026-06-21 18:56:41.070 +0300,"[2.5285590957857376, 49.484441286393235, 6.457602714635808, 51.505491548376874]",,ok,2.5285590957857376,49.484441286393235,6.457602714635808,51.505491548376874
1309,d0c019a0-5239-46ea-ae23-518f8ac6c086,https://ipi.eprostor.gov.si/wms-si-gurs-ins/SI.MKGP.GERK/ows?service=wms&version=1.3.0&request=GetCapabilities,,,"{""id"": ""57425"", ""bbox"": [13.156452347013044, 45.4003353414981, 16.64681574383942, 46.898964415098156, ""CRS:84""], ""name"": ""RKG_BLOK_GERK"", ""title"": ""RKG_BLOK_GERK"", ""crs3857"": true, ""crs4326"": true, ""abstract"": null, ""keywords"": [""features"", ""INS_LCV_MKGP_GERK""], ""layer_name"": ""RKG_BLOK_GERK"", ""description"": ""RKG_BLOK_GERK"", ""service_type"": ""wms"", ""metadata_urls"": []}",spatial-extractor,2026-06-21 18:56:48.831 +0300,"[13.156452347013044, 45.4003353414981, 16.64681574383942, 46.898964415098156]",CRS:84,ok,13.156452347013044,45.4003353414981,16.64681574383942,46.898964415098156
1330,https://data.inspire.gv.at/b0ab02b4-f172-41fb-ade8-cc3c46b322df,https://inspire.lfrz.gv.at/000806/wms?version=1.3.0&request=GetCapabilities,,,"{""id"": ""68902"", ""bbox"": [9.41, 46.358, 17.181, 49.011, ""CRS:84""], ""name"": ""BORIS_2018"", ""title"": ""BORIS_2018"", ""crs3857"": true, ""crs4326"": true, ""abstract"": ""Das Bodeninformationssystem BORIS stellt harmonisierte Bodenqualitätsdaten zu physikalischen, chemischen und biologischen Bodenkennwerten inklusive Information zu Standorten und Bodenprobenahmestellen sowie Profilen bereit. Es stehen Daten für über 10000 Standorte für ganz Österreich zur Verfügung."", ""keywords"": [""Boden""], ""layer_name"": ""BORIS_2018"", ""description"": ""BORIS_2018"", ""service_type"": ""wms"", ""metadata_urls"": [""https://data.inspire.gv.at/b0ab02b4-f172-41fb-ade8-cc3c46b322df""]}",spatial-extractor,2026-06-21 18:57:31.457 +0300,"[9.41, 46.358, 17.181, 49.011]",CRS:84,ok,9.41,46.358,17.181,49.011
1336,https://data.inspire.gv.at/0095/d09ee341-ed3a-4e48-bb7d-73c7861cb94c,https://inspire.lfrz.gv.at/009501/wms?version=1.3.0&request=GetCapabilities,,,"{""id"": ""69039"", ""bbox"": [9.212353182968585, 46.08231048268711, 17.45260436230758, 49.298386740380934, ""CRS:84""], ""name"": ""inspire_schlaege_2017_point"", ""title"": ""inspire_schlaege_2017_point"", ""crs3857"": true, ""crs4326"": true, ""abstract"": ""Dieser Layer umfasst alle von den AntragstellerInnen erfassten Schlagnutzungen, welche als Grundlage der Förderabwicklung dienen. Ein Schlag ist eine zusammenhängende Fläche eines Feldstücks, die für eine Vegetationsperiode mit nur einer Kultur (Schlagnutzungsart) und einheitlicher Bewirtschaftungsauflage bzw. als ein Landschaftselementetyp gemäß Anlage 1 der Verordnung des zuständigen Bundesministeriums mit horizontalen Regeln für den Bereich der Gemeinsamen Agrarpolitik (Horizontale GAP-Verordnung) StF: BGBl. II Nr. 100/2015 bewirtschaftet oder aber lediglich in gutem landwirtschaftlichen und ökologischen Zustand gemäß Art. 94 der Verordnung (EU) Nr. 1306/2013 erhalten wird und im GIS als Polygon oder als Punkt digitalisiert ist."", ""keywords"": [], ""layer_name"": ""inspire_schlaege_2017_point"", ""description"": ""INVEKOS Schläge 2017 (Point)"", ""service_type"": ""wms"", ""metadata_urls"": [""https://discovery.inspire.gv.at/at.lfrz.discoveryservices/srv/ger/csw?service=CSW&request=GetRecordById&version=2.0.2&outputSchema=http://www.isotc211.org/2005/gmd&ElementSetName=full&id=d09ee341-ed3a-4e48-bb7d-73c7861cb94c""]}",spatial-extractor,2026-06-21 18:57:33.431 +0300,"[9.212353182968585, 46.08231048268711, 17.45260436230758, 49.298386740380934]",CRS:84,ok,9.212353182968585,46.08231048268711,17.45260436230758,49.298386740380934
1353,https://data.inspire.gv.at/3ee31e14-a6ac-4fc6-913a-1a83995aec5a,https://inspire.lfrz.gv.at/009501/wms?version=1.3.0&request=GetCapabilities,,,"{""id"": ""69281"", ""bbox"": [9.406528989424798, 46.36583800700145, 17.21801690784526, 49.02961218147889, ""CRS:84""], ""name"": ""inspire_schlaege_2022_point"", ""title"": ""inspire_schlaege_2022_point"", ""crs3857"": true, ""crs4326"": true, ""abstract"": ""Dieser Layer umfasst alle von den AntragstellerInnen erfassten Schlagnutzungen, welche als Grundlage der Förderabwicklung dienen. Ein Schlag ist eine zusammenhängende Fläche eines Feldstücks, die für eine Vegetationsperiode mit nur einer Kultur (Schlagnutzungsart) und einheitlicher Bewirtschaftungsauflage bzw. als ein Landschaftselementetyp gemäß Anlage 1 der Verordnung des zuständigen Bundesministeriums mit horizontalen Regeln für den Bereich der Gemeinsamen Agrarpolitik (Horizontale GAP-Verordnung) StF: BGBl. II Nr. 100/2015 bewirtschaftet oder aber lediglich in gutem landwirtschaftlichen und ökologischen Zustand gemäß Art. 94 der Verordnung (EU) Nr. 1306/2013 erhalten wird und im GIS als Polygon oder als Punkt digitalisiert ist."", ""keywords"": [], ""layer_name"": ""inspire_schlaege_2022_point"", ""description"": ""inspire_schlaege_2022_point"", ""service_type"": ""wms"", ""metadata_urls"": [""https://discovery.inspire.gv.at/at.lfrz.discoveryservices/srv/ger/csw?service=CSW&request=GetRecordById&version=2.0.2&outputSchema=http%3A%2F%2Fwww.isotc211.org%2F2005%2Fgmd&ElementSetName=full&id=3ee31e14-a6ac-4fc6-913a-1a83995aec5a""]}",spatial-extractor,2026-06-21 18:58:11.351 +0300,"[9.406528989424798, 46.36583800700145, 17.21801690784526, 49.02961218147889]",CRS:84,ok,9.406528989424798,46.36583800700145,17.21801690784526,49.02961218147889
1360,https://data.inspire.gv.at/0095/c2721bd8-b021-4eb4-913a-0d4fac5e372c,https://inspire.lfrz.gv.at/009501/wms?version=1.3.0&request=GetCapabilities,,,"{""id"": ""69392"", ""bbox"": [9.212353182968585, 46.08231048268711, 17.45260436230758, 49.298386740380934, ""CRS:84""], ""name"": ""inspire_referenzen_2016_point"", ""title"": ""inspire_referenzen_2016_point"", ""crs3857"": true, ""crs4326"": true, ""abstract"": ""Der Layer umfasst alle von der Zahlstelle Agrarmarkt Austria festgelegte Referenzparzellen und erfasste Landschaftselemente (Landschaftselementelayers) im Sinne des Art. 5 der Verordnung (EU) Nr. 640/2014 und Verordnung des zuständigen Bundesministeriums mit horizontalen Regeln für den Bereich der Gemeinsamen Agrarpolitik (Horizontale GAP-Verordnung) StF: BGBl. II Nr. 100/2015 Referenzparzelle: ist der physische Block, der als eindeutig nach außen abgrenzbar (zB Wald, Straßen, Gewässer) und durch in der Natur erkennbare, zusammenhängende landwirtschaftlich genutzte Flächen gebildet wird. Landschaftselementelayer: Layer mit den im GIS als Punkt oder Polygon gemäß den Definitionen laut Anlage 1 der Horizontale GAP-Verordnung digitalisierten Landschaftselementen, die sich auf Referenzflächen befinden, an eine solche unmittelbar angrenzen oder in einem Abstand von höchstens 5 m zu einer Referenzfläche liegen."", ""keywords"": [], ""layer_name"": ""inspire_referenzen_2016_point"", ""description"": ""INVEKOS Referenzen 2016 (Point)"", ""service_type"": ""wms"", ""metadata_urls"": [""https://discovery.inspire.gv.at/at.lfrz.discoveryservices/srv/ger/csw?service=CSW&request=GetRecordById&version=2.0.2&outputSchema=http://www.isotc211.org/2005/gmd&ElementSetName=full&id=c2721bd8-b021-4eb4-913a-0d4fac5e372c""]}",spatial-extractor,2026-06-21 18:58:20.507 +0300,"[9.212353182968585, 46.08231048268711, 17.45260436230758, 49.298386740380934]",CRS:84,ok,9.212353182968585,46.08231048268711,17.45260436230758,49.298386740380934
1367,https://data.inspire.gv.at/0095/c5d236f0-6db3-42ec-8d7f-8cc87e179dae,https://inspire.lfrz.gv.at/009501/wms?version=1.3.0&request=GetCapabilities,,,"{""id"": ""69524"", ""bbox"": [9.212353182968585, 46.08231048268711, 17.45260436230758, 49.298386740380934, ""CRS:84""], ""name"": ""inspire_referenzen_2019_point"", ""title"": ""inspire_referenzen_2019_point"", ""crs3857"": true, ""crs4326"": true, ""abstract"": ""Der Layer umfasst alle von der Zahlstelle Agrarmarkt Austria festgelegte Referenzparzellen und erfasste Landschaftselemente (Landschaftselementelayers) im Sinne des Art. 5 der Verordnung (EU) Nr. 640/2014 und Verordnung des zuständigen Bundesministeriums mit horizontalen Regeln für den Bereich der Gemeinsamen Agrarpolitik (Horizontale GAP-Verordnung) StF: BGBl. II Nr. 100/2015 Referenzparzelle: ist der physische Block, der als eindeutig nach außen abgrenzbar (zB Wald, Straßen, Gewässer) und durch in der Natur erkennbare, zusammenhängende landwirtschaftlich genutzte Flächen gebildet wird. Landschaftselementelayer: Layer mit den im GIS als Punkt oder Polygon gemäß den Definitionen laut Anlage 1 der Horizontale GAP-Verordnung digitalisierten Landschaftselementen, die sich auf Referenzflächen befinden, an eine solche unmittelbar angrenzen oder in einem Abstand von höchstens 5 m zu einer Referenzfläche liegen."", ""keywords"": [], ""layer_name"": ""inspire_referenzen_2019_point"", ""description"": ""INVEKOS Referenzen 2019 (Point)"", ""service_type"": ""wms"", ""metadata_urls"": [""https://discovery.inspire.gv.at/at.lfrz.discoveryservices/srv/ger/csw?service=CSW&request=GetRecordById&version=2.0.2&outputSchema=http://www.isotc211.org/2005/gmd&ElementSetName=full&id=c5d236f0-6db3-42ec-8d7f-8cc87e179dae""]}",spatial-extractor,2026-06-21 18:58:28.699 +0300,"[9.212353182968585, 46.08231048268711, 17.45260436230758, 49.298386740380934]",CRS:84,ok,9.212353182968585,46.08231048268711,17.45260436230758,49.298386740380934
1368,https://data.inspire.gv.at/33078dd6-05e0-4263-a464-f35bd1607ecd,https://inspire.lfrz.gv.at/009501/wms?version=1.3.0&request=GetCapabilities,,,"{""id"": ""69557"", ""bbox"": [9.405290334050319, 46.34587807286791, 17.232237933779302, 49.029923179643966, ""CRS:84""], ""name"": ""inspire_feldstuecke_2024-1"", ""title"": ""inspire_feldstuecke_2024-1"", ""crs3857"": true, ""crs4326"": true, ""abstract"": ""Der Layer umfasst alle von den AntragstellerInnen erfassten Feldstücken, welche als Grundlage der Förderabwicklung dienen. Ein Feldstück ist eine im Bundesgebiet gelegene, eindeutig abgrenzbare Bewirtschaftungseinheit eines Betriebsinhabers mit nur einer Nutzungsart gemäß § 16 der Verordnung des zuständigen Bundesministeriums mit horizontalen Regeln für den Bereich der Gemeinsamen Agrarpolitik (Horizontale GAP-Verordnung) StF: BGBl. II Nr. 100/2015, die im Geographischen Informationssystem (GIS) als Polygon digitalisiert ist und aus Schlägen besteht."", ""keywords"": [], ""layer_name"": ""inspire_feldstuecke_2024-1"", ""description"": ""inspire_feldstuecke_2024-1"", ""service_type"": ""wms"", ""metadata_urls"": [""https://discovery.inspire.gv.at/at.lfrz.discoveryservices/srv/ger/csw?service=CSW&request=GetRecordById&version=2.0.2&outputSchema=http%3A%2F%2Fwww.isotc211.org%2F2005%2Fgmd&ElementSetName=full&id=33078dd6-05e0-4263-a464-f35bd1607ecd""]}",spatial-extractor,2026-06-21 18:58:29.192 +0300,"[9.405290334050319, 46.34587807286791, 17.232237933779302, 49.029923179643966]",CRS:84,ok,9.405290334050319,46.34587807286791,17.232237933779302,49.029923179643966
1370,csw,https://service.pdok.nl/tno/bro-wandonderzoek/wms/v1_0?request=getcapabilities&service=WMS,,,"{""id"": ""69697"", ""bbox"": [50.65, 2.3, 56.05, 7.85, ""EPSG:4258""], ""name"": ""BRO SFR kenset"", ""title"": ""Wandonderzoek"", ""crs3857"": true, ""crs4326"": true, ""abstract"": ""Wandonderzoek onderzoekt de bodemkundige opbouw van de ondergrond door een ontgraving. Dit onderzoek wordt voornamelijk ingezet om de toepassing van de bodem te kunnen beoordelen voor landbouw of natuurbeheer."", ""keywords"": [""wandonderzoek""], ""layer_name"": ""wandonderzoek"", ""description"": ""NULL"", ""service_type"": ""wms"", ""metadata_urls"": [""https://www.nationaalgeoregister.nl/geonetwork/srv/dut/csw?service=CSW&version=2.0.2&request=GetRecordById&outputschema=http://www.isotc211.org/2005/gmd&elementsetname=full&id=83b0dfa4-09f3-4d2e-b6a8-9388627b68dc""]}",spatial-extractor,2026-06-21 18:58:31.501 +0300,"[50.65, 2.3, 56.05, 7.85]",EPSG:4258,ok,50.65,2.3,56.05,7.85
1371,csw,https://service.pdok.nl/tno/bro-bodemkundig-booronderzoek/wms/v1_0?Service=WMS&Request=GetCapabilities,,,"{""id"": ""69700"", ""bbox"": [250000.0, -25000.0, 725000.0, 280000.0, ""EPSG:4258""], ""name"": ""BRO BHR-P kenset"", ""title"": ""BHR kenset"", ""crs3857"": true, ""crs4326"": true, ""abstract"": ""Bodemkundig booronderzoek omvat de gegevens die voortkomen uit een bodemkundig georienteerde boring. In veel gevallen bestaat het bodemkundig booronderzoek uit niet meer dan een boormonsterprofiel. In het meest uitgebreide geval omvat het booronderzoek ook de resultaten van boormonsteronderzoek en boorgatmeetgegevens. Het boormonsterprofiel komt tot stand door de samenstelling van de monsters uit een booronderzoek macroscopisch te beschrijven."", ""keywords"": [""grondonderzoek"", ""bodemonderzoek"", ""booronderzoek"", ""bodemkundig boormonsterprofiel"", ""boormonsterprofiel""], ""layer_name"": ""bhr_kenset"", ""description"": ""NULL"", ""service_type"": ""wms"", ""metadata_urls"": [""https://www.nationaalgeoregister.nl/geonetwork/srv/dut/csw?service=CSW&version=2.0.2&request=GetRecordById&outputschema=http://www.isotc211.org/2005/gmd&elementsetname=full&id=562127a6-0381-46b3-9ed7-10e61ec5ecb5""]}",spatial-extractor,2026-06-21 18:58:32.128 +0300,"[250000.0, -25000.0, 725000.0, 280000.0]",EPSG:4258,ok,250000.0,-25000.0,725000.0,280000.0
1372,csw,https://service.pdok.nl/bzk/bodem/bro-wandonderzoek/wms/v1_0?Service=WMS&Request=GetCapabilities,,,"{""id"": ""69703"", ""bbox"": [50.71447164, 2.35417303, 55.66948102, 7.5553525, ""EPSG:4258""], ""name"": ""SO.ObservedSoilProfile"", ""title"": ""BRO - Wandonderzoek (SFR) - Bodem (INSPIRE geharmoniseerd)"", ""crs3857"": true, ""crs4326"": true, ""abstract"": ""Wandonderzoek onderzoekt de bodemkundige opbouw van de ondergrond door een ontgraving. Dit onderzoek wordt voornamelijk ingezet om de toepassing van de bodem te kunnen beoordelen voor landbouw of natuurbeheer."", ""keywords"": [""Bodem"", ""Nationaal"", ""Wandonderzoek"", ""SFR""], ""layer_name"": ""SO.SoilSite"", ""description"": ""NULL"", ""service_type"": ""wms"", ""metadata_urls"": [""https://www.nationaalgeoregister.nl/geonetwork/srv/dut/csw?service=CSW&version=2.0.2&request=GetRecordById&outputschema=http://www.isotc211.org/2005/gmd&elementsetname=full&id=7400a9d7-7bf1-48da-8d81-a38e75723ea5""]}",spatial-extractor,2026-06-21 18:58:35.524 +0300,"[50.71447164, 2.35417303, 55.66948102, 7.5553525]",EPSG:4258,ok,50.71447164,2.35417303,55.66948102,7.5553525
1379,0086CC52-6F67-4393-99BE-7D3AB1B84160,https://services.bgr.de/wms/boden/buek5000/?,,,"{""id"": ""69981"", ""bbox"": [5.463222, 47.173077, 15.484886, 55.07415, ""EPSG:4326""], ""name"": ""0"", ""title"": ""BÜK5000 Version 3.0"", ""crs3857"": true, ""crs4326"": true, ""abstract"": ""Die hier vorliegende Bodenübersichtskarte im Maßstab 1:5.000.000 (BÜK5000) wurde durch eine weitere inhaltliche und räumliche Zusammenfassung aus den Legendeneinheiten der BÜK1000N abgeleitet. Diese Zusammenfassung orientierte sich an den Angaben zu den Bodenausgangsgesteinen und führte zu 20 bodenkundlichen (23) Legendeneinheiten mit Kartenpolygonen von mindestens 64 Quadratkilometern Größe."", ""keywords"": [], ""layer_name"": ""0"", ""description"": ""Die hier vorliegende Bodenübersichtskarte im Maßstab 1:5.000.000 (BÜK5000) wurde durch eine weitere inhaltliche und räumliche Zusammenfassung aus den Legendeneinheiten der BÜK1000N abgeleitet. Diese Zusammenfassung orientierte sich an den Angaben zu den Bodenausgangsgesteinen und führte zu 20 bodenkundlichen (23) Legendeneinheiten mit Kartenpolygonen von mindestens 64 Quadratkilometern Größe."", ""service_type"": ""wms"", ""metadata_urls"": [""https://geoportal.bgr.de/smartfindersdi-csw/api?request=GetRecordById&service=CSW&version=2.0.2&outputSchema=http://www.isotc211.org/2005/gmd&elementSetName=full&id=0086CC52-6F67-4393-99BE-7D3AB1B84160""]}",spatial-extractor,2026-06-21 19:01:11.087 +0300,"[5.463222, 47.173077, 15.484886, 55.07415]",EPSG:4326,ok,5.463222,47.173077,15.484886,55.07415
