id,record_id,url,property,value,metadata,process,date
1,3caab607-66af-40a8-a8ad-f4c2d780dc04,https://data.apps.fao.org/map/gsrv/gsrv1/gsoc/wms?service=WMS&version=1.3.0&request=GetCapabilities,,,"{""id"": ""13"", ""bbox"": null, ""name"": ""gsoc:S_CLAY"", ""title"": null, ""crs3857"": false, ""crs4326"": false, ""abstract"": null, ""keywords"": [], ""layer_name"": null, ""description"": ""Subsoil Clay Fraction"", ""service_type"": ""wms"", ""metadata_urls"": []}",spatial-extractor,2026-06-21 17:58:08.968 +0300
2,r_friuve:m3952-cc-i1443,https://serviziogc.regione.fvg.it/geoserver/CAR_GEO/wms?request=GetCapabilities&service=wms&version=1.3.0,,,"{""id"": ""20"", ""bbox"": null, ""name"": ""NULL"", ""title"": ""GeoServer Web Map Service IRDAT FVG"", ""crs3857"": null, ""crs4326"": null, ""abstract"": ""Service for pubblication of the geographic informations of the region Friuli Venezia Giulia using the WFS OpenGIS standard."", ""keywords"": [], ""layer_name"": null, ""description"": ""NULL"", ""service_type"": ""wms"", ""metadata_urls"": []}",spatial-extractor,2026-06-21 17:58:09.753 +0300
3,r_friuve:m3952-cc-i1443,https://serviziogc.regione.fvg.it/geoserver/CAR_GEO/wfs?request=GetCapabilities&service=wfs&version=2.0.0,,,"{""id"": ""21"", ""bbox"": null, ""name"": ""NULL"", ""title"": null, ""schema"": null, ""crs3857"": false, ""crs4326"": false, ""abstract"": null, ""keywords"": [], ""layer_name"": null, ""description"": ""NULL"", ""service_type"": ""wfs"", ""metadata_urls"": []}",spatial-extractor,2026-06-21 17:58:11.079 +0300
1298,https://hub.agrigis.cz/ID_DatoveSady/AgriculturalAreaId/CZ-48133981-LPIS-AA,https://geoportal.gov.cz/web/guest/map?wmc=http%3A//geoportal.gov.cz/php/wmc/data/678e50ce-f8bc-4bf6-a536-32c575c0a8017c.wmc&wmcaction=overwrite,,,"{""error"": null}",spatial-extractor,2026-06-21 18:56:26.801 +0300
1299,https://hub.agrigis.cz/ID_DatoveSady/AgriculturalAreaId/CZ-48133981-LPIS-AA,https://gis.cenia.cz/geoserver/mze_lpis/wms?SERVICE=WMS&request=GETCapabilities,,,"{""id"": ""57322"", ""bbox"": null, ""name"": ""NULL"", ""title"": ""LPIS České republiky (WMS)"", ""crs3857"": null, ""crs4326"": null, ""abstract"": ""Prohlížecí služba (WMS), která zobrazuje hranice Referenční parcely, Zemědělské plochy, Ekologicky významného prvku a Krajinného prvku."", ""keywords"": [], ""layer_name"": null, ""description"": ""NULL"", ""service_type"": ""wms"", ""metadata_urls"": []}",spatial-extractor,2026-06-21 18:56:31.863 +0300
1300,https://hub.agrigis.cz/ID_DatoveSady/AgriculturalAreaId/CZ-48133981-LPIS-AA,https://gis.cenia.cz/geoserver/mze_lpis/wfs?service=WFS&request=GetCapabilities,,,"{""id"": ""57323"", ""bbox"": null, ""name"": ""NULL"", ""title"": null, ""schema"": null, ""crs3857"": false, ""crs4326"": false, ""abstract"": null, ""keywords"": [], ""layer_name"": null, ""description"": ""NULL"", ""service_type"": ""wfs"", ""metadata_urls"": []}",spatial-extractor,2026-06-21 18:56:32.325 +0300
1320,https://hub.agrigis.cz/ID_Sluzby/CZ-00020478-LPIS-WMS,https://gis.cenia.cz/geoserver/mze_lpis/wms?SERVICE=WMS&request=GETCapabilities,,,"{""id"": ""57515"", ""bbox"": null, ""name"": ""NULL"", ""title"": ""LPIS České republiky (WMS)"", ""crs3857"": null, ""crs4326"": null, ""abstract"": ""Prohlížecí služba (WMS), která zobrazuje hranice Referenční parcely, Zemědělské plochy, Ekologicky významného prvku a Krajinného prvku."", ""keywords"": [], ""layer_name"": null, ""description"": ""NULL"", ""service_type"": ""wms"", ""metadata_urls"": []}",spatial-extractor,2026-06-21 18:57:10.374 +0300
1321,e257b17b-b868-4154-a303-23855f7e9345,http://epub.sjv.se/inspire/inspire/ows?service=WMS&request=GetCapabilities&layer=arslager_block,,,"{""id"": ""57524"", ""bbox"": null, ""name"": ""WMS-tjänst Jordbruksblock"", ""title"": null, ""crs3857"": false, ""crs4326"": false, ""abstract"": null, ""keywords"": [], ""layer_name"": null, ""description"": ""WMS-tjänst Jordbruksblock"", ""service_type"": ""wms"", ""metadata_urls"": []}",spatial-extractor,2026-06-21 18:57:10.797 +0300
4,9868c7d1-ac45-41f3-83e2-791deb26a3b8,https://wms.inspire.geoportail.lu/geoserver/so/wms?SERVICE=WMS&service=WMS&version=1.3.0&request=GetCapabilities,,,"{""error"": ""Could not open file with GDAL (unsupported format or inaccessible)""}",spatial-extractor,2026-06-21 18:03:49.074 +0300
14,37aaa10d-50bd-431e-b924-209c2e88b9d7,https://www.dov.vlaanderen.be/geoserver/organische_koolstof/wms?SERVICE=WMS&version=1.3.0&request=GetCapabilities,,,"{""id"": ""57"", ""bbox"": [2.53862, 49.48526, 6.40387, 51.50544, ""CRS:84""], ""name"": ""carbon_1000"", ""title"": ""Soil Organic Carbon Stock Maps for Belgium: mean (1 km grid)"", ""crs3857"": true, ""crs4326"": true, ""abstract"": ""The Belgian soil organic carbon (SOC) stock map for topsoils (0-30 cm) was composed of 2 regional SOC stock maps. For the regional maps a different approach was used for agricultural land as compared to forest. The maps are based on digital soil mapping approaches using empirical models calibrated to predict the SOC stock and using covariates that are available at a sufficient resolution at the regional scale. All maps are strongly dependent on the Belgian Soil Map (texture and drainage parameters). The regional maps were compiled at a finer resolution (10m x 10m and 40m x 40m grid cells). Next they were joined (40m x 40m grid cells) and finally scaled up to the required 1 by 1 km grid cells. This was done using the following tools: block statistics (mean), mosaic to new raster (mean), project to raster, block statistics (mean), resample (nearest neighbour) and project raster.\r\nGiven the different origin of the individual maps, the uncertainty varies between maps. For instance, a map of the 90% confidence interval of the SOC stocks was produced for agricultural soils in Wallonia based on a Monte Carlo Approach taking into account both the measurement and the model uncertainties. For Flemish forest soils, spatial and analytical uncertainties were taken into account using bootstrapping techniques. For Flemish agricultural soils, the uncertainty reported is the model uncertainty on point estimates for each data point, in which the estimated model parameters are simulated 1000 times as being independent normal distributed variables using their model estimation and standard error as distribution parameters. No additional uncertainty is taken into account for the conversion functions that use the stochastic variables \""bulk density\"".\r\nThe SOC stock maps are the first comprehensive map for Belgium integrating grasslands, croplands and forests. There are two versions of the SOC stock maps for Belgium: 1) resolution of 40m x 40m in the coordinate reference system Lambert72 and 2) resolution of 1km x 1km in the coordinate reference system WGS84. The metadata are available and allow assessing the uncertainties of the stock estimates in the different component maps."", ""keywords"": [""Bodem"", ""ondergrond"", ""landbouw"", ""koolstof"", ""totaal aan organische koolstof"", ""grasland"", ""akker"", ""bos"", ""bos"", ""Regionaal"", ""Herbruikbaar"", ""Kosteloos"", ""Vlaamse Open data"", ""Toegevoegd GDI-Vl"", ""Metadata GDI-Vl-conform"", ""Metadata INSPIRE-conform"", ""Lijst M&R INSPIRE"", ""DOV"", ""Vlaanderen"", ""Ondergrond"", ""Databank Ondergrond Vlaanderen"", ""Departement Omgeving"", ""Aardobservatie en milieu"", ""Bodem"", ""HVD""], ""layer_name"": ""carbon_1000"", ""description"": ""WMS-capabilities Soil Organic Carbon Stock Maps for Belgium: mean (1 km grid)"", ""service_type"": ""wms"", ""metadata_urls"": [""https://www.dov.vlaanderen.be/geonetwork#/metadata/37aaa10d-50bd-431e-b924-209c2e88b9d7"", ""https://www.dov.vlaanderen.be/geonetwork/srv/dut/csw?Service=CSW&Request=GetRecordById&Version=2.0.2&outputSchema=http://www.isotc211.org/2005/gmd&elementSetName=full&id=37aaa10d-50bd-431e-b924-209c2e88b9d7""]}",spatial-extractor,2026-06-21 18:04:19.926 +0300
15,37aaa10d-50bd-431e-b924-209c2e88b9d7,https://www.dov.vlaanderen.be/geoserver/organische_koolstof/wms?SERVICE=WMS&version=1.3.0&request=GetMap,,,"{""id"": ""59"", ""bbox"": [2.53862, 49.48526, 6.40387, 51.50544, ""CRS:84""], ""name"": ""carbon_1000"", ""title"": ""Soil Organic Carbon Stock Maps for Belgium: mean (1 km grid)"", ""crs3857"": true, ""crs4326"": true, ""abstract"": ""The Belgian soil organic carbon (SOC) stock map for topsoils (0-30 cm) was composed of 2 regional SOC stock maps. For the regional maps a different approach was used for agricultural land as compared to forest. The maps are based on digital soil mapping approaches using empirical models calibrated to predict the SOC stock and using covariates that are available at a sufficient resolution at the regional scale. All maps are strongly dependent on the Belgian Soil Map (texture and drainage parameters). The regional maps were compiled at a finer resolution (10m x 10m and 40m x 40m grid cells). Next they were joined (40m x 40m grid cells) and finally scaled up to the required 1 by 1 km grid cells. This was done using the following tools: block statistics (mean), mosaic to new raster (mean), project to raster, block statistics (mean), resample (nearest neighbour) and project raster.\r\nGiven the different origin of the individual maps, the uncertainty varies between maps. For instance, a map of the 90% confidence interval of the SOC stocks was produced for agricultural soils in Wallonia based on a Monte Carlo Approach taking into account both the measurement and the model uncertainties. For Flemish forest soils, spatial and analytical uncertainties were taken into account using bootstrapping techniques. For Flemish agricultural soils, the uncertainty reported is the model uncertainty on point estimates for each data point, in which the estimated model parameters are simulated 1000 times as being independent normal distributed variables using their model estimation and standard error as distribution parameters. No additional uncertainty is taken into account for the conversion functions that use the stochastic variables \""bulk density\"".\r\nThe SOC stock maps are the first comprehensive map for Belgium integrating grasslands, croplands and forests. There are two versions of the SOC stock maps for Belgium: 1) resolution of 40m x 40m in the coordinate reference system Lambert72 and 2) resolution of 1km x 1km in the coordinate reference system WGS84. The metadata are available and allow assessing the uncertainties of the stock estimates in the different component maps."", ""keywords"": [""Bodem"", ""ondergrond"", ""landbouw"", ""koolstof"", ""totaal aan organische koolstof"", ""grasland"", ""akker"", ""bos"", ""bos"", ""Regionaal"", ""Herbruikbaar"", ""Kosteloos"", ""Vlaamse Open data"", ""Toegevoegd GDI-Vl"", ""Metadata GDI-Vl-conform"", ""Metadata INSPIRE-conform"", ""Lijst M&R INSPIRE"", ""DOV"", ""Vlaanderen"", ""Ondergrond"", ""Databank Ondergrond Vlaanderen"", ""Departement Omgeving"", ""Aardobservatie en milieu"", ""Bodem"", ""HVD""], ""layer_name"": ""carbon_1000"", ""description"": ""WMS-map Soil Organic Carbon Stock Maps for Belgium: mean (1 km grid)"", ""service_type"": ""wms"", ""metadata_urls"": [""https://www.dov.vlaanderen.be/geonetwork#/metadata/37aaa10d-50bd-431e-b924-209c2e88b9d7"", ""https://www.dov.vlaanderen.be/geonetwork/srv/dut/csw?Service=CSW&Request=GetRecordById&Version=2.0.2&outputSchema=http://www.isotc211.org/2005/gmd&elementSetName=full&id=37aaa10d-50bd-431e-b924-209c2e88b9d7""]}",spatial-extractor,2026-06-21 18:04:21.017 +0300
16,37aaa10d-50bd-431e-b924-209c2e88b9d7,https://www.dov.vlaanderen.be/geoserver/organische_koolstof/wms?,,,"{""id"": ""60"", ""bbox"": [2.53862, 49.48526, 6.40387, 51.50544, ""CRS:84""], ""name"": ""carbon_1000"", ""title"": ""Soil Organic Carbon Stock Maps for Belgium: mean (1 km grid)"", ""crs3857"": true, ""crs4326"": true, ""abstract"": ""The Belgian soil organic carbon (SOC) stock map for topsoils (0-30 cm) was composed of 2 regional SOC stock maps. For the regional maps a different approach was used for agricultural land as compared to forest. The maps are based on digital soil mapping approaches using empirical models calibrated to predict the SOC stock and using covariates that are available at a sufficient resolution at the regional scale. All maps are strongly dependent on the Belgian Soil Map (texture and drainage parameters). The regional maps were compiled at a finer resolution (10m x 10m and 40m x 40m grid cells). Next they were joined (40m x 40m grid cells) and finally scaled up to the required 1 by 1 km grid cells. This was done using the following tools: block statistics (mean), mosaic to new raster (mean), project to raster, block statistics (mean), resample (nearest neighbour) and project raster.\r\nGiven the different origin of the individual maps, the uncertainty varies between maps. For instance, a map of the 90% confidence interval of the SOC stocks was produced for agricultural soils in Wallonia based on a Monte Carlo Approach taking into account both the measurement and the model uncertainties. For Flemish forest soils, spatial and analytical uncertainties were taken into account using bootstrapping techniques. For Flemish agricultural soils, the uncertainty reported is the model uncertainty on point estimates for each data point, in which the estimated model parameters are simulated 1000 times as being independent normal distributed variables using their model estimation and standard error as distribution parameters. No additional uncertainty is taken into account for the conversion functions that use the stochastic variables \""bulk density\"".\r\nThe SOC stock maps are the first comprehensive map for Belgium integrating grasslands, croplands and forests. There are two versions of the SOC stock maps for Belgium: 1) resolution of 40m x 40m in the coordinate reference system Lambert72 and 2) resolution of 1km x 1km in the coordinate reference system WGS84. The metadata are available and allow assessing the uncertainties of the stock estimates in the different component maps."", ""keywords"": [""Bodem"", ""ondergrond"", ""landbouw"", ""koolstof"", ""totaal aan organische koolstof"", ""grasland"", ""akker"", ""bos"", ""bos"", ""Regionaal"", ""Herbruikbaar"", ""Kosteloos"", ""Vlaamse Open data"", ""Toegevoegd GDI-Vl"", ""Metadata GDI-Vl-conform"", ""Metadata INSPIRE-conform"", ""Lijst M&R INSPIRE"", ""DOV"", ""Vlaanderen"", ""Ondergrond"", ""Databank Ondergrond Vlaanderen"", ""Departement Omgeving"", ""Aardobservatie en milieu"", ""Bodem"", ""HVD""], ""layer_name"": ""carbon_1000"", ""description"": ""WMS-endpoint Soil Organic Carbon Stock Maps for Belgium: mean (1 km grid)"", ""service_type"": ""wms"", ""metadata_urls"": [""https://www.dov.vlaanderen.be/geonetwork#/metadata/37aaa10d-50bd-431e-b924-209c2e88b9d7"", ""https://www.dov.vlaanderen.be/geonetwork/srv/dut/csw?Service=CSW&Request=GetRecordById&Version=2.0.2&outputSchema=http://www.isotc211.org/2005/gmd&elementSetName=full&id=37aaa10d-50bd-431e-b924-209c2e88b9d7""]}",spatial-extractor,2026-06-21 18:04:22.112 +0300
17,37aaa10d-50bd-431e-b924-209c2e88b9d7,https://www.dov.vlaanderen.be/geoserver/organische_koolstof/wcs?SERVICE=WCS&version=1.1.1&request=GetCapabilities,,,"{""id"": ""61"", ""bbox"": null, ""name"": ""organische_koolstof:carbon_1000"", ""title"": ""Soil Organic Carbon Stock Maps for Belgium: mean (1 km grid)"", ""abstract"": ""The Belgian soil organic carbon (SOC) stock map for topsoils (0-30 cm) was composed of 2 regional SOC stock maps. For the regional maps a different approach was used for agricultural land as compared to forest. The maps are based on digital soil mapping approaches using empirical models calibrated to predict the SOC stock and using covariates that are available at a sufficient resolution at the regional scale. All maps are strongly dependent on the Belgian Soil Map (texture and drainage parameters). The regional maps were compiled at a finer resolution (10m x 10m and 40m x 40m grid cells). Next they were joined (40m x 40m grid cells) and finally scaled up to the required 1 by 1 km grid cells. This was done using the following tools: block statistics (mean), mosaic to new raster (mean), project to raster, block statistics (mean), resample (nearest neighbour) and project raster.\r\nGiven the different origin of the individual maps, the uncertainty varies between maps. For instance, a map of the 90% confidence interval of the SOC stocks was produced for agricultural soils in Wallonia based on a Monte Carlo Approach taking into account both the measurement and the model uncertainties. For Flemish forest soils, spatial and analytical uncertainties were taken into account using bootstrapping techniques. For Flemish agricultural soils, the uncertainty reported is the model uncertainty on point estimates for each data point, in which the estimated model parameters are simulated 1000 times as being independent normal distributed variables using their model estimation and standard error as distribution parameters. No additional uncertainty is taken into account for the conversion functions that use the stochastic variables \""bulk density\"".\r\nThe SOC stock maps are the first comprehensive map for Belgium integrating grasslands, croplands and forests. There are two versions of the SOC stock maps for Belgium: 1) resolution of 40m x 40m in the coordinate reference system Lambert72 and 2) resolution of 1km x 1km in the coordinate reference system WGS84. The metadata are available and allow assessing the uncertainties of the stock estimates in the different component maps."", ""keywords"": [""Bodem"", ""ondergrond"", ""landbouw"", ""koolstof"", ""totaal aan organische koolstof"", ""grasland"", ""akker"", ""bos"", ""bos"", ""Regionaal"", ""Herbruikbaar"", ""Kosteloos"", ""Vlaamse Open data"", ""Toegevoegd GDI-Vl"", ""Metadata GDI-Vl-conform"", ""Metadata INSPIRE-conform"", ""Lijst M&R INSPIRE"", ""DOV"", ""Vlaanderen"", ""Ondergrond"", ""Databank Ondergrond Vlaanderen"", ""Departement Omgeving"", ""Aardobservatie en milieu"", ""Bodem"", ""HVD""], ""layer_name"": ""organische_koolstof:carbon_1000"", ""description"": ""WCS-capabilities Soil Organic Carbon Stock Maps for Belgium: mean (1 km grid)"", ""service_type"": ""wcs"", ""metadata_urls"": []}",spatial-extractor,2026-06-21 18:04:22.691 +0300
18,37aaa10d-50bd-431e-b924-209c2e88b9d7,https://www.dov.vlaanderen.be/geoserver/organische_koolstof/wcs?SERVICE=WCS&version=1.1.1&request=GetCoverage,,,"{""id"": ""62"", ""bbox"": null, ""name"": ""carbon_1000"", ""title"": null, ""abstract"": null, ""keywords"": [], ""layer_name"": null, ""description"": ""WCS-coverage Soil Organic Carbon Stock Maps for Belgium: mean (1 km grid)"", ""service_type"": ""wcs"", ""metadata_urls"": []}",spatial-extractor,2026-06-21 18:04:24.896 +0300
19,37aaa10d-50bd-431e-b924-209c2e88b9d7,https://www.dov.vlaanderen.be/geoserver/organische_koolstof/wcs?,,,"{""error"": null}",spatial-extractor,2026-06-21 18:04:27.557 +0300
20,37aaa10d-50bd-431e-b924-209c2e88b9d7,https://www.dov.vlaanderen.be/geoserver/organische_koolstof/wms?layers=carbon_1000,,,"{""id"": ""65"", ""bbox"": [2.53862, 49.48526, 6.40387, 51.50544, ""CRS:84""], ""name"": ""carbon_1000"", ""title"": ""Soil Organic Carbon Stock Maps for Belgium: mean (1 km grid)"", ""crs3857"": true, ""crs4326"": true, ""abstract"": ""The Belgian soil organic carbon (SOC) stock map for topsoils (0-30 cm) was composed of 2 regional SOC stock maps. For the regional maps a different approach was used for agricultural land as compared to forest. The maps are based on digital soil mapping approaches using empirical models calibrated to predict the SOC stock and using covariates that are available at a sufficient resolution at the regional scale. All maps are strongly dependent on the Belgian Soil Map (texture and drainage parameters). The regional maps were compiled at a finer resolution (10m x 10m and 40m x 40m grid cells). Next they were joined (40m x 40m grid cells) and finally scaled up to the required 1 by 1 km grid cells. This was done using the following tools: block statistics (mean), mosaic to new raster (mean), project to raster, block statistics (mean), resample (nearest neighbour) and project raster.\r\nGiven the different origin of the individual maps, the uncertainty varies between maps. For instance, a map of the 90% confidence interval of the SOC stocks was produced for agricultural soils in Wallonia based on a Monte Carlo Approach taking into account both the measurement and the model uncertainties. For Flemish forest soils, spatial and analytical uncertainties were taken into account using bootstrapping techniques. For Flemish agricultural soils, the uncertainty reported is the model uncertainty on point estimates for each data point, in which the estimated model parameters are simulated 1000 times as being independent normal distributed variables using their model estimation and standard error as distribution parameters. No additional uncertainty is taken into account for the conversion functions that use the stochastic variables \""bulk density\"".\r\nThe SOC stock maps are the first comprehensive map for Belgium integrating grasslands, croplands and forests. There are two versions of the SOC stock maps for Belgium: 1) resolution of 40m x 40m in the coordinate reference system Lambert72 and 2) resolution of 1km x 1km in the coordinate reference system WGS84. The metadata are available and allow assessing the uncertainties of the stock estimates in the different component maps."", ""keywords"": [""Bodem"", ""ondergrond"", ""landbouw"", ""koolstof"", ""totaal aan organische koolstof"", ""grasland"", ""akker"", ""bos"", ""bos"", ""Regionaal"", ""Herbruikbaar"", ""Kosteloos"", ""Vlaamse Open data"", ""Toegevoegd GDI-Vl"", ""Metadata GDI-Vl-conform"", ""Metadata INSPIRE-conform"", ""Lijst M&R INSPIRE"", ""DOV"", ""Vlaanderen"", ""Ondergrond"", ""Databank Ondergrond Vlaanderen"", ""Departement Omgeving"", ""Aardobservatie en milieu"", ""Bodem"", ""HVD""], ""layer_name"": ""carbon_1000"", ""description"": ""The Belgian soil organic carbon (SOC) stock map for topsoils (0-30 cm) was composed of 2 regional SOC stock maps. For the regional maps a different approach was used for agricultural land as compared to forest. The maps are based on digital soil mapping approaches using empirical models calibrated to predict the SOC stock and using covariates that are available at a sufficient resolution at the regional scale. All maps are strongly dependent on the Belgian Soil Map (texture and drainage parameters). The regional maps were compiled at a finer resolution (10m x 10m and 40m x 40m grid cells). Next they were joined (40m x 40m grid cells) and finally scaled up to the required 1 by 1 km grid cells. This was done using the following tools: block statistics (mean), mosaic to new raster (mean), project to raster, block statistics (mean), resample (nearest neighbour) and project raster.\nGiven the different origin of the individual maps, the uncertainty varies between maps. For instance, a map of the 90% confidence interval of the SOC stocks was produced for agricultural soils in Wallonia based on a Monte Carlo Approach taking into account both the measurement and the model uncertainties. For Flemish forest soils, spatial and analytical uncertainties were taken into account using bootstrapping techniques. For Flemish agricultural soils, the uncertainty reported is the model uncertainty on point estimates for each data point, in which the estimated model parameters are simulated 1000 times as being independent normal distributed variables using their model estimation and standard error as distribution parameters. No additional uncertainty is taken into account for the conversion functions that use the stochastic variables \""bulk density\"".\nThe SOC stock maps are the first comprehensive map for Belgium integrating grasslands, croplands and forests. There are two versions of the SOC stock maps for Belgium: 1) resolution of 40m x 40m in the coordinate reference system Lambert72 and 2) resolution of 1km x 1km in the coordinate reference system WGS84. The metadata are available and allow assessing the uncertainties of the stock estimates in the different component maps."", ""service_type"": ""wms"", ""metadata_urls"": [""https://www.dov.vlaanderen.be/geonetwork#/metadata/37aaa10d-50bd-431e-b924-209c2e88b9d7"", ""https://www.dov.vlaanderen.be/geonetwork/srv/dut/csw?Service=CSW&Request=GetRecordById&Version=2.0.2&outputSchema=http://www.isotc211.org/2005/gmd&elementSetName=full&id=37aaa10d-50bd-431e-b924-209c2e88b9d7""]}",spatial-extractor,2026-06-21 18:04:29.242 +0300
21,562127a6-0381-46b3-9ed7-10e61ec5ecb5,https://service.pdok.nl/bzk/brobhrpkenset/wms/v1_0?Service=WMS&Request=GetCapabilities,,,"{""id"": ""110"", ""bbox"": [250000.0, -25000.0, 725000.0, 280000.0, ""EPSG:4258""], ""name"": ""BRO BHR-P kenset"", ""title"": ""BHR kenset"", ""crs3857"": true, ""crs4326"": true, ""abstract"": ""Bodemkundig booronderzoek omvat de gegevens die voortkomen uit een bodemkundig georienteerde boring. In veel gevallen bestaat het bodemkundig booronderzoek uit niet meer dan een boormonsterprofiel. In het meest uitgebreide geval omvat het booronderzoek ook de resultaten van boormonsteronderzoek en boorgatmeetgegevens. Het boormonsterprofiel komt tot stand door de samenstelling van de monsters uit een booronderzoek macroscopisch te beschrijven."", ""keywords"": [""grondonderzoek"", ""bodemonderzoek"", ""booronderzoek"", ""bodemkundig boormonsterprofiel"", ""boormonsterprofiel""], ""layer_name"": ""bhr_kenset"", ""description"": ""NULL"", ""service_type"": ""wms"", ""metadata_urls"": [""https://www.nationaalgeoregister.nl/geonetwork/srv/dut/csw?service=CSW&version=2.0.2&request=GetRecordById&outputschema=http://www.isotc211.org/2005/gmd&elementsetname=full&id=562127a6-0381-46b3-9ed7-10e61ec5ecb5""]}",spatial-extractor,2026-06-21 18:04:30.026 +0300
22,9876d351-7476-4a39-b45d-cd41e98a4325,https://wms.mapama.gob.es/sig/Biodiversidad/INESErosionLaminarRaster/wms.aspx,,,"{""error"": ""Could not open file with GDAL (unsupported format or inaccessible)""}",spatial-extractor,2026-06-21 18:04:31.806 +0300
23,9b4b203a-36bb-444e-b86a-dfa609e5a5d5,https://wms.mapama.gob.es/sig/Biodiversidad/INESMovimientosMasa/wms.aspx,,,"{""error"": ""Could not open file with GDAL (unsupported format or inaccessible)""}",spatial-extractor,2026-06-21 18:04:35.410 +0300
24,fao-species-map-wtr,http://www.fao.org/fishery/geoserver/species/ows?SERVICE=WMS,,,"{""error"": ""Could not open file with GDAL (unsupported format or inaccessible)""}",spatial-extractor,2026-06-21 18:04:36.393 +0300
25,0c568272-5117-492f-b6dc-e37b5a0458df,https://data.apps.fao.org/map/gsrv/gsrv1/gsoc/wms?service=WMS&version=1.3.0&request=GetCapabilities,,,"{""id"": ""169"", ""bbox"": null, ""name"": ""gsoc:T_GRAVEL"", ""title"": null, ""crs3857"": false, ""crs4326"": false, ""abstract"": null, ""keywords"": [], ""layer_name"": null, ""description"": ""Topsoil Gravel Content"", ""service_type"": ""wms"", ""metadata_urls"": []}",spatial-extractor,2026-06-21 18:04:37.877 +0300
26,0dca7ab8-56f6-4f88-9681-b03db079810b,https://io.apps.fao.org/geoserver/wms,,,"{""error"": null}",spatial-extractor,2026-06-21 18:04:38.820 +0300
27,R_SARDEG:7a7ee722-5fea-4334-b37c-ae5a4765140d,https://webgis.regione.sardegna.it/geoserverraster/ows?service=wms&version=1.3.0&request=GetCapabilities,,,"{""id"": ""178"", ""bbox"": [8.123221407489151, 38.8575334017114, 9.83863322278139, 41.31383633815107, ""CRS:84""], ""name"": ""NULL"", ""title"": ""DTM 10m ombre rev01"", ""crs3857"": true, ""crs4326"": true, ""abstract"": ""Il dato contiene le informazioni sulla ombreggiatura del DTM 10m Altimetria, derivante dai dati altimetrici della CTR, dei DTM passo 1 m interpolati e delle geometrie poligonali dello strato 04 dell'idrografia dei DBGT 10k"", ""keywords"": [""DTM_10M_OMBRE_REV01"", ""WCS"", ""GeoTIFF""], ""layer_name"": ""raster:DTM_10M_OMBRE_REV01"", ""description"": ""NULL"", ""service_type"": ""wms"", ""metadata_urls"": [""https://webgis2.regione.sardegna.it/geonetwork/srv/ita/catalog.search#/metadata/R_SARDEG:7a7ee722-5fea-4334-b37c-ae5a4765140d""]}",spatial-extractor,2026-06-21 18:04:39.737 +0300
28,DAT-14-en,https://image.discomap.eea.europa.eu/arcgis/services/GioLandPublic/HRL_ImperviousnessChange_12_15/MapServer/WMSServer?request=GetCapabilities&service=WMS,,,"{""id"": ""184"", ""bbox"": null, ""name"": ""NULL"", ""title"": ""HRL_ImperviousnessChange_12_15"", ""crs3857"": null, ""crs4326"": null, ""abstract"": ""100 metre resolution degree (-100 to +100% per pixel) of change in imperviousness (man made surfaces) between 2012 - 2015"", ""keywords"": [], ""layer_name"": null, ""description"": ""NULL"", ""service_type"": ""wms"", ""metadata_urls"": []}",spatial-extractor,2026-06-21 18:04:40.774 +0300
29,DAT-14-en,https://image.discomap.eea.europa.eu/arcgis/services/GioLandPublic/HRL_BuiltUp_2018/ImageServer/WMSServer?request=GetCapabilities&service=WMS,,,"{""id"": ""192"", ""bbox"": null, ""name"": ""NULL"", ""title"": ""HRL_BuiltUp_2018"", ""crs3857"": null, ""crs4326"": null, ""abstract"": ""High Resolution Layer 2018, Impervious Built-up (IBU) status layer 2018 010m. Web service native projection is web mercator (EPSG:3857)"", ""keywords"": [], ""layer_name"": null, ""description"": ""NULL"", ""service_type"": ""wms"", ""metadata_urls"": []}",spatial-extractor,2026-06-21 18:04:41.830 +0300
30,eea_r_3035_100_m_imd-2015-acc_p_2014-2016_v01_r03,https://land.discomap.eea.europa.eu/arcgis/services/Imperviousness/sealed2015/ImageServer/WMSServer?request=GetCapabilities&service=WMS,,,"{""id"": ""206"", ""bbox"": null, ""name"": ""NULL"", ""title"": ""WMS"", ""crs3857"": null, ""crs4326"": null, ""abstract"": ""WMS"", ""keywords"": [], ""layer_name"": null, ""description"": ""NULL"", ""service_type"": ""wms"", ""metadata_urls"": []}",spatial-extractor,2026-06-21 18:04:42.574 +0300
31,DAT-237-en,https://image.discomap.eea.europa.eu/arcgis/services/DownloadLayers/HRL_SWF_2015_DL/MapServer/WMSServer?service=WMS&request=GetCapabilities&version=1.3.0,,,"{""id"": ""223"", ""bbox"": [-61.80958, -21.389853, 55.836628, 71.185417, ""CRS:84""], ""name"": ""0"", ""title"": ""SWF_2015_DownloadLayer_WM"", ""crs3857"": true, ""crs4326"": true, ""abstract"": null, ""keywords"": [], ""layer_name"": ""0"", ""description"": ""SWF_2015_DownloadLayer_WM"", ""service_type"": ""wms"", ""metadata_urls"": []}",spatial-extractor,2026-06-21 18:04:43.425 +0300
32,DAT-14-en,https://image.discomap.eea.europa.eu/arcgis/services/GioLandPublic/HRL_ImperviousnessChange_15_18/ImageServer/WMSServer?request=GetCapabilities&service=WMS,,,"{""id"": ""253"", ""bbox"": null, ""name"": ""NULL"", ""title"": ""HRL_ImperviousnessChange_15_18"", ""crs3857"": null, ""crs4326"": null, ""abstract"": ""High Resolution Layer 2018, Imperviousness Change (IMC) status layer 2015-2018 020m. Web service native projection is web mercator (EPSG:3857)"", ""keywords"": [], ""layer_name"": null, ""description"": ""NULL"", ""service_type"": ""wms"", ""metadata_urls"": []}",spatial-extractor,2026-06-21 18:04:44.164 +0300
33,a66f61a2-fdfa-41a1-b14b-8a26fe869bc1,https://data.apps.fao.org/map/gsrv/gsrv1/gsoc/wms?service=WMS&version=1.3.0&request=GetCapabilities,,,"{""id"": ""260"", ""bbox"": null, ""name"": ""gsoc:S_REF_BULK"", ""title"": null, ""crs3857"": false, ""crs4326"": false, ""abstract"": null, ""keywords"": [], ""layer_name"": null, ""description"": ""Subsoil Reference Bulk Density"", ""service_type"": ""wms"", ""metadata_urls"": []}",spatial-extractor,2026-06-21 18:04:44.905 +0300
34,bcc9b3cd-9b30-4d3a-9990-db7d32ff842f,https://data.apps.fao.org/map/gsrv/gsrv1/water_accounting/wms,,,"{""id"": ""277"", ""bbox"": [34.399305537147995, 29.399305570520006, 37.000496013172, 33.700892871832, ""CRS:84""], ""name"": ""topsoil_jordan"", ""title"": ""topsoil_jordan"", ""crs3857"": true, ""crs4326"": true, ""abstract"": null, ""keywords"": [""topsoil_jordan"", ""WCS"", ""GeoTIFF""], ""layer_name"": ""topsoil_jordan"", ""description"": ""Saturated Soil Water Content (Jordan River Basin - 100m)"", ""service_type"": ""wms"", ""metadata_urls"": []}",spatial-extractor,2026-06-21 18:04:45.963 +0300
35,e33c04ee-4f0a-464d-9d59-7a90fbe13896,https://resource.sgu.se/service/wms/inspire/SO-Markgeokemi-atlas,,,"{""id"": ""288"", ""bbox"": null, ""name"": ""Inspire View Services"", ""title"": null, ""crs3857"": false, ""crs4326"": false, ""abstract"": null, ""keywords"": [], ""layer_name"": null, ""description"": ""Inspire view service"", ""service_type"": ""wms"", ""metadata_urls"": []}",spatial-extractor,2026-06-21 18:04:46.565 +0300
36,fao-fsa-map-47.2.2,http://www.fao.org/fishery/geoserver/fsa/ows?SERVICE=WMS,,,"{""error"": null}",spatial-extractor,2026-06-21 18:04:47.815 +0300
37,r_friuve:m3986-cc-i4021,https://serviziogc.regione.fvg.it/geoserver/CAR_GEO/wfs?request=GetCapabilities&service=wfs&version=2.0.0,,,"{""id"": ""307"", ""bbox"": null, ""name"": ""NULL"", ""title"": null, ""schema"": null, ""crs3857"": false, ""crs4326"": false, ""abstract"": null, ""keywords"": [], ""layer_name"": null, ""description"": ""NULL"", ""service_type"": ""wfs"", ""metadata_urls"": []}",spatial-extractor,2026-06-21 18:04:48.371 +0300
38,r_friuve:m3986-cc-i4021,https://serviziogc.regione.fvg.it/geoserver/CAR_GEO/wms?request=GetCapabilities&service=wms&version=1.3.0,,,"{""id"": ""308"", ""bbox"": null, ""name"": ""NULL"", ""title"": ""GeoServer Web Map Service IRDAT FVG"", ""crs3857"": null, ""crs4326"": null, ""abstract"": ""Service for pubblication of the geographic informations of the region Friuli Venezia Giulia using the WFS OpenGIS standard."", ""keywords"": [], ""layer_name"": null, ""description"": ""NULL"", ""service_type"": ""wms"", ""metadata_urls"": []}",spatial-extractor,2026-06-21 18:04:49.500 +0300
39,DAT-14-en,https://image.discomap.eea.europa.eu/arcgis/services/GioLandPublic/HRL_ImperviousnessClassifiedChange_06_09/MapServer/WMSServer?request=GetCapabilities&service=WMS,,,"{""id"": ""333"", ""bbox"": null, ""name"": ""NULL"", ""title"": ""HRL_ImperviousnessClassifiedChange_06_09"", ""crs3857"": null, ""crs4326"": null, ""abstract"": ""Mapping of classified change in imperviousness (man made surfaces) between 2012 - 2015 in 20 meter resolution."", ""keywords"": [], ""layer_name"": null, ""description"": ""NULL"", ""service_type"": ""wms"", ""metadata_urls"": []}",spatial-extractor,2026-06-21 18:04:50.444 +0300
40,fao-fsa-map-87.2,http://www.fao.org/fishery/geoserver/fsa/ows?SERVICE=WMS,,,"{""error"": null}",spatial-extractor,2026-06-21 18:04:51.372 +0300
41,fao-species-map-rng,http://www.fao.org/fishery/geoserver/species/ows?SERVICE=WMS,,,"{""error"": ""Could not open file with GDAL (unsupported format or inaccessible)""}",spatial-extractor,2026-06-21 18:04:51.860 +0300
42,r_friuve:m3967-cc-i1468,https://serviziogc.regione.fvg.it/geoserver/CAR_GEO/wfs?request=GetCapabilities&service=wfs&version=2.0.0,,,"{""id"": ""363"", ""bbox"": null, ""name"": ""NULL"", ""title"": null, ""schema"": null, ""crs3857"": false, ""crs4326"": false, ""abstract"": null, ""keywords"": [], ""layer_name"": null, ""description"": ""NULL"", ""service_type"": ""wfs"", ""metadata_urls"": []}",spatial-extractor,2026-06-21 18:04:52.483 +0300
43,r_friuve:m3967-cc-i1468,https://serviziogc.regione.fvg.it/geoserver/CAR_GEO/wms?request=GetCapabilities&service=wms&version=1.3.0,,,"{""id"": ""364"", ""bbox"": null, ""name"": ""NULL"", ""title"": ""GeoServer Web Map Service IRDAT FVG"", ""crs3857"": null, ""crs4326"": null, ""abstract"": ""Service for pubblication of the geographic informations of the region Friuli Venezia Giulia using the WFS OpenGIS standard."", ""keywords"": [], ""layer_name"": null, ""description"": ""NULL"", ""service_type"": ""wms"", ""metadata_urls"": []}",spatial-extractor,2026-06-21 18:04:53.526 +0300
44,Carbone-organique-dans-l'horizon-de-surface,http://ws.geoportail.lu/250k,,,"{""error"": null}",spatial-extractor,2026-06-21 18:04:54.439 +0300
45,Carte-des-sols-125000,http://ws.geoportail.lu/250k,,,"{""error"": null}",spatial-extractor,2026-06-21 18:04:55.093 +0300
46,eea_r_3035_1_km_clc-forest-cover-gain-eu_p_2000-2006_v01_r00,https://forest.discomap.eea.europa.eu/arcgis/services/Forest_Ch_CLC/Forest_cover_gain_CLC_00_06/MapServer/WMSServer?request=GetCapabilities&service=WMS,,,"{""id"": ""393"", ""bbox"": null, ""name"": ""NULL"", ""title"": ""WMS"", ""crs3857"": null, ""crs4326"": null, ""abstract"": ""WMS"", ""keywords"": [], ""layer_name"": null, ""description"": ""NULL"", ""service_type"": ""wms"", ""metadata_urls"": []}",spatial-extractor,2026-06-21 18:04:55.763 +0300
47,5785e221-1784-4713-a109-3fe2c0a80153,http://geoportal.gov.cz/arcgis/services/projekty/NIKM/MapServer/WmsServer?SERVICE=WMS&REQUEST=GetCapabilities,,,"{""error"": null}",spatial-extractor,2026-06-21 18:05:05.146 +0300
49,758c03b2-b740-8cea-8c8b-0c2639ea0f86,https://geoportal.saarland.de/mapbender/php/wms.php?inspire=1&layer_id=38011&withChilds=1&REQUEST=GetCapabilities&SERVICE=WMS,,,"{""error"": ""Could not open file with GDAL (unsupported format or inaccessible)""}",spatial-extractor,2026-06-21 18:05:14.459 +0300
50,cbb08d27-4933-4537-a154-9b1f4f1d6fc6,https://io.apps.fao.org/geoserver/wms/WATER/K3_ET/v2?service=WMS&version=1.3.0&request=GetCapabilities,,,"{""error"": null}",spatial-extractor,2026-06-21 18:05:16.828 +0300
51,09da4e4e-dd3f-4e5a-8ee8-a7e484ee5640,https://maps.isric.org/mapserv?map=/map/gyga.map,,,"{""error"": ""Request timeout""}",spatial-extractor,2026-06-21 18:05:17.633 +0300
52,21f3a653-6422-4bbd-8937-5a29477620fe,https://data.apps.fao.org/map/gsrv/gsrv1/gsoc/wms?service=WMS&version=1.3.0&request=GetCapabilities,,,"{""id"": ""375"", ""bbox"": null, ""name"": ""gsoc:ISSOIL"", ""title"": null, ""crs3857"": false, ""crs4326"": false, ""abstract"": null, ""keywords"": [], ""layer_name"": null, ""description"": ""Soil or non-Soil Unit"", ""service_type"": ""wms"", ""metadata_urls"": []}",spatial-extractor,2026-06-21 18:05:27.775 +0300
53,2f99e108-183c-11e9-aba8-a0481ca9e724,https://maps.isric.org/mapserv?map=/map/wosis_latest.map,,,"{""error"": ""Request timeout""}",spatial-extractor,2026-06-21 18:05:28.471 +0300
54,fao-fsa-map-87.1.21,http://www.fao.org/fishery/geoserver/fsa/ows?SERVICE=WMS,,,"{""error"": null}",spatial-extractor,2026-06-21 18:05:38.774 +0300
55,r_friuve:m4004-cc-i4086,https://serviziogc.regione.fvg.it/geoserver/CAR_GEO/wms?request=GetCapabilities&service=wms&version=1.3.0,,,"{""id"": ""422"", ""bbox"": null, ""name"": ""NULL"", ""title"": ""GeoServer Web Map Service IRDAT FVG"", ""crs3857"": null, ""crs4326"": null, ""abstract"": ""Service for pubblication of the geographic informations of the region Friuli Venezia Giulia using the WFS OpenGIS standard."", ""keywords"": [], ""layer_name"": null, ""description"": ""NULL"", ""service_type"": ""wms"", ""metadata_urls"": []}",spatial-extractor,2026-06-21 18:05:39.317 +0300
56,r_friuve:m4004-cc-i4086,https://serviziogc.regione.fvg.it/geoserver/CAR_GEO/wfs?request=GetCapabilities&service=wfs&version=2.0.0,,,"{""id"": ""423"", ""bbox"": null, ""name"": ""NULL"", ""title"": null, ""schema"": null, ""crs3857"": false, ""crs4326"": false, ""abstract"": null, ""keywords"": [], ""layer_name"": null, ""description"": ""NULL"", ""service_type"": ""wfs"", ""metadata_urls"": []}",spatial-extractor,2026-06-21 18:05:40.168 +0300
57,28a900a9-28a2-415e-b08d-d5d3e89deb03,https://data.apps.fao.org/map/gsrv/gsrv1/gsoc/wms?service=WMS&version=1.3.0&request=GetCapabilities,,,"{""id"": ""425"", ""bbox"": null, ""name"": ""gsoc:S_PH_H2O"", ""title"": null, ""crs3857"": false, ""crs4326"": false, ""abstract"": null, ""keywords"": [], ""layer_name"": null, ""description"": ""Subsoil pH (H2O)"", ""service_type"": ""wms"", ""metadata_urls"": []}",spatial-extractor,2026-06-21 18:05:41.311 +0300
58,eea_r_3035_1_k_soilbiodiv-potential_p_2000_v01_r00,https://land.discomap.eea.europa.eu/arcgis/services/Land/SoilBiodiversityPotential/MapServer/WMSServer?request=GetCapabilities&service=WMS,,,"{""id"": ""442"", ""bbox"": [-56.505142, 24.282837, 72.906158, 72.66441, ""CRS:84""], ""name"": ""0"", ""title"": ""Soil biodiversity potential"", ""crs3857"": true, ""crs4326"": true, ""abstract"": ""The dataset illustrates the potential of soils to serve as a soil biodiversity pool. The potential is expressed as an indexed value from 1 (lowest potential) to 10 (highest potential).\nThe potentials of soil biodiversity throughout Europe have been assessed and mapped by using critical thresholds of the selected variables (e.g. soil PH, texture, land cover among others) that potentially affect the conditions of soils for biodiversity and thus soil biodiversity levels. The dataset has been validated with existing data on soil biodiversity of different projects throughout Europe"", ""keywords"": [], ""layer_name"": ""0"", ""description"": ""Soil biodiversity potential"", ""service_type"": ""wms"", ""metadata_urls"": []}",spatial-extractor,2026-06-21 18:05:42.099 +0300
59,fao-fsa-map-21.5.z.c,http://www.fao.org/fishery/geoserver/fsa/ows?SERVICE=WMS,,,"{""error"": null}",spatial-extractor,2026-06-21 18:05:48.124 +0300
60,fao-species-map-apu,http://www.fao.org/fishery/geoserver/species/ows?SERVICE=WMS,,,"{""error"": ""Could not open file with GDAL (unsupported format or inaccessible)""}",spatial-extractor,2026-06-21 18:05:48.676 +0300
61,https://www.dov.vlaanderen.be/geonetwork/srv/metadata/64e8a11d-5602-4ad5-b370-e4d396fe218f,https://www.dov.vlaanderen.be/geoserver/bodemkaart_afgeleid/wfs?,,,"{""error"": null}",spatial-extractor,2026-06-21 18:05:48.983 +0300
88,3d9638-3043-507b-bd62-8cb982a96e6a,https://agroenvgeo.data.inra.fr/geoserver/gissol_bdat/wms?,,,"{""error"": ""Cannot connect to host agroenvgeo.data.inra.fr:443 ssl:default [getaddrinfo failed]""}",spatial-extractor,2026-06-21 18:06:51.321 +0300
89,2951378c-ccbe-4955-930d-2aeca095cd17,https://io.apps.fao.org/geoserver/wms/WAPOR_2/L3_ODN_NPP_M/v2?service=WMS&version=1.3.0&request=GetCapabilities,,,"{""error"": null}",spatial-extractor,2026-06-21 18:06:53.139 +0300
90,075d04be-4b56-4c1a-a17a-6684b3b3b41e,https://io.apps.fao.org/geoserver/wms/WAPOR_2/L3_SED_NPP_D/v2?service=WMS&version=1.3.0&request=GetCapabilities,,,"{""error"": null}",spatial-extractor,2026-06-21 18:06:53.954 +0300
62,https://www.dov.vlaanderen.be/geonetwork/srv/metadata/64e8a11d-5602-4ad5-b370-e4d396fe218f,https://www.dov.vlaanderen.be/geoserver/bodemkaart_afgeleid/wms?SERVICE=WMS&version=1.3.0&request=GetCapabilities,,,"{""id"": ""504"", ""bbox"": [2.5284053051840685, 50.67257954128071, 5.935714799682381, 51.505972208811166, ""CRS:84""], ""name"": ""wrb_250000"", ""title"": ""WRB Reference Soil Groups 250k: Bodemkaart van het Vlaamse Gewest volgens het internationale bodemclassificatiesysteem World Reference Base op schaal 1:250.000"", ""crs3857"": true, ""crs4326"": true, ""abstract"": ""Voor het Vlaamse Gewest werd de Belgische bodemkaart omgezet naar WRB-2014, de 3de editie van het internationaal bodemclassificatiesysteem World Reference Base. Het resultaat ziet u in de kaartlaag ‘WRB Soil Units 40k: Bodemkaart van het Vlaamse Gewest volgens het internationale bodemclassificatiesysteem World Reference Base op schaal 1:40.000’. De kaartlaag op schaal 250.000 is een generalisatie van deze kaartlaag op schaal 1:40.000. De gegeneraliseerde kaartlaag bevat de dominante (meest voorkomende) Reference Soil Group (RSG) en de bijhorende Principal Qualifiers (PQ) en twee geassocieerde RSG’s met hun PQ’s (tweede en derde meest voorkomend) per kaarteenheid."", ""keywords"": [""Bodem"", ""ondergrond"", ""Regionaal"", ""Herbruikbaar"", ""Kosteloos"", ""Vlaamse Open data"", ""Toegevoegd GDI-Vl"", ""Metadata GDI-Vl-conform"", ""Metadata INSPIRE-conform"", ""DOV"", ""Vlaanderen"", ""Ondergrond"", ""Databank Ondergrond Vlaanderen"", ""Departement Omgeving"", ""Reference Soil Group"", ""Principal Qualifiers"", ""DOV_PATHNAME@001#DOV:010#Bodem:020#Bodemkaarten:030#Bodemkaart volgens WRB:020#"", ""DOV_EXPERTISE@Bodem""], ""layer_name"": ""wrb_250000"", ""description"": ""WMS-capabilities WRB Reference Soil Groups 250k: Bodemkaart van het Vlaamse Gewest volgens het internationale bodemclassificatiesysteem World Reference Base op schaal 1:250.000"", ""service_type"": ""wms"", ""metadata_urls"": [""https://www.dov.vlaanderen.be/geonetwork#/metadata/64e8a11d-5602-4ad5-b370-e4d396fe218f"", ""https://www.dov.vlaanderen.be/geonetwork/srv/dut/csw?Service=CSW&Request=GetRecordById&Version=2.0.2&outputSchema=http://www.isotc211.org/2005/gmd&elementSetName=full&id=64e8a11d-5602-4ad5-b370-e4d396fe218f""]}",spatial-extractor,2026-06-21 18:05:52.996 +0300
63,https://www.dov.vlaanderen.be/geonetwork/srv/metadata/64e8a11d-5602-4ad5-b370-e4d396fe218f,https://www.dov.vlaanderen.be/geoserver/bodemkaart_afgeleid/wms?SERVICE=WMS&version=1.3.0&request=GetMap,,,"{""id"": ""506"", ""bbox"": [2.5284053051840685, 50.67257954128071, 5.935714799682381, 51.505972208811166, ""CRS:84""], ""name"": ""wrb_250000"", ""title"": ""WRB Reference Soil Groups 250k: Bodemkaart van het Vlaamse Gewest volgens het internationale bodemclassificatiesysteem World Reference Base op schaal 1:250.000"", ""crs3857"": true, ""crs4326"": true, ""abstract"": ""Voor het Vlaamse Gewest werd de Belgische bodemkaart omgezet naar WRB-2014, de 3de editie van het internationaal bodemclassificatiesysteem World Reference Base. Het resultaat ziet u in de kaartlaag ‘WRB Soil Units 40k: Bodemkaart van het Vlaamse Gewest volgens het internationale bodemclassificatiesysteem World Reference Base op schaal 1:40.000’. De kaartlaag op schaal 250.000 is een generalisatie van deze kaartlaag op schaal 1:40.000. De gegeneraliseerde kaartlaag bevat de dominante (meest voorkomende) Reference Soil Group (RSG) en de bijhorende Principal Qualifiers (PQ) en twee geassocieerde RSG’s met hun PQ’s (tweede en derde meest voorkomend) per kaarteenheid."", ""keywords"": [""Bodem"", ""ondergrond"", ""Regionaal"", ""Herbruikbaar"", ""Kosteloos"", ""Vlaamse Open data"", ""Toegevoegd GDI-Vl"", ""Metadata GDI-Vl-conform"", ""Metadata INSPIRE-conform"", ""DOV"", ""Vlaanderen"", ""Ondergrond"", ""Databank Ondergrond Vlaanderen"", ""Departement Omgeving"", ""Reference Soil Group"", ""Principal Qualifiers"", ""DOV_PATHNAME@001#DOV:010#Bodem:020#Bodemkaarten:030#Bodemkaart volgens WRB:020#"", ""DOV_EXPERTISE@Bodem""], ""layer_name"": ""wrb_250000"", ""description"": ""WMS-map WRB Reference Soil Groups 250k: Bodemkaart van het Vlaamse Gewest volgens het internationale bodemclassificatiesysteem World Reference Base op schaal 1:250.000"", ""service_type"": ""wms"", ""metadata_urls"": [""https://www.dov.vlaanderen.be/geonetwork#/metadata/64e8a11d-5602-4ad5-b370-e4d396fe218f"", ""https://www.dov.vlaanderen.be/geonetwork/srv/dut/csw?Service=CSW&Request=GetRecordById&Version=2.0.2&outputSchema=http://www.isotc211.org/2005/gmd&elementSetName=full&id=64e8a11d-5602-4ad5-b370-e4d396fe218f""]}",spatial-extractor,2026-06-21 18:05:54.031 +0300
64,https://www.dov.vlaanderen.be/geonetwork/srv/metadata/64e8a11d-5602-4ad5-b370-e4d396fe218f,https://www.dov.vlaanderen.be/geoserver/bodemkaart_afgeleid/wms?,,,"{""id"": ""507"", ""bbox"": [2.5284053051840685, 50.67257954128071, 5.935714799682381, 51.505972208811166, ""CRS:84""], ""name"": ""wrb_250000"", ""title"": ""WRB Reference Soil Groups 250k: Bodemkaart van het Vlaamse Gewest volgens het internationale bodemclassificatiesysteem World Reference Base op schaal 1:250.000"", ""crs3857"": true, ""crs4326"": true, ""abstract"": ""Voor het Vlaamse Gewest werd de Belgische bodemkaart omgezet naar WRB-2014, de 3de editie van het internationaal bodemclassificatiesysteem World Reference Base. Het resultaat ziet u in de kaartlaag ‘WRB Soil Units 40k: Bodemkaart van het Vlaamse Gewest volgens het internationale bodemclassificatiesysteem World Reference Base op schaal 1:40.000’. De kaartlaag op schaal 250.000 is een generalisatie van deze kaartlaag op schaal 1:40.000. De gegeneraliseerde kaartlaag bevat de dominante (meest voorkomende) Reference Soil Group (RSG) en de bijhorende Principal Qualifiers (PQ) en twee geassocieerde RSG’s met hun PQ’s (tweede en derde meest voorkomend) per kaarteenheid."", ""keywords"": [""Bodem"", ""ondergrond"", ""Regionaal"", ""Herbruikbaar"", ""Kosteloos"", ""Vlaamse Open data"", ""Toegevoegd GDI-Vl"", ""Metadata GDI-Vl-conform"", ""Metadata INSPIRE-conform"", ""DOV"", ""Vlaanderen"", ""Ondergrond"", ""Databank Ondergrond Vlaanderen"", ""Departement Omgeving"", ""Reference Soil Group"", ""Principal Qualifiers"", ""DOV_PATHNAME@001#DOV:010#Bodem:020#Bodemkaarten:030#Bodemkaart volgens WRB:020#"", ""DOV_EXPERTISE@Bodem""], ""layer_name"": ""wrb_250000"", ""description"": ""WMS-endpoint WRB Reference Soil Groups 250k: Bodemkaart van het Vlaamse Gewest volgens het internationale bodemclassificatiesysteem World Reference Base op schaal 1:250.000"", ""service_type"": ""wms"", ""metadata_urls"": [""https://www.dov.vlaanderen.be/geonetwork#/metadata/64e8a11d-5602-4ad5-b370-e4d396fe218f"", ""https://www.dov.vlaanderen.be/geonetwork/srv/dut/csw?Service=CSW&Request=GetRecordById&Version=2.0.2&outputSchema=http://www.isotc211.org/2005/gmd&elementSetName=full&id=64e8a11d-5602-4ad5-b370-e4d396fe218f""]}",spatial-extractor,2026-06-21 18:05:55.331 +0300
65,https://www.dov.vlaanderen.be/geonetwork/srv/metadata/64e8a11d-5602-4ad5-b370-e4d396fe218f,https://www.dov.vlaanderen.be/geoserver/bodemkaart_afgeleid/wfs?SERVICE=WFS&version=2.0.0&request=GetFeature&count=1&typeName=wrb_250000,,,"{""id"": ""508"", ""bbox"": null, ""name"": ""wrb_250000"", ""title"": null, ""schema"": null, ""crs3857"": false, ""crs4326"": false, ""abstract"": null, ""keywords"": [], ""layer_name"": null, ""description"": ""WFS-feature WRB Reference Soil Groups 250k: Bodemkaart van het Vlaamse Gewest volgens het internationale bodemclassificatiesysteem World Reference Base op schaal 1:250.000"", ""service_type"": ""wfs"", ""metadata_urls"": []}",spatial-extractor,2026-06-21 18:05:55.914 +0300
66,eea_v_3035_1_km_heavy-metals-agri-soil_p_2008-2019_v01_r00,https://land.discomap.eea.europa.eu/arcgis/services/Agriculture/concentrations_of_heavy_metals_in_EU_agricultural_soils/MapServer/WMSServer?request=GetCapabilities&service=WMS,,,"{""id"": ""517"", ""bbox"": null, ""name"": ""NULL"", ""title"": ""ETC_ULS_concentrations_of_heavy_metals_in_EU_agricultural_soils"", ""crs3857"": null, ""crs4326"": null, ""abstract"": ""WMS"", ""keywords"": [], ""layer_name"": null, ""description"": ""NULL"", ""service_type"": ""wms"", ""metadata_urls"": []}",spatial-extractor,2026-06-21 18:05:57.489 +0300
67,7730e747-eb73-49c9-bfe6-84ebae718743,https://data.apps.fao.org/map/gsrv/gsrv1/gsoc/wms,,,"{""id"": ""531"", ""bbox"": null, ""name"": ""gsoc:GSOCmap1.5.0"", ""title"": null, ""crs3857"": false, ""crs4326"": false, ""abstract"": null, ""keywords"": [], ""layer_name"": null, ""description"": ""Global Soil Organic Carbon Map"", ""service_type"": ""wms"", ""metadata_urls"": []}",spatial-extractor,2026-06-21 18:06:00.961 +0300
68,602772dd-0112-494e-b49f-54973d99e700,https://io.apps.fao.org/geoserver/wms/WATER/K4_BF/v2?service=WMS&version=1.3.0&request=GetCapabilities,,,"{""error"": null}",spatial-extractor,2026-06-21 18:06:01.605 +0300
91,1f462050-8c95-41cd-be29-854ae0059251,https://io.apps.fao.org/geoserver/wms/WAPOR_2/L3_KOG_E_D/v2?service=WMS&version=1.3.0&request=GetCapabilities,,,"{""error"": null}",spatial-extractor,2026-06-21 18:06:54.831 +0300
92,DAT-137-en,https://bio.discomap.eea.europa.eu/arcgis/services/EUNIS/Mosaic_Vegetated/ImageServer/WMSServer?request=GetCapabilities&service=WMS,,,"{""id"": ""1010"", ""bbox"": null, ""name"": ""NULL"", ""title"": ""WMS"", ""crs3857"": null, ""crs4326"": null, ""abstract"": ""WMS"", ""keywords"": [], ""layer_name"": null, ""description"": ""NULL"", ""service_type"": ""wms"", ""metadata_urls"": []}",spatial-extractor,2026-06-21 18:06:55.640 +0300
93,DAT-14-en,https://image.discomap.eea.europa.eu/arcgis/services/GioLandPublic/HRL_ImperviousnessDensity_2009/MapServer/WMSServer?request=GetCapabilities&service=WMS,,,"{""id"": ""1060"", ""bbox"": [-56.505142, 24.284177, 72.906137, 72.66441, ""CRS:84""], ""name"": ""0"", ""title"": ""Imperviousness density 2009"", ""crs3857"": true, ""crs4326"": true, ""abstract"": null, ""keywords"": [], ""layer_name"": ""0"", ""description"": ""Imperviousness density 2009"", ""service_type"": ""wms"", ""metadata_urls"": []}",spatial-extractor,2026-06-21 18:06:57.473 +0300
94,410d5762-20a9-4694-8867-beac87f00e9e,https://io.apps.fao.org/gismgr/api/v1/RICCAR/VHS/wms?service=WMS&VERSION=1.1.1&request=GetCapabilities,,,"{""error"": null}",spatial-extractor,2026-06-21 18:06:58.278 +0300
69,7891e711-df3b-44df-bc35-81c3856a7efc,https://service.pdok.nl/bzk/bodem/bro-bodemkundig-booronderzoek/wms/v1_0?Service=WMS&Request=GetCapabilities,,,"{""id"": ""546"", ""bbox"": [50.71447164, 2.35417303, 55.66948102, 7.5553525, ""EPSG:4258""], ""name"": ""SO.ObservedSoilProfile"", ""title"": ""Observed Soil Profile"", ""crs3857"": true, ""crs4326"": true, ""abstract"": ""Deze dataset bevat de naar INSPIRE thema Bodem geharmoniseerde gegevens over een bodemkundig booronderzoek, die voortkomen uit een bodemkundig georienteerde boring. In veel gevallen bestaat het bodemkundig booronderzoek uit niet meer dan een boormonsterprofiel. In het meest uitgebreide geval omvat het booronderzoek ook de resultaten van boormonsteronderzoek en boorgatmeetgegevens. Het boormonsterprofiel komt tot stand door de samenstelling van de monsters uit een booronderzoek macroscopisch te beschrijven."", ""keywords"": [""Bodem"", ""Nationaal"", ""Bodemkunde"", ""Bodemonderzoek"", ""Bodemprofiel"", ""Boorprofiel"", ""Booronderzoek"", ""Grondonderzoek"", ""soil plot"", ""soil plot location"", ""bore hole"", ""boring"", ""bore hole location"", ""soil profile"", ""profile"", ""soil profile location"", ""trial pit"", ""trial pit location"", ""soil pit""], ""layer_name"": ""SO.ObservedSoilProfile"", ""description"": ""NULL"", ""service_type"": ""wms"", ""metadata_urls"": [""https://www.nationaalgeoregister.nl/geonetwork/srv/dut/csw?service=CSW&version=2.0.2&request=GetRecordById&outputschema=http://www.isotc211.org/2005/gmd&elementsetname=full&id=7891e711-df3b-44df-bc35-81c3856a7efc""]}",spatial-extractor,2026-06-21 18:06:02.389 +0300
70,78ac310f-7911-445b-b29a-19ccd3343f56,https://gislocal.md/geoserver/apl/wfs,,,"{""error"": null}",spatial-extractor,2026-06-21 18:06:02.988 +0300
71,eea_r_3035_1_km_imperviousness-layer_p_2018_v01_r00,https://land.discomap.eea.europa.eu/arcgis/services/Imperviousness/Imperviousness2018v2024/MapServer/WMSServer?request=GetCapabilities&service=WMS,,,"{""id"": ""573"", ""bbox"": null, ""name"": ""NULL"", ""title"": ""WMS"", ""crs3857"": null, ""crs4326"": null, ""abstract"": ""WMS"", ""keywords"": [], ""layer_name"": null, ""description"": ""NULL"", ""service_type"": ""wms"", ""metadata_urls"": []}",spatial-extractor,2026-06-21 18:06:04.275 +0300
72,83b0dfa4-09f3-4d2e-b6a8-9388627b68dc,https://service.pdok.nl/bzk/bro-wandonderzoek/wms/v1_0?Service=WMS&Request=GetCapabilities,,,"{""id"": ""588"", ""bbox"": [50.65, 2.3, 56.05, 7.85, ""EPSG:4258""], ""name"": ""BRO SFR kenset"", ""title"": ""Wandonderzoek"", ""crs3857"": true, ""crs4326"": true, ""abstract"": ""Wandonderzoek onderzoekt de bodemkundige opbouw van de ondergrond door een ontgraving. Dit onderzoek wordt voornamelijk ingezet om de toepassing van de bodem te kunnen beoordelen voor landbouw of natuurbeheer."", ""keywords"": [""wandonderzoek""], ""layer_name"": ""wandonderzoek"", ""description"": ""NULL"", ""service_type"": ""wms"", ""metadata_urls"": [""https://www.nationaalgeoregister.nl/geonetwork/srv/dut/csw?service=CSW&version=2.0.2&request=GetRecordById&outputschema=http://www.isotc211.org/2005/gmd&elementsetname=full&id=83b0dfa4-09f3-4d2e-b6a8-9388627b68dc""]}",spatial-extractor,2026-06-21 18:06:05.109 +0300
73,eea_v_3035_100_m_eni-clc-2018_p_2017-2019_v01_r00,https://image.discomap.eea.europa.eu/arcgis/services/ENI_CLC_Pilot/ENI_CLC_Pilot_2018_WM/MapServer/WMSServer?request=GetCapabilities&service=WMS,,,"{""id"": ""595"", ""bbox"": null, ""name"": ""WMS Web Map Service"", ""title"": null, ""crs3857"": false, ""crs4326"": false, ""abstract"": null, ""keywords"": [], ""layer_name"": null, ""description"": ""NULL"", ""service_type"": ""wms"", ""metadata_urls"": []}",spatial-extractor,2026-06-21 18:06:06.063 +0300
74,fao-species-map-rks,http://www.fao.org/fishery/geoserver/species/ows?SERVICE=WMS,,,"{""error"": ""Could not open file with GDAL (unsupported format or inaccessible)""}",spatial-extractor,2026-06-21 18:06:19.287 +0300
75,8d6bcb8c-f146-4a68-a819-8f59394f5d5b,https://wms.mapama.gob.es/sig/Biodiversidad/INESErosionCauces/wms.aspx,,,"{""error"": ""Could not open file with GDAL (unsupported format or inaccessible)""}",spatial-extractor,2026-06-21 18:06:19.599 +0300
76,WRB-Reference-Soil-Groups-250k,https://www.dov.vlaanderen.be/geoserver/wfs?SERVICE=WFS&version=1.1.0&request=GetFeature,,,"{""id"": ""645"", ""bbox"": null, ""name"": ""WFS"", ""title"": null, ""schema"": null, ""crs3857"": false, ""crs4326"": false, ""abstract"": null, ""keywords"": [], ""layer_name"": null, ""description"": ""NULL"", ""service_type"": ""wfs"", ""metadata_urls"": []}",spatial-extractor,2026-06-21 18:06:20.656 +0300
77,f6370904-e1ac-49be-b874-e400170d3769,https://wms.mapama.gob.es/sig/Biodiversidad/INESErosionCauces/wms.aspx,,,"{""error"": ""Could not open file with GDAL (unsupported format or inaccessible)""}",spatial-extractor,2026-06-21 18:06:23.689 +0300
78,bbe45de0-88fd-11da-a88f-000d939bc5d8,https://data.apps.fao.org/map/gsrv/gsrv1/geonetwork/wms?styles=geonetwork_crops_3845_style,,,"{""id"": ""693"", ""bbox"": null, ""name"": ""geonetwork:crops_3845"", ""title"": null, ""crs3857"": false, ""crs4326"": false, ""abstract"": null, ""keywords"": [], ""layer_name"": null, ""description"": ""Potential for agricolture by-products as feed and fertiliser inputs"", ""service_type"": ""wms"", ""metadata_urls"": []}",spatial-extractor,2026-06-21 18:06:24.258 +0300
79,fd3fc7ff-07d3-477a-a905-c46dbecc9dcc,https://io.apps.fao.org/geoserver/wms/GAEZ_V4/LR_SOI2/v2?service=WMS&version=1.3.0&request=GetCapabilities,,,"{""error"": null}",spatial-extractor,2026-06-21 18:06:25.435 +0300
80,fao-fsa-map-34.1.32,http://www.fao.org/fishery/geoserver/fsa/ows?SERVICE=WMS,,,"{""error"": null}",spatial-extractor,2026-06-21 18:06:26.246 +0300
81,0b644920-ff5e-4aac-a124-8b478bda606c,https://geoservices.wallonie.be/arcgis/services/SOL_SOUS_SOL/CARBIOSOL/MapServer/WMSServer?request=GetCapabilities&service=WMS,,,"{""id"": ""726"", ""bbox"": null, ""name"": ""Service de visualisation WMS"", ""title"": null, ""crs3857"": false, ""crs4326"": false, ""abstract"": null, ""keywords"": [], ""layer_name"": null, ""description"": ""Adresse de connexion au service de visualisation WMS de la couche de données CARBIOSOL - Incertitudes des Teneurs en Carbone organique total - période 2004-2014"", ""service_type"": ""wms"", ""metadata_urls"": []}",spatial-extractor,2026-06-21 18:06:26.882 +0300
82,0b644920-ff5e-4aac-a124-8b478bda606c,https://geoservices.wallonie.be/INSPIRE/WMS/SO/MapServer/WMSServer?request=GetCapabilities&service=WMS,,,"{""error"": null}",spatial-extractor,2026-06-21 18:06:28.650 +0300
83,3baa29ae-2803-443c-bc0b-8ba1444c21fd,https://io.apps.fao.org/geoserver/wms/WATER/AWA_ETRAIN/v2?service=WMS&version=1.3.0&request=GetCapabilities,,,"{""error"": null}",spatial-extractor,2026-06-21 18:06:29.894 +0300
84,ARLPA_TO:07.09.03_AD_2012-03-05-11:00,https://webgis.arpa.piemonte.it/ags/services/rischi_naturali/PS_SqueeSAR_Radarsat/MapServer/WFSServer?request=GetCapabilities&service=WFS,,,"{""id"": ""745"", ""bbox"": null, ""name"": ""NULL"", ""title"": null, ""schema"": null, ""crs3857"": false, ""crs4326"": false, ""abstract"": null, ""keywords"": [], ""layer_name"": null, ""description"": ""NULL"", ""service_type"": ""wfs"", ""metadata_urls"": []}",spatial-extractor,2026-06-21 18:06:30.680 +0300
85,697ff99d-7cf2-495e-849d-a8d94212d615,https://io.apps.fao.org/geoserver/wms/WAPOR_2/L3_LAM_NPP_M/v2?service=WMS&version=1.3.0&request=GetCapabilities,,,"{""error"": null}",spatial-extractor,2026-06-21 18:06:31.817 +0300
86,bd053730-88fd-11da-a88f-000d939bc5d8,http://geonetwork.fao.org/ows/8,,,"{""error"": null}",spatial-extractor,2026-06-21 18:06:32.631 +0300
87,fao-species-map-bah,http://www.fao.org/fishery/geoserver/species/ows?SERVICE=WMS,,,"{""error"": ""Could not open file with GDAL (unsupported format or inaccessible)""}",spatial-extractor,2026-06-21 18:06:51.026 +0300
95,410d5762-20a9-4694-8867-beac87f00e9e,https://io.apps.fao.org/geoserver/wms,,,"{""error"": null}",spatial-extractor,2026-06-21 18:06:59.183 +0300
96,r_friuve:m3956-cc-i1451,https://serviziogc.regione.fvg.it/geoserver/CAR_GEO/wfs?request=GetCapabilities&service=wfs&version=2.0.0,,,"{""id"": ""1103"", ""bbox"": null, ""name"": ""NULL"", ""title"": null, ""schema"": null, ""crs3857"": false, ""crs4326"": false, ""abstract"": null, ""keywords"": [], ""layer_name"": null, ""description"": ""NULL"", ""service_type"": ""wfs"", ""metadata_urls"": []}",spatial-extractor,2026-06-21 18:07:00.145 +0300
97,r_friuve:m3956-cc-i1451,https://serviziogc.regione.fvg.it/geoserver/CAR_GEO/wms?request=GetCapabilities&service=wms&version=1.3.0,,,"{""id"": ""1104"", ""bbox"": null, ""name"": ""NULL"", ""title"": ""GeoServer Web Map Service IRDAT FVG"", ""crs3857"": null, ""crs4326"": null, ""abstract"": ""Service for pubblication of the geographic informations of the region Friuli Venezia Giulia using the WFS OpenGIS standard."", ""keywords"": [], ""layer_name"": null, ""description"": ""NULL"", ""service_type"": ""wms"", ""metadata_urls"": []}",spatial-extractor,2026-06-21 18:07:01.010 +0300
98,54a707a1-32ce-40c6-84bd-02d1e0e405cf,https://io.apps.fao.org/geoserver/wms/WAPOR_2/L3_BUS_NPP_D/v2?service=WMS&version=1.3.0&request=GetCapabilities,,,"{""error"": null}",spatial-extractor,2026-06-21 18:07:11.717 +0300
99,DAT-14-en,https://image.discomap.eea.europa.eu/arcgis/services/GioLandPublic/HRL_ImperviousnessClassifiedChange_15_18/ImageServer/WMSServer?request=GetCapabilities&service=WMS,,,"{""id"": ""1127"", ""bbox"": null, ""name"": ""NULL"", ""title"": ""HRL_ImperviousnessClassifiedChange_15_18"", ""crs3857"": null, ""crs4326"": null, ""abstract"": ""High Resolution Layer 2018, Imperviousness Classiied Change (IMCC) layer 2015-2018 020m. Web service native projection is web mercator (EPSG:3857)"", ""keywords"": [], ""layer_name"": null, ""description"": ""NULL"", ""service_type"": ""wms"", ""metadata_urls"": []}",spatial-extractor,2026-06-21 18:07:13.437 +0300
100,86fcbd00-3eff-4375-956b-afa202dd10f9,https://io.apps.fao.org/geoserver/wms/WATER/K3_PERCO/v2?service=WMS&version=1.3.0&request=GetCapabilities,,,"{""error"": null}",spatial-extractor,2026-06-21 18:07:14.185 +0300
101,ffa182a0-241d-4cb3-bd1f-a6d256125a55,https://io.apps.fao.org/geoserver/wms/GAEZ_V4/RES01_WDE/v2?service=WMS&version=1.3.0&request=GetCapabilities,,,"{""error"": null}",spatial-extractor,2026-06-21 18:07:15.139 +0300
102,daa7c719-2ce6-457d-97da-8868175032c5,https://agroenvgeo.data.inra.fr/geoserver/gissol_rmqs/wms?,,,"{""error"": ""Cannot connect to host agroenvgeo.data.inra.fr:443 ssl:default [getaddrinfo failed]""}",spatial-extractor,2026-06-21 18:07:15.972 +0300
103,r_lombar:9f3daa68-02ab-451c-9de0-7ab8581c976c,https://www.cartografia.servizirl.it/arcgis1/services/territorio/fattibilita_geologica/MapServer/WMSServer?,,,"{""id"": ""1162"", ""bbox"": null, ""name"": ""NULL"", ""title"": ""Fattibilità geologica - WMS"", ""crs3857"": null, ""crs4326"": null, ""abstract"": ""WMS"", ""keywords"": [], ""layer_name"": null, ""description"": ""NULL"", ""service_type"": ""wms"", ""metadata_urls"": []}",spatial-extractor,2026-06-21 18:07:16.033 +0300
104,DAT-14-en,https://image.discomap.eea.europa.eu/arcgis/services/GioLandPublic/HRL_ImperviousnessDensity_2018/ImageServer/WMSServer?request=GetCapabilities&service=WMS,,,"{""id"": ""1168"", ""bbox"": null, ""name"": ""NULL"", ""title"": ""HRL_ImperviousnessDensity_2018"", ""crs3857"": null, ""crs4326"": null, ""abstract"": ""High Resolution Layer 2018, Imperviousness Density (IMD) status layer 2018 010m. Web service native projection is web mercator (EPSG:3857)"", ""keywords"": [], ""layer_name"": null, ""description"": ""NULL"", ""service_type"": ""wms"", ""metadata_urls"": []}",spatial-extractor,2026-06-21 18:07:17.673 +0300
105,eea_v_3035_1_mio_crop-intens-nuts3_p_2005-2010_v01_r00,https://land.discomap.eea.europa.eu/arcgis/services/Agriculture/Cropland_intensification_Nutrient_2005_2010/MapServer/WMSServer?request=GetCapabilities&service=WMS,,,"{""id"": ""1186"", ""bbox"": [-31.264762, 27.638029, 34.587174, 71.173081, ""CRS:84""], ""name"": ""0"", ""title"": ""Percentage of croplands per administrative units with increased nutrient inputs, 2005-2010"", ""crs3857"": true, ""crs4326"": true, ""abstract"": null, ""keywords"": [], ""layer_name"": ""0"", ""description"": ""Percentage of croplands per administrative units with increased nutrient inputs"", ""service_type"": ""wms"", ""metadata_urls"": []}",spatial-extractor,2026-06-21 18:07:19.445 +0300
106,r_piemon:37c6413b-b07f-4f4c-9344-f2e43ea52bbd,https://geomap.reteunitaria.piemonte.it/ws/agrigeo/rp-01/carsuowms/wms_carsuo?service=WMS&version=1.1.1&request=getCapabilities,,,"{""id"": ""1194"", ""bbox"": [290748.0, 4861380.0, 536649.0, 5165170.0, ""EPSG:32632""], ""name"": ""NULL"", ""title"": ""Reazione del subsoil"", ""crs3857"": true, ""crs4326"": true, ""abstract"": ""Reazione del subsoil"", ""keywords"": [], ""layer_name"": ""ReazioneSubsoil"", ""description"": ""NULL"", ""service_type"": ""wms"", ""metadata_urls"": [""https://www.geoportale.piemonte.it/geonetwork/srv/ita/csw?request=GetRecordById&service=CSW&version=2.0.2&id=r_piemon:37c6413b-b07f-4f4c-9344-f2e43ea52bbd&elementSetName=full&outputSchema=http://www.isotc211.org/2005/gmd""]}",spatial-extractor,2026-06-21 18:07:22.480 +0300
107,r_piemon:dl45po47-sh45-p44w-854d-58fdq6p9iu45,https://geomap.reteunitaria.piemonte.it/ws/agrigeo/rp-01/carpedwms/wms_carped?service=WMS&version=1.1.1&request=getCapabilities,,,"{""id"": ""1196"", ""bbox"": [290748.0, 4861380.0, 536649.0, 5165170.0, ""EPSG:32632""], ""name"": ""NULL"", ""title"": ""Suoli"", ""crs3857"": true, ""crs4326"": true, ""abstract"": ""Suoli"", ""keywords"": [], ""layer_name"": ""Suoli"", ""description"": ""NULL"", ""service_type"": ""wms"", ""metadata_urls"": [""https://www.geoportale.piemonte.it/geonetwork/srv/ita/csw?request=GetRecordById&service=CSW&version=2.0.2&id=r_piemon:dl45po47-sh45-p44w-854d-58fdq6p9iu45&elementSetName=full&outputSchema=http://www.isotc211.org/2005/gmd""]}",spatial-extractor,2026-06-21 18:07:23.637 +0300
108,DAT-14-en,https://image.discomap.eea.europa.eu/arcgis/services/GioLandPublic/HRL_ImperviousnessDensity_2015/MapServer/WMSServer?service=WMS,,,"{""id"": ""1199"", ""bbox"": [-56.505142, 24.284177, 72.906137, 72.66441, ""CRS:84""], ""name"": ""0"", ""title"": ""Imperviousness Density 2015"", ""crs3857"": true, ""crs4326"": true, ""abstract"": null, ""keywords"": [], ""layer_name"": ""0"", ""description"": ""Imperviousness Density 2015"", ""service_type"": ""wms"", ""metadata_urls"": []}",spatial-extractor,2026-06-21 18:07:25.815 +0300
109,fao-species-map-yht,http://www.fao.org/fishery/geoserver/species/ows?SERVICE=WMS,,,"{""error"": ""Could not open file with GDAL (unsupported format or inaccessible)""}",spatial-extractor,2026-06-21 18:07:26.627 +0300
110,fao-fsa-map-47.1,http://www.fao.org/fishery/geoserver/fsa/ows?SERVICE=WMS,,,"{""error"": null}",spatial-extractor,2026-06-21 18:07:27.221 +0300
111,fcaa58a1-07ae-438f-a268-9f4e576aa892,https://io.apps.fao.org/geoserver/wms,,,"{""error"": null}",spatial-extractor,2026-06-21 18:07:28.465 +0300
112,78ad1bb8-27f2-48bf-93f7-1298be002980,https://wms.mapama.gob.es/sig/Biodiversidad/INESErosionEolica/wms.aspx,,,"{""error"": ""Could not open file with GDAL (unsupported format or inaccessible)""}",spatial-extractor,2026-06-21 18:07:32.738 +0300
139,1225064d-df0d-4128-876e-8de0ee22bad8,https://io.apps.fao.org/geoserver/wms/WATER/PHL1_ET/v2?service=WMS&version=1.3.0&request=GetCapabilities,,,"{""error"": null}",spatial-extractor,2026-06-21 18:08:32.471 +0300
184,b7725746-b5ef-46db-add4-d61a6cc3b8d3,https://geoservices.wallonie.be/INSPIRE/WMS/SO/MapServer/WMSServer?request=GetCapabilities&service=WMS,,,"{""error"": null}",spatial-extractor,2026-06-21 18:10:54.617 +0300
344,25488c3e-5593-4ab8-96de-cf30b7bf8342,https://io.apps.fao.org/geoserver/wms/WATER/K3_SRO/v2?service=WMS&version=1.3.0&request=GetCapabilities,,,"{""error"": null}",spatial-extractor,2026-06-21 18:16:34.037 +0300
113,8ebab619-0d7f-4320-adcc-8aac616d9ef8,https://resource.sgu.se/service/wms/inspire/SO-Markgeokemi-atlas,,,"{""id"": ""1309"", ""bbox"": [11.1453700449071, 55.397364345491, 24.0224344037975, 68.9538033506025, ""CRS:84""], ""name"": ""Inspire View Services"", ""title"": ""Zirkonium (Zr)"", ""crs3857"": true, ""crs4326"": true, ""abstract"": ""Zirkonium (Zr)"", ""keywords"": [""Zirkonium"", ""Zirconium"", ""Soil theme"", ""Soil property""], ""layer_name"": ""SO.zirconiumContent"", ""description"": ""Inspire visningstjänster"", ""service_type"": ""wms"", ""metadata_urls"": [""https://www.geodata.se/geodataportalen/inspire/swe/csw?request=GetRecordById&service=CSW&version=2.0.2&elementSetName=full&id=8ebab619-0d7f-4320-adcc-8aac616d9ef8&outputSchema=csw:IsoRecord""]}",spatial-extractor,2026-06-21 18:07:35.400 +0300
114,fao-species-map-yxs,http://www.fao.org/fishery/geoserver/species/ows?SERVICE=WMS,,,"{""error"": ""Could not open file with GDAL (unsupported format or inaccessible)""}",spatial-extractor,2026-06-21 18:07:37.699 +0300
115,ebbdf610-2070-458b-8617-d37d64bc576f,https://io.apps.fao.org/geoserver/wms/WATER/K3_TF/v2?service=WMS&version=1.3.0&request=GetCapabilities,,,"{""error"": null}",spatial-extractor,2026-06-21 18:07:38.067 +0300
116,fao-fsa-nested-map-34,http://www.fao.org/fishery/geoserver/fsa/ows?SERVICE=WMS,,,"{""error"": null}",spatial-extractor,2026-06-21 18:07:38.907 +0300
117,fao-fsa-map-87.1.15,http://www.fao.org/fishery/geoserver/fsa/ows?SERVICE=WMS,,,"{""error"": null}",spatial-extractor,2026-06-21 18:07:39.592 +0300
118,fao-species-map-hqb,http://www.fao.org/fishery/geoserver/species/ows?SERVICE=WMS,,,"{""error"": ""Could not open file with GDAL (unsupported format or inaccessible)""}",spatial-extractor,2026-06-21 18:07:40.182 +0300
119,Textúra-osztály-(USDA),https://maps.rissac.hu:6443/arcgis/services/dosoremi_web_mercator2/MapServer/WMSServer,,,"{""error"": ""Could not open file with GDAL (unsupported format or inaccessible)""}",spatial-extractor,2026-06-21 18:07:40.546 +0300
120,Bodemkundig-booronderzoek-BRO,http://geodata.nationaalgeoregister.nl/brobhr/wfs?&request=GetCapabilities,,,"{""error"": ""Cannot connect to host geodata.nationaalgeoregister.nl:80 ssl:default [getaddrinfo failed]""}",spatial-extractor,2026-06-21 18:07:42.628 +0300
121,c8592600-88fd-11da-a88f-000d939bc5d8,https://data.apps.fao.org/map/gsrv/gsrv1/geonetwork/wms?styles=geonetwork_soilslop_3844_style,,,"{""id"": ""1441"", ""bbox"": null, ""name"": ""geonetwork:soilslop_3844"", ""title"": null, ""crs3857"": false, ""crs4326"": false, ""abstract"": null, ""keywords"": [], ""layer_name"": null, ""description"": ""Soil and terrain suitability for ponds"", ""service_type"": ""wms"", ""metadata_urls"": []}",spatial-extractor,2026-06-21 18:07:42.794 +0300
122,Bodemkaart-150.000,https://geodata.nationaalgeoregister.nl/bodemkaart50000/wfs?request=getCapabilities&service=wfs,,,"{""error"": ""Cannot connect to host geodata.nationaalgeoregister.nl:443 ssl:default [getaddrinfo failed]""}",spatial-extractor,2026-06-21 18:07:44.117 +0300
123,Dirvožemio-karbonatingumas-ir-rūgštingumas,http://192.168.166.27:8080/geoserver/Atlasas_Tema-2/wms?service=WMS&version=1.1.0&request=GetMap&layers=Atlasas_Tema-2:22_5,,,"{""error"": ""Request timeout""}",spatial-extractor,2026-06-21 18:07:44.209 +0300
124,e00c65cd-7577-4ebe-a888-5eaf7930acf5,https://data.apps.fao.org/map/gsrv/gsrv1/gsoc/wms?service=WMS&version=1.3.0&request=GetCapabilities,,,"{""id"": ""1526"", ""bbox"": null, ""name"": ""gsoc:sq1"", ""title"": null, ""crs3857"": false, ""crs4326"": false, ""abstract"": null, ""keywords"": [], ""layer_name"": null, ""description"": ""Soil Nutrient Availability (HWSD)"", ""service_type"": ""wms"", ""metadata_urls"": []}",spatial-extractor,2026-06-21 18:07:54.775 +0300
126,Magyarország-Genetikus-Talajtérképe-1984,http://vektor.georgikon.hu/memnakh/,,,"{""error"": ""Cannot connect to host vektor.georgikon.hu:80 ssl:default [getaddrinfo failed]""}",spatial-extractor,2026-06-21 18:07:58.363 +0300
127,Mésztartalom,https://maps.rissac.hu:6443/arcgis/services/dosoremi_web_mercator2/MapServer/WMSServer,,,"{""error"": ""Could not open file with GDAL (unsupported format or inaccessible)""}",spatial-extractor,2026-06-21 18:08:00.125 +0300
128,Bodemprofielen-kartering-Belgische-bodemkaart,https://www.dov.vlaanderen.be/geoserver/dov-pub-aardewerk/wfs?,,,"{""error"": null}",spatial-extractor,2026-06-21 18:08:01.412 +0300
129,Bodemprofielen-kartering-Belgische-bodemkaart,https://www.dov.vlaanderen.be/geoserver/dov-pub-aardewerk/wms?SERVICE=WMS&version=1.3.0&request=GetCapabilities,,,"{""id"": ""1581"", ""bbox"": [2.5087390291391434, 49.35967317440128, 5.951697056565493, 52.80263120182763, ""CRS:84""], ""name"": ""vw_profiel"", ""title"": ""Bodemprofielen kartering Belgische bodemkaart"", ""crs3857"": true, ""crs4326"": true, ""abstract"": ""De dataset 'Bodemprofielen kartering Belgische bodemkaart' bevat de relevantste informatie van alle bodemprofielen  uit de Aardewerk-Vlaanderen-2010 databank. Voor een volledige weergave van alle attribuutinformatie van de bodemprofielen wordt verwezen naar de volledige Aardewerk-Vlaanderen-2010 databank. Aardewerk-Vlaanderen-2010 is een databank met de beschrijving en analyseresultaten van 7.020 bodemprofielen en 42.529 geassocieerde bodemhorizonten, aangevuld met 9.281 oppervlaktemonsters, allen gesitueerd op het grondgebied Vlaanderen en Brussel. Deze gegevens (143 variabelen) werden verzameld tijdens de systematische bodemprofielstudie, die tussen 1949 en 1971 werd uitgevoerd in België, onder auspiciën van het Instituut tot aanmoediging van het Wetenschappelijk Onderzoek in Nijverheid en Landbouw. Het Centrum voor Grondonderzoek van de Rijksuniversiteit Gent met afdelingen aan de Katholieke Universiteit Leuven en de Facultés des Sciences Agronomiques de Gembloux stond in voor de realisatie van deze studie."", ""keywords"": [""Bodem"", ""ondergrond"", ""Regionaal"", ""Herbruikbaar"", ""Kosteloos"", ""Vlaamse Open data"", ""Toegevoegd GDI-Vl"", ""Metadata GDI-Vl-conform"", ""Metadata INSPIRE-conform"", ""DOV"", ""Vlaanderen"", ""Ondergrond"", ""Databank Ondergrond Vlaanderen"", ""Departement Omgeving"", ""BODEMOPPERVLAK"", ""BODEMPROFIELEN"", ""BODEMPROFIELGEGEVENS"", ""BODEMPROFIELSTUDIE"", ""BODEMSERIE"", ""DIEPTEN"", ""DRAINAGE"", ""FYSICO-CHEMISCHE EIGENSCHAPPEN"", ""GRANULOMETRISCHE GEGEVENS"", ""GRONDONDERZOEK"", ""HISTORISCH BODEMGEBRUIK EN VEGETATIE"", ""HORIZONTINFORMATIE"", ""KOOLSTOFGEHALTE"", ""MINERALOGISCHE SAMENSTELLING"", ""OPPERVLAKTEMONSTERS"", ""PROFIELLOCATIES"", ""RELIEF BESCHRIJVING"", ""ROESTVERSCHIJNSELEN"", ""SORPTIECAPACITEIT"", ""STENEN"", ""VERZADIGINGSGRAAD"", ""VOCHTGEHALTE"", ""WATERHUISHOUDING"", ""ZUURTEGRAAD""], ""layer_name"": ""vw_profiel"", ""description"": ""WMS-capabilities Bodemprofielen kartering Belgische bodemkaart"", ""service_type"": ""wms"", ""metadata_urls"": [""https://www.dov.vlaanderen.be/geonetwork#/metadata/735af665-1c10-4701-bc5d-96599847809e"", ""https://www.dov.vlaanderen.be/geonetwork/srv/dut/csw?Service=CSW&Request=GetRecordById&Version=2.0.2&outputSchema=http://www.isotc211.org/2005/gmd&elementSetName=full&id=735af665-1c10-4701-bc5d-96599847809e""]}",spatial-extractor,2026-06-21 18:08:04.749 +0300
130,Bodemprofielen-kartering-Belgische-bodemkaart,https://www.dov.vlaanderen.be/geoserver/dov-pub-aardewerk/wms?SERVICE=WMS&version=1.3.0&request=GetMap,,,"{""id"": ""1583"", ""bbox"": [2.5087390291391434, 49.35967317440128, 5.951697056565493, 52.80263120182763, ""CRS:84""], ""name"": ""vw_profiel"", ""title"": ""Bodemprofielen kartering Belgische bodemkaart"", ""crs3857"": true, ""crs4326"": true, ""abstract"": ""De dataset 'Bodemprofielen kartering Belgische bodemkaart' bevat de relevantste informatie van alle bodemprofielen  uit de Aardewerk-Vlaanderen-2010 databank. Voor een volledige weergave van alle attribuutinformatie van de bodemprofielen wordt verwezen naar de volledige Aardewerk-Vlaanderen-2010 databank. Aardewerk-Vlaanderen-2010 is een databank met de beschrijving en analyseresultaten van 7.020 bodemprofielen en 42.529 geassocieerde bodemhorizonten, aangevuld met 9.281 oppervlaktemonsters, allen gesitueerd op het grondgebied Vlaanderen en Brussel. Deze gegevens (143 variabelen) werden verzameld tijdens de systematische bodemprofielstudie, die tussen 1949 en 1971 werd uitgevoerd in België, onder auspiciën van het Instituut tot aanmoediging van het Wetenschappelijk Onderzoek in Nijverheid en Landbouw. Het Centrum voor Grondonderzoek van de Rijksuniversiteit Gent met afdelingen aan de Katholieke Universiteit Leuven en de Facultés des Sciences Agronomiques de Gembloux stond in voor de realisatie van deze studie."", ""keywords"": [""Bodem"", ""ondergrond"", ""Regionaal"", ""Herbruikbaar"", ""Kosteloos"", ""Vlaamse Open data"", ""Toegevoegd GDI-Vl"", ""Metadata GDI-Vl-conform"", ""Metadata INSPIRE-conform"", ""DOV"", ""Vlaanderen"", ""Ondergrond"", ""Databank Ondergrond Vlaanderen"", ""Departement Omgeving"", ""BODEMOPPERVLAK"", ""BODEMPROFIELEN"", ""BODEMPROFIELGEGEVENS"", ""BODEMPROFIELSTUDIE"", ""BODEMSERIE"", ""DIEPTEN"", ""DRAINAGE"", ""FYSICO-CHEMISCHE EIGENSCHAPPEN"", ""GRANULOMETRISCHE GEGEVENS"", ""GRONDONDERZOEK"", ""HISTORISCH BODEMGEBRUIK EN VEGETATIE"", ""HORIZONTINFORMATIE"", ""KOOLSTOFGEHALTE"", ""MINERALOGISCHE SAMENSTELLING"", ""OPPERVLAKTEMONSTERS"", ""PROFIELLOCATIES"", ""RELIEF BESCHRIJVING"", ""ROESTVERSCHIJNSELEN"", ""SORPTIECAPACITEIT"", ""STENEN"", ""VERZADIGINGSGRAAD"", ""VOCHTGEHALTE"", ""WATERHUISHOUDING"", ""ZUURTEGRAAD""], ""layer_name"": ""vw_profiel"", ""description"": ""WMS-map Bodemprofielen kartering Belgische bodemkaart"", ""service_type"": ""wms"", ""metadata_urls"": [""https://www.dov.vlaanderen.be/geonetwork#/metadata/735af665-1c10-4701-bc5d-96599847809e"", ""https://www.dov.vlaanderen.be/geonetwork/srv/dut/csw?Service=CSW&Request=GetRecordById&Version=2.0.2&outputSchema=http://www.isotc211.org/2005/gmd&elementSetName=full&id=735af665-1c10-4701-bc5d-96599847809e""]}",spatial-extractor,2026-06-21 18:08:05.655 +0300
131,Bodemprofielen-kartering-Belgische-bodemkaart,https://www.dov.vlaanderen.be/geoserver/dov-pub-aardewerk/wms?,,,"{""id"": ""1584"", ""bbox"": [2.5087390291391434, 49.35967317440128, 5.951697056565493, 52.80263120182763, ""CRS:84""], ""name"": ""vw_profiel"", ""title"": ""Bodemprofielen kartering Belgische bodemkaart"", ""crs3857"": true, ""crs4326"": true, ""abstract"": ""De dataset 'Bodemprofielen kartering Belgische bodemkaart' bevat de relevantste informatie van alle bodemprofielen  uit de Aardewerk-Vlaanderen-2010 databank. Voor een volledige weergave van alle attribuutinformatie van de bodemprofielen wordt verwezen naar de volledige Aardewerk-Vlaanderen-2010 databank. Aardewerk-Vlaanderen-2010 is een databank met de beschrijving en analyseresultaten van 7.020 bodemprofielen en 42.529 geassocieerde bodemhorizonten, aangevuld met 9.281 oppervlaktemonsters, allen gesitueerd op het grondgebied Vlaanderen en Brussel. Deze gegevens (143 variabelen) werden verzameld tijdens de systematische bodemprofielstudie, die tussen 1949 en 1971 werd uitgevoerd in België, onder auspiciën van het Instituut tot aanmoediging van het Wetenschappelijk Onderzoek in Nijverheid en Landbouw. Het Centrum voor Grondonderzoek van de Rijksuniversiteit Gent met afdelingen aan de Katholieke Universiteit Leuven en de Facultés des Sciences Agronomiques de Gembloux stond in voor de realisatie van deze studie."", ""keywords"": [""Bodem"", ""ondergrond"", ""Regionaal"", ""Herbruikbaar"", ""Kosteloos"", ""Vlaamse Open data"", ""Toegevoegd GDI-Vl"", ""Metadata GDI-Vl-conform"", ""Metadata INSPIRE-conform"", ""DOV"", ""Vlaanderen"", ""Ondergrond"", ""Databank Ondergrond Vlaanderen"", ""Departement Omgeving"", ""BODEMOPPERVLAK"", ""BODEMPROFIELEN"", ""BODEMPROFIELGEGEVENS"", ""BODEMPROFIELSTUDIE"", ""BODEMSERIE"", ""DIEPTEN"", ""DRAINAGE"", ""FYSICO-CHEMISCHE EIGENSCHAPPEN"", ""GRANULOMETRISCHE GEGEVENS"", ""GRONDONDERZOEK"", ""HISTORISCH BODEMGEBRUIK EN VEGETATIE"", ""HORIZONTINFORMATIE"", ""KOOLSTOFGEHALTE"", ""MINERALOGISCHE SAMENSTELLING"", ""OPPERVLAKTEMONSTERS"", ""PROFIELLOCATIES"", ""RELIEF BESCHRIJVING"", ""ROESTVERSCHIJNSELEN"", ""SORPTIECAPACITEIT"", ""STENEN"", ""VERZADIGINGSGRAAD"", ""VOCHTGEHALTE"", ""WATERHUISHOUDING"", ""ZUURTEGRAAD""], ""layer_name"": ""vw_profiel"", ""description"": ""WMS-endpoint Bodemprofielen kartering Belgische bodemkaart"", ""service_type"": ""wms"", ""metadata_urls"": [""https://www.dov.vlaanderen.be/geonetwork#/metadata/735af665-1c10-4701-bc5d-96599847809e"", ""https://www.dov.vlaanderen.be/geonetwork/srv/dut/csw?Service=CSW&Request=GetRecordById&Version=2.0.2&outputSchema=http://www.isotc211.org/2005/gmd&elementSetName=full&id=735af665-1c10-4701-bc5d-96599847809e""]}",spatial-extractor,2026-06-21 18:08:06.471 +0300
132,Bodemprofielen-kartering-Belgische-bodemkaart,https://www.dov.vlaanderen.be/geoserver/dov-pub-aardewerk/wfs?SERVICE=WFS&version=2.0.0&request=GetFeature&count=1&typeName=vw_profiel,,,"{""id"": ""1585"", ""bbox"": null, ""name"": ""vw_profiel"", ""title"": null, ""schema"": null, ""crs3857"": false, ""crs4326"": false, ""abstract"": null, ""keywords"": [], ""layer_name"": null, ""description"": ""WFS-feature Bodemprofielen kartering Belgische bodemkaart"", ""service_type"": ""wfs"", ""metadata_urls"": []}",spatial-extractor,2026-06-21 18:08:07.025 +0300
133,Bodemprofielen-kartering-Belgische-bodemkaart,https://www.dov.vlaanderen.be/geoserver/dov-pub-aardewerk/wms?layers=vw_profiel,,,"{""id"": ""1586"", ""bbox"": [2.5087390291391434, 49.35967317440128, 5.951697056565493, 52.80263120182763, ""CRS:84""], ""name"": ""vw_profiel"", ""title"": ""Bodemprofielen kartering Belgische bodemkaart"", ""crs3857"": true, ""crs4326"": true, ""abstract"": ""De dataset 'Bodemprofielen kartering Belgische bodemkaart' bevat de relevantste informatie van alle bodemprofielen  uit de Aardewerk-Vlaanderen-2010 databank. Voor een volledige weergave van alle attribuutinformatie van de bodemprofielen wordt verwezen naar de volledige Aardewerk-Vlaanderen-2010 databank. Aardewerk-Vlaanderen-2010 is een databank met de beschrijving en analyseresultaten van 7.020 bodemprofielen en 42.529 geassocieerde bodemhorizonten, aangevuld met 9.281 oppervlaktemonsters, allen gesitueerd op het grondgebied Vlaanderen en Brussel. Deze gegevens (143 variabelen) werden verzameld tijdens de systematische bodemprofielstudie, die tussen 1949 en 1971 werd uitgevoerd in België, onder auspiciën van het Instituut tot aanmoediging van het Wetenschappelijk Onderzoek in Nijverheid en Landbouw. Het Centrum voor Grondonderzoek van de Rijksuniversiteit Gent met afdelingen aan de Katholieke Universiteit Leuven en de Facultés des Sciences Agronomiques de Gembloux stond in voor de realisatie van deze studie."", ""keywords"": [""Bodem"", ""ondergrond"", ""Regionaal"", ""Herbruikbaar"", ""Kosteloos"", ""Vlaamse Open data"", ""Toegevoegd GDI-Vl"", ""Metadata GDI-Vl-conform"", ""Metadata INSPIRE-conform"", ""DOV"", ""Vlaanderen"", ""Ondergrond"", ""Databank Ondergrond Vlaanderen"", ""Departement Omgeving"", ""BODEMOPPERVLAK"", ""BODEMPROFIELEN"", ""BODEMPROFIELGEGEVENS"", ""BODEMPROFIELSTUDIE"", ""BODEMSERIE"", ""DIEPTEN"", ""DRAINAGE"", ""FYSICO-CHEMISCHE EIGENSCHAPPEN"", ""GRANULOMETRISCHE GEGEVENS"", ""GRONDONDERZOEK"", ""HISTORISCH BODEMGEBRUIK EN VEGETATIE"", ""HORIZONTINFORMATIE"", ""KOOLSTOFGEHALTE"", ""MINERALOGISCHE SAMENSTELLING"", ""OPPERVLAKTEMONSTERS"", ""PROFIELLOCATIES"", ""RELIEF BESCHRIJVING"", ""ROESTVERSCHIJNSELEN"", ""SORPTIECAPACITEIT"", ""STENEN"", ""VERZADIGINGSGRAAD"", ""VOCHTGEHALTE"", ""WATERHUISHOUDING"", ""ZUURTEGRAAD""], ""layer_name"": ""vw_profiel"", ""description"": ""De dataset 'Bodemprofielen kartering Belgische bodemkaart' bevat de relevantste informatie van alle bodemprofielen  uit de Aardewerk-Vlaanderen-2010 databank. Voor een volledige weergave van alle attribuutinformatie van de bodemprofielen wordt verwezen naar de volledige Aardewerk-Vlaanderen-2010 databank. Aardewerk-Vlaanderen-2010 is een databank met de beschrijving en analyseresultaten van 7.020 bodemprofielen en 42.529 geassocieerde bodemhorizonten, aangevuld met 9.281 oppervlaktemonsters, allen gesitueerd op het grondgebied Vlaanderen en Brussel. Deze gegevens (143 variabelen) werden verzameld tijdens de systematische bodemprofielstudie, die tussen 1949 en 1971 werd uitgevoerd in België, onder auspiciën van het Instituut tot aanmoediging van het Wetenschappelijk Onderzoek in Nijverheid en Landbouw. Het Centrum voor Grondonderzoek van de Rijksuniversiteit Gent met afdelingen aan de Katholieke Universiteit Leuven en de Facultés des Sciences Agronomiques de Gembloux stond in voor de realisatie van deze studie."", ""service_type"": ""wms"", ""metadata_urls"": [""https://www.dov.vlaanderen.be/geonetwork#/metadata/735af665-1c10-4701-bc5d-96599847809e"", ""https://www.dov.vlaanderen.be/geonetwork/srv/dut/csw?Service=CSW&Request=GetRecordById&Version=2.0.2&outputSchema=http://www.isotc211.org/2005/gmd&elementSetName=full&id=735af665-1c10-4701-bc5d-96599847809e""]}",spatial-extractor,2026-06-21 18:08:08.474 +0300
134,Bodemprofielen-kartering-Belgische-bodemkaart,https://www.dov.vlaanderen.be/geoserver/wms?SERVICE=WMS&version=1.3.0&request=GetMap,,,"{""id"": ""1587"", ""bbox"": null, ""name"": ""WFS"", ""title"": null, ""crs3857"": false, ""crs4326"": false, ""abstract"": null, ""keywords"": [], ""layer_name"": null, ""description"": ""NULL"", ""service_type"": ""wms"", ""metadata_urls"": []}",spatial-extractor,2026-06-21 18:08:09.332 +0300
135,R_SARDEG:a1ee50f3-66ab-425d-997e-5fdc288163fd,https://webgis.regione.sardegna.it/geoserver/ows?service=WMS&version=1.3.0&request=GetCapabilities,,,"{""id"": ""1637"", ""bbox"": null, ""name"": ""NULL"", ""title"": ""GeoServer Web Map Service"", ""crs3857"": null, ""crs4326"": null, ""abstract"": ""A compliant implementation of WMS plus most of the SLD extension (dynamic styling). Can also generate PDF, SVG, KML, GeoRSS"", ""keywords"": [], ""layer_name"": null, ""description"": ""NULL"", ""service_type"": ""wms"", ""metadata_urls"": []}",spatial-extractor,2026-06-21 18:08:16.489 +0300
136,Statut-acido-basique-(pHCaCl2),http://ws.geoportail.lu/250k,,,"{""error"": null}",spatial-extractor,2026-06-21 18:08:19.769 +0300
137,Soil-map-of-the-Republic-of-Bulgaria-in-scale-1200-000,http://212.72.204.94:8080/geoserver/bgsoil/wms?service=,,,"{""error"": ""Request timeout""}",spatial-extractor,2026-06-21 18:08:21.485 +0300
138,766ffdf4-286e-4c4c-b61f-10ffffd0f5ae,https://data.apps.fao.org/map/gsrv/gsrv1/gsoc/wms?service=WMS&version=1.3.0&request=GetCapabilities,,,"{""id"": ""2803"", ""bbox"": null, ""name"": ""gsoc:S_OC"", ""title"": null, ""crs3857"": false, ""crs4326"": false, ""abstract"": null, ""keywords"": [], ""layer_name"": null, ""description"": ""Subsoil Organic Carbon"", ""service_type"": ""wms"", ""metadata_urls"": []}",spatial-extractor,2026-06-21 18:08:31.768 +0300
140,57af3675-efc5-453b-bd66-c9be4a4a0c16,https://service.pdok.nl/bzk/bodem/bro-bodemkundig-booronderzoek/wms/v1_0?request=GetCapabilities&service=WMS,,,"{""id"": ""1669"", ""bbox"": null, ""name"": ""NULL"", ""title"": ""BRO - Bodemkundig booronderzoek (BHR-P) - Bodem (INSPIRE geharmoniseerd)"", ""crs3857"": null, ""crs4326"": null, ""abstract"": ""Deze dataset bevat de naar INSPIRE thema Bodem geharmoniseerde gegevens over een bodemkundig booronderzoek, die voortkomen uit een bodemkundig georienteerde boring. In veel gevallen bestaat het bodemkundig booronderzoek uit niet meer dan een boormonsterprofiel. In het meest uitgebreide geval omvat het booronderzoek ook de resultaten van boormonsteronderzoek en boorgatmeetgegevens. Het boormonsterprofiel komt tot stand door de samenstelling van de monsters uit een booronderzoek macroscopisch te beschrijven."", ""keywords"": [], ""layer_name"": null, ""description"": ""NULL"", ""service_type"": ""wms"", ""metadata_urls"": []}",spatial-extractor,2026-06-21 18:08:34.248 +0300
141,7400a9d7-7bf1-48da-8d81-a38e75723ea5,https://service.pdok.nl/bzk/bodem/bro-wandonderzoek/wms/v1_0?Service=WMS&Request=GetCapabilities,,,"{""id"": ""1676"", ""bbox"": [50.71447164, 2.35417303, 55.66948102, 7.5553525, ""EPSG:4258""], ""name"": ""SO.ObservedSoilProfile"", ""title"": ""BRO - Wandonderzoek (SFR) - Bodem (INSPIRE geharmoniseerd)"", ""crs3857"": true, ""crs4326"": true, ""abstract"": ""Wandonderzoek onderzoekt de bodemkundige opbouw van de ondergrond door een ontgraving. Dit onderzoek wordt voornamelijk ingezet om de toepassing van de bodem te kunnen beoordelen voor landbouw of natuurbeheer."", ""keywords"": [""Bodem"", ""Nationaal"", ""Wandonderzoek"", ""SFR""], ""layer_name"": ""SO.SoilSite"", ""description"": ""NULL"", ""service_type"": ""wms"", ""metadata_urls"": [""https://www.nationaalgeoregister.nl/geonetwork/srv/dut/csw?service=CSW&version=2.0.2&request=GetRecordById&outputschema=http://www.isotc211.org/2005/gmd&elementsetname=full&id=7400a9d7-7bf1-48da-8d81-a38e75723ea5""]}",spatial-extractor,2026-06-21 18:08:34.889 +0300
142,8fc780e2-1c12-4047-943d-7f884361b6a3,https://data.apps.fao.org/map/gsrv/gsrv1/adb/wms,,,"{""id"": ""1683"", ""bbox"": [74.594048765, 15.770219116, 77.289053652, 16.952719422, ""CRS:84""], ""name"": ""k2_smsat_hihdrosoils"", ""title"": ""k2_smsat_hihdrosoils"", ""crs3857"": true, ""crs4326"": true, ""abstract"": null, ""keywords"": [""k2_smsat_hihdrosoils"", ""WCS"", ""GeoTIFF""], ""layer_name"": ""k2_smsat_hihdrosoils"", ""description"": ""Saturated Soil Water Content (K2)"", ""service_type"": ""wms"", ""metadata_urls"": []}",spatial-extractor,2026-06-21 18:08:35.642 +0300
143,13903459-06c0-4db8-90e1-6c9a75f1edeb,https://io.apps.fao.org/geoserver/wms/WATER/K2_PERCO/v2?service=WMS&version=1.3.0&request=GetCapabilities,,,"{""error"": null}",spatial-extractor,2026-06-21 18:09:01.570 +0300
144,edcd248c-2781-4108-a437-2a700908887e,https://services.bgr.de/wms/boden/we1000/?,,,"{""id"": ""1698"", ""bbox"": [5.432722, 46.98339, 15.655428, 55.067148, ""EPSG:4326""], ""name"": ""0"", ""title"": ""WE1000_250 Version 1.0"", ""crs3857"": true, ""crs4326"": true, ""abstract"": ""Die Karte der effektiven Durchwurzelungstiefe der Böden in Deutschland gibt einen Überblick über den durchwurzelbaren Raum unterhalb der Geländeoberfläche. Die effektive Durchwurzelungstiefe (We) ist die potentielle Ausschöpftiefe des pflanzenverfügbaren Bodenwassers (in dm), das durch Pflanzenwurzeln in Trockenjahren dem Boden maximal entzogen werden kann. Die Karte der effektiven Durchwurzelungstiefe basiert auf der Auswertung der nutzungsdifferenzierten Bodenübersichtskarte 1:1.000.000 (BUEK1000N) und zeigt die metrisch skalierte Größe in klassifizierter Form. Die Methode ist in der Bodenkundlichen Kartieranleitung (KA4) und in der Methodendokumentation Bodenkunde der Ad-hoc-AG Boden veröffentlicht. Als Landnutzungsdatensatz und zur nutzungsabhängigen Differenzierung der Profildaten werden die Daten CORINE Land Cover Projektes (2006) genutzt."", ""keywords"": [], ""layer_name"": ""0"", ""description"": ""Die Karte der effektiven Durchwurzelungstiefe der Böden in Deutschland gibt einen Überblick über den durchwurzelbaren Raum unterhalb der Geländeoberfläche. Die effektive Durchwurzelungstiefe (We) ist die potentielle Ausschöpftiefe des pflanzenverfügbaren Bodenwassers (in dm), das durch Pflanzenwurzeln in Trockenjahren dem Boden maximal entzogen werden kann. Die Karte der effektiven Durchwurzelungstiefe basiert auf der Auswertung der nutzungsdifferenzierten Bodenübersichtskarte 1:1.000.000 (BUEK1000N) und zeigt die metrisch skalierte Größe in klassifizierter Form. Die Methode ist in der Bodenkundlichen Kartieranleitung (KA4) und in der Methodendokumentation Bodenkunde der Ad-hoc-AG Boden veröffentlicht. Als Landnutzungsdatensatz und zur nutzungsabhängigen Differenzierung der Profildaten werden die Daten CORINE Land Cover Projektes (2006) genutzt."", ""service_type"": ""wms"", ""metadata_urls"": [""https://geoportal.bgr.de/smartfindersdi-csw/api?request=GetRecordById&service=CSW&version=2.0.2&outputSchema=http://www.isotc211.org/2005/gmd&elementSetName=full&id=edcd248c-2781-4108-a437-2a700908887e""]}",spatial-extractor,2026-06-21 18:09:02.430 +0300
145,Digitale-bodemkaart-van-het-Vlaams-Gewest-bodemtypes,https://www.dov.vlaanderen.be/geoserver/bodemkaart/wfs?,,,"{""error"": null}",spatial-extractor,2026-06-21 18:09:11.325 +0300
146,Digitale-bodemkaart-van-het-Vlaams-Gewest-bodemtypes,https://www.dov.vlaanderen.be/geoserver/bodemkaart/wms?SERVICE=WMS&version=1.3.0&request=GetCapabilities,,,"{""id"": ""1734"", ""bbox"": [2.5285590909401936, 50.67393051415159, 5.935371601406674, 51.50548166406281, ""CRS:84""], ""name"": ""bodemtypes"", ""title"": ""Digitale bodemkaart van het Vlaams Gewest: bodemtypes"", ""crs3857"": true, ""crs4326"": true, ""abstract"": ""https://www.dov.vlaanderen.be/page/bodemkaarten\r\nDigitale vectoriële dataset van de analoge Bodemkaart van België voor het grondgebied van Vlaanderen.\r\nAlle kaartelementen van de analoge kaarten (gepubliceerd op kaartschaal 1: 20 000) zijn zorgvuldig manueel gedigitaliseerd en voorzien van een code, overeenkomstig het gebruikte classificatiesysteem: morfogenetisch voor binnen-Vlaanderen (substraat, textuurklasse, drainageklasse, profielontwikkelingsgroep, fase en variante) en geomorfologisch voor de Kuststreek (substraat, serie, subserie, type, subtype en variante).\r\nDe digitale versie van de bodemkaart is vrijwel systematisch gecontroleerd t.o.v. de analoge bodemkaarten. De polygonen werden ingekleurd zoals op de analoge bodemkaart. Waar beschikbaar zijn voor elk bodemtype de algemene kenmerken  (Van Ranst E. en Sys C., 2000) en foto's van een representatief bodemprofiel en representatieve omgevingen weergegeven. Tenslotte bestaat voor elke polygoon de mogelijkheid om de scan van het analoge bodemkaartblad, het toelichtingsboekje en de basiskaarten op schaal 1:5000 op te roepen.\r\nDeze dataset is omwille van de visualisatie onderverdeeld in 5 kaartlagen bij publicatie in de bodemverkenner: bodemtypes, substraten, fasen, varianten van het moedermateriaal en de profielontwikkeling. De kaartlaag met de bodemtypes bevat ook al de attributen van de andere kaartlagen. De bodemkaart werd in juni 2017 geupdate met enkele militaire domeinen en een unibodemtype voor de classficatie van de zeepolders en verschillende fouten werden verbeterd."", ""keywords"": [""Bodem"", ""ondergrond"", ""bodemkaart"", ""bodemtextuur"", ""bodemprofiel"", ""Regionaal"", ""Herbruikbaar"", ""Kosteloos"", ""Vlaamse Open data"", ""Toegevoegd GDI-Vl"", ""Metadata GDI-Vl-conform"", ""Metadata INSPIRE-conform"", ""DOV"", ""Vlaanderen"", ""Ondergrond"", ""Databank Ondergrond Vlaanderen"", ""Departement Omgeving"", ""VARIANTE VAN HET MOEDERMATERIAAL"", ""VARIANTE VAN DE PROFIELONTWIKKELING"", ""LANDBOUWSTREEK"", ""GEOMORFOLOGISCHE"", ""MORFOGENETISCH"", ""KUSTSTREEK"", ""BODEMTYPE"", ""DOV_PATHNAME@001#DOV:010#Bodem:020#Bodemkaarten:020#Bodemkaart (1/20.000):010#"", ""DOV_EXPERTISE@Bodem"", ""DOV_EXPERTISE@Delfstoffen"", ""DOV_EXPERTISE@Freatisch grondwater"", ""DOV_EXPERTISE@CTE"", ""DOV_EXPERTISE@Bodemverontreiniging""], ""layer_name"": ""bodemtypes"", ""description"": ""WMS-capabilities Digitale bodemkaart van het Vlaams Gewest: bodemtypes"", ""service_type"": ""wms"", ""metadata_urls"": [""https://www.dov.vlaanderen.be/geonetwork#/metadata/a1547a01-b9fc-40fa-a2eb-009a39c02c7b"", ""https://www.dov.vlaanderen.be/geonetwork/srv/dut/csw?Service=CSW&Request=GetRecordById&Version=2.0.2&outputSchema=http://www.isotc211.org/2005/gmd&elementSetName=full&id=a1547a01-b9fc-40fa-a2eb-009a39c02c7b""]}",spatial-extractor,2026-06-21 18:09:15.817 +0300
147,Digitale-bodemkaart-van-het-Vlaams-Gewest-bodemtypes,https://www.dov.vlaanderen.be/geoserver/bodemkaart/wms?SERVICE=WMS&version=1.3.0&request=GetMap,,,"{""id"": ""1736"", ""bbox"": [2.5285590909401936, 50.67393051415159, 5.935371601406674, 51.50548166406281, ""CRS:84""], ""name"": ""bodemtypes"", ""title"": ""Digitale bodemkaart van het Vlaams Gewest: bodemtypes"", ""crs3857"": true, ""crs4326"": true, ""abstract"": ""https://www.dov.vlaanderen.be/page/bodemkaarten\r\nDigitale vectoriële dataset van de analoge Bodemkaart van België voor het grondgebied van Vlaanderen.\r\nAlle kaartelementen van de analoge kaarten (gepubliceerd op kaartschaal 1: 20 000) zijn zorgvuldig manueel gedigitaliseerd en voorzien van een code, overeenkomstig het gebruikte classificatiesysteem: morfogenetisch voor binnen-Vlaanderen (substraat, textuurklasse, drainageklasse, profielontwikkelingsgroep, fase en variante) en geomorfologisch voor de Kuststreek (substraat, serie, subserie, type, subtype en variante).\r\nDe digitale versie van de bodemkaart is vrijwel systematisch gecontroleerd t.o.v. de analoge bodemkaarten. De polygonen werden ingekleurd zoals op de analoge bodemkaart. Waar beschikbaar zijn voor elk bodemtype de algemene kenmerken  (Van Ranst E. en Sys C., 2000) en foto's van een representatief bodemprofiel en representatieve omgevingen weergegeven. Tenslotte bestaat voor elke polygoon de mogelijkheid om de scan van het analoge bodemkaartblad, het toelichtingsboekje en de basiskaarten op schaal 1:5000 op te roepen.\r\nDeze dataset is omwille van de visualisatie onderverdeeld in 5 kaartlagen bij publicatie in de bodemverkenner: bodemtypes, substraten, fasen, varianten van het moedermateriaal en de profielontwikkeling. De kaartlaag met de bodemtypes bevat ook al de attributen van de andere kaartlagen. De bodemkaart werd in juni 2017 geupdate met enkele militaire domeinen en een unibodemtype voor de classficatie van de zeepolders en verschillende fouten werden verbeterd."", ""keywords"": [""Bodem"", ""ondergrond"", ""bodemkaart"", ""bodemtextuur"", ""bodemprofiel"", ""Regionaal"", ""Herbruikbaar"", ""Kosteloos"", ""Vlaamse Open data"", ""Toegevoegd GDI-Vl"", ""Metadata GDI-Vl-conform"", ""Metadata INSPIRE-conform"", ""DOV"", ""Vlaanderen"", ""Ondergrond"", ""Databank Ondergrond Vlaanderen"", ""Departement Omgeving"", ""VARIANTE VAN HET MOEDERMATERIAAL"", ""VARIANTE VAN DE PROFIELONTWIKKELING"", ""LANDBOUWSTREEK"", ""GEOMORFOLOGISCHE"", ""MORFOGENETISCH"", ""KUSTSTREEK"", ""BODEMTYPE"", ""DOV_PATHNAME@001#DOV:010#Bodem:020#Bodemkaarten:020#Bodemkaart (1/20.000):010#"", ""DOV_EXPERTISE@Bodem"", ""DOV_EXPERTISE@Delfstoffen"", ""DOV_EXPERTISE@Freatisch grondwater"", ""DOV_EXPERTISE@CTE"", ""DOV_EXPERTISE@Bodemverontreiniging""], ""layer_name"": ""bodemtypes"", ""description"": ""WMS-map Digitale bodemkaart van het Vlaams Gewest: bodemtypes"", ""service_type"": ""wms"", ""metadata_urls"": [""https://www.dov.vlaanderen.be/geonetwork#/metadata/a1547a01-b9fc-40fa-a2eb-009a39c02c7b"", ""https://www.dov.vlaanderen.be/geonetwork/srv/dut/csw?Service=CSW&Request=GetRecordById&Version=2.0.2&outputSchema=http://www.isotc211.org/2005/gmd&elementSetName=full&id=a1547a01-b9fc-40fa-a2eb-009a39c02c7b""]}",spatial-extractor,2026-06-21 18:09:17.000 +0300
148,Digitale-bodemkaart-van-het-Vlaams-Gewest-bodemtypes,https://www.dov.vlaanderen.be/geoserver/bodemkaart/wms?,,,"{""id"": ""1737"", ""bbox"": [2.5285590909401936, 50.67393051415159, 5.935371601406674, 51.50548166406281, ""CRS:84""], ""name"": ""bodemtypes"", ""title"": ""Digitale bodemkaart van het Vlaams Gewest: bodemtypes"", ""crs3857"": true, ""crs4326"": true, ""abstract"": ""https://www.dov.vlaanderen.be/page/bodemkaarten\r\nDigitale vectoriële dataset van de analoge Bodemkaart van België voor het grondgebied van Vlaanderen.\r\nAlle kaartelementen van de analoge kaarten (gepubliceerd op kaartschaal 1: 20 000) zijn zorgvuldig manueel gedigitaliseerd en voorzien van een code, overeenkomstig het gebruikte classificatiesysteem: morfogenetisch voor binnen-Vlaanderen (substraat, textuurklasse, drainageklasse, profielontwikkelingsgroep, fase en variante) en geomorfologisch voor de Kuststreek (substraat, serie, subserie, type, subtype en variante).\r\nDe digitale versie van de bodemkaart is vrijwel systematisch gecontroleerd t.o.v. de analoge bodemkaarten. De polygonen werden ingekleurd zoals op de analoge bodemkaart. Waar beschikbaar zijn voor elk bodemtype de algemene kenmerken  (Van Ranst E. en Sys C., 2000) en foto's van een representatief bodemprofiel en representatieve omgevingen weergegeven. Tenslotte bestaat voor elke polygoon de mogelijkheid om de scan van het analoge bodemkaartblad, het toelichtingsboekje en de basiskaarten op schaal 1:5000 op te roepen.\r\nDeze dataset is omwille van de visualisatie onderverdeeld in 5 kaartlagen bij publicatie in de bodemverkenner: bodemtypes, substraten, fasen, varianten van het moedermateriaal en de profielontwikkeling. De kaartlaag met de bodemtypes bevat ook al de attributen van de andere kaartlagen. De bodemkaart werd in juni 2017 geupdate met enkele militaire domeinen en een unibodemtype voor de classficatie van de zeepolders en verschillende fouten werden verbeterd."", ""keywords"": [""Bodem"", ""ondergrond"", ""bodemkaart"", ""bodemtextuur"", ""bodemprofiel"", ""Regionaal"", ""Herbruikbaar"", ""Kosteloos"", ""Vlaamse Open data"", ""Toegevoegd GDI-Vl"", ""Metadata GDI-Vl-conform"", ""Metadata INSPIRE-conform"", ""DOV"", ""Vlaanderen"", ""Ondergrond"", ""Databank Ondergrond Vlaanderen"", ""Departement Omgeving"", ""VARIANTE VAN HET MOEDERMATERIAAL"", ""VARIANTE VAN DE PROFIELONTWIKKELING"", ""LANDBOUWSTREEK"", ""GEOMORFOLOGISCHE"", ""MORFOGENETISCH"", ""KUSTSTREEK"", ""BODEMTYPE"", ""DOV_PATHNAME@001#DOV:010#Bodem:020#Bodemkaarten:020#Bodemkaart (1/20.000):010#"", ""DOV_EXPERTISE@Bodem"", ""DOV_EXPERTISE@Delfstoffen"", ""DOV_EXPERTISE@Freatisch grondwater"", ""DOV_EXPERTISE@CTE"", ""DOV_EXPERTISE@Bodemverontreiniging""], ""layer_name"": ""bodemtypes"", ""description"": ""WMS-endpoint Digitale bodemkaart van het Vlaams Gewest: bodemtypes"", ""service_type"": ""wms"", ""metadata_urls"": [""https://www.dov.vlaanderen.be/geonetwork#/metadata/a1547a01-b9fc-40fa-a2eb-009a39c02c7b"", ""https://www.dov.vlaanderen.be/geonetwork/srv/dut/csw?Service=CSW&Request=GetRecordById&Version=2.0.2&outputSchema=http://www.isotc211.org/2005/gmd&elementSetName=full&id=a1547a01-b9fc-40fa-a2eb-009a39c02c7b""]}",spatial-extractor,2026-06-21 18:09:17.786 +0300
149,Digitale-bodemkaart-van-het-Vlaams-Gewest-bodemtypes,https://www.dov.vlaanderen.be/geoserver/bodemkaart/wfs?SERVICE=WFS&version=2.0.0&request=GetFeature&count=1&typeName=bodemtypes,,,"{""id"": ""1739"", ""bbox"": null, ""name"": ""bodemtypes"", ""title"": null, ""schema"": null, ""crs3857"": false, ""crs4326"": false, ""abstract"": null, ""keywords"": [], ""layer_name"": null, ""description"": ""WFS-feature Digitale bodemkaart van het Vlaams Gewest: bodemtypes"", ""service_type"": ""wfs"", ""metadata_urls"": []}",spatial-extractor,2026-06-21 18:09:19.071 +0300
150,Digitale-bodemkaart-van-het-Vlaams-Gewest-bodemtypes,https://www.dov.vlaanderen.be/geoserver/bodemkaart/wms?layers=bodemtypes,,,"{""id"": ""1742"", ""bbox"": [2.5285590909401936, 50.67393051415159, 5.935371601406674, 51.50548166406281, ""CRS:84""], ""name"": ""bodemtypes"", ""title"": ""Digitale bodemkaart van het Vlaams Gewest: bodemtypes"", ""crs3857"": true, ""crs4326"": true, ""abstract"": ""https://www.dov.vlaanderen.be/page/bodemkaarten\r\nDigitale vectoriële dataset van de analoge Bodemkaart van België voor het grondgebied van Vlaanderen.\r\nAlle kaartelementen van de analoge kaarten (gepubliceerd op kaartschaal 1: 20 000) zijn zorgvuldig manueel gedigitaliseerd en voorzien van een code, overeenkomstig het gebruikte classificatiesysteem: morfogenetisch voor binnen-Vlaanderen (substraat, textuurklasse, drainageklasse, profielontwikkelingsgroep, fase en variante) en geomorfologisch voor de Kuststreek (substraat, serie, subserie, type, subtype en variante).\r\nDe digitale versie van de bodemkaart is vrijwel systematisch gecontroleerd t.o.v. de analoge bodemkaarten. De polygonen werden ingekleurd zoals op de analoge bodemkaart. Waar beschikbaar zijn voor elk bodemtype de algemene kenmerken  (Van Ranst E. en Sys C., 2000) en foto's van een representatief bodemprofiel en representatieve omgevingen weergegeven. Tenslotte bestaat voor elke polygoon de mogelijkheid om de scan van het analoge bodemkaartblad, het toelichtingsboekje en de basiskaarten op schaal 1:5000 op te roepen.\r\nDeze dataset is omwille van de visualisatie onderverdeeld in 5 kaartlagen bij publicatie in de bodemverkenner: bodemtypes, substraten, fasen, varianten van het moedermateriaal en de profielontwikkeling. De kaartlaag met de bodemtypes bevat ook al de attributen van de andere kaartlagen. De bodemkaart werd in juni 2017 geupdate met enkele militaire domeinen en een unibodemtype voor de classficatie van de zeepolders en verschillende fouten werden verbeterd."", ""keywords"": [""Bodem"", ""ondergrond"", ""bodemkaart"", ""bodemtextuur"", ""bodemprofiel"", ""Regionaal"", ""Herbruikbaar"", ""Kosteloos"", ""Vlaamse Open data"", ""Toegevoegd GDI-Vl"", ""Metadata GDI-Vl-conform"", ""Metadata INSPIRE-conform"", ""DOV"", ""Vlaanderen"", ""Ondergrond"", ""Databank Ondergrond Vlaanderen"", ""Departement Omgeving"", ""VARIANTE VAN HET MOEDERMATERIAAL"", ""VARIANTE VAN DE PROFIELONTWIKKELING"", ""LANDBOUWSTREEK"", ""GEOMORFOLOGISCHE"", ""MORFOGENETISCH"", ""KUSTSTREEK"", ""BODEMTYPE"", ""DOV_PATHNAME@001#DOV:010#Bodem:020#Bodemkaarten:020#Bodemkaart (1/20.000):010#"", ""DOV_EXPERTISE@Bodem"", ""DOV_EXPERTISE@Delfstoffen"", ""DOV_EXPERTISE@Freatisch grondwater"", ""DOV_EXPERTISE@CTE"", ""DOV_EXPERTISE@Bodemverontreiniging""], ""layer_name"": ""bodemtypes"", ""description"": ""https://www.dov.vlaanderen.be/page/bodemkaarten\nDigitale vectoriële dataset van de analoge Bodemkaart van België voor het grondgebied van Vlaanderen.\nAlle kaartelementen van de analoge kaarten (gepubliceerd op kaartschaal 1: 20 000) zijn zorgvuldig manueel gedigitaliseerd en voorzien van een code, overeenkomstig het gebruikte classificatiesysteem: morfogenetisch voor binnen-Vlaanderen (substraat, textuurklasse, drainageklasse, profielontwikkelingsgroep, fase en variante) en geomorfologisch voor de Kuststreek (substraat, serie, subserie, type, subtype en variante).\nDe digitale versie van de bodemkaart is vrijwel systematisch gecontroleerd t.o.v. de analoge bodemkaarten. De polygonen werden ingekleurd zoals op de analoge bodemkaart. Waar beschikbaar zijn voor elk bodemtype de algemene kenmerken  (Van Ranst E. en Sys C., 2000) en foto's van een representatief bodemprofiel en representatieve omgevingen weergegeven. Tenslotte bestaat voor elke polygoon de mogelijkheid om de scan van het analoge bodemkaartblad, het toelichtingsboekje en de basiskaarten op schaal 1:5000 op te roepen.\nDeze dataset is omwille van de visualisatie onderverdeeld in 5 kaartlagen bij publicatie in de bodemverkenner: bodemtypes, substraten, fasen, varianten van het moedermateriaal en de profielontwikkeling. De kaartlaag met de bodemtypes bevat ook al de attributen van de andere kaartlagen. De bodemkaart werd in juni 2017 geupdate met enkele militaire domeinen en een unibodemtype voor de classficatie van de zeepolders en verschillende fouten werden verbeterd."", ""service_type"": ""wms"", ""metadata_urls"": [""https://www.dov.vlaanderen.be/geonetwork#/metadata/a1547a01-b9fc-40fa-a2eb-009a39c02c7b"", ""https://www.dov.vlaanderen.be/geonetwork/srv/dut/csw?Service=CSW&Request=GetRecordById&Version=2.0.2&outputSchema=http://www.isotc211.org/2005/gmd&elementSetName=full&id=a1547a01-b9fc-40fa-a2eb-009a39c02c7b""]}",spatial-extractor,2026-06-21 18:09:20.696 +0300
151,Digitale-bodemkaart-van-het-Vlaams-Gewest-bodemtypes,https://www.dov.vlaanderen.be/geoserver/wfs?,,,"{""error"": null}",spatial-extractor,2026-06-21 18:09:21.495 +0300
152,ee272e7a-4388-48ee-9196-0aa9f45d9131,https://io.apps.fao.org/geoserver/wms/WATER/LBN_LIT_TF/v2?request=GetCapabilities&service=WMS&version=1.1.1,,,"{""error"": null}",spatial-extractor,2026-06-21 18:09:26.193 +0300
153,160635,https://mapy.geology.cz/arcgis/services/Pudy/pudni_typy50/MapServer/WmsServer?SERVICE=WMS&REQUEST=GetCapabilities,,,"{""id"": ""1829"", ""bbox"": null, ""name"": ""INSPIRE prohlížecí služba (CS)"", ""title"": null, ""crs3857"": false, ""crs4326"": false, ""abstract"": null, ""keywords"": [], ""layer_name"": null, ""description"": ""NULL"", ""service_type"": ""wms"", ""metadata_urls"": []}",spatial-extractor,2026-06-21 18:09:27.147 +0300
154,160636,https://mapy.geology.cz/arcgis/services/Pudy/pudni_typy50/MapServer/WmsServer?SERVICE=WMS&REQUEST=GetCapabilities,,,"{""id"": ""1843"", ""bbox"": null, ""name"": ""INSPIRE prohlížecí služba (CS)"", ""title"": null, ""crs3857"": false, ""crs4326"": false, ""abstract"": null, ""keywords"": [], ""layer_name"": null, ""description"": ""NULL"", ""service_type"": ""wms"", ""metadata_urls"": []}",spatial-extractor,2026-06-21 18:09:28.429 +0300
155,9f51ffea-549b-48a7-9d6e-19cf7c84cc40,https://kart.miljodirektoratet.no/arcgis/services/grunnforurensning2/MapServer/WMSServer?service=wms&version=1.3.0&request=getcapabilities,,,"{""id"": ""1845"", ""bbox"": null, ""name"": ""NULL"", ""title"": ""Grunnforurensning"", ""crs3857"": null, ""crs4326"": null, ""abstract"": ""WMS"", ""keywords"": [], ""layer_name"": null, ""description"": ""NULL"", ""service_type"": ""wms"", ""metadata_urls"": []}",spatial-extractor,2026-06-21 18:09:29.473 +0300
156,40db0008-f365-43ca-953d-cabdcadc24a5,https://data.apps.fao.org/map/gsrv/gsrv1/gsoc/wms?service=WMS&version=1.3.0&request=GetCapabilities,,,"{""id"": ""1847"", ""bbox"": null, ""name"": ""gsoc:sq5"", ""title"": null, ""crs3857"": false, ""crs4326"": false, ""abstract"": null, ""keywords"": [], ""layer_name"": null, ""description"": ""Soil Quality: Excess Salts (HWSD)"", ""service_type"": ""wms"", ""metadata_urls"": []}",spatial-extractor,2026-06-21 18:09:31.397 +0300
157,cc0ebca9-0df9-4061-a338-6ffec9e9acb4,https://data.apps.fao.org/map/gsrv/gsrv1/gsoc/wms?service=WMS&version=1.3.0&request=GetCapabilities,,,"{""id"": ""1871"", ""bbox"": [-180.00000000000006, -87.50131053052445, 179.98217818306856, 87.49999999999999, ""CRS:84""], ""name"": ""AWC_CLASS"", ""title"": ""Available Water Storage Capacity"", ""crs3857"": true, ""crs4326"": true, ""abstract"": ""Available water storage capacity        Coded values 1 through 7        1 = 150 mm water per m of the soil unit, 2 = 125 mm, 3 = 100 mm, 4 = 75 mm, 5 = 50 mm, 6 = 15 mm, 7 = 0 mm."", ""keywords"": [""AWC_CLASS"", ""WCS"", ""GeoTIFF""], ""layer_name"": ""AWC_CLASS"", ""description"": ""Available Water Storage Capacity"", ""service_type"": ""wms"", ""metadata_urls"": []}",spatial-extractor,2026-06-21 18:09:32.241 +0300
158,arls_031:m10809-cc-i11459,https://serviziogc.regione.fvg.it/geoserver/ERSA/wfs?request=GetCapabilities&service=wfs&version=2.0.0,,,"{""id"": ""1887"", ""bbox"": null, ""name"": ""NULL"", ""title"": null, ""schema"": null, ""crs3857"": false, ""crs4326"": false, ""abstract"": null, ""keywords"": [], ""layer_name"": null, ""description"": ""NULL"", ""service_type"": ""wfs"", ""metadata_urls"": []}",spatial-extractor,2026-06-21 18:09:33.016 +0300
159,arls_031:m10809-cc-i11459,https://serviziogc.regione.fvg.it/geoserver/ERSA/wms?request=GetCapabilities&service=wms&version=1.3.0,,,"{""id"": ""1888"", ""bbox"": null, ""name"": ""NULL"", ""title"": ""GeoServer Web Map Service IRDAT FVG"", ""crs3857"": null, ""crs4326"": null, ""abstract"": ""Service for pubblication of the geographic informations of the region Friuli Venezia Giulia using the WFS OpenGIS standard."", ""keywords"": [], ""layer_name"": null, ""description"": ""NULL"", ""service_type"": ""wms"", ""metadata_urls"": []}",spatial-extractor,2026-06-21 18:09:33.966 +0300
160,arls_031:m10914-cc-i11787,https://serviziogc.regione.fvg.it/geoserver/ERSA/wms?request=GetCapabilities&service=wms&version=1.1.1,,,"{""id"": ""1908"", ""bbox"": null, ""name"": ""NULL"", ""title"": ""GeoServer Web Map Service IRDAT FVG"", ""crs3857"": null, ""crs4326"": null, ""abstract"": ""Service for pubblication of the geographic informations of the region Friuli Venezia Giulia using the WFS OpenGIS standard."", ""keywords"": [], ""layer_name"": null, ""description"": ""NULL"", ""service_type"": ""wms"", ""metadata_urls"": []}",spatial-extractor,2026-06-21 18:09:34.810 +0300
161,arls_031:m10914-cc-i11787,https://serviziogc.regione.fvg.it/geoserver/ERSA/wfs?request=GetCapabilities&service=wfs&version=1.0.0,,,"{""id"": ""1909"", ""bbox"": null, ""name"": ""NULL"", ""title"": null, ""schema"": null, ""crs3857"": false, ""crs4326"": false, ""abstract"": null, ""keywords"": [], ""layer_name"": null, ""description"": ""NULL"", ""service_type"": ""wfs"", ""metadata_urls"": []}",spatial-extractor,2026-06-21 18:09:35.731 +0300
162,f837ee4a-089a-4a08-b0a7-8711db9020ed,https://io.apps.fao.org/geoserver/wms/WATER/K4_SM/v2?service=WMS&version=1.3.0&request=GetCapabilities,,,"{""error"": null}",spatial-extractor,2026-06-21 18:09:36.531 +0300
163,80b4d4fc-260e-44c2-96e1-9ac732e82fa9,https://io.apps.fao.org/geoserver/wms/WATER/K2_SM/v2?service=WMS&version=1.3.0&request=GetCapabilities,,,"{""error"": null}",spatial-extractor,2026-06-21 18:09:37.495 +0300
164,2158ab2e-7f23-4b63-a64e-beb7504687cf,https://io.apps.fao.org/geoserver/wms/WATER/K3_SM/v2?service=WMS&version=1.3.0&request=GetCapabilities,,,"{""error"": null}",spatial-extractor,2026-06-21 18:09:38.299 +0300
165,d9cc67ba-5491-4640-86ac-b8d392250270,https://service.pdok.nl/bzk/bro-bodemkaart/wms/v1_0?request=getCapabilities&service=WMS,,,"{""id"": ""2838"", ""bbox"": null, ""name"": ""NULL"", ""title"": ""BRO Bodemkaart (SGM) WMS"", ""crs3857"": null, ""crs4326"": null, ""abstract"": ""De bodemkaart van Nederland, schaal 1:50.000, geeft ruimtelijke informatie over de bodemopbouw tot globaal 1,2 meter diepte"", ""keywords"": [], ""layer_name"": null, ""description"": ""NULL"", ""service_type"": ""wms"", ""metadata_urls"": []}",spatial-extractor,2026-06-21 18:09:39.128 +0300
166,2914d11a-1189-4aea-8006-7cb21a7dec6d,https://data.apps.fao.org/map/gsrv/gsrv1/adb/wms,,,"{""id"": ""1997"", ""bbox"": [102.166665345, 11.479733734, 105.784163207, 14.442233772, ""CRS:84""], ""name"": ""cambodia_tonlesap_smsat_hihydrosoils"", ""title"": ""cambodia_tonlesap_smsat_hihydrosoils"", ""crs3857"": true, ""crs4326"": true, ""abstract"": null, ""keywords"": [""cambodia_tonlesap_smsat_hihydrosoils"", ""WCS"", ""GeoTIFF""], ""layer_name"": ""cambodia_tonlesap_smsat_hihydrosoils"", ""description"": ""Saturated Soil Water Content (Tonle Sap)"", ""service_type"": ""wms"", ""metadata_urls"": []}",spatial-extractor,2026-06-21 18:09:39.888 +0300
167,https://www.dov.vlaanderen.be/geonetwork/srv/metadata/298d34a4-d459-4fc8-a9be-e8e26cd9b354,https://www.dov.vlaanderen.be/geoserver/erosie/wfs?,,,"{""error"": null}",spatial-extractor,2026-06-21 18:10:05.628 +0300
168,https://www.dov.vlaanderen.be/geonetwork/srv/metadata/298d34a4-d459-4fc8-a9be-e8e26cd9b354,https://www.dov.vlaanderen.be/geoserver/erosie/wms?SERVICE=WMS&version=1.3.0&request=GetCapabilities,,,"{""id"": ""2000"", ""bbox"": [2.529990447668155, 50.673954726526, 5.931682119445861, 51.505461718137504, ""CRS:84""], ""name"": ""so_potbdmerosiepp_2020"", ""title"": ""Potentiële bodemerosiekaart per perceel (2020)"", ""crs3857"": true, ""crs4326"": true, ""abstract"": ""De potentiële bodemerosiekaart per perceel (2020) geeft aan de hand van een klasse-indeling de totale potentiële erosie van een bepaald landbouwperceel weer. De totale potentiële erosie houdt geen rekening met het huidige landgebruik (grasland of akkerland). In het veld ‘Erosiegevoeligheid verzamelaanvraag’ staat de informatie die overeenkomt met de erosiegevoeligheid op de verzamelaanvraag 2020. De goedgekeurde bezwaren werden zowel in het veld 'Erosiegevoeligheid verzamelaanvraag' als in het veld 'Totale erosie' verwerkt. De goedgekeurde aanvragen van de verlaging van de erosiegevoeligheidsklasse op basis van een hoog koolstofgehalte werden in het veld 'Erosiegevoeligheid verzamelaanvraag' verwerkt met aanduiding van ‘/ C’ achter de erosiegevoeligheid, maar het veld 'Totale erosie' behield zijn oorspronkelijke waarde voor deze percelen.\r\n\r\nErosie door water is een proces waarbij bodemdeeltjes door de impact van regendruppels en afstromend water worden losgemaakt en getransporteerd, hetzij laagsgewijs over een grote oppervlakte, hetzij geconcentreerd in geulen en ravijnen. Dit leidt o.m. tot een afname van de bodemkwaliteit en -productiviteit, maar ook tot belangrijke schade door modderoverlast in stroomafwaarts gelegen (woon)gebieden. Bodemerosie is een van de belangrijkste vormen van bodemaantasting in Vlaanderen. \r\n\r\nDe potentiële bodemerosiekaart per perceel is gebaseerd op de landbouwgebruikspercelen ALV 2019 (export augustus 2019). De potentiële bodemerosiekaart per perceel werd opgesteld door het Vlaams Planbureau voor Omgeving door middel van computermodellering met een ruimtelijke resolutie van 5x5 m. De berekening van de erosie is gebaseerd op de herziene universele bodemverliesvergelijking of R.U.S.L.E. (Revised Universal Soil Loss Equation, Renard et al, 1991). Het betreft een empirisch model waarmee de gemiddelde jaarlijkse bodemerosiesnelheid per oppervlakte-eenheid als gevolg van intergeul- en geulerosie wordt berekend als een product van 6 factoren."", ""keywords"": [""Gebieden met natuurrisico's"", ""ondergrond"", ""bodemerosie"", ""watererosie"", ""landbouw"", ""Regionaal"", ""Herbruikbaar"", ""Kosteloos"", ""Vlaamse Open data"", ""Toegevoegd GDI-Vl"", ""Metadata GDI-Vl-conform"", ""Metadata INSPIRE-conform"", ""DOV"", ""Vlaanderen"", ""Ondergrond"", ""Databank Ondergrond Vlaanderen"", ""Departement Omgeving"", ""DOV_EXPERTISE@Bodem""], ""layer_name"": ""so_potbdmerosiepp_2020"", ""description"": ""WMS-capabilities Potentiële bodemerosiekaart per perceel (2020)"", ""service_type"": ""wms"", ""metadata_urls"": [""https://www.dov.vlaanderen.be/geonetwork#/metadata/298d34a4-d459-4fc8-a9be-e8e26cd9b354"", ""https://www.dov.vlaanderen.be/geonetwork/srv/dut/csw?Service=CSW&Request=GetRecordById&Version=2.0.2&outputSchema=http://www.isotc211.org/2005/gmd&elementSetName=full&id=298d34a4-d459-4fc8-a9be-e8e26cd9b354""]}",spatial-extractor,2026-06-21 18:10:09.881 +0300
169,https://www.dov.vlaanderen.be/geonetwork/srv/metadata/298d34a4-d459-4fc8-a9be-e8e26cd9b354,https://www.dov.vlaanderen.be/geoserver/erosie/wms?SERVICE=WMS&version=1.3.0&request=GetMap,,,"{""id"": ""2002"", ""bbox"": [2.529990447668155, 50.673954726526, 5.931682119445861, 51.505461718137504, ""CRS:84""], ""name"": ""so_potbdmerosiepp_2020"", ""title"": ""Potentiële bodemerosiekaart per perceel (2020)"", ""crs3857"": true, ""crs4326"": true, ""abstract"": ""De potentiële bodemerosiekaart per perceel (2020) geeft aan de hand van een klasse-indeling de totale potentiële erosie van een bepaald landbouwperceel weer. De totale potentiële erosie houdt geen rekening met het huidige landgebruik (grasland of akkerland). In het veld ‘Erosiegevoeligheid verzamelaanvraag’ staat de informatie die overeenkomt met de erosiegevoeligheid op de verzamelaanvraag 2020. De goedgekeurde bezwaren werden zowel in het veld 'Erosiegevoeligheid verzamelaanvraag' als in het veld 'Totale erosie' verwerkt. De goedgekeurde aanvragen van de verlaging van de erosiegevoeligheidsklasse op basis van een hoog koolstofgehalte werden in het veld 'Erosiegevoeligheid verzamelaanvraag' verwerkt met aanduiding van ‘/ C’ achter de erosiegevoeligheid, maar het veld 'Totale erosie' behield zijn oorspronkelijke waarde voor deze percelen.\r\n\r\nErosie door water is een proces waarbij bodemdeeltjes door de impact van regendruppels en afstromend water worden losgemaakt en getransporteerd, hetzij laagsgewijs over een grote oppervlakte, hetzij geconcentreerd in geulen en ravijnen. Dit leidt o.m. tot een afname van de bodemkwaliteit en -productiviteit, maar ook tot belangrijke schade door modderoverlast in stroomafwaarts gelegen (woon)gebieden. Bodemerosie is een van de belangrijkste vormen van bodemaantasting in Vlaanderen. \r\n\r\nDe potentiële bodemerosiekaart per perceel is gebaseerd op de landbouwgebruikspercelen ALV 2019 (export augustus 2019). De potentiële bodemerosiekaart per perceel werd opgesteld door het Vlaams Planbureau voor Omgeving door middel van computermodellering met een ruimtelijke resolutie van 5x5 m. De berekening van de erosie is gebaseerd op de herziene universele bodemverliesvergelijking of R.U.S.L.E. (Revised Universal Soil Loss Equation, Renard et al, 1991). Het betreft een empirisch model waarmee de gemiddelde jaarlijkse bodemerosiesnelheid per oppervlakte-eenheid als gevolg van intergeul- en geulerosie wordt berekend als een product van 6 factoren."", ""keywords"": [""Gebieden met natuurrisico's"", ""ondergrond"", ""bodemerosie"", ""watererosie"", ""landbouw"", ""Regionaal"", ""Herbruikbaar"", ""Kosteloos"", ""Vlaamse Open data"", ""Toegevoegd GDI-Vl"", ""Metadata GDI-Vl-conform"", ""Metadata INSPIRE-conform"", ""DOV"", ""Vlaanderen"", ""Ondergrond"", ""Databank Ondergrond Vlaanderen"", ""Departement Omgeving"", ""DOV_EXPERTISE@Bodem""], ""layer_name"": ""so_potbdmerosiepp_2020"", ""description"": ""WMS-map Potentiële bodemerosiekaart per perceel (2020)"", ""service_type"": ""wms"", ""metadata_urls"": [""https://www.dov.vlaanderen.be/geonetwork#/metadata/298d34a4-d459-4fc8-a9be-e8e26cd9b354"", ""https://www.dov.vlaanderen.be/geonetwork/srv/dut/csw?Service=CSW&Request=GetRecordById&Version=2.0.2&outputSchema=http://www.isotc211.org/2005/gmd&elementSetName=full&id=298d34a4-d459-4fc8-a9be-e8e26cd9b354""]}",spatial-extractor,2026-06-21 18:10:11.535 +0300
170,https://www.dov.vlaanderen.be/geonetwork/srv/metadata/298d34a4-d459-4fc8-a9be-e8e26cd9b354,https://www.dov.vlaanderen.be/geoserver/erosie/wms?,,,"{""id"": ""2003"", ""bbox"": [2.529990447668155, 50.673954726526, 5.931682119445861, 51.505461718137504, ""CRS:84""], ""name"": ""so_potbdmerosiepp_2020"", ""title"": ""Potentiële bodemerosiekaart per perceel (2020)"", ""crs3857"": true, ""crs4326"": true, ""abstract"": ""De potentiële bodemerosiekaart per perceel (2020) geeft aan de hand van een klasse-indeling de totale potentiële erosie van een bepaald landbouwperceel weer. De totale potentiële erosie houdt geen rekening met het huidige landgebruik (grasland of akkerland). In het veld ‘Erosiegevoeligheid verzamelaanvraag’ staat de informatie die overeenkomt met de erosiegevoeligheid op de verzamelaanvraag 2020. De goedgekeurde bezwaren werden zowel in het veld 'Erosiegevoeligheid verzamelaanvraag' als in het veld 'Totale erosie' verwerkt. De goedgekeurde aanvragen van de verlaging van de erosiegevoeligheidsklasse op basis van een hoog koolstofgehalte werden in het veld 'Erosiegevoeligheid verzamelaanvraag' verwerkt met aanduiding van ‘/ C’ achter de erosiegevoeligheid, maar het veld 'Totale erosie' behield zijn oorspronkelijke waarde voor deze percelen.\r\n\r\nErosie door water is een proces waarbij bodemdeeltjes door de impact van regendruppels en afstromend water worden losgemaakt en getransporteerd, hetzij laagsgewijs over een grote oppervlakte, hetzij geconcentreerd in geulen en ravijnen. Dit leidt o.m. tot een afname van de bodemkwaliteit en -productiviteit, maar ook tot belangrijke schade door modderoverlast in stroomafwaarts gelegen (woon)gebieden. Bodemerosie is een van de belangrijkste vormen van bodemaantasting in Vlaanderen. \r\n\r\nDe potentiële bodemerosiekaart per perceel is gebaseerd op de landbouwgebruikspercelen ALV 2019 (export augustus 2019). De potentiële bodemerosiekaart per perceel werd opgesteld door het Vlaams Planbureau voor Omgeving door middel van computermodellering met een ruimtelijke resolutie van 5x5 m. De berekening van de erosie is gebaseerd op de herziene universele bodemverliesvergelijking of R.U.S.L.E. (Revised Universal Soil Loss Equation, Renard et al, 1991). Het betreft een empirisch model waarmee de gemiddelde jaarlijkse bodemerosiesnelheid per oppervlakte-eenheid als gevolg van intergeul- en geulerosie wordt berekend als een product van 6 factoren."", ""keywords"": [""Gebieden met natuurrisico's"", ""ondergrond"", ""bodemerosie"", ""watererosie"", ""landbouw"", ""Regionaal"", ""Herbruikbaar"", ""Kosteloos"", ""Vlaamse Open data"", ""Toegevoegd GDI-Vl"", ""Metadata GDI-Vl-conform"", ""Metadata INSPIRE-conform"", ""DOV"", ""Vlaanderen"", ""Ondergrond"", ""Databank Ondergrond Vlaanderen"", ""Departement Omgeving"", ""DOV_EXPERTISE@Bodem""], ""layer_name"": ""so_potbdmerosiepp_2020"", ""description"": ""WMS-endpoint Potentiële bodemerosiekaart per perceel (2020)"", ""service_type"": ""wms"", ""metadata_urls"": [""https://www.dov.vlaanderen.be/geonetwork#/metadata/298d34a4-d459-4fc8-a9be-e8e26cd9b354"", ""https://www.dov.vlaanderen.be/geonetwork/srv/dut/csw?Service=CSW&Request=GetRecordById&Version=2.0.2&outputSchema=http://www.isotc211.org/2005/gmd&elementSetName=full&id=298d34a4-d459-4fc8-a9be-e8e26cd9b354""]}",spatial-extractor,2026-06-21 18:10:12.147 +0300
171,https://www.dov.vlaanderen.be/geonetwork/srv/metadata/298d34a4-d459-4fc8-a9be-e8e26cd9b354,https://www.dov.vlaanderen.be/geoserver/erosie/wfs?SERVICE=WFS&version=2.0.0&request=GetFeature&count=1&typeName=so_potbdmerosiepp_2020,,,"{""id"": ""2004"", ""bbox"": null, ""name"": ""so_potbdmerosiepp_2020"", ""title"": null, ""schema"": null, ""crs3857"": false, ""crs4326"": false, ""abstract"": null, ""keywords"": [], ""layer_name"": null, ""description"": ""WFS-feature Potentiële bodemerosiekaart per perceel (2020)"", ""service_type"": ""wfs"", ""metadata_urls"": []}",spatial-extractor,2026-06-21 18:10:13.109 +0300
172,3e71182f-c446-4ebb-a272-ce17dffcd60f,https://data.apps.fao.org/map/gsrv/gsrv1/adb/wms,,,"{""id"": ""2013"", ""bbox"": [124.05113, 6.05549, 126.31571, 9.12632, ""CRS:84""], ""name"": ""philipines_mindano_topsoil"", ""title"": ""philipines_mindano_topsoil"", ""crs3857"": true, ""crs4326"": true, ""abstract"": null, ""keywords"": [""philipines_mindano_topsoil"", ""WCS"", ""GeoTIFF""], ""layer_name"": ""philipines_mindano_topsoil"", ""description"": ""Saturated Soil Water Content (Mindanao"", ""service_type"": ""wms"", ""metadata_urls"": []}",spatial-extractor,2026-06-21 18:10:14.812 +0300
181,ca9c0ed7-4a2c-42a4-803c-fdf04c76b74e,https://io.apps.fao.org/geoserver/wms/WAPOR_2/L3_LAM_AETI_D/v2?service=WMS&version=1.3.0&request=GetCapabilities,,,"{""error"": null}",spatial-extractor,2026-06-21 18:10:50.596 +0300
182,b756dabe-a331-42cd-b45e-f61828ee4534,https://service.pdok.nl/bzk/bro-grondwaterspiegeldiepte/wms/v1_0?request=GetCapabilities&service=WMS,,,"{""error"": null}",spatial-extractor,2026-06-21 18:10:51.545 +0300
183,b7725746-b5ef-46db-add4-d61a6cc3b8d3,https://geoservices.wallonie.be/arcgis/services/SOL_SOUS_SOL/CARBIOSOL/MapServer/WMSServer?request=GetCapabilities&service=WMS,,,"{""id"": ""2103"", ""bbox"": null, ""name"": ""Service de visualisation WMS"", ""title"": null, ""crs3857"": false, ""crs4326"": false, ""abstract"": null, ""keywords"": [], ""layer_name"": null, ""description"": ""Adresse de connexion au service de visualisation WMS de la couche de données CARBIOSOL - Teneurs prédites en Carbone organique total - période 1949-1972"", ""service_type"": ""wms"", ""metadata_urls"": []}",spatial-extractor,2026-06-21 18:10:52.259 +0300
173,b434b52d-6c42-482f-b9ea-afaa57419f2f,https://inspire.lfrz.gv.at/000604/wms?version=1.3.0&request=GetCapabilities,,,"{""id"": ""2019"", ""bbox"": [9.514, 46.301, 17.29, 49.131, ""CRS:84""], ""name"": ""Agricultural Soil Map of Austria - Full Soil Code from the World Reference Base (WRB Full)"", ""title"": ""Agricultural Soil Map of Austria - Full Soil Code from the World Reference Base (WRB Full)"", ""crs3857"": true, ""crs4326"": true, ""abstract"": ""The Full Soil Code of the STU from the World Reference Base (WRB) for Soil Resources."", ""keywords"": [""BFW"", ""JRC"", ""soil"", ""agriculture"", ""WRB"", ""Reference Soil Group"", ""classification""], ""layer_name"": ""Agricultural Soil Map of Austria - Full Soil Code from the World Reference Base (WRB Full)"", ""description"": ""Agricultural Soil Map of Austria - Full Soil Code from the World Reference Base (WRB Full)"", ""service_type"": ""wms"", ""metadata_urls"": [""https://discovery.inspire.gv.at/at.lfrz.discoveryservices/srv/ger/csw?service=CSW&request=GetRecordById&version=2.0.2&outputSchema=http://www.isotc211.org/2005/gmd&ElementSetName=full&id=b434b52d-6c42-482f-b9ea-afaa57419f2f""]}",spatial-extractor,2026-06-21 18:10:40.660 +0300
174,583ec4d9-a375-4c69-a91d-033f28451dec,https://data.apps.fao.org/map/gsrv/gsrv1/water_accounting/wms,,,"{""id"": ""2022"", ""bbox"": [-11.588789698004003, 4.270337318160006, 15.858630935159997, 23.950892872456006, ""CRS:84""], ""name"": ""topsoil_niger"", ""title"": ""topsoil_niger"", ""crs3857"": true, ""crs4326"": true, ""abstract"": null, ""keywords"": [""topsoil_niger"", ""WCS"", ""GeoTIFF""], ""layer_name"": ""topsoil_niger"", ""description"": ""Saturated Soil Water Content (Niger River Basin - 100m)"", ""service_type"": ""wms"", ""metadata_urls"": []}",spatial-extractor,2026-06-21 18:10:41.270 +0300
175,https://www.dov.vlaanderen.be/geonetwork/srv/metadata/692a9efb-8509-4a6f-a3be-6887f969867d,https://www.dov.vlaanderen.be/geoserver/erosie/wfs?,,,"{""error"": null}",spatial-extractor,2026-06-21 18:10:41.936 +0300
176,https://www.dov.vlaanderen.be/geonetwork/srv/metadata/692a9efb-8509-4a6f-a3be-6887f969867d,https://www.dov.vlaanderen.be/geoserver/erosie/wms?SERVICE=WMS&version=1.3.0&request=GetCapabilities,,,"{""id"": ""2025"", ""bbox"": [2.6470319492844614, 50.699620386683655, 5.815385313523002, 51.02847335341908, ""CRS:84""], ""name"": ""erosiebestrijding_gemeente"", ""title"": ""Kleinschalige erosiebestrijdingswerken"", ""crs3857"": true, ""crs4326"": true, ""abstract"": ""De kaart met kleinschalige erosiebestrijdingswerken bevat de erosiebestrijdingswerken die gerealiseerd zijn of op korte termijn zullen gerealiseerd worden door (lokale) overheden. Deze datalaag omvat zowel de gemeentelijke erosiebestrijdingswerken die met subsidies van de Vlaamse Overheid (Departement Omgeving) in het kader van het Erosiebesluit zijn aangelegd als erosiebestrijdingswerken die via een ander financieringskanaal (gemeente, provincie, landinrichting, ruilverkaveling,...) werden gerealiseerd. De erosiebestrijdingswerken bestaan uit één of een combinatie van meerdere maatregelen, zoals aarden dammen, erosiepoelen, bufferbekkens, buffergrachten, grasstroken, graszones, houtige kleine landschapselementen, etc."", ""keywords"": [""Bodem"", ""ondergrond"", ""bodemerosie"", ""erosiebeheersing"", ""Regionaal"", ""Herbruikbaar"", ""Kosteloos"", ""Vlaamse Open data"", ""Toegevoegd GDI-Vl"", ""Metadata GDI-Vl-conform"", ""Metadata INSPIRE-conform"", ""DOV"", ""Vlaanderen"", ""Ondergrond"", ""Databank Ondergrond Vlaanderen"", ""Departement Omgeving"", ""DOV_PATHNAME@001#DOV:030#Erosie:030#Erosiebestrijdingsmaatregelen:010#"", ""DOV_EXPERTISE@Bodem"", ""DOV_EXPERTISE@Sediment""], ""layer_name"": ""erosiebestrijding_gemeente"", ""description"": ""WMS-capabilities Kleinschalige erosiebestrijdingswerken"", ""service_type"": ""wms"", ""metadata_urls"": [""https://www.dov.vlaanderen.be/geonetwork#/metadata/692a9efb-8509-4a6f-a3be-6887f969867d"", ""https://www.dov.vlaanderen.be/geonetwork/srv/dut/csw?Service=CSW&Request=GetRecordById&Version=2.0.2&outputSchema=http://www.isotc211.org/2005/gmd&elementSetName=full&id=692a9efb-8509-4a6f-a3be-6887f969867d""]}",spatial-extractor,2026-06-21 18:10:45.661 +0300
177,https://www.dov.vlaanderen.be/geonetwork/srv/metadata/692a9efb-8509-4a6f-a3be-6887f969867d,https://www.dov.vlaanderen.be/geoserver/erosie/wms?SERVICE=WMS&version=1.3.0&request=GetMap,,,"{""id"": ""2027"", ""bbox"": [2.6470319492844614, 50.699620386683655, 5.815385313523002, 51.02847335341908, ""CRS:84""], ""name"": ""erosiebestrijding_gemeente"", ""title"": ""Kleinschalige erosiebestrijdingswerken"", ""crs3857"": true, ""crs4326"": true, ""abstract"": ""De kaart met kleinschalige erosiebestrijdingswerken bevat de erosiebestrijdingswerken die gerealiseerd zijn of op korte termijn zullen gerealiseerd worden door (lokale) overheden. Deze datalaag omvat zowel de gemeentelijke erosiebestrijdingswerken die met subsidies van de Vlaamse Overheid (Departement Omgeving) in het kader van het Erosiebesluit zijn aangelegd als erosiebestrijdingswerken die via een ander financieringskanaal (gemeente, provincie, landinrichting, ruilverkaveling,...) werden gerealiseerd. De erosiebestrijdingswerken bestaan uit één of een combinatie van meerdere maatregelen, zoals aarden dammen, erosiepoelen, bufferbekkens, buffergrachten, grasstroken, graszones, houtige kleine landschapselementen, etc."", ""keywords"": [""Bodem"", ""ondergrond"", ""bodemerosie"", ""erosiebeheersing"", ""Regionaal"", ""Herbruikbaar"", ""Kosteloos"", ""Vlaamse Open data"", ""Toegevoegd GDI-Vl"", ""Metadata GDI-Vl-conform"", ""Metadata INSPIRE-conform"", ""DOV"", ""Vlaanderen"", ""Ondergrond"", ""Databank Ondergrond Vlaanderen"", ""Departement Omgeving"", ""DOV_PATHNAME@001#DOV:030#Erosie:030#Erosiebestrijdingsmaatregelen:010#"", ""DOV_EXPERTISE@Bodem"", ""DOV_EXPERTISE@Sediment""], ""layer_name"": ""erosiebestrijding_gemeente"", ""description"": ""WMS-map Kleinschalige erosiebestrijdingswerken"", ""service_type"": ""wms"", ""metadata_urls"": [""https://www.dov.vlaanderen.be/geonetwork#/metadata/692a9efb-8509-4a6f-a3be-6887f969867d"", ""https://www.dov.vlaanderen.be/geonetwork/srv/dut/csw?Service=CSW&Request=GetRecordById&Version=2.0.2&outputSchema=http://www.isotc211.org/2005/gmd&elementSetName=full&id=692a9efb-8509-4a6f-a3be-6887f969867d""]}",spatial-extractor,2026-06-21 18:10:46.991 +0300
178,https://www.dov.vlaanderen.be/geonetwork/srv/metadata/692a9efb-8509-4a6f-a3be-6887f969867d,https://www.dov.vlaanderen.be/geoserver/erosie/wms?,,,"{""id"": ""2028"", ""bbox"": [2.6470319492844614, 50.699620386683655, 5.815385313523002, 51.02847335341908, ""CRS:84""], ""name"": ""erosiebestrijding_gemeente"", ""title"": ""Kleinschalige erosiebestrijdingswerken"", ""crs3857"": true, ""crs4326"": true, ""abstract"": ""De kaart met kleinschalige erosiebestrijdingswerken bevat de erosiebestrijdingswerken die gerealiseerd zijn of op korte termijn zullen gerealiseerd worden door (lokale) overheden. Deze datalaag omvat zowel de gemeentelijke erosiebestrijdingswerken die met subsidies van de Vlaamse Overheid (Departement Omgeving) in het kader van het Erosiebesluit zijn aangelegd als erosiebestrijdingswerken die via een ander financieringskanaal (gemeente, provincie, landinrichting, ruilverkaveling,...) werden gerealiseerd. De erosiebestrijdingswerken bestaan uit één of een combinatie van meerdere maatregelen, zoals aarden dammen, erosiepoelen, bufferbekkens, buffergrachten, grasstroken, graszones, houtige kleine landschapselementen, etc."", ""keywords"": [""Bodem"", ""ondergrond"", ""bodemerosie"", ""erosiebeheersing"", ""Regionaal"", ""Herbruikbaar"", ""Kosteloos"", ""Vlaamse Open data"", ""Toegevoegd GDI-Vl"", ""Metadata GDI-Vl-conform"", ""Metadata INSPIRE-conform"", ""DOV"", ""Vlaanderen"", ""Ondergrond"", ""Databank Ondergrond Vlaanderen"", ""Departement Omgeving"", ""DOV_PATHNAME@001#DOV:030#Erosie:030#Erosiebestrijdingsmaatregelen:010#"", ""DOV_EXPERTISE@Bodem"", ""DOV_EXPERTISE@Sediment""], ""layer_name"": ""erosiebestrijding_gemeente"", ""description"": ""WMS-endpoint Kleinschalige erosiebestrijdingswerken"", ""service_type"": ""wms"", ""metadata_urls"": [""https://www.dov.vlaanderen.be/geonetwork#/metadata/692a9efb-8509-4a6f-a3be-6887f969867d"", ""https://www.dov.vlaanderen.be/geonetwork/srv/dut/csw?Service=CSW&Request=GetRecordById&Version=2.0.2&outputSchema=http://www.isotc211.org/2005/gmd&elementSetName=full&id=692a9efb-8509-4a6f-a3be-6887f969867d""]}",spatial-extractor,2026-06-21 18:10:47.602 +0300
179,https://www.dov.vlaanderen.be/geonetwork/srv/metadata/692a9efb-8509-4a6f-a3be-6887f969867d,https://www.dov.vlaanderen.be/geoserver/erosie/wfs?SERVICE=WFS&version=2.0.0&request=GetFeature&count=1&typeName=erosiebestrijding_gemeente,,,"{""id"": ""2029"", ""bbox"": null, ""name"": ""erosiebestrijding_gemeente"", ""title"": null, ""schema"": null, ""crs3857"": false, ""crs4326"": false, ""abstract"": null, ""keywords"": [], ""layer_name"": null, ""description"": ""WFS-feature Kleinschalige erosiebestrijdingswerken"", ""service_type"": ""wfs"", ""metadata_urls"": []}",spatial-extractor,2026-06-21 18:10:48.178 +0300
180,b47d2800-713c-4cd9-bd34-016161ef806e,https://data.apps.fao.org/map/gsrv/gsrv1/solaw/wms?styles=solaw_fig02_06_37990_style,,,"{""id"": ""2078"", ""bbox"": null, ""name"": ""SOLAW:fig02_06_37990"", ""title"": null, ""crs3857"": false, ""crs4326"": false, ""abstract"": null, ""keywords"": [], ""layer_name"": null, ""description"": ""Dominant soil and terrain constraints for low input farming"", ""service_type"": ""wms"", ""metadata_urls"": []}",spatial-extractor,2026-06-21 18:10:49.912 +0300
185,bf6483f0-88fd-11da-a88f-000d939bc5d8,https://data.apps.fao.org/map/gsrv/gsrv1/geonetwork/wms?styles=geonetwork_watav_3830_style,,,"{""id"": ""2111"", ""bbox"": null, ""name"": ""geonetwork:watav_3830"", ""title"": null, ""crs3857"": false, ""crs4326"": false, ""abstract"": null, ""keywords"": [], ""layer_name"": null, ""description"": ""Water availability"", ""service_type"": ""wms"", ""metadata_urls"": []}",spatial-extractor,2026-06-21 18:10:56.245 +0300
186,598a72eb-b2c9-48ef-aac0-76e1cd1d5c62,https://io.apps.fao.org/geoserver/wms/WAPOR_2/L3_LAM_AETI_M/v2?service=WMS&version=1.3.0&request=GetCapabilities,,,"{""error"": null}",spatial-extractor,2026-06-21 18:10:57.250 +0300
187,Soils-of-Scotland-map-Extend-125.000,http://druid.hutton.ac.uk/arcgis/services/Hutton_Map_Extents_WGS84/MapServer/WMSServer?,,,"{""id"": ""2134"", ""bbox"": null, ""name"": ""WMS"", ""title"": null, ""crs3857"": false, ""crs4326"": false, ""abstract"": null, ""keywords"": [], ""layer_name"": null, ""description"": ""NULL"", ""service_type"": ""wms"", ""metadata_urls"": []}",spatial-extractor,2026-06-21 18:10:58.103 +0300
188,be8658f0-88fd-11da-a88f-000d939bc5d8,https://data.apps.fao.org/map/gsrv/gsrv1/geonetwork/wms?styles=geonetwork_s_tlsub1_3809_style,,,"{""id"": ""2139"", ""bbox"": null, ""name"": ""geonetwork:s_tlsub1_3809"", ""title"": null, ""crs3857"": false, ""crs4326"": false, ""abstract"": null, ""keywords"": [], ""layer_name"": null, ""description"": ""Suitability for small-scale farming and potential yield (crops/y) of Nile tilapia"", ""service_type"": ""wms"", ""metadata_urls"": []}",spatial-extractor,2026-06-21 18:11:07.753 +0300
189,c1251fb0-88fd-11da-a88f-000d939bc5d8,https://data.apps.fao.org/map/gsrv/gsrv1/geonetwork/wms?styles=geonetwork_waterlos_3796_style,,,"{""id"": ""2148"", ""bbox"": null, ""name"": ""geonetwork:waterlos_3796"", ""title"": null, ""crs3857"": false, ""crs4326"": false, ""abstract"": null, ""keywords"": [], ""layer_name"": null, ""description"": ""Soil suitability for ponds"", ""service_type"": ""wms"", ""metadata_urls"": []}",spatial-extractor,2026-06-21 18:11:08.707 +0300
190,c63d8ce7-e8e9-41e8-891c-fc4b6ca59b50,https://io.apps.fao.org/geoserver/wms/WAPOR_2/L3_AWA_AETI_M/v2?service=WMS&version=1.3.0&request=GetCapabilities,,,"{""error"": null}",spatial-extractor,2026-06-21 18:11:09.659 +0300
191,a6cfb408-751e-41a1-9840-425ad2764fdc,https://io.apps.fao.org/geoserver/wms/WAPOR_2/L1_T_D/v2?service=WMS&version=1.3.0&request=GetCapabilities,,,"{""error"": null}",spatial-extractor,2026-06-21 18:11:10.442 +0300
192,c880cf24-7c72-4b18-80b7-2801612cb5f7,https://io.apps.fao.org/geoserver/wms/WAPOR_2/L3_GEZ_T_D/v2?service=WMS&version=1.3.0&request=GetCapabilities,,,"{""error"": null}",spatial-extractor,2026-06-21 18:11:11.785 +0300
193,dc75ccdf-46c6-46a8-838b-6cfb3a99d234,https://io.apps.fao.org/geoserver/wms/WAPOR_2/L3_MUV_AETI_A/v2?service=WMS&version=1.3.0&request=GetCapabilities,,,"{""error"": null}",spatial-extractor,2026-06-21 18:11:12.597 +0300
194,95cd1b86-ca5c-43f3-aa65-8615311dfcba,https://io.apps.fao.org/geoserver/wms/WAPOR_2/L3_MAL_GBWP_S/v2?service=WMS&version=1.3.0&request=GetCapabilities,,,"{""error"": null}",spatial-extractor,2026-06-21 18:11:14.004 +0300
195,r_friuve:m3972-cc-i1476,https://serviziogc.regione.fvg.it/geoserver/CAR_GEO/wfs?request=GetCapabilities&service=wfs&version=2.0.0,,,"{""id"": ""2196"", ""bbox"": null, ""name"": ""NULL"", ""title"": null, ""schema"": null, ""crs3857"": false, ""crs4326"": false, ""abstract"": null, ""keywords"": [], ""layer_name"": null, ""description"": ""NULL"", ""service_type"": ""wfs"", ""metadata_urls"": []}",spatial-extractor,2026-06-21 18:11:14.790 +0300
196,r_friuve:m3972-cc-i1476,https://serviziogc.regione.fvg.it/geoserver/CAR_GEO/wms?request=GetCapabilities&service=wms&version=1.3.0,,,"{""id"": ""2197"", ""bbox"": null, ""name"": ""NULL"", ""title"": ""GeoServer Web Map Service IRDAT FVG"", ""crs3857"": null, ""crs4326"": null, ""abstract"": ""Service for pubblication of the geographic informations of the region Friuli Venezia Giulia using the WFS OpenGIS standard."", ""keywords"": [], ""layer_name"": null, ""description"": ""NULL"", ""service_type"": ""wms"", ""metadata_urls"": []}",spatial-extractor,2026-06-21 18:11:19.454 +0300
197,e54d9152-a27d-4eb3-8779-7906dcb9fe32,https://io.apps.fao.org/geoserver/wms,,,"{""error"": null}",spatial-extractor,2026-06-21 18:11:20.326 +0300
198,72215668-589f-4631-8003-bfa9cafafb2e,https://io.apps.fao.org/geoserver/wms,,,"{""error"": null}",spatial-extractor,2026-06-21 18:11:22.116 +0300
199,bb9ad1c0-88fd-11da-a88f-000d939bc5d8,https://io.apps.fao.org/geoserver/wms,,,"{""error"": null}",spatial-extractor,2026-06-21 18:11:22.978 +0300
200,Erozijos-intensyvumas,http://192.168.166.27:8080/geoserver/Atlasas_Tema-2/wms?service=WMS&version=1.1.0&request=GetMap&layers=Atlasas_Tema-2:23_1,,,"{""error"": ""Request timeout""}",spatial-extractor,2026-06-21 18:11:24.159 +0300
201,fffdf08f-8ee8-4802-8354-5e6df694b0c7,https://services.bgr.de/wms/boden/bodenstoffe/?SERVICE=WMS&REQUEST=GetCapabilities,,,"{""id"": ""2328"", ""bbox"": [5.482435, 47.174772, 15.482503, 55.061476, ""EPSG:4326""], ""name"": ""6"", ""title"": ""Mittlere Zink-Gehalte im Oberboden (OB)"", ""crs3857"": true, ""crs4326"": true, ""abstract"": ""In mehreren Forschungsvorhaben wurde ein Konzept zur Ableitung von flächenhaft repräsentativen Hintergrundwerten für Ober- und Unterböden sowie für den Untergrund entwickelt und angewendet. Das Konzept beruht auf einer Zuordnung der 69 bodenkundlichen Legendeneinheiten der BÜK1000N, Version 2.31, zu 15 Bodenausgangsgesteinsgruppen. Außerdem wird für Oberböden zusätzlich nach Landnutzung differenziert. Zur Schaffung eines Datensatzes mit entsprechenden Punktinformationen wurden unterschiedliche Datenbestände aus den Ländern und vom Bund nach Abgleich gegenüber den Mindestanforderungen und inhaltlicher Harmonisierung zusammengeführt. Auf der Grundlage von ca. 5000 harmonisierten Profildaten konnten repräsentative Hintergrundwerte anorganischer Spurenstoffe für Ober- und Unterböden sowie den Untergrund mit einer Flächendeckung von ca. 90% der Bundesrepublik abgeleitet werden und diese werden in der Karte dargestellt. Das genaue Vorgehen bei der Ableitung ist dem Bericht der LABO-Bund/Länder-Arbeitsgemeinschaft Bodenschutz (2003): 'Hintergrundwerte für anorganische und organische Stoffe in Böden, 3. überarbeitete und ergänzte Auflage', zu entnehmen."", ""keywords"": [], ""layer_name"": ""6"", ""description"": ""In mehreren Forschungsvorhaben wurde ein Konzept zur Ableitung von flächenhaft repräsentativen Hintergrundwerten für Ober- und Unterböden sowie für den Untergrund entwickelt und angewendet. Das Konzept beruht auf einer Zuordnung der 69 bodenkundlichen Legendeneinheiten der BÜK1000N, Version 2.31, zu 15 Bodenausgangsgesteinsgruppen. Außerdem wird für Oberböden zusätzlich nach Landnutzung differenziert. Zur Schaffung eines Datensatzes mit entsprechenden Punktinformationen wurden unterschiedliche Datenbestände aus den Ländern und vom Bund nach Abgleich gegenüber den Mindestanforderungen und inhaltlicher Harmonisierung zusammengeführt. Auf der Grundlage von ca. 5000 harmonisierten Profildaten konnten repräsentative Hintergrundwerte anorganischer Spurenstoffe für Ober- und Unterböden sowie den Untergrund mit einer Flächendeckung von ca. 90% der Bundesrepublik abgeleitet werden und diese werden in der Karte dargestellt. Das genaue Vorgehen bei der Ableitung ist dem Bericht der LABO-Bund/Länder-Arbeitsgemeinschaft Bodenschutz (2003): 'Hintergrundwerte für anorganische und organische Stoffe in Böden, 3. überarbeitete und ergänzte Auflage', zu entnehmen."", ""service_type"": ""wms"", ""metadata_urls"": [""https://geoportal.bgr.de/smartfindersdi-csw/api?request=GetRecordById&service=CSW&version=2.0.2&outputSchema=http://www.isotc211.org/2005/gmd&elementSetName=full&id=f25c8e46-3958-4edb-89fd-9ca8a940fc8a""]}",spatial-extractor,2026-06-21 18:11:34.787 +0300
202,bc4277fe-7d0b-4d5e-9782-cccb1753f5f5,https://service.pdok.nl/bzk/bro-wandonderzoek/wms/v1_0?request=GetCapabilities&service=WMS,,,"{""id"": ""2384"", ""bbox"": null, ""name"": ""NULL"", ""title"": ""BRO Wandonderzoek - bodemkunde (SFR) WMS"", ""crs3857"": null, ""crs4326"": null, ""abstract"": ""Wandonderzoek onderzoekt de bodemkundige opbouw van de ondergrond door een ontgraving. Dit onderzoek wordt voornamelijk ingezet om de toepassing van de bodem te kunnen beoordelen voor landbouw of natuurbeheer."", ""keywords"": [], ""layer_name"": null, ""description"": ""NULL"", ""service_type"": ""wms"", ""metadata_urls"": []}",spatial-extractor,2026-06-21 18:11:37.502 +0300
203,ba709b9e-79a8-43f6-97b7-6a763bf1cadf,https://data.apps.fao.org/map/gsrv/gsrv1/gsoc/wms?service=WMS&version=1.3.0&request=GetCapabilities,,,"{""id"": ""2394"", ""bbox"": null, ""name"": ""gsoc:S_CEC_CLAY"", ""title"": null, ""crs3857"": false, ""crs4326"": false, ""abstract"": null, ""keywords"": [], ""layer_name"": null, ""description"": ""Subsoil CEC (CLAY)"", ""service_type"": ""wms"", ""metadata_urls"": []}",spatial-extractor,2026-06-21 18:11:38.078 +0300
204,fao-fsa-nested-map-27.9,http://www.fao.org/fishery/geoserver/fsa/ows?SERVICE=WMS,,,"{""error"": null}",spatial-extractor,2026-06-21 18:11:38.883 +0300
284,9a4fb7fb-0f38-4a05-a390-959165ad32dd,https://io.apps.fao.org/geoserver/wms/WATER/K3_BF/v2?service=WMS&version=1.3.0&request=GetCapabilities,,,"{""error"": null}",spatial-extractor,2026-06-21 18:15:25.683 +0300
205,bd5d1b30-88fd-11da-a88f-000d939bc5d8,https://data.apps.fao.org/map/gsrv/gsrv1/geonetwork/wms?styles=geonetwork_afferll_4_style,,,"{""id"": ""2413"", ""bbox"": null, ""name"": ""geonetwork:afferll_4"", ""title"": null, ""crs3857"": false, ""crs4326"": false, ""abstract"": null, ""keywords"": [], ""layer_name"": null, ""description"": ""Soil fertility index for Africa"", ""service_type"": ""wms"", ""metadata_urls"": []}",spatial-extractor,2026-06-21 18:11:39.529 +0300
206,bd84ee80-88fd-11da-a88f-000d939bc5d8,https://data.apps.fao.org/map/gsrv/gsrv1/geonetwork/wms?styles=geonetwork_afgrouso_3_style,,,"{""id"": ""2426"", ""bbox"": null, ""name"": ""geonetwork:afgrouso_3"", ""title"": null, ""crs3857"": false, ""crs4326"": false, ""abstract"": null, ""keywords"": [], ""layer_name"": null, ""description"": ""Dominant soils of Africa"", ""service_type"": ""wms"", ""metadata_urls"": []}",spatial-extractor,2026-06-21 18:11:40.625 +0300
207,b0203a76-ab90-4564-9789-9b7c21fb9c65,https://inspire.lfrz.gv.at/000604/wms?version=1.3.0&request=GetCapabilities,,,"{""id"": ""2429"", ""bbox"": [9.514, 46.301, 17.29, 49.131, ""CRS:84""], ""name"": ""Agricultural Soil Map of Austria - Dominant parent material (PAR-MAT-DOM)"", ""title"": ""Agricultural Soil Map of Austria - Dominant parent material (PAR-MAT-DOM)"", ""crs3857"": true, ""crs4326"": true, ""abstract"": ""Code for dominant parent material of the Soil Typological Unit (STU)."", ""keywords"": [""BFW"", ""Soil"", ""Geology"", ""Lithosphere""], ""layer_name"": ""Agricultural Soil Map of Austria - Dominant parent material (PAR-MAT-DOM)"", ""description"": ""Agricultural Soil Map of Austria - Dominant parent material (PAR-MAT-DOM)"", ""service_type"": ""wms"", ""metadata_urls"": [""https://discovery.inspire.gv.at/at.lfrz.discoveryservices/srv/ger/csw?service=CSW&request=GetRecordById&version=2.0.2&outputSchema=http://www.isotc211.org/2005/gmd&ElementSetName=full&id=b0203a76-ab90-4564-9789-9b7c21fb9c65""]}",spatial-extractor,2026-06-21 18:11:42.124 +0300
208,686656,https://geodata.naturvardsverket.se/inspire/af/wms?,,,"{""id"": ""2440"", ""bbox"": null, ""name"": ""Avloppsslam på jordbruksmark, visningstjänst"", ""title"": null, ""crs3857"": false, ""crs4326"": false, ""abstract"": null, ""keywords"": [], ""layer_name"": null, ""description"": ""NULL"", ""service_type"": ""wms"", ""metadata_urls"": []}",spatial-extractor,2026-06-21 18:11:42.686 +0300
209,8bc4629d-06ca-4887-9ed5-43966f5e7c68,https://gislocal.md/geoserver/apl/wms,,,"{""id"": ""2447"", ""bbox"": [28.75405699329946, 46.93111951786055, 28.959084222248425, 47.074082431855246, ""CRS:84""], ""name"": ""s0100_landslides"", ""title"": ""Alunecări de teren mun. Chișinău"", ""crs3857"": false, ""crs4326"": true, ""abstract"": null, ""keywords"": [""features"", ""s0100_landslides""], ""layer_name"": ""s0100_landslides"", ""description"": ""Alunecări de teren mun. Chișinău"", ""service_type"": ""wms"", ""metadata_urls"": []}",spatial-extractor,2026-06-21 18:11:43.510 +0300
210,c1da17d0-88fd-11da-a88f-000d939bc5d8,https://data.apps.fao.org/map/gsrv/gsrv1/geonetwork/wms?styles=geonetwork_tcatsub1_3804_style,,,"{""id"": ""2540"", ""bbox"": null, ""name"": ""geonetwork:tcatsub1_3804"", ""title"": null, ""crs3857"": false, ""crs4326"": false, ""abstract"": null, ""keywords"": [], ""layer_name"": null, ""description"": ""Potential yield (crops/y) of African catfish - Small-scale farming"", ""service_type"": ""wms"", ""metadata_urls"": []}",spatial-extractor,2026-06-21 18:11:45.347 +0300
211,BD518FF7-C525-4250-B28C-BD4B8D884393,https://wms.inspire.geoportail.lu/geoserver/so/wms?SERVICE=WMS&service=WMS&version=1.3.0&request=GetCapabilities,,,"{""error"": ""Could not open file with GDAL (unsupported format or inaccessible)""}",spatial-extractor,2026-06-21 18:11:46.362 +0300
212,R_SARDEG:d56d4a44-c331-42d8-a995-efb940a3e915,https://webgis.regione.sardegna.it/geoserver/ows?service=WMS&version=1.3.0&request=GetCapabilities,,,"{""id"": ""2456"", ""bbox"": null, ""name"": ""NULL"", ""title"": ""GeoServer Web Map Service"", ""crs3857"": null, ""crs4326"": null, ""abstract"": ""A compliant implementation of WMS plus most of the SLD extension (dynamic styling). Can also generate PDF, SVG, KML, GeoRSS"", ""keywords"": [], ""layer_name"": null, ""description"": ""NULL"", ""service_type"": ""wms"", ""metadata_urls"": []}",spatial-extractor,2026-06-21 18:12:17.921 +0300
213,c06ec800-88fd-11da-a88f-000d939bc5d8,https://data.apps.fao.org/map/gsrv/gsrv1/geonetwork/wms?styles=geonetwork_txsl_3833_style,,,"{""id"": ""2462"", ""bbox"": null, ""name"": ""geonetwork:txsl_3833"", ""title"": null, ""crs3857"": false, ""crs4326"": false, ""abstract"": null, ""keywords"": [], ""layer_name"": null, ""description"": ""Engineering capability"", ""service_type"": ""wms"", ""metadata_urls"": []}",spatial-extractor,2026-06-21 18:12:20.695 +0300
215,fao-species-map-wsh,http://www.fao.org/fishery/geoserver/species/ows?SERVICE=WMS,,,"{""error"": ""Could not open file with GDAL (unsupported format or inaccessible)""}",spatial-extractor,2026-06-21 18:12:23.033 +0300
216,r_friuve:m3955-cc-i1450,https://serviziogc.regione.fvg.it/geoserver/CAR_GEO/wfs?request=GetCapabilities&service=wfs&version=2.0.0,,,"{""id"": ""2514"", ""bbox"": null, ""name"": ""NULL"", ""title"": null, ""schema"": null, ""crs3857"": false, ""crs4326"": false, ""abstract"": null, ""keywords"": [], ""layer_name"": null, ""description"": ""NULL"", ""service_type"": ""wfs"", ""metadata_urls"": []}",spatial-extractor,2026-06-21 18:12:23.365 +0300
217,r_friuve:m3955-cc-i1450,https://serviziogc.regione.fvg.it/geoserver/CAR_GEO/wms?request=GetCapabilities&service=wms&version=1.3.0,,,"{""id"": ""2515"", ""bbox"": null, ""name"": ""NULL"", ""title"": ""GeoServer Web Map Service IRDAT FVG"", ""crs3857"": null, ""crs4326"": null, ""abstract"": ""Service for pubblication of the geographic informations of the region Friuli Venezia Giulia using the WFS OpenGIS standard."", ""keywords"": [], ""layer_name"": null, ""description"": ""NULL"", ""service_type"": ""wms"", ""metadata_urls"": []}",spatial-extractor,2026-06-21 18:12:24.530 +0300
218,642286,https://service.pdok.nl/rvo/brpgewaspercelen/wms/v1_0?request=GetCapabilities,,,"{""id"": ""2516"", ""bbox"": null, ""name"": ""brpgewaspercelen"", ""title"": null, ""crs3857"": false, ""crs4326"": false, ""abstract"": null, ""keywords"": [], ""layer_name"": null, ""description"": ""NULL"", ""service_type"": ""wms"", ""metadata_urls"": []}",spatial-extractor,2026-06-21 18:12:25.498 +0300
219,arlpa_to:07.02.11_2019-10-16_09:00,https://webgis.arpa.piemonte.it/ags/services/geologia/geoitinerario_valle_cervo/MapServer/WMSServer?request=GetCapabilities&service=WMS,,,"{""id"": ""2560"", ""bbox"": null, ""name"": ""NULL"", ""title"": ""geologia_geoitinerario_valle_cervo"", ""crs3857"": null, ""crs4326"": null, ""abstract"": ""WMS"", ""keywords"": [], ""layer_name"": null, ""description"": ""NULL"", ""service_type"": ""wms"", ""metadata_urls"": []}",spatial-extractor,2026-06-21 18:12:27.273 +0300
220,c2be6eab-4ccb-41c5-b63b-73285f5a4c6f,https://data.apps.fao.org/map/gsrv/gsrv1/gsoc/wms?service=WMS&version=1.3.0&request=GetCapabilities,,,"{""id"": ""2584"", ""bbox"": null, ""name"": ""gsoc:S_GRAVEL"", ""title"": null, ""crs3857"": false, ""crs4326"": false, ""abstract"": null, ""keywords"": [], ""layer_name"": null, ""description"": ""Subsoil Gravel Content"", ""service_type"": ""wms"", ""metadata_urls"": []}",spatial-extractor,2026-06-21 18:12:29.324 +0300
221,c31a38f0-88fd-11da-a88f-000d939bc5d8,https://data.apps.fao.org/map/gsrv/gsrv1/geonetwork/wms?styles=geonetwork_eurasia_taiwsoil_7385_style,,,"{""id"": ""2601"", ""bbox"": null, ""name"": ""geonetwork:eurasia_taiwsoil_7385"", ""title"": null, ""crs3857"": false, ""crs4326"": false, ""abstract"": null, ""keywords"": [], ""layer_name"": null, ""description"": ""Soil of North and Central Eurasia"", ""service_type"": ""wms"", ""metadata_urls"": []}",spatial-extractor,2026-06-21 18:12:30.020 +0300
222,c32116c0-88fd-11da-a88f-000d939bc5d8,https://data.apps.fao.org/map/gsrv/gsrv1/geonetwork/wms?styles=geonetwork_soiltext_3832_style,,,"{""id"": ""2611"", ""bbox"": null, ""name"": ""geonetwork:soiltext_3832"", ""title"": null, ""crs3857"": false, ""crs4326"": false, ""abstract"": null, ""keywords"": [], ""layer_name"": null, ""description"": ""Soil texture"", ""service_type"": ""wms"", ""metadata_urls"": []}",spatial-extractor,2026-06-21 18:12:31.103 +0300
223,arls_031:m10580-cc-i10497,https://serviziogc.regione.fvg.it/geoserver/ERSA/wms?request=GetCapabilities&service=wms&version=1.3.0,,,"{""id"": ""2627"", ""bbox"": null, ""name"": ""NULL"", ""title"": ""GeoServer Web Map Service IRDAT FVG"", ""crs3857"": null, ""crs4326"": null, ""abstract"": ""Service for pubblication of the geographic informations of the region Friuli Venezia Giulia using the WFS OpenGIS standard."", ""keywords"": [], ""layer_name"": null, ""description"": ""NULL"", ""service_type"": ""wms"", ""metadata_urls"": []}",spatial-extractor,2026-06-21 18:12:32.092 +0300
224,arls_031:m10580-cc-i10497,https://serviziogc.regione.fvg.it/geoserver/ERSA/wfs?request=GetCapabilities&service=wfs&version=2.0.0,,,"{""id"": ""2628"", ""bbox"": null, ""name"": ""NULL"", ""title"": null, ""schema"": null, ""crs3857"": false, ""crs4326"": false, ""abstract"": null, ""keywords"": [], ""layer_name"": null, ""description"": ""NULL"", ""service_type"": ""wfs"", ""metadata_urls"": []}",spatial-extractor,2026-06-21 18:12:33.062 +0300
225,c7caec6d-9393-414b-a5c7-362521720b08,https://geoservices.wallonie.be/arcgis/services/SOL_SOUS_SOL/CARBIOSOL/MapServer/WMSServer?request=GetCapabilities&service=WMS,,,"{""id"": ""2648"", ""bbox"": null, ""name"": ""Service de visualisation WMS"", ""title"": null, ""crs3857"": false, ""crs4326"": false, ""abstract"": null, ""keywords"": [], ""layer_name"": null, ""description"": ""Adresse de connexion au service de visualisation WMS de la couche de données CARBIOSOL - Incertitudes des stocks en Carbone organique total - période 2005-2014"", ""service_type"": ""wms"", ""metadata_urls"": []}",spatial-extractor,2026-06-21 18:12:33.934 +0300
226,c7caec6d-9393-414b-a5c7-362521720b08,https://geoservices.wallonie.be/INSPIRE/WMS/SO/MapServer/WMSServer?request=GetCapabilities&service=WMS,,,"{""error"": null}",spatial-extractor,2026-06-21 18:12:36.539 +0300
227,fao-species-map-arf,http://www.fao.org/fishery/geoserver/species/ows?SERVICE=WMS,,,"{""error"": ""Could not open file with GDAL (unsupported format or inaccessible)""}",spatial-extractor,2026-06-21 18:12:37.954 +0300
228,446ed430-8383-11db-b9b2-000d939bc5d8,https://data.apps.fao.org/map/gsrv/gsrv1/geonetwork/wms,,,"{""id"": ""2711"", ""bbox"": [-180.0009765625, -56.0144920349121, 180.0, 83.6235961914062, ""CRS:84""], ""name"": ""dsmw_14116"", ""title"": ""dsmw_14116"", ""crs3857"": true, ""crs4326"": true, ""abstract"": null, ""keywords"": [""features"", ""dsmw_14116""], ""layer_name"": ""dsmw_14116"", ""description"": ""dsmw_14116"", ""service_type"": ""wms"", ""metadata_urls"": []}",spatial-extractor,2026-06-21 18:12:38.268 +0300
229,834b153e-9272-4817-ac1b-84ff002009bf,https://data.apps.fao.org/map/gsrv/gsrv1/adb/wms,,,"{""id"": ""2747"", ""bbox"": [96.843752825, 46.460802997, 109.357029951, 51.777279889, ""CRS:84""], ""name"": ""mongolia_wa_selenge_naushki_smsat_hihydrosoils"", ""title"": ""mongolia_wa_selenge_naushki_smsat_hihydrosoils"", ""crs3857"": true, ""crs4326"": true, ""abstract"": null, ""keywords"": [""WCS"", ""GeoTIFF"", ""mongolia_wa_selenge_naushki_smsat_hihydrosoils""], ""layer_name"": ""mongolia_wa_selenge_naushki_smsat_hihydrosoils"", ""description"": ""mongolia_wa_selenge_naushki_smsat_hihydrosoils"", ""service_type"": ""wms"", ""metadata_urls"": []}",spatial-extractor,2026-06-21 18:12:39.954 +0300
230,Kémhatás,https://maps.rissac.hu:6443/arcgis/services/dosoremi_web_mercator2/MapServer/WMSServer,,,"{""error"": ""Could not open file with GDAL (unsupported format or inaccessible)""}",spatial-extractor,2026-06-21 18:13:05.581 +0300
231,d07c5dce-4a6e-4042-ac48-8b589c57d6d1,https://www.inspire-geoportal.lt/geoserver/so/wms?service=WMS&version=1.3.0&request=GetCapabilities,,,"{""id"": ""2774"", ""bbox"": [21.06344223022461, 53.90375522328503, 26.832435607910156, 56.44597247456006, ""CRS:84""], ""name"": ""SO.ObservedSoilProfile"", ""title"": ""Observed Soil Profile"", ""crs3857"": true, ""crs4326"": true, ""abstract"": ""Observed Soil Profile"", ""keywords"": [""features"", ""so.observedsoilprofile"", ""Observed soil profile"", ""Soil"", ""SO""], ""layer_name"": ""SO.ObservedSoilProfile"", ""description"": ""Observed Soil Profile"", ""service_type"": ""wms"", ""metadata_urls"": [""https://www.inspire-geoportal.lt/geonetwork/srv/eng/csw?service=CSW&request=GetRecordById&version=2.0.2&outputSchema=http://www.isotc211.org/2005/gmd&elementSetName=full&id=d07c5dce-4a6e-4042-ac48-8b589c57d6d1""]}",spatial-extractor,2026-06-21 18:13:06.736 +0300
232,517168bd-9e1b-4144-b6ed-388bd55f79b8,https://inspire.lfrz.gv.at/000602/wms?version=1.3.0&request=GetCapabilities,,,"{""id"": ""2784"", ""bbox"": [9.679, 46.457, 16.637, 49.046, ""CRS:84""], ""name"": ""BIOSOIL Austria (WRB-LEV1)"", ""title"": ""Soil reference group code (WRB-LEV1)"", ""crs3857"": true, ""crs4326"": true, ""abstract"": ""Soil reference group code of the STU from the World Reference Base (WRB) for Soil Resources for the BIOSOIL sites of Austria."", ""keywords"": [""soil"", ""WRB""], ""layer_name"": ""BIOSOIL Austria (WRB-LEV1)"", ""description"": ""Soil reference group code (WRB-LEV1)"", ""service_type"": ""wms"", ""metadata_urls"": [""https://discovery.inspire.gv.at/at.lfrz.discoveryservices/srv/ger/csw?service=CSW&request=GetRecordById&version=2.0.2&outputSchema=http%3A%2F%2Fwww.isotc211.org%2F2005%2Fgmd&ElementSetName=full&id=517168bd-9e1b-4144-b6ed-388bd55f79b8""]}",spatial-extractor,2026-06-21 18:13:07.665 +0300
233,d53f2680-88fd-11da-a88f-000d939bc5d8,https://data.apps.fao.org/map/gsrv/gsrv1/geonetwork/wms?styles=geonetwork_sea_7379_style,,,"{""id"": ""2795"", ""bbox"": null, ""name"": ""geonetwork:sea_7379"", ""title"": null, ""crs3857"": false, ""crs4326"": false, ""abstract"": null, ""keywords"": [], ""layer_name"": null, ""description"": ""Soil of Northeastern Africa"", ""service_type"": ""wms"", ""metadata_urls"": []}",spatial-extractor,2026-06-21 18:13:08.115 +0300
234,db533de0-88fd-11da-a88f-000d939bc5d8,https://data.apps.fao.org/map/gsrv/gsrv1/geonetwork/wms?styles=geonetwork_soterlac_7387_style,,,"{""id"": ""2859"", ""bbox"": null, ""name"": ""geonetwork:soterlac_7387"", ""title"": null, ""crs3857"": false, ""crs4326"": false, ""abstract"": null, ""keywords"": [], ""layer_name"": null, ""description"": ""Soil and terrain of Latin America and Caribbean"", ""service_type"": ""wms"", ""metadata_urls"": []}",spatial-extractor,2026-06-21 18:13:09.137 +0300
235,db767d50-88fd-11da-a88f-000d939bc5d8,https://data.apps.fao.org/map/gsrv/gsrv1/geonetwork/wms?styles=geonetwork_soils_7390_style,,,"{""id"": ""2860"", ""bbox"": null, ""name"": ""geonetwork:soils_7390"", ""title"": null, ""crs3857"": false, ""crs4326"": false, ""abstract"": null, ""keywords"": [], ""layer_name"": null, ""description"": ""Dominant Soils Map of Southern Africa"", ""service_type"": ""wms"", ""metadata_urls"": []}",spatial-extractor,2026-06-21 18:13:10.151 +0300
236,db8179d0-88fd-11da-a88f-000d939bc5d8,https://data.apps.fao.org/map/gsrv/gsrv1/geonetwork/wms?styles=geonetwork_soils_7389_style,,,"{""id"": ""2861"", ""bbox"": null, ""name"": ""geonetwork:soils_7389"", ""title"": null, ""crs3857"": false, ""crs4326"": false, ""abstract"": null, ""keywords"": [], ""layer_name"": null, ""description"": ""Soil Map of Southern Africa"", ""service_type"": ""wms"", ""metadata_urls"": []}",spatial-extractor,2026-06-21 18:13:11.142 +0300
323,fao-species-map-yya,http://www.fao.org/fishery/geoserver/species/ows?SERVICE=WMS,,,"{""error"": ""Could not open file with GDAL (unsupported format or inaccessible)""}",spatial-extractor,2026-06-21 18:15:57.804 +0300
237,dc1bb0b8-2341-4556-a205-9a04d5629c6f,https://inspire.lfrz.gv.at/000604/wms?version=1.3.0&request=GetCapabilities,,,"{""id"": ""2868"", ""bbox"": [9.514, 46.301, 17.29, 49.131, ""CRS:84""], ""name"": ""Agricultural Soil Map of Austria - Textural Class (FAO)"", ""title"": ""Agricultural Soil Map of Austria - Textural Class (FAO)"", ""crs3857"": true, ""crs4326"": true, ""abstract"": ""FAO Soil Texture Classes of the upper horizon."", ""keywords"": [""soil"", ""BFW"", ""texture"", ""FAO""], ""layer_name"": ""Agricultural Soil Map of Austria - Textural Class (FAO)"", ""description"": ""Agricultural Soil Map of Austria - Textural Class (FAO)"", ""service_type"": ""wms"", ""metadata_urls"": [""https://discovery.inspire.gv.at/at.lfrz.discoveryservices/srv/ger/csw?service=CSW&request=GetRecordById&version=2.0.2&outputSchema=http://www.isotc211.org/2005/gmd&ElementSetName=full&id=dc1bb0b8-2341-4556-a205-9a04d5629c6f""]}",spatial-extractor,2026-06-21 18:13:12.207 +0300
238,7191c251-124d-4042-b45d-7dcd512d1a90,https://data.apps.fao.org/map/gsrv/gsrv1/gsoc/wms?service=WMS&version=1.3.0&request=GetCapabilities,,,"{""id"": ""2884"", ""bbox"": null, ""name"": ""gsoc:S_SILT"", ""title"": null, ""crs3857"": false, ""crs4326"": false, ""abstract"": null, ""keywords"": [], ""layer_name"": null, ""description"": ""Subsoil Silt Fraction"", ""service_type"": ""wms"", ""metadata_urls"": []}",spatial-extractor,2026-06-21 18:13:12.638 +0300
239,bf0e2690-88fd-11da-a88f-000d939bc5d8,https://data.apps.fao.org/map/gsrv/gsrv1/geonetwork/wms?styles=geonetwork_soils_3820_style,,,"{""id"": ""2893"", ""bbox"": null, ""name"": ""geonetwork:soils_3820"", ""title"": null, ""crs3857"": false, ""crs4326"": false, ""abstract"": null, ""keywords"": [], ""layer_name"": null, ""description"": ""Soil suitability for ponds"", ""service_type"": ""wms"", ""metadata_urls"": []}",spatial-extractor,2026-06-21 18:13:13.420 +0300
240,Soil-Organic-Carbon-Stock-Maps-for-Belgium,https://www.dov.vlaanderen.be/geoserver/organische_koolstof/wms?SERVICE=WMS&version=1.3.0&request=GetCapabilities,,,"{""id"": ""2966"", ""bbox"": [2.4846222535102074, 48.49291304727594, 6.497545304122984, 52.50583609788872, ""CRS:84""], ""name"": ""carbon_sd_40"", ""title"": ""Soil Organic Carbon Stock Maps for Belgium: standard deviation (40 m grid)"", ""crs3857"": true, ""crs4326"": true, ""abstract"": ""The Belgian soil organic carbon (SOC) stock map for topsoils (0-30 cm) at the resolution of 40m x 40m was composed of 2 regional SOC stock maps. For the regional maps a different approach was used for agricultural land as compared to forest. The maps are based on digital soil mapping approaches using empirical models calibrated to predict the SOC stock and using covariates that are available at a sufficient resolution at the regional scale. All maps are strongly dependent on the Belgian Soil Map (texture and drainage parameters). The regional maps were compiled at a fine resolution (10m x 10m grid cells for Flanders and 40m x 40m grid cells for Wallonia). Next they were joined (40m x 40m grid cells). The regional maps for Flanders were scaled up tot the 40m x 40m grid of Wallonia.  \r\nGiven the different origin of the individual maps, the uncertainty varies between maps. For instance, a map of the 90% confidence interval of the SOC stocks was produced for agricultural soils in Wallonia based on a Monte Carlo Approach taking into account both the measurement and the model uncertainties. For Flemish forest soils, spatial and analytical uncertainties were taken into account using bootstrapping techniques. For Flemish agricultural soils, the uncertainty reported is the model uncertainty on point estimates for each data point, in which the estimated model parameters are simulated 1000 times as being independent normal distributed variables using their model estimation and standard error as distribution parameters. No additional uncertainty is taken into account for the conversion functions that use the stochastic variables \""bulk density\"". The metadata are available and allow assessing the uncertainties of the stock estimates in the different component maps.\r\nThe SOC stock map (resolution of 40m x 40m) is the first comprehensive map for Belgium integrating grasslands, croplands and forests. Based on this map another SOC stock map at a resolution of 1km x 1km in the coordinate reference system WGS84 was created."", ""keywords"": [""Bodem"", ""ondergrond"", ""landbouw"", ""koolstof"", ""totaal aan organische koolstof"", ""grasland"", ""akker"", ""bos"", ""Regionaal"", ""Herbruikbaar"", ""Kosteloos"", ""Vlaamse Open data"", ""Toegevoegd GDI-Vl"", ""Metadata GDI-Vl-conform"", ""Metadata INSPIRE-conform"", ""Lijst M&R INSPIRE"", ""DOV"", ""Vlaanderen"", ""Ondergrond"", ""Databank Ondergrond Vlaanderen"", ""Departement Omgeving"", ""Aardobservatie en milieu"", ""Bodem"", ""HVD"", ""DOV_EXPERTISE@Bodem""], ""layer_name"": ""carbon_sd_40"", ""description"": ""WMS-capabilities Soil Organic Carbon Stock Maps for Belgium: standard deviation (40 m grid)"", ""service_type"": ""wms"", ""metadata_urls"": [""https://www.dov.vlaanderen.be/geonetwork#/metadata/c41ae3d2-7975-457f-94d7-4ab83d659432"", ""https://www.dov.vlaanderen.be/geonetwork/srv/dut/csw?Service=CSW&Request=GetRecordById&Version=2.0.2&outputSchema=http://www.isotc211.org/2005/gmd&elementSetName=full&id=c41ae3d2-7975-457f-94d7-4ab83d659432""]}",spatial-extractor,2026-06-21 18:13:14.922 +0300
241,Soil-Organic-Carbon-Stock-Maps-for-Belgium,https://www.dov.vlaanderen.be/geoserver/organische_koolstof/wms?SERVICE=WMS&version=1.3.0&request=GetMap,,,"{""id"": ""2968"", ""bbox"": [2.4846222535102074, 48.49291304727594, 6.497545304122984, 52.50583609788872, ""CRS:84""], ""name"": ""carbon_sd_40"", ""title"": ""Soil Organic Carbon Stock Maps for Belgium: standard deviation (40 m grid)"", ""crs3857"": true, ""crs4326"": true, ""abstract"": ""The Belgian soil organic carbon (SOC) stock map for topsoils (0-30 cm) at the resolution of 40m x 40m was composed of 2 regional SOC stock maps. For the regional maps a different approach was used for agricultural land as compared to forest. The maps are based on digital soil mapping approaches using empirical models calibrated to predict the SOC stock and using covariates that are available at a sufficient resolution at the regional scale. All maps are strongly dependent on the Belgian Soil Map (texture and drainage parameters). The regional maps were compiled at a fine resolution (10m x 10m grid cells for Flanders and 40m x 40m grid cells for Wallonia). Next they were joined (40m x 40m grid cells). The regional maps for Flanders were scaled up tot the 40m x 40m grid of Wallonia.  \r\nGiven the different origin of the individual maps, the uncertainty varies between maps. For instance, a map of the 90% confidence interval of the SOC stocks was produced for agricultural soils in Wallonia based on a Monte Carlo Approach taking into account both the measurement and the model uncertainties. For Flemish forest soils, spatial and analytical uncertainties were taken into account using bootstrapping techniques. For Flemish agricultural soils, the uncertainty reported is the model uncertainty on point estimates for each data point, in which the estimated model parameters are simulated 1000 times as being independent normal distributed variables using their model estimation and standard error as distribution parameters. No additional uncertainty is taken into account for the conversion functions that use the stochastic variables \""bulk density\"". The metadata are available and allow assessing the uncertainties of the stock estimates in the different component maps.\r\nThe SOC stock map (resolution of 40m x 40m) is the first comprehensive map for Belgium integrating grasslands, croplands and forests. Based on this map another SOC stock map at a resolution of 1km x 1km in the coordinate reference system WGS84 was created."", ""keywords"": [""Bodem"", ""ondergrond"", ""landbouw"", ""koolstof"", ""totaal aan organische koolstof"", ""grasland"", ""akker"", ""bos"", ""Regionaal"", ""Herbruikbaar"", ""Kosteloos"", ""Vlaamse Open data"", ""Toegevoegd GDI-Vl"", ""Metadata GDI-Vl-conform"", ""Metadata INSPIRE-conform"", ""Lijst M&R INSPIRE"", ""DOV"", ""Vlaanderen"", ""Ondergrond"", ""Databank Ondergrond Vlaanderen"", ""Departement Omgeving"", ""Aardobservatie en milieu"", ""Bodem"", ""HVD"", ""DOV_EXPERTISE@Bodem""], ""layer_name"": ""carbon_sd_40"", ""description"": ""WMS-map Soil Organic Carbon Stock Maps for Belgium: standard deviation (40 m grid)"", ""service_type"": ""wms"", ""metadata_urls"": [""https://www.dov.vlaanderen.be/geonetwork#/metadata/c41ae3d2-7975-457f-94d7-4ab83d659432"", ""https://www.dov.vlaanderen.be/geonetwork/srv/dut/csw?Service=CSW&Request=GetRecordById&Version=2.0.2&outputSchema=http://www.isotc211.org/2005/gmd&elementSetName=full&id=c41ae3d2-7975-457f-94d7-4ab83d659432""]}",spatial-extractor,2026-06-21 18:13:16.336 +0300
242,Soil-Organic-Carbon-Stock-Maps-for-Belgium,https://www.dov.vlaanderen.be/geoserver/organische_koolstof/wms?,,,"{""id"": ""2969"", ""bbox"": [2.4846222535102074, 48.49291304727594, 6.497545304122984, 52.50583609788872, ""CRS:84""], ""name"": ""carbon_sd_40"", ""title"": ""Soil Organic Carbon Stock Maps for Belgium: standard deviation (40 m grid)"", ""crs3857"": true, ""crs4326"": true, ""abstract"": ""The Belgian soil organic carbon (SOC) stock map for topsoils (0-30 cm) at the resolution of 40m x 40m was composed of 2 regional SOC stock maps. For the regional maps a different approach was used for agricultural land as compared to forest. The maps are based on digital soil mapping approaches using empirical models calibrated to predict the SOC stock and using covariates that are available at a sufficient resolution at the regional scale. All maps are strongly dependent on the Belgian Soil Map (texture and drainage parameters). The regional maps were compiled at a fine resolution (10m x 10m grid cells for Flanders and 40m x 40m grid cells for Wallonia). Next they were joined (40m x 40m grid cells). The regional maps for Flanders were scaled up tot the 40m x 40m grid of Wallonia.  \r\nGiven the different origin of the individual maps, the uncertainty varies between maps. For instance, a map of the 90% confidence interval of the SOC stocks was produced for agricultural soils in Wallonia based on a Monte Carlo Approach taking into account both the measurement and the model uncertainties. For Flemish forest soils, spatial and analytical uncertainties were taken into account using bootstrapping techniques. For Flemish agricultural soils, the uncertainty reported is the model uncertainty on point estimates for each data point, in which the estimated model parameters are simulated 1000 times as being independent normal distributed variables using their model estimation and standard error as distribution parameters. No additional uncertainty is taken into account for the conversion functions that use the stochastic variables \""bulk density\"". The metadata are available and allow assessing the uncertainties of the stock estimates in the different component maps.\r\nThe SOC stock map (resolution of 40m x 40m) is the first comprehensive map for Belgium integrating grasslands, croplands and forests. Based on this map another SOC stock map at a resolution of 1km x 1km in the coordinate reference system WGS84 was created."", ""keywords"": [""Bodem"", ""ondergrond"", ""landbouw"", ""koolstof"", ""totaal aan organische koolstof"", ""grasland"", ""akker"", ""bos"", ""Regionaal"", ""Herbruikbaar"", ""Kosteloos"", ""Vlaamse Open data"", ""Toegevoegd GDI-Vl"", ""Metadata GDI-Vl-conform"", ""Metadata INSPIRE-conform"", ""Lijst M&R INSPIRE"", ""DOV"", ""Vlaanderen"", ""Ondergrond"", ""Databank Ondergrond Vlaanderen"", ""Departement Omgeving"", ""Aardobservatie en milieu"", ""Bodem"", ""HVD"", ""DOV_EXPERTISE@Bodem""], ""layer_name"": ""carbon_sd_40"", ""description"": ""WMS-endpoint Soil Organic Carbon Stock Maps for Belgium: standard deviation (40 m grid)"", ""service_type"": ""wms"", ""metadata_urls"": [""https://www.dov.vlaanderen.be/geonetwork#/metadata/c41ae3d2-7975-457f-94d7-4ab83d659432"", ""https://www.dov.vlaanderen.be/geonetwork/srv/dut/csw?Service=CSW&Request=GetRecordById&Version=2.0.2&outputSchema=http://www.isotc211.org/2005/gmd&elementSetName=full&id=c41ae3d2-7975-457f-94d7-4ab83d659432""]}",spatial-extractor,2026-06-21 18:13:16.909 +0300
243,Soil-Organic-Carbon-Stock-Maps-for-Belgium,https://www.dov.vlaanderen.be/geoserver/organische_koolstof/wcs?SERVICE=WCS&version=1.1.1&request=GetCapabilities,,,"{""id"": ""2970"", ""bbox"": null, ""name"": ""organische_koolstof:carbon_sd_40"", ""title"": ""Soil Organic Carbon Stock Maps for Belgium: standard deviation (40 m grid)"", ""abstract"": ""The Belgian soil organic carbon (SOC) stock map for topsoils (0-30 cm) at the resolution of 40m x 40m was composed of 2 regional SOC stock maps. For the regional maps a different approach was used for agricultural land as compared to forest. The maps are based on digital soil mapping approaches using empirical models calibrated to predict the SOC stock and using covariates that are available at a sufficient resolution at the regional scale. All maps are strongly dependent on the Belgian Soil Map (texture and drainage parameters). The regional maps were compiled at a fine resolution (10m x 10m grid cells for Flanders and 40m x 40m grid cells for Wallonia). Next they were joined (40m x 40m grid cells). The regional maps for Flanders were scaled up tot the 40m x 40m grid of Wallonia.  \r\nGiven the different origin of the individual maps, the uncertainty varies between maps. For instance, a map of the 90% confidence interval of the SOC stocks was produced for agricultural soils in Wallonia based on a Monte Carlo Approach taking into account both the measurement and the model uncertainties. For Flemish forest soils, spatial and analytical uncertainties were taken into account using bootstrapping techniques. For Flemish agricultural soils, the uncertainty reported is the model uncertainty on point estimates for each data point, in which the estimated model parameters are simulated 1000 times as being independent normal distributed variables using their model estimation and standard error as distribution parameters. No additional uncertainty is taken into account for the conversion functions that use the stochastic variables \""bulk density\"". The metadata are available and allow assessing the uncertainties of the stock estimates in the different component maps.\r\nThe SOC stock map (resolution of 40m x 40m) is the first comprehensive map for Belgium integrating grasslands, croplands and forests. Based on this map another SOC stock map at a resolution of 1km x 1km in the coordinate reference system WGS84 was created."", ""keywords"": [""Bodem"", ""ondergrond"", ""landbouw"", ""koolstof"", ""totaal aan organische koolstof"", ""grasland"", ""akker"", ""bos"", ""Regionaal"", ""Herbruikbaar"", ""Kosteloos"", ""Vlaamse Open data"", ""Toegevoegd GDI-Vl"", ""Metadata GDI-Vl-conform"", ""Metadata INSPIRE-conform"", ""Lijst M&R INSPIRE"", ""DOV"", ""Vlaanderen"", ""Ondergrond"", ""Databank Ondergrond Vlaanderen"", ""Departement Omgeving"", ""Aardobservatie en milieu"", ""Bodem"", ""HVD"", ""DOV_EXPERTISE@Bodem""], ""layer_name"": ""organische_koolstof:carbon_sd_40"", ""description"": ""WCS-capabilities Soil Organic Carbon Stock Maps for Belgium: standard deviation (40 m grid)"", ""service_type"": ""wcs"", ""metadata_urls"": []}",spatial-extractor,2026-06-21 18:13:18.733 +0300
244,Soil-Organic-Carbon-Stock-Maps-for-Belgium,https://www.dov.vlaanderen.be/geoserver/organische_koolstof/wcs?SERVICE=WCS&version=1.1.1&request=GetCoverage,,,"{""id"": ""2971"", ""bbox"": null, ""name"": ""carbon_sd_40"", ""title"": null, ""abstract"": null, ""keywords"": [], ""layer_name"": null, ""description"": ""WCS-coverage Soil Organic Carbon Stock Maps for Belgium: standard deviation (40 m grid)"", ""service_type"": ""wcs"", ""metadata_urls"": []}",spatial-extractor,2026-06-21 18:13:21.039 +0300
245,Soil-Organic-Carbon-Stock-Maps-for-Belgium,https://www.dov.vlaanderen.be/geoserver/organische_koolstof/wcs?,,,"{""error"": null}",spatial-extractor,2026-06-21 18:13:22.835 +0300
246,Soil-Organic-Carbon-Stock-Maps-for-Belgium,https://www.dov.vlaanderen.be/geoserver/wms/kml?layers=organische_koolstof:carbon_sd_40,,,"{""id"": ""2974"", ""bbox"": null, ""name"": ""carbon_sd_40"", ""title"": null, ""crs3857"": false, ""crs4326"": false, ""abstract"": null, ""keywords"": [], ""layer_name"": null, ""description"": ""The Belgian soil organic carbon (SOC) stock map for topsoils (0-30 cm) at the resolution of 40m x 40m was composed of 2 regional SOC stock maps. For the regional maps a different approach was used for agricultural land as compared to forest. The maps are based on digital soil mapping approaches using empirical models calibrated to predict the SOC stock and using covariates that are available at a sufficient resolution at the regional scale. All maps are strongly dependent on the Belgian Soil Map (texture and drainage parameters). The regional maps were compiled at a fine resolution (10m x 10m grid cells for Flanders and 40m x 40m grid cells for Wallonia). Next they were joined (40m x 40m grid cells). The regional maps for Flanders were scaled up tot the 40m x 40m grid of Wallonia.  \nGiven the different origin of the individual maps, the uncertainty varies between maps. For instance, a map of the 90% confidence interval of the SOC stocks was produced for agricultural soils in Wallonia based on a Monte Carlo Approach taking into account both the measurement and the model uncertainties. For Flemish forest soils, spatial and analytical uncertainties were taken into account using bootstrapping techniques. For Flemish agricultural soils, the uncertainty reported is the model uncertainty on point estimates for each data point, in which the estimated model parameters are simulated 1000 times as being independent normal distributed variables using their model estimation and standard error as distribution parameters. No additional uncertainty is taken into account for the conversion functions that use the stochastic variables \""bulk density\"". The metadata are available and allow assessing the uncertainties of the stock estimates in the different component maps.\nThe SOC stock map (resolution of 40m x 40m) is the first comprehensive map for Belgium integrating grasslands, croplands and forests. Based on this map another SOC stock map at a resolution of 1km x 1km in the coordinate reference system WGS84 was created."", ""service_type"": ""wms"", ""metadata_urls"": []}",spatial-extractor,2026-06-21 18:13:23.959 +0300
247,Soil-Organic-Carbon-Stock-Maps-for-Belgium,https://www.dov.vlaanderen.be/geoserver/wcs?,,,"{""error"": null}",spatial-extractor,2026-06-21 18:13:33.094 +0300
248,Szervesanyag-tartalom,https://maps.rissac.hu:6443/arcgis/services/dosoremi_web_mercator2/MapServer/WMSServer,,,"{""error"": ""Could not open file with GDAL (unsupported format or inaccessible)""}",spatial-extractor,2026-06-21 18:14:46.970 +0300
249,Szén---készlet-2010,https://maps.rissac.hu:6443/arcgis/services/dosoremi_web_mercator2/MapServer/WMSServer,,,"{""error"": ""Could not open file with GDAL (unsupported format or inaccessible)""}",spatial-extractor,2026-06-21 18:14:48.326 +0300
325,r_vda:03755-META:20181123:080500,https://geoservizi.regione.vda.it/geoserver/sctGeologia/wms?service=WMS&version=1.1.0&request=GetCapabilities,,,"{""error"": null}",spatial-extractor,2026-06-21 18:36:19.746 +0300
250,38c2a87e-d38a-4359-9899-9d4a6b9f0c2a,https://geoservices.wallonie.be/arcgis/services/SOL_SOUS_SOL/CNSW/MapServer/WMSServer?request=GetCapabilities&service=WMS,,,"{""id"": ""3004"", ""bbox"": null, ""name"": ""Service de visualisation WMS"", ""title"": null, ""crs3857"": false, ""crs4326"": false, ""abstract"": null, ""keywords"": [], ""layer_name"": null, ""description"": ""Adresse de connexion au service de visualisation WMS des données relatives à la Carte Numérique des Sols de Wallonie."", ""service_type"": ""wms"", ""metadata_urls"": []}",spatial-extractor,2026-06-21 18:14:49.594 +0300
251,38c2a87e-d38a-4359-9899-9d4a6b9f0c2a,https://geoservices.wallonie.be/INSPIRE/WMS/SO/MapServer/WMSServer?request=GetCapabilities&service=WMS,,,"{""error"": null}",spatial-extractor,2026-06-21 18:14:52.003 +0300
252,d36a694f-05ca-4d44-aed3-6c30f1d175ae,https://io.apps.fao.org/geoserver/wms,,,"{""error"": null}",spatial-extractor,2026-06-21 18:14:53.640 +0300
253,1e1a3d96-6ac0-4370-8e61-4936ea99674c,https://wms.mapama.gob.es/sig/Biodiversidad/INESErosionLaminarRaster/wms.aspx,,,"{""error"": ""Could not open file with GDAL (unsupported format or inaccessible)""}",spatial-extractor,2026-06-21 18:14:54.510 +0300
254,85e13bc8-6773-40e8-b070-e4b311286a69,https://io.apps.fao.org/geoserver/wms,,,"{""error"": null}",spatial-extractor,2026-06-21 18:14:55.289 +0300
255,r_friuve:m3958-cc-i1454,https://serviziogc.regione.fvg.it/geoserver/CAR_GEO/wms?request=GetCapabilities&service=wms&version=1.3.0,,,"{""id"": ""3117"", ""bbox"": null, ""name"": ""NULL"", ""title"": ""GeoServer Web Map Service IRDAT FVG"", ""crs3857"": null, ""crs4326"": null, ""abstract"": ""Service for pubblication of the geographic informations of the region Friuli Venezia Giulia using the WFS OpenGIS standard."", ""keywords"": [], ""layer_name"": null, ""description"": ""NULL"", ""service_type"": ""wms"", ""metadata_urls"": []}",spatial-extractor,2026-06-21 18:14:56.079 +0300
256,r_friuve:m3958-cc-i1454,https://serviziogc.regione.fvg.it/geoserver/CAR_GEO/wfs?request=GetCapabilities&service=wfs&version=2.0.0,,,"{""id"": ""3118"", ""bbox"": null, ""name"": ""NULL"", ""title"": null, ""schema"": null, ""crs3857"": false, ""crs4326"": false, ""abstract"": null, ""keywords"": [], ""layer_name"": null, ""description"": ""NULL"", ""service_type"": ""wfs"", ""metadata_urls"": []}",spatial-extractor,2026-06-21 18:14:57.078 +0300
257,21885567-5313-429d-a899-a92cc67e86a0,https://data.apps.fao.org/map/gsrv/gsrv1/gsoc/wms?service=WMS&version=1.3.0&request=GetCapabilities,,,"{""id"": ""3199"", ""bbox"": null, ""name"": ""gsoc:sq4"", ""title"": null, ""crs3857"": false, ""crs4326"": false, ""abstract"": null, ""keywords"": [], ""layer_name"": null, ""description"": ""Soil Quality: Oxygen Availability to Roots (HWSD)"", ""service_type"": ""wms"", ""metadata_urls"": []}",spatial-extractor,2026-06-21 18:14:57.973 +0300
258,ea3a946c-f25e-44b5-be96-dce9bbc93050,https://geoservices.wallonie.be/arcgis/services/SOL_SOUS_SOL/CARBIOSOL/MapServer/WMSServer?request=GetCapabilities&service=WMS,,,"{""id"": ""3216"", ""bbox"": null, ""name"": ""Service de visualisation WMS"", ""title"": null, ""crs3857"": false, ""crs4326"": false, ""abstract"": null, ""keywords"": [], ""layer_name"": null, ""description"": ""Adresse de connexion au service de visualisation WMS de la couche de données CARBIOSOL - Incertitudes des Teneurs en Carbone organique total - période 1949-1972"", ""service_type"": ""wms"", ""metadata_urls"": []}",spatial-extractor,2026-06-21 18:14:58.646 +0300
259,ea3a946c-f25e-44b5-be96-dce9bbc93050,https://geoservices.wallonie.be/INSPIRE/WMS/SO/MapServer/WMSServer?request=GetCapabilities&service=WMS,,,"{""error"": null}",spatial-extractor,2026-06-21 18:15:00.646 +0300
260,ec81aff5-2b00-4534-a780-78178288d21d,https://data.apps.fao.org/map/gsrv/gsrv1/gsoc/wms?service=WMS&version=1.3.0&request=GetCapabilities,,,"{""id"": ""3266"", ""bbox"": null, ""name"": ""gsoc:sq6"", ""title"": null, ""crs3857"": false, ""crs4326"": false, ""abstract"": null, ""keywords"": [], ""layer_name"": null, ""description"": ""Soil Quality: Toxicities"", ""service_type"": ""wms"", ""metadata_urls"": []}",spatial-extractor,2026-06-21 18:15:02.271 +0300
261,226f7d26-71bf-4fbd-a1f9-c8510aeddd8a,https://inspire.lfrz.gv.at/000604/wms?version=1.3.0&request=GetCapabilities,,,"{""id"": ""3269"", ""bbox"": [9.514, 46.301, 17.29, 49.131, ""CRS:84""], ""name"": ""Agricultural Soil Map of Austria - Textural Class (JRC)"", ""title"": ""Agricultural Soil Map of Austria - Textural Class (JRC)"", ""crs3857"": true, ""crs4326"": true, ""abstract"": ""Code for the Secondary Sub-surface Textural class of the Soil Typological Unit (STU). [JRC, TEXT-SUB-SEC]"", ""keywords"": [""BFW"", ""JRC"", ""soil"", ""agriculture"", ""texture""], ""layer_name"": ""Agricultural Soil Map of Austria - Textural Class (JRC)"", ""description"": ""Agricultural Soil Map of Austria - Textural Class (JRC)"", ""service_type"": ""wms"", ""metadata_urls"": [""https://discovery.inspire.gv.at/at.lfrz.discoveryservices/srv/ger/csw?service=CSW&request=GetRecordById&version=2.0.2&outputSchema=http://www.isotc211.org/2005/gmd&ElementSetName=full&id=226f7d26-71bf-4fbd-a1f9-c8510aeddd8a""]}",spatial-extractor,2026-06-21 18:15:03.009 +0300
262,ed960299-a147-4c1a-bc57-41ff83a2264f,https://service.pdok.nl/bzk/bro-bodemkaart/wms/v1_0?request=getCapabilities&service=WMS,,,"{""id"": ""3321"", ""bbox"": [-25000.0, 250000.0, 280000.0, 860000.0, ""EPSG:28992""], ""name"": ""BRO - Bodemkaart (SGM) WMS"", ""title"": ""Bodemvlakken"", ""crs3857"": true, ""crs4326"": true, ""abstract"": ""Een begrensd gebied als onderdeel van de bodemkaart (het bodemkundig model) van de Nederlandse bodem met een bodemkundige beschrijving"", ""keywords"": [""bodemkaartvlak"", ""bodemeenheid"", ""bodemvlak""], ""layer_name"": ""soilarea"", ""description"": ""BRO Bodemkaart van Nederland"", ""service_type"": ""wms"", ""metadata_urls"": [""https://www.nationaalgeoregister.nl/geonetwork/srv/dut/csw?service=CSW&version=2.0.2&request=GetRecordById&outputschema=http://www.isotc211.org/2005/gmd&elementsetname=full&id=ed960299-a147-4c1a-bc57-41ff83a2264f""]}",spatial-extractor,2026-06-21 18:15:03.486 +0300
263,2427214a-42dc-4862-b58a-00b73cbc7a6f,https://data.apps.fao.org/map/gsrv/gsrv1/gsoc/wms?service=WMS&version=1.3.0&request=GetCapabilities,,,"{""id"": ""3495"", ""bbox"": null, ""name"": ""gsoc:T_CEC_CLAY"", ""title"": null, ""crs3857"": false, ""crs4326"": false, ""abstract"": null, ""keywords"": [], ""layer_name"": null, ""description"": ""Topsoil CEC (CLAY)"", ""service_type"": ""wms"", ""metadata_urls"": []}",spatial-extractor,2026-06-21 18:15:04.163 +0300
264,r_lombar:9e36ef24-bbb0-46d1-995c-7c50679ff096,https://www.cartografia.servizirl.it/arcgis1/services/protciv/classificazione_sismica/MapServer/WMSServer?,,,"{""id"": ""3565"", ""bbox"": null, ""name"": ""NULL"", ""title"": ""Classificazione sismica dei comuni - WMS"", ""crs3857"": null, ""crs4326"": null, ""abstract"": ""WMS"", ""keywords"": [], ""layer_name"": null, ""description"": ""NULL"", ""service_type"": ""wms"", ""metadata_urls"": []}",spatial-extractor,2026-06-21 18:15:04.899 +0300
265,r_friuve:m3959-cc-i1456,https://serviziogc.regione.fvg.it/geoserver/CAR_GEO/wfs?request=GetCapabilities&service=wfs&version=2.0.0,,,"{""id"": ""3589"", ""bbox"": null, ""name"": ""NULL"", ""title"": null, ""schema"": null, ""crs3857"": false, ""crs4326"": false, ""abstract"": null, ""keywords"": [], ""layer_name"": null, ""description"": ""NULL"", ""service_type"": ""wfs"", ""metadata_urls"": []}",spatial-extractor,2026-06-21 18:15:06.601 +0300
266,r_friuve:m3959-cc-i1456,https://serviziogc.regione.fvg.it/geoserver/CAR_GEO/wms?request=GetCapabilities&service=wms&version=1.3.0,,,"{""id"": ""3590"", ""bbox"": null, ""name"": ""NULL"", ""title"": ""GeoServer Web Map Service IRDAT FVG"", ""crs3857"": null, ""crs4326"": null, ""abstract"": ""Service for pubblication of the geographic informations of the region Friuli Venezia Giulia using the WFS OpenGIS standard."", ""keywords"": [], ""layer_name"": null, ""description"": ""NULL"", ""service_type"": ""wms"", ""metadata_urls"": []}",spatial-extractor,2026-06-21 18:15:08.556 +0300
267,arls_031:m10574-cc-i10481,https://serviziogc.regione.fvg.it/geoserver/ERSA/wms?request=GetCapabilities&service=wms&version=1.3.0,,,"{""id"": ""3611"", ""bbox"": null, ""name"": ""NULL"", ""title"": ""GeoServer Web Map Service IRDAT FVG"", ""crs3857"": null, ""crs4326"": null, ""abstract"": ""Service for pubblication of the geographic informations of the region Friuli Venezia Giulia using the WFS OpenGIS standard."", ""keywords"": [], ""layer_name"": null, ""description"": ""NULL"", ""service_type"": ""wms"", ""metadata_urls"": []}",spatial-extractor,2026-06-21 18:15:09.568 +0300
268,arls_031:m10574-cc-i10481,https://serviziogc.regione.fvg.it/geoserver/ERSA/wfs?request=GetCapabilities&service=wfs&version=2.0.0,,,"{""id"": ""3612"", ""bbox"": null, ""name"": ""NULL"", ""title"": null, ""schema"": null, ""crs3857"": false, ""crs4326"": false, ""abstract"": null, ""keywords"": [], ""layer_name"": null, ""description"": ""NULL"", ""service_type"": ""wfs"", ""metadata_urls"": []}",spatial-extractor,2026-06-21 18:15:10.387 +0300
269,285d213f-23e2-47da-b66a-f2f458962b5e,https://wms.mapama.gob.es/sig/Biodiversidad/INESMovimientosMasa/wms.aspx,,,"{""error"": ""Could not open file with GDAL (unsupported format or inaccessible)""}",spatial-extractor,2026-06-21 18:15:11.248 +0300
270,r_friuve:m3981-cc-i1493,https://serviziogc.regione.fvg.it/geoserver/CAR_GEO/wfs?request=GetCapabilities&service=wfs&version=2.0.0,,,"{""id"": ""3912"", ""bbox"": null, ""name"": ""NULL"", ""title"": null, ""schema"": null, ""crs3857"": false, ""crs4326"": false, ""abstract"": null, ""keywords"": [], ""layer_name"": null, ""description"": ""NULL"", ""service_type"": ""wfs"", ""metadata_urls"": []}",spatial-extractor,2026-06-21 18:15:12.030 +0300
271,r_friuve:m3981-cc-i1493,https://serviziogc.regione.fvg.it/geoserver/CAR_GEO/wms?request=GetCapabilities&service=wms&version=1.3.0,,,"{""id"": ""3913"", ""bbox"": null, ""name"": ""NULL"", ""title"": ""GeoServer Web Map Service IRDAT FVG"", ""crs3857"": null, ""crs4326"": null, ""abstract"": ""Service for pubblication of the geographic informations of the region Friuli Venezia Giulia using the WFS OpenGIS standard."", ""keywords"": [], ""layer_name"": null, ""description"": ""NULL"", ""service_type"": ""wms"", ""metadata_urls"": []}",spatial-extractor,2026-06-21 18:15:12.855 +0300
272,r_friuve:m4003-cc-i4085,https://serviziogc.regione.fvg.it/geoserver/CAR_GEO/wfs?request=GetCapabilities&service=wfs&version=2.0.0,,,"{""id"": ""3937"", ""bbox"": null, ""name"": ""NULL"", ""title"": null, ""schema"": null, ""crs3857"": false, ""crs4326"": false, ""abstract"": null, ""keywords"": [], ""layer_name"": null, ""description"": ""NULL"", ""service_type"": ""wfs"", ""metadata_urls"": []}",spatial-extractor,2026-06-21 18:15:13.723 +0300
273,r_friuve:m4003-cc-i4085,https://serviziogc.regione.fvg.it/geoserver/CAR_GEO/wms?request=GetCapabilities&service=wms&version=1.3.0,,,"{""id"": ""3938"", ""bbox"": null, ""name"": ""NULL"", ""title"": ""GeoServer Web Map Service IRDAT FVG"", ""crs3857"": null, ""crs4326"": null, ""abstract"": ""Service for pubblication of the geographic informations of the region Friuli Venezia Giulia using the WFS OpenGIS standard."", ""keywords"": [], ""layer_name"": null, ""description"": ""NULL"", ""service_type"": ""wms"", ""metadata_urls"": []}",spatial-extractor,2026-06-21 18:15:14.661 +0300
274,r_friuve:m3982-cc-i1494,https://serviziogc.regione.fvg.it/geoserver/CAR_GEO/wfs?request=GetCapabilities&service=wfs&version=2.0.0,,,"{""id"": ""3956"", ""bbox"": null, ""name"": ""NULL"", ""title"": null, ""schema"": null, ""crs3857"": false, ""crs4326"": false, ""abstract"": null, ""keywords"": [], ""layer_name"": null, ""description"": ""NULL"", ""service_type"": ""wfs"", ""metadata_urls"": []}",spatial-extractor,2026-06-21 18:15:15.539 +0300
275,r_friuve:m3982-cc-i1494,https://serviziogc.regione.fvg.it/geoserver/CAR_GEO/wms?request=GetCapabilities&service=wms&version=1.3.0,,,"{""id"": ""3957"", ""bbox"": null, ""name"": ""NULL"", ""title"": ""GeoServer Web Map Service IRDAT FVG"", ""crs3857"": null, ""crs4326"": null, ""abstract"": ""Service for pubblication of the geographic informations of the region Friuli Venezia Giulia using the WFS OpenGIS standard."", ""keywords"": [], ""layer_name"": null, ""description"": ""NULL"", ""service_type"": ""wms"", ""metadata_urls"": []}",spatial-extractor,2026-06-21 18:15:16.464 +0300
276,r_friuve:m3987-cc-i4022,https://serviziogc.regione.fvg.it/geoserver/CAR_GEO/wfs?request=GetCapabilities&service=wfs&version=2.0.0,,,"{""id"": ""3979"", ""bbox"": null, ""name"": ""NULL"", ""title"": null, ""schema"": null, ""crs3857"": false, ""crs4326"": false, ""abstract"": null, ""keywords"": [], ""layer_name"": null, ""description"": ""NULL"", ""service_type"": ""wfs"", ""metadata_urls"": []}",spatial-extractor,2026-06-21 18:15:17.370 +0300
277,r_friuve:m3987-cc-i4022,https://serviziogc.regione.fvg.it/geoserver/CAR_GEO/wms?request=GetCapabilities&service=wms&version=1.3.0,,,"{""id"": ""3980"", ""bbox"": null, ""name"": ""NULL"", ""title"": ""GeoServer Web Map Service IRDAT FVG"", ""crs3857"": null, ""crs4326"": null, ""abstract"": ""Service for pubblication of the geographic informations of the region Friuli Venezia Giulia using the WFS OpenGIS standard."", ""keywords"": [], ""layer_name"": null, ""description"": ""NULL"", ""service_type"": ""wms"", ""metadata_urls"": []}",spatial-extractor,2026-06-21 18:15:18.636 +0300
278,r_friuve:m3970-cc-i1474,https://serviziogc.regione.fvg.it/geoserver/CAR_GEO/wms?request=GetCapabilities&service=wms&version=1.3.0,,,"{""id"": ""4001"", ""bbox"": null, ""name"": ""NULL"", ""title"": ""GeoServer Web Map Service IRDAT FVG"", ""crs3857"": null, ""crs4326"": null, ""abstract"": ""Service for pubblication of the geographic informations of the region Friuli Venezia Giulia using the WFS OpenGIS standard."", ""keywords"": [], ""layer_name"": null, ""description"": ""NULL"", ""service_type"": ""wms"", ""metadata_urls"": []}",spatial-extractor,2026-06-21 18:15:19.532 +0300
279,r_friuve:m3970-cc-i1474,https://serviziogc.regione.fvg.it/geoserver/CAR_GEO/wfs?request=GetCapabilities&service=wfs&version=2.0.0,,,"{""id"": ""4002"", ""bbox"": null, ""name"": ""NULL"", ""title"": null, ""schema"": null, ""crs3857"": false, ""crs4326"": false, ""abstract"": null, ""keywords"": [], ""layer_name"": null, ""description"": ""NULL"", ""service_type"": ""wfs"", ""metadata_urls"": []}",spatial-extractor,2026-06-21 18:15:20.535 +0300
280,r_lombar:410afd93-0871-4bb5-91df-8bf5eefc8808,https://www.cartografia.servizirl.it/expo/services/gpt/direttiva_alluvioni_2022/MapServer/WMSServer?,,,"{""id"": ""4015"", ""bbox"": null, ""name"": ""NULL"", ""title"": ""Direttiva Alluvioni 2007/60/CE - Revisione 2022 - WMS"", ""crs3857"": null, ""crs4326"": null, ""abstract"": ""WMS"", ""keywords"": [], ""layer_name"": null, ""description"": ""NULL"", ""service_type"": ""wms"", ""metadata_urls"": []}",spatial-extractor,2026-06-21 18:15:21.407 +0300
281,73ae4e4e-824e-4ace-841f-d95c65c995c7,https://io.apps.fao.org/geoserver/wms/WATER/PHL1_ETRAIN/v2?service=WMS&version=1.3.0&request=GetCapabilities,,,"{""error"": null}",spatial-extractor,2026-06-21 18:15:22.957 +0300
282,r_friuve:m3963-cc-i1461,https://serviziogc.regione.fvg.it/geoserver/CAR_GEO/wms?request=GetCapabilities&service=wms&version=1.3.0,,,"{""id"": ""4043"", ""bbox"": null, ""name"": ""NULL"", ""title"": ""GeoServer Web Map Service IRDAT FVG"", ""crs3857"": null, ""crs4326"": null, ""abstract"": ""Service for pubblication of the geographic informations of the region Friuli Venezia Giulia using the WFS OpenGIS standard."", ""keywords"": [], ""layer_name"": null, ""description"": ""NULL"", ""service_type"": ""wms"", ""metadata_urls"": []}",spatial-extractor,2026-06-21 18:15:23.751 +0300
283,r_friuve:m3963-cc-i1461,https://serviziogc.regione.fvg.it/geoserver/CAR_GEO/wfs?request=GetCapabilities&service=wfs&version=2.0.0,,,"{""id"": ""4044"", ""bbox"": null, ""name"": ""NULL"", ""title"": null, ""schema"": null, ""crs3857"": false, ""crs4326"": false, ""abstract"": null, ""keywords"": [], ""layer_name"": null, ""description"": ""NULL"", ""service_type"": ""wfs"", ""metadata_urls"": []}",spatial-extractor,2026-06-21 18:15:24.793 +0300
285,r_friuve:m3984-cc-i3981,https://serviziogc.regione.fvg.it/geoserver/CAR_GEO/wms?request=GetCapabilities&service=wms&version=1.3.0,,,"{""id"": ""4055"", ""bbox"": null, ""name"": ""NULL"", ""title"": ""GeoServer Web Map Service IRDAT FVG"", ""crs3857"": null, ""crs4326"": null, ""abstract"": ""Service for pubblication of the geographic informations of the region Friuli Venezia Giulia using the WFS OpenGIS standard."", ""keywords"": [], ""layer_name"": null, ""description"": ""NULL"", ""service_type"": ""wms"", ""metadata_urls"": []}",spatial-extractor,2026-06-21 18:15:26.492 +0300
286,r_friuve:m3984-cc-i3981,https://serviziogc.regione.fvg.it/geoserver/CAR_GEO/wfs?request=GetCapabilities&service=wfs&version=2.0.0,,,"{""id"": ""4056"", ""bbox"": null, ""name"": ""NULL"", ""title"": null, ""schema"": null, ""crs3857"": false, ""crs4326"": false, ""abstract"": null, ""keywords"": [], ""layer_name"": null, ""description"": ""NULL"", ""service_type"": ""wfs"", ""metadata_urls"": []}",spatial-extractor,2026-06-21 18:15:27.456 +0300
287,8b9f9b35-188e-4592-aeb9-df22df6a0fad,https://io.apps.fao.org/geoserver/wms/WATER/K4_PERCO/v2?service=WMS&version=1.3.0&request=GetCapabilities,,,"{""error"": null}",spatial-extractor,2026-06-21 18:15:28.304 +0300
288,R_SARDEG:a13c677a-48a3-429f-906c-b66b0da43669,https://webgis.regione.sardegna.it/geoserverraster/ows?service=wms&version=1.3.0&request=GetCapabilities,,,"{""id"": ""4084"", ""bbox"": [8.123221407489151, 38.8575334017114, 9.83863322278139, 41.31383633815107, ""CRS:84""], ""name"": ""NULL"", ""title"": ""DTM 10m altimetria rev01"", ""crs3857"": true, ""crs4326"": true, ""abstract"": ""Il dato contiene le informazioni sull'altimetria derivanti dalle curve di livello e punti quotati estratti dai DTM con passo 1m realizzati mediante volo LIDAR dall'Amministrazione regionale sulla fascia costiera e sui centri urbani, e dal Ministero dell’Ambiente e della Tutela del Territorio e del Mare oggi Ministero della Transizione ecologica (MATTM) su alcune aree critiche, sulle fasce fluviali principali e sulla Gallura (progetto PST-A) e per le altre porzioni di territorio dalle curve di livello e punti quotati derivanti dalla CTR. E' stato inoltre integrato con le informazioni sull'altimetria derivanti dallo strato dell'idrografia dei DBGT alla scala 1:10.000"", ""keywords"": [""DTM_10M_ALTIMETRIA_REV01"", ""WCS"", ""GeoTIFF""], ""layer_name"": ""raster:DTM_10M_ALTIMETRIA_REV01"", ""description"": ""NULL"", ""service_type"": ""wms"", ""metadata_urls"": [""https://webgis2.regione.sardegna.it/geonetwork/srv/ita/catalog.search#/metadata/R_SARDEG:a13c677a-48a3-429f-906c-b66b0da43669""]}",spatial-extractor,2026-06-21 18:15:29.377 +0300
289,r_friuve:m3960-cc-i1457,https://serviziogc.regione.fvg.it/geoserver/CAR_GEO/wfs?request=GetCapabilities&service=wfs&version=2.0.0,,,"{""id"": ""4124"", ""bbox"": null, ""name"": ""NULL"", ""title"": null, ""schema"": null, ""crs3857"": false, ""crs4326"": false, ""abstract"": null, ""keywords"": [], ""layer_name"": null, ""description"": ""NULL"", ""service_type"": ""wfs"", ""metadata_urls"": []}",spatial-extractor,2026-06-21 18:15:31.037 +0300
290,r_friuve:m3960-cc-i1457,https://serviziogc.regione.fvg.it/geoserver/CAR_GEO/wms?request=GetCapabilities&service=wms&version=1.3.0,,,"{""id"": ""4125"", ""bbox"": null, ""name"": ""NULL"", ""title"": ""GeoServer Web Map Service IRDAT FVG"", ""crs3857"": null, ""crs4326"": null, ""abstract"": ""Service for pubblication of the geographic informations of the region Friuli Venezia Giulia using the WFS OpenGIS standard."", ""keywords"": [], ""layer_name"": null, ""description"": ""NULL"", ""service_type"": ""wms"", ""metadata_urls"": []}",spatial-extractor,2026-06-21 18:15:31.967 +0300
291,2e6bec46-004e-4fcb-8aed-19c967b05564,https://io.apps.fao.org/geoserver/wms/WATER/LBN_LIT_ETRAIN/v2?request=GetCapabilities&service=WMS&version=1.1.1,,,"{""error"": null}",spatial-extractor,2026-06-21 18:15:32.849 +0300
292,992b5bc6-2db5-4da8-ac23-ff3389946325,https://io.apps.fao.org/geoserver/wms/WATER/MNG1_ETRAIN/v2?service=WMS&version=1.3.0&request=GetCapabilities,,,"{""error"": null}",spatial-extractor,2026-06-21 18:15:33.717 +0300
293,f0c1a66c-f2d4-4686-8aeb-d02d509a6b25,https://service.pdok.nl/bzk/brocptkenset/wms/v1_0?Service=WMS&Request=GetCapabilities,,,"{""id"": ""4175"", ""bbox"": [50.65, 2.3, 56.05, 7.85, ""EPSG:4258""], ""name"": ""BRO CPT kenset"", ""title"": ""CPT kenset"", ""crs3857"": true, ""crs4326"": true, ""abstract"": ""Gegevens van geotechnisch sondeeronderzoek zoals opgeslagen in de Basis Registratie Ondergrond (BRO). Geotechnisch sondeeronderzoek (in het Engels Cone Penetration Test, afgekort tot CPT) is onderzoek dat tot doel heeft informatie over de bodemkundige of geologische opbouw van de ondergrond te verwerven, waarbij in het veld metingen aan de ondergrond worden gedaan door een kegelvormige sonde de grond in te drukken. Traditioneel is het doel met de sonde de weerstand en de wrijving die de conus op de weg naar beneden ondervind te bepalen om daaruit mechanische eigenschappen van de ondergrond af te leiden. In de loop van de tijd is de sonde zo geëvolueerd dat een breed scala aan metingen verricht kan worden."", ""keywords"": [""basisregistratie ondergrond"", ""bro"", ""geotechnisch sondeeronderzoek"", ""bodemonderzoek"", ""grondonderzoek"", ""sonderen"", ""cpt"", ""cone penetration test"", ""infomapaccessservice""], ""layer_name"": ""cpt_kenset"", ""description"": ""NULL"", ""service_type"": ""wms"", ""metadata_urls"": [""https://www.nationaalgeoregister.nl/geonetwork/srv/dut/csw?service=CSW&version=2.0.2&request=GetRecordById&outputschema=http://www.isotc211.org/2005/gmd&elementsetname=full&id=f0c1a66c-f2d4-4686-8aeb-d02d509a6b25""]}",spatial-extractor,2026-06-21 18:15:34.515 +0300
294,f1d5ecdd-c078-475e-9ced-0451892381ae,https://data.apps.fao.org/map/gsrv/gsrv1/gsoc/wms?service=WMS&version=1.3.0&request=GetCapabilities,,,"{""id"": ""4201"", ""bbox"": null, ""name"": ""gsoc:sq7"", ""title"": null, ""crs3857"": false, ""crs4326"": false, ""abstract"": null, ""keywords"": [], ""layer_name"": null, ""description"": ""Soil Quality: Workability (HWSD)"", ""service_type"": ""wms"", ""metadata_urls"": []}",spatial-extractor,2026-06-21 18:15:35.116 +0300
295,d9cc67ba-5491-4640-86ac-b8d392250270,https://service.pdok.nl/tno/bro-bodemkaart/wms/v1_0?request=getCapabilities&service=WMS,,,"{""id"": ""44372"", ""bbox"": null, ""name"": ""NULL"", ""title"": ""BRO Bodemkaart (SGM) WMS"", ""crs3857"": null, ""crs4326"": null, ""abstract"": ""De bodemkaart van Nederland, schaal 1:50.000, geeft ruimtelijke informatie over de bodemopbouw tot globaal 1,2 meter diepte"", ""keywords"": [], ""layer_name"": null, ""description"": ""NULL"", ""service_type"": ""wms"", ""metadata_urls"": []}",spatial-extractor,2026-06-21 18:15:35.930 +0300
296,f57b4c3e-9822-426e-913e-e558868f4e9f,https://data.apps.fao.org/map/gsrv/gsrv1/gsoc/wms?service=WMS&version=1.3.0&request=GetCapabilities,,,"{""id"": ""4292"", ""bbox"": null, ""name"": ""gsoc:T_SILT"", ""title"": null, ""crs3857"": false, ""crs4326"": false, ""abstract"": null, ""keywords"": [], ""layer_name"": null, ""description"": ""Topsoil Silt Fraction"", ""service_type"": ""wms"", ""metadata_urls"": []}",spatial-extractor,2026-06-21 18:15:37.841 +0300
297,f5b746d0-853d-11db-b9b2-000d939bc5d8,https://data.apps.fao.org/map/gsrv/gsrv1/geonetwork/wms?styles=geonetwork_constr_soil_14133_style,,,"{""id"": ""4316"", ""bbox"": null, ""name"": ""geonetwork:constr_soil_14133"", ""title"": null, ""crs3857"": false, ""crs4326"": false, ""abstract"": null, ""keywords"": [], ""layer_name"": null, ""description"": ""Global land area with soil constraints (FGGD)"", ""service_type"": ""wms"", ""metadata_urls"": []}",spatial-extractor,2026-06-21 18:15:38.563 +0300
326,fe6d0480-746c-43e1-b765-7015354bba00,http://msdi.data.gov.mt/geoserver/MITA_WMS/wms?service=WMS&version=1.3.0&request=GetCapabilities,,,"{""error"": null}",spatial-extractor,2026-06-21 18:16:00.443 +0300
298,f67dc24d-1e4b-4802-b719-72c9c729041a,https://data.apps.fao.org/map/gsrv/gsrv1/water_accounting/wms,,,"{""id"": ""4324"", ""bbox"": [23.299107125159995, -4.100694427335991, 39.90029760028799, 31.650297633868004, ""CRS:84""], ""name"": ""topsoil_nile"", ""title"": ""topsoil_nile"", ""crs3857"": true, ""crs4326"": true, ""abstract"": null, ""keywords"": [""topsoil_nile"", ""WCS"", ""GeoTIFF""], ""layer_name"": ""topsoil_nile"", ""description"": ""Saturated Soil Water Content (Nile River Basin - 100m)"", ""service_type"": ""wms"", ""metadata_urls"": []}",spatial-extractor,2026-06-21 18:15:39.744 +0300
299,760f44e8-039f-493a-805f-0af41d149151,https://io.apps.fao.org/geoserver/wms/WATER/K2_ETRAIN/v2?service=WMS&version=1.3.0&request=GetCapabilities,,,"{""error"": null}",spatial-extractor,2026-06-21 18:15:40.429 +0300
300,92fa4124-03e4-4b29-acd9-68b8b65bc508,https://io.apps.fao.org/geoserver/wms/GAEZ_V4/LR_MST_REGIME_CLASS/v2?service=WMS&version=1.3.0&request=GetCapabilities,,,"{""error"": null}",spatial-extractor,2026-06-21 18:15:41.222 +0300
301,7fcbf6b7-fc06-4c2b-adc6-b360d98801c1,https://io.apps.fao.org/geoserver/wms/GAEZ_V4/LR_THZ_REGIME_CLASS/v2?service=WMS&version=1.3.0&request=GetCapabilities,,,"{""error"": null}",spatial-extractor,2026-06-21 18:15:42.024 +0300
302,9a9ed6cf-83cc-4b42-b295-305184d3f0b8,https://io.apps.fao.org/geoserver/wms/GAEZ_V4/LR_AEZ_V9V2RED_5M/v2?service=WMS&version=1.3.0&request=GetCapabilities,,,"{""error"": null}",spatial-extractor,2026-06-21 18:15:42.860 +0300
305,4c66ccf8-11b9-42dc-82a5-ac8bc0385e1d,https://io.apps.fao.org/gismgr/api/v1/RICCAR/RHMOF/wms?VERSION=1.1.1,,,"{""error"": null}",spatial-extractor,2026-06-21 19:01:49.326 +0300
304,fao-fsa-map-27.12.a.1,http://www.fao.org/fishery/geoserver/fsa/ows?SERVICE=WMS,,,"{""error"": null}",spatial-extractor,2026-06-21 18:15:45.360 +0300
306,r_friuve:m3965-cc-i1465,https://serviziogc.regione.fvg.it/geoserver/CAR_GEO/wms?request=GetCapabilities&service=wms&version=1.3.0,,,"{""id"": ""4494"", ""bbox"": null, ""name"": ""NULL"", ""title"": ""GeoServer Web Map Service IRDAT FVG"", ""crs3857"": null, ""crs4326"": null, ""abstract"": ""Service for pubblication of the geographic informations of the region Friuli Venezia Giulia using the WFS OpenGIS standard."", ""keywords"": [], ""layer_name"": null, ""description"": ""NULL"", ""service_type"": ""wms"", ""metadata_urls"": []}",spatial-extractor,2026-06-21 18:15:46.868 +0300
307,r_friuve:m3965-cc-i1465,https://serviziogc.regione.fvg.it/geoserver/CAR_GEO/wfs?request=GetCapabilities&service=wfs&version=2.0.0,,,"{""id"": ""4495"", ""bbox"": null, ""name"": ""NULL"", ""title"": null, ""schema"": null, ""crs3857"": false, ""crs4326"": false, ""abstract"": null, ""keywords"": [], ""layer_name"": null, ""description"": ""NULL"", ""service_type"": ""wfs"", ""metadata_urls"": []}",spatial-extractor,2026-06-21 18:15:47.773 +0300
308,fao-fsa-map-37.4.3,http://www.fao.org/fishery/geoserver/fsa/ows?SERVICE=WMS,,,"{""error"": null}",spatial-extractor,2026-06-21 18:15:48.812 +0300
309,fao-fsa-nested-map-27.3.a,http://www.fao.org/fishery/geoserver/fsa/ows?SERVICE=WMS,,,"{""error"": null}",spatial-extractor,2026-06-21 18:15:49.303 +0300
310,fao-species-map-aaa,http://www.fao.org/fishery/geoserver/species/ows?SERVICE=WMS,,,"{""error"": ""Could not open file with GDAL (unsupported format or inaccessible)""}",spatial-extractor,2026-06-21 18:15:49.780 +0300
311,eea_r_3035_1_km_clc-forest-cover-gain-eu_p_2000-2018_v01_r00,https://forest.discomap.eea.europa.eu/arcgis/services/Forest_Ch_CLC/Forest_cover_gain_CLC_00_18/MapServer/WMSServer?request=GetCapabilities&service=WMS,,,"{""id"": ""7015"", ""bbox"": null, ""name"": ""NULL"", ""title"": ""WMS"", ""crs3857"": null, ""crs4326"": null, ""abstract"": ""WMS"", ""keywords"": [], ""layer_name"": null, ""description"": ""NULL"", ""service_type"": ""wms"", ""metadata_urls"": []}",spatial-extractor,2026-06-21 18:15:50.071 +0300
312,eea_r_3035_100_m_ecosystem-types-l2_p_2006_v02_r01,https://bio.discomap.eea.europa.eu/arcgis/services/MAES/MAES_ecosystem_type_maps_WM/MapServer/WMSServer?request=GetCapabilities&service=WMS,,,"{""id"": ""7020"", ""bbox"": null, ""name"": ""NULL"", ""title"": ""Map of ecosystem types  v2.1"", ""crs3857"": null, ""crs4326"": null, ""abstract"": ""Ecosystem type map V2.1 (EUNIS Level 2) derived from CORINE Land Cover and additional spatial explicite european datasets according to defined rule set. The rule set builds on the crosswalk between EUNIS nomenclature and CORINE Land Cover nomenclature. The multiple assignements are resolved using additional data like Art. 17 reporting dat aon habitat types, soil data, HANTS phenological data, potential natural vegetation, elevation zones, etc."", ""keywords"": [], ""layer_name"": null, ""description"": ""NULL"", ""service_type"": ""wms"", ""metadata_urls"": []}",spatial-extractor,2026-06-21 18:15:51.600 +0300
313,10.2909/1b43939a-cb20-4eb8-b6e7-b454971ed933,https://bio.discomap.eea.europa.eu/arcgis/services/EUNIS/Forest_Distribution_point/MapServer/WMSServer?request=GetCapabilities&service=WMS,,,"{""id"": ""7024"", ""bbox"": null, ""name"": ""NULL"", ""title"": ""WMS"", ""crs3857"": null, ""crs4326"": null, ""abstract"": ""WMS"", ""keywords"": [], ""layer_name"": null, ""description"": ""NULL"", ""service_type"": ""wms"", ""metadata_urls"": []}",spatial-extractor,2026-06-21 18:15:52.502 +0300
314,eea_v_4326_100_k_uhi-intensity_p_2008-2017_v01_r00,https://climate.discomap.eea.europa.eu/arcgis/services/UAMV/Urban_Heat_Island_Intensity/MapServer/WMSServer?request=GetCapabilities&service=WMS,,,"{""id"": ""7030"", ""bbox"": null, ""name"": ""NULL"", ""title"": ""WMS"", ""crs3857"": null, ""crs4326"": null, ""abstract"": ""WMS"", ""keywords"": [], ""layer_name"": null, ""description"": ""NULL"", ""service_type"": ""wms"", ""metadata_urls"": []}",spatial-extractor,2026-06-21 18:15:53.400 +0300
315,fao-species-map-her,http://www.fao.org/fishery/geoserver/species/ows?SERVICE=WMS,,,"{""error"": ""Could not open file with GDAL (unsupported format or inaccessible)""}",spatial-extractor,2026-06-21 18:15:54.141 +0300
316,327b8820-6d15-4852-b6f6-6cb717eee6fa,https://data.apps.fao.org/map/gsrv/gsrv1/gsoc/wms?service=WMS&version=1.3.0&request=GetCapabilities,,,"{""id"": ""4880"", ""bbox"": null, ""name"": ""gsoc:sq2"", ""title"": null, ""crs3857"": false, ""crs4326"": false, ""abstract"": null, ""keywords"": [], ""layer_name"": null, ""description"": ""HWSD - Soil Nutrient retention capacity"", ""service_type"": ""wms"", ""metadata_urls"": []}",spatial-extractor,2026-06-21 18:15:54.437 +0300
317,fao-species-map-kue,http://www.fao.org/fishery/geoserver/species/ows?SERVICE=WMS,,,"{""error"": ""Could not open file with GDAL (unsupported format or inaccessible)""}",spatial-extractor,2026-06-21 18:15:55.404 +0300
318,fao-species-map-opp,http://www.fao.org/fishery/geoserver/species/ows?SERVICE=WMS,,,"{""error"": ""Could not open file with GDAL (unsupported format or inaccessible)""}",spatial-extractor,2026-06-21 18:15:55.703 +0300
319,fao-species-map-ovk,http://www.fao.org/fishery/geoserver/species/ows?SERVICE=WMS,,,"{""error"": ""Could not open file with GDAL (unsupported format or inaccessible)""}",spatial-extractor,2026-06-21 18:15:55.997 +0300
320,fao-species-map-rjq,http://www.fao.org/fishery/geoserver/species/ows?SERVICE=WMS,,,"{""error"": ""Could not open file with GDAL (unsupported format or inaccessible)""}",spatial-extractor,2026-06-21 18:15:56.290 +0300
321,2d9b3126-06eb-4b89-b5ae-01a873388325,https://io.apps.fao.org/geoserver/wms/WATER/K2_BF/v2?service=WMS&version=1.3.0&request=GetCapabilities,,,"{""error"": null}",spatial-extractor,2026-06-21 18:15:56.639 +0300
322,fao-species-map-ygp,http://www.fao.org/fishery/geoserver/species/ows?SERVICE=WMS,,,"{""error"": ""Could not open file with GDAL (unsupported format or inaccessible)""}",spatial-extractor,2026-06-21 18:15:57.509 +0300
327,fffc68e2-30d9-4ead-9862-b77dc9d0c41b,https://teenus.maaamet.ee/ows/mullakaart?service=wms&version=1.3.0&request=GetCapabilities,,,"{""id"": ""5088"", ""bbox"": null, ""name"": ""Mullakaardi WMS teenuse getCapabilities"", ""title"": null, ""crs3857"": false, ""crs4326"": false, ""abstract"": null, ""keywords"": [], ""layer_name"": null, ""description"": ""NULL"", ""service_type"": ""wms"", ""metadata_urls"": []}",spatial-extractor,2026-06-21 18:16:00.960 +0300
328,fffc68e2-30d9-4ead-9862-b77dc9d0c41b,https://inspire.geoportaal.ee/geoserver/SO_pinnas/wms?service=WMS&version=1.3.0&request=GetCapabilities,,,"{""id"": ""5090"", ""bbox"": [21.602362081626424, 57.45329056398051, 28.25855299843526, 59.71695885219689, ""CRS:84""], ""name"": ""INSPIRE WMS teenuse getCapabilities"", ""title"": ""Eesti mullastiku kaart"", ""crs3857"": false, ""crs4326"": false, ""abstract"": ""Kiht sisaldab Eesti mullastiku kaardi mulla tüüpe.\r\nMulla lõimis on esitatud teenuse sees atribuudiga \""gml name\"" ja mulla siffer on esiatud atribuudiga \""soil Body Label\""."", ""keywords"": [""INSPIRE"", ""INSPIRE"", ""soil body"", ""mulla tüüp""], ""layer_name"": ""SO.SoilBody"", ""description"": ""NULL"", ""service_type"": ""wms"", ""metadata_urls"": [""https://metadata.geoportaal.ee/geonetwork/srv/est/csw?service=CSW&request=GetRecordById&version=2.0.2&outputSchema=http://www.isotc211.org/2005/gmd&elementSetName=full&id=fffc68e2-30d9-4ead-9862-b77dc9d0c41b""]}",spatial-extractor,2026-06-21 18:16:02.053 +0300
329,1b7f9465-7143-4c53-851d-3ef2de140ceb,https://io.apps.fao.org/geoserver/wms,,,"{""error"": null}",spatial-extractor,2026-06-21 18:16:04.239 +0300
330,975558a1-1a8f-460c-8d4e-4023b32bed11,http://soluri.md/en/default/wms/public,,,"{""id"": ""5269"", ""bbox"": [-3100140.0, -15002900.0, 1623640.0, 5002870.0, ""EPSG:4026""], ""name"": ""Planurile"", ""title"": ""Soil Map 10000"", ""crs3857"": true, ""crs4326"": true, ""abstract"": ""Setul de date care conţine hărţile pedologice la scara 1:10000, executate în anii precedente, care includ următoarele elemente: hotarele arealurilor de sol şi locurile amplasării profilurilor de sol."", ""keywords"": [], ""layer_name"": ""Planurile"", ""description"": ""Soil Map 10000"", ""service_type"": ""wms"", ""metadata_urls"": []}",spatial-extractor,2026-06-21 18:16:05.153 +0300
331,eea_r_3035_100_m_uhi-modelling_p_2008-2017_v01_r00,https://climate.discomap.eea.europa.eu/arcgis/services/UAMV/Urban_Heat_Island_modelling/MapServer/WMSServer?request=GetCapabilities&service=WMS,,,"{""id"": ""7036"", ""bbox"": null, ""name"": ""NULL"", ""title"": ""UAMV_Urban_Heat_Island_modelling"", ""crs3857"": null, ""crs4326"": null, ""abstract"": ""WMS"", ""keywords"": [], ""layer_name"": null, ""description"": ""NULL"", ""service_type"": ""wms"", ""metadata_urls"": []}",spatial-extractor,2026-06-21 18:16:06.599 +0300
332,10.2909/551d6741-84d0-43fb-bda8-1768d51bbb4c,https://image.discomap.eea.europa.eu/arcgis/services/UrbanAtlas/UA_UrbanAtlas_2006/MapServer/WMSServer?request=GetCapabilities&service=WMS,,,"{""id"": ""7040"", ""bbox"": null, ""name"": ""Urban Atlas 2006"", ""title"": null, ""crs3857"": false, ""crs4326"": false, ""abstract"": null, ""keywords"": [], ""layer_name"": null, ""description"": ""NULL"", ""service_type"": ""wms"", ""metadata_urls"": []}",spatial-extractor,2026-06-21 18:16:08.070 +0300
333,copernicus_v_3035_10_m_ua-2012_p_2011-2013_vxx_rxx,https://image.discomap.eea.europa.eu/arcgis/services/UrbanAtlas/UA_UrbanAtlas_2012/MapServer/WMSServer?request=GetCapabilities&service=WMS,,,"{""id"": ""7043"", ""bbox"": null, ""name"": ""NULL"", ""title"": ""UA_UrbanAtlas_2012"", ""crs3857"": null, ""crs4326"": null, ""abstract"": ""Urban Atlas status layer for 2012"", ""keywords"": [], ""layer_name"": null, ""description"": ""UrbanAtlas_2012"", ""service_type"": ""wms"", ""metadata_urls"": []}",spatial-extractor,2026-06-21 18:16:08.839 +0300
334,04111166-39d6-4d25-befe-14e8af3f0c91,https://data.apps.fao.org/map/gsrv/edit/pak_hih/wms,,,"{""id"": ""5549"", ""bbox"": [60.8786, 23.69468, 77.83397, 37.08942, ""CRS:84""], ""name"": ""DHI"", ""title"": ""DHI"", ""crs3857"": true, ""crs4326"": true, ""abstract"": null, ""keywords"": [""features"", ""DHI""], ""layer_name"": ""DHI"", ""description"": ""DHI"", ""service_type"": ""wms"", ""metadata_urls"": []}",spatial-extractor,2026-06-21 18:16:09.665 +0300
335,10.2909/05cbf86d-0168-47f5-9384-18c84b14f59c,https://bio.discomap.eea.europa.eu/arcgis/services/EUNIS/Mosaic_Vegetated/ImageServer/WMSServer?request=GetCapabilities&service=WMS,,,"{""id"": ""7051"", ""bbox"": null, ""name"": ""NULL"", ""title"": ""WMS"", ""crs3857"": null, ""crs4326"": null, ""abstract"": ""WMS"", ""keywords"": [], ""layer_name"": null, ""description"": ""NULL"", ""service_type"": ""wms"", ""metadata_urls"": []}",spatial-extractor,2026-06-21 18:16:10.272 +0300
336,copernicus_v_3035_10_m_rz-2012-lclu_p_2011-2013_v01_r00,https://image.discomap.eea.europa.eu/arcgis/services/RiparianZones/LCLU/MapServer/WMSServer?service=WMS&request=GetCapabilities&version=1.3.0,,,"{""id"": ""7054"", ""bbox"": null, ""name"": ""NULL"", ""title"": ""RiperianZones_LCLU_2012"", ""crs3857"": null, ""crs4326"": null, ""abstract"": ""Land Cover/ Land Use of Riparian Zones"", ""keywords"": [], ""layer_name"": null, ""description"": ""NULL"", ""service_type"": ""wms"", ""metadata_urls"": []}",spatial-extractor,2026-06-21 18:16:12.998 +0300
337,10.2909/047f71ee-dec6-4c7b-8044-7a153c025588,https://image.discomap.eea.europa.eu/arcgis/services/UrbanAtlas/UA_UrbanAtlasChange_2006_2012/MapServer/WMSServer?request=GetCapabilities&service=WMS,,,"{""id"": ""7056"", ""bbox"": null, ""name"": ""Urban Atlas Change 2006-2012"", ""title"": null, ""crs3857"": false, ""crs4326"": false, ""abstract"": null, ""keywords"": [], ""layer_name"": null, ""description"": ""NULL"", ""service_type"": ""wms"", ""metadata_urls"": []}",spatial-extractor,2026-06-21 18:16:17.621 +0300
338,copernicus_v_3035_10_m_ua-2012_p_2011-2013_v02_r00,https://image.discomap.eea.europa.eu/arcgis/services/UrbanAtlas/UA_UrbanAtlas_2012/MapServer/WMSServer?request=GetCapabilities&service=WMS,,,"{""id"": ""7115"", ""bbox"": null, ""name"": ""NULL"", ""title"": ""UA_UrbanAtlas_2012"", ""crs3857"": null, ""crs4326"": null, ""abstract"": ""Urban Atlas status layer for 2012"", ""keywords"": [], ""layer_name"": null, ""description"": ""UrbanAtlas_2012"", ""service_type"": ""wms"", ""metadata_urls"": []}",spatial-extractor,2026-06-21 18:16:19.930 +0300
339,10.2909/2afca4ec-76e2-4155-b4e6-7460f9f6ae01,https://copernicus.discomap.eea.europa.eu/arcgis/services/RiparianZones/RZ_2018/MapServer/WMSServer?request=GetCapabilities&service=WMS,,,"{""id"": ""7120"", ""bbox"": null, ""name"": ""Riparian Zones 2018 LCLU"", ""title"": null, ""crs3857"": false, ""crs4326"": false, ""abstract"": null, ""keywords"": [], ""layer_name"": null, ""description"": ""NULL"", ""service_type"": ""wms"", ""metadata_urls"": []}",spatial-extractor,2026-06-21 18:16:21.959 +0300
340,"eea_r_3035_100_m_clc-2018-acc_p_2017-2018_v01_r00,DAT-214-en",https://land.discomap.eea.europa.eu/arcgis/services/Land/CLC_accounting_layer_2018/ImageServer/WMSServer?request=GetCapabilities&service=WMS,,,"{""id"": ""7124"", ""bbox"": null, ""name"": ""0"", ""title"": null, ""crs3857"": false, ""crs4326"": false, ""abstract"": null, ""keywords"": [], ""layer_name"": null, ""description"": ""CLC_accounting_layer_2018"", ""service_type"": ""wms"", ""metadata_urls"": []}",spatial-extractor,2026-06-21 18:16:22.934 +0300
341,e25d6117-ff65-4f0c-a776-e31df6153b7b,https://geoservices.wallonie.be/INSPIRE/WMS/SO/MapServer/WMSServer?request=GetCapabilities&service=WMS,,,"{""error"": null}",spatial-extractor,2026-06-21 18:16:23.878 +0300
342,1e14846a-85ed-4381-8f62-f56d160dfd84,https://io.apps.fao.org/geoserver/wms/WATER/K2_SRO/v2?service=WMS&version=1.3.0&request=GetCapabilities,,,"{""error"": null}",spatial-extractor,2026-06-21 18:16:27.716 +0300
343,21adc50b-d0a0-4efc-bcda-139738cef2fb,https://io.apps.fao.org/geoserver/wms/WATER/NIGER_ETINCR/v2?request=GetCapabilities&service=WMS&version=1.1.1,,,"{""error"": null}",spatial-extractor,2026-06-21 18:16:30.201 +0300
345,33b088ba-49e9-4186-a9ef-80dee2f92586,https://services.bgr.de/wms/boden/gws1000/?,,,"{""id"": ""5933"", ""bbox"": [5.432722, 46.98339, 15.655428, 55.067148, ""EPSG:4326""], ""name"": ""0"", ""title"": ""GWS1000_250 Version 1.0"", ""crs3857"": true, ""crs4326"": true, ""abstract"": ""Die Karte der Grundwasserbeeinflussung der Böden in Deutschland gibt einen Überblick über den Grad der Beeinflussung der Bodenentwicklung durch Grundwasser unterhalb der Geländeoberfläche. Böden, die durch Grundwasser beeinflusst sind, haben meist nur ein eingeschränktes Ertragspotential. Je höher der Grundwasserstand, desto größer ist der Einfluss auf das Pflanzenwachstum. Die Karte basiert auf der Auswertung der nutzungsdifferenzierten Bodenübersichtskarte 1:1.000.000 (BUEK1000N) und zeigt die klassifizierte Grundwasserstufe. Die Grundwasserstufe wird aus dem mittleren Grundwassertiefstand (MNGW) abgeleitet. Die Methode ist in der Bodenkundlichen Kartieranleitung (KA5) und in der Methodendokumentation Bodenkunde der Ad-hoc-AG Boden veröffentlicht. Für die nutzungsabhängige Differenzierung der Profildaten werden die Landnutzungsdaten aus CORINE Land Cover 2006 genutzt."", ""keywords"": [], ""layer_name"": ""0"", ""description"": ""Die Karte der Grundwasserbeeinflussung der Böden in Deutschland gibt einen Überblick über den Grad der Beeinflussung der Bodenentwicklung durch Grundwasser unterhalb der Geländeoberfläche. Böden, die durch Grundwasser beeinflusst sind, haben meist nur ein eingeschränktes Ertragspotential. Je höher der Grundwasserstand, desto größer ist der Einfluss auf das Pflanzenwachstum. Die Karte basiert auf der Auswertung der nutzungsdifferenzierten Bodenübersichtskarte 1:1.000.000 (BUEK1000N) und zeigt die klassifizierte Grundwasserstufe. Die Grundwasserstufe wird aus dem mittleren Grundwassertiefstand (MNGW) abgeleitet. Die Methode ist in der Bodenkundlichen Kartieranleitung (KA5) und in der Methodendokumentation Bodenkunde der Ad-hoc-AG Boden veröffentlicht. Für die nutzungsabhängige Differenzierung der Profildaten werden die Landnutzungsdaten aus CORINE Land Cover 2006 genutzt."", ""service_type"": ""wms"", ""metadata_urls"": [""https://geoportal.bgr.de/smartfindersdi-csw/api?request=GetRecordById&service=CSW&version=2.0.2&outputSchema=http://www.isotc211.org/2005/gmd&elementSetName=full&id=33b088ba-49e9-4186-a9ef-80dee2f92586""]}",spatial-extractor,2026-06-21 18:16:35.246 +0300
346,39080483-1294-4b73-8f50-0516f336a7d4,https://io.apps.fao.org/geoserver/wms/WATER/K3_SUPPLY/v2?service=WMS&version=1.3.0&request=GetCapabilities,,,"{""error"": null}",spatial-extractor,2026-06-21 18:16:39.403 +0300
347,23364050-f918-4cf3-9adf-6f7348c21c5e,https://io.apps.fao.org/geoserver/wms/WATER/LBN_LIT_SRO/v2?request=GetCapabilities&service=WMS&version=1.1.1,,,"{""error"": null}",spatial-extractor,2026-06-21 18:16:45.199 +0300
348,40a26790-b4cf-4842-bd28-db5317841d2f,https://io.apps.fao.org/geoserver/wms/WATER/KHM_ET/v2?service=WMS&version=1.3.0&request=GetCapabilities,,,"{""error"": null}",spatial-extractor,2026-06-21 18:16:47.508 +0300
349,https://www.dov.vlaanderen.be/geonetwork/srv/metadata/2035e01e-eef5-4806-948c-df7b966169a1,https://www.dov.vlaanderen.be/geoserver/grondverschuivingen/wfs?,,,"{""error"": null}",spatial-extractor,2026-06-21 18:16:48.545 +0300
350,https://www.dov.vlaanderen.be/geonetwork/srv/metadata/2035e01e-eef5-4806-948c-df7b966169a1,https://www.dov.vlaanderen.be/geoserver/grondverschuivingen/wms?SERVICE=WMS&version=1.3.0&request=GetCapabilities,,,"{""id"": ""6146"", ""bbox"": [2.590986716156292, 50.67476411972977, 4.306285166516531, 51.05363711476087, ""CRS:84""], ""name"": ""grndversch_gevoeligh"", ""title"": ""Gevoeligheid voor grondverschuivingen"", ""crs3857"": true, ""crs4326"": true, ""abstract"": ""De gevoeligheidskaart voor grondverschuivingen geeft een eerste indicatie van de gevoeligheid voor grondverschuivingen op zeer lokaal niveau in een studiegebied gelegen ten westen van Brussel, in het zuiden van de provincies West-Vlaanderen, Oost-Vlaanderen en Vlaams-Brabant. Aan de basis van de kaart ligt een statisch model dat gebaseerd is op logistische regressie voor zeldzame gebeurtenissen. Deze procedure legt het statistisch verband tussen de ligging van de gekarteerde (op het terrein geïnventariseerde) grondverschuivingen en de mogelijke controlerende factoren. Het model werd toegepast in een GIS omgeving voor rasters van 10 m op 10 m en voorspelt de kans op het voorkomen van een grondverschuiving op basis van de hellingsgradiënt, de oriëntatie van de helling (NW, W, ZW en Z), en de aanwezigheid van bepaalde litho-stratigrafische formaties (de formatie van Gent, lid van Vlierzele en lid van Merelbeke, de formatie van Tielt en de formatie van Kortrijk, lid van Aalbeke). Initieel werd aan elk raster een kans op het voorkomen van grondverschuivingen toegekend. Deze kanswaarden (tussen 0 en 1) werden in 4 klassen onderverdeeld, resulterend in pixels met lage, matige, hoge en zeer hoge gevoeligheid. Het werken met klassegrenzen op zich impliceert dat twee dicht bij elkaar gelegen waarden in een verschillendeklasse kunnen worden ingedeeld. Het model werd ontwikkeld voor de Vlaamse Ardennen, een deelgebied van het studiegebied, en nadien toegepast op het uitgebreide studiegebied met dezelfde geologische en topografische kenmerken."", ""keywords"": [""Gebieden met natuurrisico's"", ""ondergrond"", ""Regionaal"", ""Herbruikbaar"", ""Kosteloos"", ""Vlaamse Open data"", ""Toegevoegd GDI-Vl"", ""Metadata GDI-Vl-conform"", ""Metadata INSPIRE-conform"", ""DOV"", ""Vlaanderen"", ""Ondergrond"", ""Databank Ondergrond Vlaanderen"", ""Departement Omgeving"", ""DOV_PATHNAME@001#DOV:080#Grondverschuivingen:010#"", ""DOV_EXPERTISE@Bodem"", ""DOV_EXPERTISE@Geologie"", ""DOV_EXPERTISE@Geotechniek""], ""layer_name"": ""grndversch_gevoeligh"", ""description"": ""WMS-capabilities Gevoeligheid voor grondverschuivingen"", ""service_type"": ""wms"", ""metadata_urls"": [""https://www.dov.vlaanderen.be/geonetwork#/metadata/2035e01e-eef5-4806-948c-df7b966169a1"", ""https://www.dov.vlaanderen.be/geonetwork/srv/dut/csw?Service=CSW&Request=GetRecordById&Version=2.0.2&outputSchema=http://www.isotc211.org/2005/gmd&elementSetName=full&id=2035e01e-eef5-4806-948c-df7b966169a1""]}",spatial-extractor,2026-06-21 18:17:10.443 +0300
351,https://www.dov.vlaanderen.be/geonetwork/srv/metadata/2035e01e-eef5-4806-948c-df7b966169a1,https://www.dov.vlaanderen.be/geoserver/grondverschuivingen/wms?SERVICE=WMS&version=1.3.0&request=GetMap,,,"{""id"": ""6148"", ""bbox"": [2.590986716156292, 50.67476411972977, 4.306285166516531, 51.05363711476087, ""CRS:84""], ""name"": ""grndversch_gevoeligh"", ""title"": ""Gevoeligheid voor grondverschuivingen"", ""crs3857"": true, ""crs4326"": true, ""abstract"": ""De gevoeligheidskaart voor grondverschuivingen geeft een eerste indicatie van de gevoeligheid voor grondverschuivingen op zeer lokaal niveau in een studiegebied gelegen ten westen van Brussel, in het zuiden van de provincies West-Vlaanderen, Oost-Vlaanderen en Vlaams-Brabant. Aan de basis van de kaart ligt een statisch model dat gebaseerd is op logistische regressie voor zeldzame gebeurtenissen. Deze procedure legt het statistisch verband tussen de ligging van de gekarteerde (op het terrein geïnventariseerde) grondverschuivingen en de mogelijke controlerende factoren. Het model werd toegepast in een GIS omgeving voor rasters van 10 m op 10 m en voorspelt de kans op het voorkomen van een grondverschuiving op basis van de hellingsgradiënt, de oriëntatie van de helling (NW, W, ZW en Z), en de aanwezigheid van bepaalde litho-stratigrafische formaties (de formatie van Gent, lid van Vlierzele en lid van Merelbeke, de formatie van Tielt en de formatie van Kortrijk, lid van Aalbeke). Initieel werd aan elk raster een kans op het voorkomen van grondverschuivingen toegekend. Deze kanswaarden (tussen 0 en 1) werden in 4 klassen onderverdeeld, resulterend in pixels met lage, matige, hoge en zeer hoge gevoeligheid. Het werken met klassegrenzen op zich impliceert dat twee dicht bij elkaar gelegen waarden in een verschillendeklasse kunnen worden ingedeeld. Het model werd ontwikkeld voor de Vlaamse Ardennen, een deelgebied van het studiegebied, en nadien toegepast op het uitgebreide studiegebied met dezelfde geologische en topografische kenmerken."", ""keywords"": [""Gebieden met natuurrisico's"", ""ondergrond"", ""Regionaal"", ""Herbruikbaar"", ""Kosteloos"", ""Vlaamse Open data"", ""Toegevoegd GDI-Vl"", ""Metadata GDI-Vl-conform"", ""Metadata INSPIRE-conform"", ""DOV"", ""Vlaanderen"", ""Ondergrond"", ""Databank Ondergrond Vlaanderen"", ""Departement Omgeving"", ""DOV_PATHNAME@001#DOV:080#Grondverschuivingen:010#"", ""DOV_EXPERTISE@Bodem"", ""DOV_EXPERTISE@Geologie"", ""DOV_EXPERTISE@Geotechniek""], ""layer_name"": ""grndversch_gevoeligh"", ""description"": ""WMS-map Gevoeligheid voor grondverschuivingen"", ""service_type"": ""wms"", ""metadata_urls"": [""https://www.dov.vlaanderen.be/geonetwork#/metadata/2035e01e-eef5-4806-948c-df7b966169a1"", ""https://www.dov.vlaanderen.be/geonetwork/srv/dut/csw?Service=CSW&Request=GetRecordById&Version=2.0.2&outputSchema=http://www.isotc211.org/2005/gmd&elementSetName=full&id=2035e01e-eef5-4806-948c-df7b966169a1""]}",spatial-extractor,2026-06-21 18:17:13.752 +0300
352,https://www.dov.vlaanderen.be/geonetwork/srv/metadata/2035e01e-eef5-4806-948c-df7b966169a1,https://www.dov.vlaanderen.be/geoserver/grondverschuivingen/wms?,,,"{""id"": ""6149"", ""bbox"": [2.590986716156292, 50.67476411972977, 4.306285166516531, 51.05363711476087, ""CRS:84""], ""name"": ""grndversch_gevoeligh"", ""title"": ""Gevoeligheid voor grondverschuivingen"", ""crs3857"": true, ""crs4326"": true, ""abstract"": ""De gevoeligheidskaart voor grondverschuivingen geeft een eerste indicatie van de gevoeligheid voor grondverschuivingen op zeer lokaal niveau in een studiegebied gelegen ten westen van Brussel, in het zuiden van de provincies West-Vlaanderen, Oost-Vlaanderen en Vlaams-Brabant. Aan de basis van de kaart ligt een statisch model dat gebaseerd is op logistische regressie voor zeldzame gebeurtenissen. Deze procedure legt het statistisch verband tussen de ligging van de gekarteerde (op het terrein geïnventariseerde) grondverschuivingen en de mogelijke controlerende factoren. Het model werd toegepast in een GIS omgeving voor rasters van 10 m op 10 m en voorspelt de kans op het voorkomen van een grondverschuiving op basis van de hellingsgradiënt, de oriëntatie van de helling (NW, W, ZW en Z), en de aanwezigheid van bepaalde litho-stratigrafische formaties (de formatie van Gent, lid van Vlierzele en lid van Merelbeke, de formatie van Tielt en de formatie van Kortrijk, lid van Aalbeke). Initieel werd aan elk raster een kans op het voorkomen van grondverschuivingen toegekend. Deze kanswaarden (tussen 0 en 1) werden in 4 klassen onderverdeeld, resulterend in pixels met lage, matige, hoge en zeer hoge gevoeligheid. Het werken met klassegrenzen op zich impliceert dat twee dicht bij elkaar gelegen waarden in een verschillendeklasse kunnen worden ingedeeld. Het model werd ontwikkeld voor de Vlaamse Ardennen, een deelgebied van het studiegebied, en nadien toegepast op het uitgebreide studiegebied met dezelfde geologische en topografische kenmerken."", ""keywords"": [""Gebieden met natuurrisico's"", ""ondergrond"", ""Regionaal"", ""Herbruikbaar"", ""Kosteloos"", ""Vlaamse Open data"", ""Toegevoegd GDI-Vl"", ""Metadata GDI-Vl-conform"", ""Metadata INSPIRE-conform"", ""DOV"", ""Vlaanderen"", ""Ondergrond"", ""Databank Ondergrond Vlaanderen"", ""Departement Omgeving"", ""DOV_PATHNAME@001#DOV:080#Grondverschuivingen:010#"", ""DOV_EXPERTISE@Bodem"", ""DOV_EXPERTISE@Geologie"", ""DOV_EXPERTISE@Geotechniek""], ""layer_name"": ""grndversch_gevoeligh"", ""description"": ""WMS-endpoint Gevoeligheid voor grondverschuivingen"", ""service_type"": ""wms"", ""metadata_urls"": [""https://www.dov.vlaanderen.be/geonetwork#/metadata/2035e01e-eef5-4806-948c-df7b966169a1"", ""https://www.dov.vlaanderen.be/geonetwork/srv/dut/csw?Service=CSW&Request=GetRecordById&Version=2.0.2&outputSchema=http://www.isotc211.org/2005/gmd&elementSetName=full&id=2035e01e-eef5-4806-948c-df7b966169a1""]}",spatial-extractor,2026-06-21 18:17:17.105 +0300
353,https://www.dov.vlaanderen.be/geonetwork/srv/metadata/2035e01e-eef5-4806-948c-df7b966169a1,https://www.dov.vlaanderen.be/geoserver/grondverschuivingen/wfs?SERVICE=WFS&version=2.0.0&request=GetFeature&count=1&typeName=grndversch_gevoeligh,,,"{""id"": ""6150"", ""bbox"": null, ""name"": ""grndversch_gevoeligh"", ""title"": null, ""schema"": null, ""crs3857"": false, ""crs4326"": false, ""abstract"": null, ""keywords"": [], ""layer_name"": null, ""description"": ""WFS-feature Gevoeligheid voor grondverschuivingen"", ""service_type"": ""wfs"", ""metadata_urls"": []}",spatial-extractor,2026-06-21 18:17:18.767 +0300
354,eea_r_3035_5_km_smoisture-anomalies-gs-2021_p_2000-2021_v01_r00,https://land.discomap.eea.europa.eu/arcgis/services/Drought/Growing_Season_Mean_Soil_Moisture_2000_2019/MapServer/WMSServer?request=GetCapabilities&service=WMS,,,"{""id"": ""6205"", ""bbox"": null, ""name"": ""NULL"", ""title"": ""ETC_ULS_Growing_Season_Mean_Soil_Moisture_2000_2019"", ""crs3857"": null, ""crs4326"": null, ""abstract"": ""WMS"", ""keywords"": [], ""layer_name"": null, ""description"": ""NULL"", ""service_type"": ""wms"", ""metadata_urls"": []}",spatial-extractor,2026-06-21 18:17:26.476 +0300
355,"eea_r_3035_5_km_smoisture-anomalies-gs-2019_p_2000-2019_v01_r00,DAT-247-en",https://land.discomap.eea.europa.eu/arcgis/services/Drought/Growing_Season_Mean_Soil_Moisture_2000_2019/MapServer/WMSServer?request=GetCapabilities&service=WMS,,,"{""id"": ""6209"", ""bbox"": null, ""name"": ""NULL"", ""title"": ""ETC_ULS_Growing_Season_Mean_Soil_Moisture_2000_2019"", ""crs3857"": null, ""crs4326"": null, ""abstract"": ""WMS"", ""keywords"": [], ""layer_name"": null, ""description"": ""NULL"", ""service_type"": ""wms"", ""metadata_urls"": []}",spatial-extractor,2026-06-21 18:17:32.075 +0300
356,eea_v_4258_100_k_impervious-area-umz_p_2015_v01_r00,https://climate.discomap.eea.europa.eu/arcgis/services/UAMV/Percentage_Impervious_Area_UMZ_2012/MapServer/WMSServer?request=GetCapabilities&service=WMS,,,"{""id"": ""6255"", ""bbox"": null, ""name"": ""NULL"", ""title"": ""WMS"", ""crs3857"": null, ""crs4326"": null, ""abstract"": ""WMS"", ""keywords"": [], ""layer_name"": null, ""description"": ""NULL"", ""service_type"": ""wms"", ""metadata_urls"": []}",spatial-extractor,2026-06-21 18:17:34.924 +0300
357,eea_v_3035_1_km_n-p-agri-soil_p_2008-2019_v01_r00,https://land.discomap.eea.europa.eu/arcgis/services/Agriculture/concentrations_of_nitrogen_phosphorus_in_EU_agricultural_soils/MapServer/WMSServer?request=GetCapabilities&service=WMS,,,"{""id"": ""6262"", ""bbox"": null, ""name"": ""NULL"", ""title"": ""WMS"", ""crs3857"": null, ""crs4326"": null, ""abstract"": ""WMS"", ""keywords"": [], ""layer_name"": null, ""description"": ""NULL"", ""service_type"": ""wms"", ""metadata_urls"": []}",spatial-extractor,2026-06-21 18:17:38.928 +0300
358,eea_v_4258_100_k_impervious-area-city_p_2015_v01_r00,https://climate.discomap.eea.europa.eu/arcgis/services/UAMV/Impervious_Areas_Core_City/MapServer/WMSServer?request=GetCapabilities&service=WMS,,,"{""id"": ""6265"", ""bbox"": null, ""name"": ""NULL"", ""title"": ""WMS"", ""crs3857"": null, ""crs4326"": null, ""abstract"": ""WMS"", ""keywords"": [], ""layer_name"": null, ""description"": ""NULL"", ""service_type"": ""wms"", ""metadata_urls"": []}",spatial-extractor,2026-06-21 18:17:44.760 +0300
359,eea_r_3035_100_m_imd-2009-acc_p_2008-2010_v01_r03,https://land.discomap.eea.europa.eu/arcgis/services/Imperviousness/sealed2009/ImageServer/WMSServer?request=GetCapabilities&service=WMS,,,"{""id"": ""6291"", ""bbox"": null, ""name"": ""NULL"", ""title"": ""WMS"", ""crs3857"": null, ""crs4326"": null, ""abstract"": ""WMS"", ""keywords"": [], ""layer_name"": null, ""description"": ""NULL"", ""service_type"": ""wms"", ""metadata_urls"": []}",spatial-extractor,2026-06-21 18:17:47.909 +0300
360,eea_r_3035_100_m_imd-2006-acc_p_2005-2007_v01_r03,https://land.discomap.eea.europa.eu/arcgis/services/Imperviousness/sealed2006/ImageServer/WMSServer?request=GetCapabilities&service=WMS,,,"{""id"": ""6306"", ""bbox"": null, ""name"": ""NULL"", ""title"": ""WMS"", ""crs3857"": null, ""crs4326"": null, ""abstract"": ""WMS"", ""keywords"": [], ""layer_name"": null, ""description"": ""NULL"", ""service_type"": ""wms"", ""metadata_urls"": []}",spatial-extractor,2026-06-21 18:17:51.535 +0300
361,eea_r_3035_100_m_imd-2012-acc_p_2011-2013_v01_r03,https://land.discomap.eea.europa.eu/arcgis/services/Imperviousness/sealed2012/ImageServer/WMSServer?request=GetCapabilities&service=WMS,,,"{""id"": ""6311"", ""bbox"": null, ""name"": ""NULL"", ""title"": ""WMS"", ""crs3857"": null, ""crs4326"": null, ""abstract"": ""WMS"", ""keywords"": [], ""layer_name"": null, ""description"": ""NULL"", ""service_type"": ""wms"", ""metadata_urls"": []}",spatial-extractor,2026-06-21 18:17:56.005 +0300
362,eea_r_3035_1_k_total-nutrient-input_p_2010_v01_r00,https://land.discomap.eea.europa.eu/arcgis/services/Agriculture/Nitrogen_Input_to_agroecosystems/MapServer/WMSServer?request=GetCapabilities&service=WMS,,,"{""id"": ""6335"", ""bbox"": [-29.874571, 34.082417, 48.943612, 70.907958, ""CRS:84""], ""name"": ""0"", ""title"": ""Total nitrogen input 2010 (kg/ha/yr)"", ""crs3857"": true, ""crs4326"": true, ""abstract"": ""The total nitrogen input to agricultural soils for the year 2010 is represented in kgN/ha/yr at a 1km resolution.\nNitrogen input includes organic manure application, inorganic fertilizer input, atmospheric deposition and biological fixation. The data comes from the EEA nutrient accounts, developed by EEA and ETC-ULS, and is based on spatial reference data on crop and livestock distribution, yield and livestock statistics, and official conversion factors"", ""keywords"": [], ""layer_name"": ""0"", ""description"": ""Total nitrogen input 2010 (kg/ha/yr)"", ""service_type"": ""wms"", ""metadata_urls"": []}",spatial-extractor,2026-06-21 18:17:58.356 +0300
363,10.2909/e3284161-abef-4a2e-a291-cd8ce1cab54e,https://image.discomap.eea.europa.eu/arcgis/services/GioLandPublic/HRL_ImperviousnessChange_15_18/ImageServer/WMSServer?request=GetCapabilities&service=WMS,,,"{""id"": ""6370"", ""bbox"": null, ""name"": ""https://image.discomap.eea.europa.eu/arcgis/services/GioLandPublic/HRL_ImperviousnessChange_15_18/ImageServer/WMSServer?request=GetCapabilities&service=WMS"", ""title"": null, ""crs3857"": false, ""crs4326"": false, ""abstract"": null, ""keywords"": [], ""layer_name"": null, ""description"": ""NULL"", ""service_type"": ""wms"", ""metadata_urls"": []}",spatial-extractor,2026-06-21 18:18:02.988 +0300
364,10.2909/96b7f7df-3f79-4001-b489-1d918c813a62,https://bio.discomap.eea.europa.eu/arcgis/services/EUNIS/Mosaic_Sparsely/ImageServer/WMSServer?request=GetCapabilities&service=WMS,,,"{""id"": ""6381"", ""bbox"": null, ""name"": ""NULL"", ""title"": ""WMS"", ""crs3857"": null, ""crs4326"": null, ""abstract"": ""WMS"", ""keywords"": [], ""layer_name"": null, ""description"": ""NULL"", ""service_type"": ""wms"", ""metadata_urls"": []}",spatial-extractor,2026-06-21 18:18:05.901 +0300
365,10.2909/3bf542bd-eebd-4d73-b53c-a0243f2ed862,https://image.discomap.eea.europa.eu/arcgis/services/GioLandPublic/HRL_ImperviousnessDensity_2018/ImageServer/WMSServer?request=GetCapabilities&service=WMS,,,"{""id"": ""6388"", ""bbox"": null, ""name"": ""https://image.discomap.eea.europa.eu/arcgis/services/GioLandPublic/HRL_ImperviousnessDensity_2018/ImageServer/WMSServer?request=GetCapabilities&service=WMS"", ""title"": null, ""crs3857"": false, ""crs4326"": false, ""abstract"": null, ""keywords"": [], ""layer_name"": null, ""description"": ""NULL"", ""service_type"": ""wms"", ""metadata_urls"": []}",spatial-extractor,2026-06-21 18:18:08.955 +0300
366,10.2909/73f0e3eb-ea21-4083-9b49-9c345c766775,https://image.discomap.eea.europa.eu/arcgis/services/GioLandPublic/HRL_ImperviousnessClassifiedChange_15_18/ImageServer/WMSServer?request=GetCapabilities&service=WMS,,,"{""id"": ""6391"", ""bbox"": null, ""name"": ""https://image.discomap.eea.europa.eu/arcgis/services/GioLandPublic/HRL_ImperviousnessClassifiedChange_15_18/ImageServer/WMSServer?request=GetCapabilities&service=WMS"", ""title"": null, ""crs3857"": false, ""crs4326"": false, ""abstract"": null, ""keywords"": [], ""layer_name"": null, ""description"": ""NULL"", ""service_type"": ""wms"", ""metadata_urls"": []}",spatial-extractor,2026-06-21 18:18:10.162 +0300
367,10.2909/3e412def-a4e6-4413-98bb-42b571afd15e,https://image.discomap.eea.europa.eu/arcgis/services/GioLandPublic/HRL_BuiltUp_2018/ImageServer/WMSServer?request=GetCapabilities&service=WMS,,,"{""id"": ""6395"", ""bbox"": null, ""name"": ""https://image.discomap.eea.europa.eu/arcgis/services/GioLandPublic/HRL_BuiltUp_2018/ImageServer/WMSServer?request=GetCapabilities&service=WMS"", ""title"": null, ""crs3857"": false, ""crs4326"": false, ""abstract"": null, ""keywords"": [], ""layer_name"": null, ""description"": ""NULL"", ""service_type"": ""wms"", ""metadata_urls"": []}",spatial-extractor,2026-06-21 18:18:12.522 +0300
368,eea_v_3035_1_mio_grass-intens-management_p_2010_v01_r00,https://land.discomap.eea.europa.eu/arcgis/services/Agriculture/Grassland_intensification_2010/MapServer/WMSServer?request=GetCapabilities&service=WMS,,,"{""id"": ""6408"", ""bbox"": [-31.264762, 27.638029, 31.586267, 70.09227, ""CRS:84""], ""name"": ""0"", ""title"": ""Percentage of grasslands per administrative unit under high pressure from management practices."", ""crs3857"": true, ""crs4326"": true, ""abstract"": null, ""keywords"": [], ""layer_name"": ""0"", ""description"": ""Percentage of grasslands per administrative unit under high pressure from management practices."", ""service_type"": ""wms"", ""metadata_urls"": []}",spatial-extractor,2026-06-21 18:18:13.254 +0300
369,eea_v_3035_1_mio_crop-intens-management_p_2010_v01_r00,https://land.discomap.eea.europa.eu/arcgis/services/Agriculture/Cropland_intensification_2010/MapServer/WMSServer?request=GetCapabilities&service=WMS,,,"{""id"": ""6421"", ""bbox"": [-31.264762, 27.638029, 31.586267, 70.09227, ""CRS:84""], ""name"": ""0"", ""title"": ""Percentage of croplands per administrative unit under high pressure from management practices."", ""crs3857"": true, ""crs4326"": true, ""abstract"": null, ""keywords"": [], ""layer_name"": ""0"", ""description"": ""Percentage of croplands per administrative unit under high pressure from management practices."", ""service_type"": ""wms"", ""metadata_urls"": []}",spatial-extractor,2026-06-21 18:18:19.150 +0300
370,4631cb7c-001c-4924-9df7-6c379da8c0e2,https://io.apps.fao.org/geoserver/wms/WATER/K2_ET/v2?service=WMS&version=1.3.0&request=GetCapabilities,,,"{""error"": null}",spatial-extractor,2026-06-21 18:18:23.411 +0300
371,eea_v_3035_1_mio_grass-intens-lcf_p_2006-2012_v01_r00,https://land.discomap.eea.europa.eu/arcgis/services/Agriculture/Grassland_intensification_LCF_2006_2012/MapServer/WMSServer?request=GetCapabilities&service=WMS,,,"{""id"": ""6426"", ""bbox"": [-31.268814, 27.638029, 44.820546, 71.185318, ""CRS:84""], ""name"": ""0"", ""title"": ""Percentage of grasslands per administrative unit under intensification from management practices"", ""crs3857"": true, ""crs4326"": true, ""abstract"": null, ""keywords"": [], ""layer_name"": ""0"", ""description"": ""Percentage of grasslands per administrative unit under intensification from management practices"", ""service_type"": ""wms"", ""metadata_urls"": []}",spatial-extractor,2026-06-21 18:18:24.336 +0300
372,10.2909/9d131e52-0ce9-41a1-9a96-0310eb97c415,https://image.discomap.eea.europa.eu/arcgis/services/GioLandPublic/HRL_ImperviousnessClassifiedChange_12_15/MapServer/WMSServer?request=GetCapabilities&service=WMS,,,"{""id"": ""6433"", ""bbox"": null, ""name"": ""https://image.discomap.eea.europa.eu/arcgis/services/GioLandPublic/HRL_ImperviousnessClassifiedChange_12_15/MapServer/WMSServer?request=GetCapabilities&service=WMS"", ""title"": null, ""crs3857"": false, ""crs4326"": false, ""abstract"": null, ""keywords"": [], ""layer_name"": null, ""description"": ""NULL"", ""service_type"": ""wms"", ""metadata_urls"": []}",spatial-extractor,2026-06-21 18:18:28.749 +0300
373,10.2909/61a2a6c8-9f9a-407d-a01d-d2101e9dcd65,https://image.discomap.eea.europa.eu/arcgis/services/GioLandPublic/HRL_ImperviousnessDensity_2009/MapServer/WMSServer?request=GetCapabilities&service=WMS,,,"{""id"": ""6439"", ""bbox"": [-56.505142, 24.284177, 72.906137, 72.66441, ""CRS:84""], ""name"": ""0"", ""title"": ""Imperviousness density 2009"", ""crs3857"": true, ""crs4326"": true, ""abstract"": null, ""keywords"": [], ""layer_name"": ""0"", ""description"": ""Imperviousness density 2009"", ""service_type"": ""wms"", ""metadata_urls"": []}",spatial-extractor,2026-06-21 18:18:29.508 +0300
374,10.2909/3eccb338-d7d4-43e5-be77-ac0b6afc9aa7,https://image.discomap.eea.europa.eu/arcgis/services/GioLandPublic/HRL_ImperviousnessChange_06_09/MapServer/WMSServer?request=GetCapabilities&service=WMS,,,"{""id"": ""6441"", ""bbox"": [-56.505142, 24.284177, 72.906137, 72.66441, ""CRS:84""], ""name"": ""1"", ""title"": ""Imperviousness change 2006-2009 100m"", ""crs3857"": true, ""crs4326"": true, ""abstract"": null, ""keywords"": [], ""layer_name"": ""1"", ""description"": ""Imperviousness change 2006-2009 100m"", ""service_type"": ""wms"", ""metadata_urls"": []}",spatial-extractor,2026-06-21 18:18:30.227 +0300
375,10.2909/899550c5-55fb-4291-87ad-6354b9b43e07,https://image.discomap.eea.europa.eu/arcgis/services/GioLandPublic/HRL_ImperviousnessChange_06_09/MapServer/WMSServer?request=GetCapabilities&service=WMS,,,"{""id"": ""6449"", ""bbox"": [-56.505142, 24.284177, 72.906137, 72.66441, ""CRS:84""], ""name"": ""0"", ""title"": ""Imperviousness change 2006-2009 20m"", ""crs3857"": true, ""crs4326"": true, ""abstract"": null, ""keywords"": [], ""layer_name"": ""0"", ""description"": ""Imperviousness change 2006-2009 20m"", ""service_type"": ""wms"", ""metadata_urls"": []}",spatial-extractor,2026-06-21 18:18:31.074 +0300
376,10.2909/dd62f02d-a9e0-4e4f-906c-d5a913062deb,https://image.discomap.eea.europa.eu/arcgis/services/GioLandPublic/HRL_Imperviousness_Density_2012/MapServer/WMSServer?request=GetCapabilities&service=WMS,,,"{""id"": ""6450"", ""bbox"": [-56.505142, 24.284177, 72.906137, 72.66441, ""CRS:84""], ""name"": ""Imperviousness density 2012 100m"", ""title"": ""Imperviousness density 2012 100m"", ""crs3857"": true, ""crs4326"": true, ""abstract"": null, ""keywords"": [], ""layer_name"": ""Imperviousness_density_2012_100m17102"", ""description"": ""NULL"", ""service_type"": ""wms"", ""metadata_urls"": []}",spatial-extractor,2026-06-21 18:18:31.813 +0300
377,10.2909/bb32d49d-71ce-4a89-884a-e7e6fb118333,https://image.discomap.eea.europa.eu/arcgis/services/GioLandPublic/HRL_ImperviousnessClassifiedChange_09_12/MapServer/WMSServer?request=GetCapabilities&service=WMS,,,"{""id"": ""6458"", ""bbox"": null, ""name"": ""https://image.discomap.eea.europa.eu/arcgis/services/GioLandPublic/HRL_ImperviousnessClassifiedChange_09_12/MapServer/WMSServer?request=GetCapabilities&service=WMS"", ""title"": null, ""crs3857"": false, ""crs4326"": false, ""abstract"": null, ""keywords"": [], ""layer_name"": null, ""description"": ""NULL"", ""service_type"": ""wms"", ""metadata_urls"": []}",spatial-extractor,2026-06-21 18:18:32.569 +0300
378,10.2909/56b5c27b-ffaa-45c7-9b39-085dcbe725e4,https://image.discomap.eea.europa.eu/arcgis/services/GioLandPublic/HRL_ImperviousnessChange_12_15/MapServer/WMSServer?request=GetCapabilities&service=WMS,,,"{""id"": ""6463"", ""bbox"": null, ""name"": ""https://image.discomap.eea.europa.eu/arcgis/services/GioLandPublic/HRL_ImperviousnessChange_12_15/MapServer/WMSServer?request=GetCapabilities&service=WMS"", ""title"": null, ""crs3857"": false, ""crs4326"": false, ""abstract"": null, ""keywords"": [], ""layer_name"": null, ""description"": ""NULL"", ""service_type"": ""wms"", ""metadata_urls"": []}",spatial-extractor,2026-06-21 18:18:34.351 +0300
379,10.2909/b1ccb4c2-be13-416c-ac17-246b3b5219cf,https://image.discomap.eea.europa.eu/arcgis/services/GioLandPublic/HRL_ImperviousnessChange_06_12/MapServer/WMSServer?request=GetCapabilities&service=WMS,,,"{""id"": ""6473"", ""bbox"": [-56.505142, 24.284177, 72.906137, 72.66441, ""CRS:84""], ""name"": ""Imperviousness density change 06-12 100m"", ""title"": ""Imperviousness density change 06-12 100m"", ""crs3857"": true, ""crs4326"": true, ""abstract"": null, ""keywords"": [], ""layer_name"": ""Imperviousness_density_change_06-12_100m5705"", ""description"": ""NULL"", ""service_type"": ""wms"", ""metadata_urls"": []}",spatial-extractor,2026-06-21 18:18:35.375 +0300
380,10.2909/511912cb-8707-4930-ace5-97984cd6f1b6,https://geoserver.vlcc.geoville.com/geoserver/ows?service=WMS&version=1.3.0&request=GetCapabilities,,,"{""id"": ""6476"", ""bbox"": [-56.505141901704434, 24.284177024808802, 72.9061367590091, 72.60660882597304, ""CRS:84""], ""name"": ""HRL_CPL:CPBSB_S2017"", ""title"": ""CLMS_HRL_BareSoilBefore_S2017_R10m"", ""crs3857"": true, ""crs4326"": true, ""abstract"": ""The bare soil period (in days) before the emergence of the main annual crop. Note that the bare soil period cannot transcend the calendar year for which the product is generated."", ""keywords"": [""CPBSB_2017"", ""GeoTIFF"", ""Copernicus, Land monitoring, Earth observation, Land Cover, Land Use, Agriculture, Cropland Management""], ""layer_name"": ""HRL_CPL:CPBSB_S2017"", ""description"": ""CLMS_HRL_BareSoilBefore_S2017_R10m"", ""service_type"": ""wms"", ""metadata_urls"": []}",spatial-extractor,2026-06-21 18:18:36.224 +0300
381,10.2909/454f6cd4-d7b2-4dfb-be9f-8ba1d667d69b,https://image.discomap.eea.europa.eu/arcgis/services/GioLandPublic/HRL_ImperviousnessClassifiedChange_06_12/MapServer/WMSServer?request=GetCapabilities&service=WMS,,,"{""id"": ""6483"", ""bbox"": [-56.505142, 24.284177, 72.906137, 72.66441, ""CRS:84""], ""name"": ""0"", ""title"": ""Imperviousness Classified Change 2006 - 2012"", ""crs3857"": true, ""crs4326"": true, ""abstract"": null, ""keywords"": [], ""layer_name"": ""0"", ""description"": ""Imperviousness Classified Change 2006 - 2012"", ""service_type"": ""wms"", ""metadata_urls"": []}",spatial-extractor,2026-06-21 18:18:37.032 +0300
382,10.2909/8b83d30f-4731-4de3-bead-1c6432d9d30a,https://image.discomap.eea.europa.eu/arcgis/services/GioLandPublic/HRL_ImperviousnessDensity_2015/MapServer/WMSServer?service=WMS,,,"{""id"": ""6492"", ""bbox"": [-56.505142, 24.284177, 72.906137, 72.66441, ""CRS:84""], ""name"": ""0"", ""title"": ""Imperviousness Density 2015"", ""crs3857"": true, ""crs4326"": true, ""abstract"": null, ""keywords"": [], ""layer_name"": ""0"", ""description"": ""Imperviousness Density 2015"", ""service_type"": ""wms"", ""metadata_urls"": []}",spatial-extractor,2026-06-21 18:18:37.808 +0300
383,10.2909/62ab826c-9411-4dbf-b516-beb1db681830,https://image.discomap.eea.europa.eu/arcgis/services/GioLandPublic/HRL_ImperviousnessClassifiedChange_06_09/MapServer/WMSServer?request=GetCapabilities&service=WMS,,,"{""id"": ""6496"", ""bbox"": null, ""name"": ""https://image.discomap.eea.europa.eu/arcgis/services/GioLandPublic/HRL_ImperviousnessClassifiedChange_06_09/MapServer/WMSServer?request=GetCapabilities&service=WMS"", ""title"": null, ""crs3857"": false, ""crs4326"": false, ""abstract"": null, ""keywords"": [], ""layer_name"": null, ""description"": ""NULL"", ""service_type"": ""wms"", ""metadata_urls"": []}",spatial-extractor,2026-06-21 18:18:38.500 +0300
384,10.2909/69a44d4d-ef2c-4ae3-bf38-ff9f565252e0,https://geoserver.vlcc.geoville.com/geoserver/ows?service=WMS&version=1.3.0&request=GetCapabilities,,,"{""id"": ""6498"", ""bbox"": [-56.505141901704434, 24.284177024808802, 72.9061367590091, 72.60660882597304, ""CRS:84""], ""name"": ""HRL_CPL:CPBSA_S2017"", ""title"": ""CLMS_HRL_BareSoilAfter_S2017_R10m"", ""crs3857"": true, ""crs4326"": true, ""abstract"": ""The bare soil period (in days) after the harvest of the main annual crop. Note that the bare soil period cannot transcend the calendar year for which the product is generated."", ""keywords"": [""CPBSA_2017"", ""GeoTIFF"", ""Copernicus, Land monitoring, Earth observation, Land Cover, Land Use, Agriculture, Cropland Management""], ""layer_name"": ""HRL_CPL:CPBSA_S2017"", ""description"": ""CLMS_HRL_BareSoilAfter_S2017_R10m"", ""service_type"": ""wms"", ""metadata_urls"": []}",spatial-extractor,2026-06-21 18:18:39.539 +0300
537,7b668e48-c211-4be2-8d80-f62c11543707,https://io.apps.fao.org/geoserver/wms/WAPOR_2/L3_LAK_E_D/v2?service=WMS&version=1.3.0&request=GetCapabilities,,,"{""error"": null}",spatial-extractor,2026-06-21 18:22:54.643 +0300
385,10.2909/53eb2a55-4537-41ef-938f-603a52a5eb39,https://image.discomap.eea.europa.eu/arcgis/services/GioLandPublic/HRL_ImperviousnessChange_09_12/MapServer/WMSServer?request=GetCapabilities&service=WMS,,,"{""id"": ""6507"", ""bbox"": [-56.505142, 24.284177, 72.906137, 72.66441, ""CRS:84""], ""name"": ""Imperviousness density change 09-12 20m"", ""title"": ""Imperviousness density change 09-12 20m"", ""crs3857"": true, ""crs4326"": true, ""abstract"": null, ""keywords"": [], ""layer_name"": ""Imperviousness_density_change_09-12_20m29181"", ""description"": ""NULL"", ""service_type"": ""wms"", ""metadata_urls"": []}",spatial-extractor,2026-06-21 18:18:40.139 +0300
386,10.2909/bd1c6abc-a413-489a-91c7-e2690e01ff0e,https://image.discomap.eea.europa.eu/arcgis/services/GioLandPublic/HRL_ImperviousnessDensity_2009/MapServer/WMSServer?request=GetCapabilities&service=WMS,,,"{""id"": ""6515"", ""bbox"": [-56.505142, 24.284177, 72.906137, 72.66441, ""CRS:84""], ""name"": ""0"", ""title"": ""Imperviousness density 2009"", ""crs3857"": true, ""crs4326"": true, ""abstract"": null, ""keywords"": [], ""layer_name"": ""0"", ""description"": ""Imperviousness density 2009"", ""service_type"": ""wms"", ""metadata_urls"": []}",spatial-extractor,2026-06-21 18:18:41.239 +0300
387,10.2909/c389689b-38b7-4e3d-bc7b-a403da0cac47,https://image.discomap.eea.europa.eu/arcgis/services/GioLandPublic/HRL_ImperviousnessChange_09_12/MapServer/WMSServer?request=GetCapabilities&service=WMS,,,"{""id"": ""6518"", ""bbox"": [-56.505142, 24.284177, 72.906137, 72.66441, ""CRS:84""], ""name"": ""Imperviousness density change 09-12 100m"", ""title"": ""Imperviousness density change 09-12 100m"", ""crs3857"": true, ""crs4326"": true, ""abstract"": null, ""keywords"": [], ""layer_name"": ""Imperviousness_density_change_09-12_100m11598"", ""description"": ""NULL"", ""service_type"": ""wms"", ""metadata_urls"": []}",spatial-extractor,2026-06-21 18:18:42.062 +0300
388,10.2909/17b26358-df10-4def-9991-fb395ce64933,https://image.discomap.eea.europa.eu/arcgis/services/GioLandPublic/HRL_ImperviousnessDensity_2006/MapServer/WMSServer?request=GetCapabilities&service=WMS,,,"{""id"": ""6521"", ""bbox"": [-56.505142, 24.284177, 72.906137, 72.66441, ""CRS:84""], ""name"": ""1"", ""title"": ""Imperviousness density 2006 100m"", ""crs3857"": true, ""crs4326"": true, ""abstract"": null, ""keywords"": [], ""layer_name"": ""1"", ""description"": ""Imperviousness density 2006 100m"", ""service_type"": ""wms"", ""metadata_urls"": []}",spatial-extractor,2026-06-21 18:18:42.771 +0300
389,10.2909/3de1ca12-d9a2-40bf-ae55-5c5026b8b90e,https://image.discomap.eea.europa.eu/arcgis/services/GioLandPublic/HRL_ImperviousnessChange_06_12/MapServer/WMSServer?request=GetCapabilities&service=WMS,,,"{""id"": ""6528"", ""bbox"": [-56.505142, 24.284177, 72.906137, 72.66441, ""CRS:84""], ""name"": ""Imperviousness density change 06-12 20m"", ""title"": ""Imperviousness density change 06-12 20m"", ""crs3857"": true, ""crs4326"": true, ""abstract"": null, ""keywords"": [], ""layer_name"": ""Imperviousness_density_change_06-12_20m58546"", ""description"": ""NULL"", ""service_type"": ""wms"", ""metadata_urls"": []}",spatial-extractor,2026-06-21 18:18:43.722 +0300
390,10.2909/532f0b73-66c3-46f6-b5a5-d1cccd140433,https://image.discomap.eea.europa.eu/arcgis/services/GioLandPublic/HRL_ImperviousnessDensity_2006/MapServer/WMSServer?request=GetCapabilities&service=WMS,,,"{""id"": ""6533"", ""bbox"": [-56.505142, 24.284177, 72.906137, 72.66441, ""CRS:84""], ""name"": ""0"", ""title"": ""Imperviousness density 2006 20m"", ""crs3857"": true, ""crs4326"": true, ""abstract"": null, ""keywords"": [], ""layer_name"": ""0"", ""description"": ""Imperviousness density 2006 20m"", ""service_type"": ""wms"", ""metadata_urls"": []}",spatial-extractor,2026-06-21 18:18:44.585 +0300
391,10.2909/463f357e-6419-461b-9ed1-c38948a75f09,https://image.discomap.eea.europa.eu/arcgis/services/GioLandPublic/HRL_ImperviousnessChange_12_15/MapServer/WMSServer?request=GetCapabilities&service=WMS,,,"{""id"": ""6537"", ""bbox"": null, ""name"": ""https://image.discomap.eea.europa.eu/arcgis/services/GioLandPublic/HRL_ImperviousnessChange_12_15/MapServer/WMSServer?request=GetCapabilities&service=WMS"", ""title"": null, ""crs3857"": false, ""crs4326"": false, ""abstract"": null, ""keywords"": [], ""layer_name"": null, ""description"": ""NULL"", ""service_type"": ""wms"", ""metadata_urls"": []}",spatial-extractor,2026-06-21 18:18:46.737 +0300
392,eea_r_3035_1_k_nutrient-trend_p_2000-2005_v01_r00,https://land.discomap.eea.europa.eu/arcgis/services/Agriculture/Nitrogen_Input_to_agroecosystems_trend/MapServer/WMSServer?request=GetCapabilities&service=WMS,,,"{""id"": ""6544"", ""bbox"": [-29.874571, 34.082417, 48.943612, 70.907958, ""CRS:84""], ""name"": ""0"", ""title"": ""Average N input 2000-2005 compared to 2000 (Difference in kg/ha/yr)"", ""crs3857"": true, ""crs4326"": true, ""abstract"": ""The map shows the increase/decrease of nitrogen input (kg/ha/yr) to agricultural soils comparing the year 2000 with the trend value 2000-2005 at 1 km resolution. Increase takes place where the trend value is higher than the reference value in 2000. Decrease is mapped when the trend value is lower than the value in 2000.\nNitrogen input includes organic manure application, inorganic fertilizer input, atmospheric deposition and biological fixation. The data comes from the EEA nutrient accounts, developed by EEA and ETC-ULS, and is based on spatial reference data on crop and livestock distribution, yield and livestock statistics, and official conversion factors"", ""keywords"": [], ""layer_name"": ""0"", ""description"": ""Average N input 2000-2005 compared to 2000 (Difference in kg/ha/yr)"", ""service_type"": ""wms"", ""metadata_urls"": []}",spatial-extractor,2026-06-21 18:18:47.517 +0300
393,10.2909/3641fdef-fb65-42a6-b6ec-92d168a4191b,https://geoserver.geoville.com/geoserver/nvlcc/ows?service=WMS&version=1.3.0&request=GetCapabilities,,,"{""id"": ""6583"", ""bbox"": [-56.505141901704434, 24.284177024808802, 72.9061367590091, 72.60660882597304, ""CRS:84""], ""name"": ""HRL_NVLCC_IBUC_20m"", ""title"": ""CLMS_NVLCC_IBUC_C2018-2021_R20m"", ""crs3857"": true, ""crs4326"": true, ""abstract"": ""Provides at pan-European level in the spatial resolution of 20 m the degree of built-up changes in the most relevant categories of built-up change (unchanged non-built-up, new built-up, loss of built-up, unchanged built-up, increased built-up, decreased built-up) between the 2018 and 2021 Impervious Built-up status layers."", ""keywords"": [""IBUC"", ""WCS"", ""ImageMosaic"", ""Built-up"", ""CLMS"", ""Copernicus"", ""Earth Observation"", ""High Resolution Layer"", ""Imperviousness"", ""Land Cover"", ""Land Monitoring"", ""Sealing"", ""Sentinel-2"", ""Soil Sealing""], ""layer_name"": ""HRL_NVLCC_IBUC_20m"", ""description"": ""CLMS_NVLCC_IBUC_C2018-2021_R20m"", ""service_type"": ""wms"", ""metadata_urls"": []}",spatial-extractor,2026-06-21 18:18:51.841 +0300
394,scc_v_3035_10_k_virgin-forest-inventory-keo_i_2019_v01_r00,https://land.discomap.eea.europa.eu/arcgis/services/Carpathians/VirginForestInventory/MapServer/WMSServer?request=GetCapabilities&service=WMS,,,"{""id"": ""6547"", ""bbox"": null, ""name"": ""NULL"", ""title"": ""Carpathians_VirginForestInventory"", ""crs3857"": null, ""crs4326"": null, ""abstract"": ""WMS"", ""keywords"": [], ""layer_name"": null, ""description"": ""Virgin Forest Inventory of the Carpathians Dec. 2019"", ""service_type"": ""wms"", ""metadata_urls"": []}",spatial-extractor,2026-06-21 18:18:52.856 +0300
538,b5b9069f-1b21-4134-9914-837a15b8d17d,https://io.apps.fao.org/geoserver/wms/WAPOR_2/L1_E_D/v2?service=WMS&version=1.3.0&request=GetCapabilities,,,"{""error"": null}",spatial-extractor,2026-06-21 18:22:55.424 +0300
539,ff4f61b1-638a-4f15-ad98-c4fee8c87886,https://io.apps.fao.org/geoserver/wms/WAPOR_2/L1_NPP_D/v2?service=WMS&version=1.3.0&request=GetCapabilities,,,"{""error"": null}",spatial-extractor,2026-06-21 18:22:56.371 +0300
395,eea_v_3035_1_mio_grass-intens-nuts3_p_2005-2010_v01_r00,https://land.discomap.eea.europa.eu/arcgis/services/Agriculture/Grassland_intensification_Nutrient_2005_2010/MapServer/WMSServer?request=GetCapabilities&service=WMS,,,"{""id"": ""6551"", ""bbox"": [-31.264762, 27.638029, 34.587174, 70.09227, ""CRS:84""], ""name"": ""0"", ""title"": ""Percentage of grasslands per administrative units with increased nutrient inputs, 2005-2010"", ""crs3857"": true, ""crs4326"": true, ""abstract"": null, ""keywords"": [], ""layer_name"": ""0"", ""description"": ""Percentage of grasslands per administrative units with increased nutrient inputs"", ""service_type"": ""wms"", ""metadata_urls"": []}",spatial-extractor,2026-06-21 18:18:57.364 +0300
396,eea_v_3035_1_mio_crop-intens-lcf_p_2006-2012_v01_r00,https://land.discomap.eea.europa.eu/arcgis/services/Agriculture/Cropland_intensification_LCF_2006_2012/MapServer/WMSServer?request=GetCapabilities&service=WMS,,,"{""id"": ""6560"", ""bbox"": [-31.268814, 27.638029, 44.820546, 71.185318, ""CRS:84""], ""name"": ""0"", ""title"": ""Percentage of croplands per administrative unit under intensification from management practices."", ""crs3857"": true, ""crs4326"": true, ""abstract"": null, ""keywords"": [], ""layer_name"": ""0"", ""description"": ""Percentage of croplands per administrative unit under intensification from management practices."", ""service_type"": ""wms"", ""metadata_urls"": []}",spatial-extractor,2026-06-21 18:19:02.069 +0300
397,FCBBBFDA_1036_D80B_1051_A0A9BA56FF00,http://climate-adapt.eea.europa.eu/geoserver/wms?SERVICE=WMS&,,,"{""error"": null}",spatial-extractor,2026-06-21 18:19:06.312 +0300
398,ch.bafu.wald-wasserverfuegbarkeit_boden,https://wms.geo.admin.ch/?SERVICE=WMS&VERSION=1.3.0&REQUEST=GetCapabilities&lang=de,,,"{""id"": ""6567"", ""bbox"": [2300000.0, 900000.0, 3100000.0, 1450000.0, ""EPSG:2056""], ""name"": ""ch.bafu.wald-wasserverfuegbarkeit_boden"", ""title"": ""Wasserverfügbarkeit im Boden"", ""crs3857"": true, ""crs4326"": true, ""abstract"": ""Den Bäumen steht in der Vegetationszeit häufiger weniger Wasser zur Verfügung -Das Wasserangebot in der Vegetationszeit ist für Wachstum und Vitalität der Wälder entscheidend. Die Verfügbarkeit des Wassers kann aus der Differenz zwischen dem Niederschlag und der potenziellen Verdunstung berechnet werden. Dies ist die klimatische Wasserbilanz. Erweitert um den Bodenspeicher ergibt sich die Standortswasserbilanz. -Die Standortswasserbilanz steht in enger Beziehung zum Vorkommen der Bäume, ihrer Vitalität und zum Wachstum. -Die Baumarten haben unterschiedliche Ansprüche an das Wasserangebot. Während Eichen genügsam sind, brauchen Fichten deutlich mehr Wasser in der Vegetationszeit. -Trend: Wiederkehr und Ausdehnung gelb bis roter Gebiete nehmen in der Periode 1981-2018 zu. Periode 1981-2018, April bis August, räumliche Auflösung 250m x 250m. Quelle: Remund et al. (2016)."", ""keywords"": [""ch.bafu.wald-wasserverfuegbarkeit_boden.wms_ows_keywordlist""], ""layer_name"": ""ch.bafu.wald-wasserverfuegbarkeit_boden"", ""description"": ""WMS-BGDI Dienst, Layer \""Wasserverfügbarkeit im Boden\"""", ""service_type"": ""wms"", ""metadata_urls"": [""https://www.geocat.ch/geonetwork/srv/ger/catalog.search#/metadata/843579c9-927b-4691-b4b4-aa3a90c98007""]}",spatial-extractor,2026-06-21 18:19:08.371 +0300
399,10.2909/9ab86774-f1f4-4562-85f1-42705da23ac0,https://geoserver.geoville.com/geoserver/nvlcc/ows?service=WMS&version=1.3.0&request=GetCapabilities,,,"{""id"": ""6573"", ""bbox"": null, ""name"": ""HRL_NVLCC_IMCC_20m"", ""title"": null, ""crs3857"": false, ""crs4326"": false, ""abstract"": null, ""keywords"": [], ""layer_name"": null, ""description"": ""CLMS_NVLCC_IMCC_C2018-2021_R20m"", ""service_type"": ""wms"", ""metadata_urls"": []}",spatial-extractor,2026-06-21 18:19:10.016 +0300
400,10.2909/b862001d-6635-44c3-8448-d9e793188e8a,https://geoserver.geoville.com/geoserver/nvlcc/ows?service=WMS&version=1.3.0&request=GetCapabilities,,,"{""id"": ""6587"", ""bbox"": null, ""name"": ""HRL_NVLCC_IMDC_20m"", ""title"": null, ""crs3857"": false, ""crs4326"": false, ""abstract"": null, ""keywords"": [], ""layer_name"": null, ""description"": ""CLMS_NVLCC_IMDC_C2018-2021_R20m"", ""service_type"": ""wms"", ""metadata_urls"": []}",spatial-extractor,2026-06-21 18:19:10.917 +0300
401,eea_v_3035_100_k_keo-boundary-buffer_p_2016_v01_r00,https://land.discomap.eea.europa.eu/arcgis/services/Carpathians/KEO/MapServer/WMSServer?request=GetCapabilities&service=WMS,,,"{""id"": ""6593"", ""bbox"": [15.918872, 43.079061, 27.363889, 50.544871, ""CRS:84""], ""name"": ""0"", ""title"": ""Carpathians Environmental Outlook (KEO) boundary"", ""crs3857"": false, ""crs4326"": true, ""abstract"": null, ""keywords"": [], ""layer_name"": ""0"", ""description"": ""Carpathians Environmental Outlook (KEO) boundary"", ""service_type"": ""wms"", ""metadata_urls"": []}",spatial-extractor,2026-06-21 18:19:11.730 +0300
402,10.2909/707f3c1f-4ecd-4cd1-bb7e-5091f0f36c4c,https://bio.discomap.eea.europa.eu/arcgis/services/EUNIS/Sparsely_Distribution_point/MapServer/WMSServer?request=GetCapabilities&service=WMS,,,"{""id"": ""6598"", ""bbox"": null, ""name"": ""NULL"", ""title"": ""WMS"", ""crs3857"": null, ""crs4326"": null, ""abstract"": ""WMS"", ""keywords"": [], ""layer_name"": null, ""description"": ""NULL"", ""service_type"": ""wms"", ""metadata_urls"": []}",spatial-extractor,2026-06-21 18:19:15.946 +0300
403,10.2909/34ef6334-d432-4041-a3da-67e156d6501d,https://geoserver.geoville.com/geoserver/nvlcc/ows?service=WMS&version=1.3.0&request=GetCapabilities,,,"{""id"": ""6605"", ""bbox"": null, ""name"": ""HRL_NVLCC_IMD_10m"", ""title"": null, ""crs3857"": false, ""crs4326"": false, ""abstract"": null, ""keywords"": [], ""layer_name"": null, ""description"": ""CLMS_NVLCC_IMD_S2021_R10m"", ""service_type"": ""wms"", ""metadata_urls"": []}",spatial-extractor,2026-06-21 18:19:16.868 +0300
404,10.2909/d5948b24-0a46-4946-b1eb-1f96440c5685,https://geoserver.geoville.com/geoserver/nvlcc/ows?service=WMS&version=1.3.0&request=GetCapabilities,,,"{""id"": ""6608"", ""bbox"": null, ""name"": ""HRL_NVLCC_IBU_10m"", ""title"": null, ""crs3857"": false, ""crs4326"": false, ""abstract"": null, ""keywords"": [], ""layer_name"": null, ""description"": ""CLMS_NVLCC_IBU_S2021_R10m"", ""service_type"": ""wms"", ""metadata_urls"": []}",spatial-extractor,2026-06-21 18:19:17.747 +0300
405,10.2909/a6c48c2d-114f-406e-ba99-c9085a5f5aee,https://bio.discomap.eea.europa.eu/arcgis/services/EUNIS/MosaicProb_Sparsely/ImageServer/WMSServer?request=GetCapabilities&service=WMS,,,"{""id"": ""6616"", ""bbox"": null, ""name"": ""NULL"", ""title"": ""WMS"", ""crs3857"": null, ""crs4326"": null, ""abstract"": ""WMS"", ""keywords"": [], ""layer_name"": null, ""description"": ""NULL"", ""service_type"": ""wms"", ""metadata_urls"": []}",spatial-extractor,2026-06-21 18:19:18.685 +0300
406,eea_r_3035_1_km_naturalness-species-keo_p_2011_v01_r00,https://forest.discomap.eea.europa.eu/arcgis/services/FISE/naturalness_species_keo_2011/ImageServer/WMSServer?request=GetCapabilities&service=WMS,,,"{""id"": ""6625"", ""bbox"": null, ""name"": ""0"", ""title"": null, ""crs3857"": false, ""crs4326"": false, ""abstract"": null, ""keywords"": [], ""layer_name"": null, ""description"": ""Forest naturalness"", ""service_type"": ""wms"", ""metadata_urls"": []}",spatial-extractor,2026-06-21 18:19:20.398 +0300
407,eea_r_3035_100_m_keo-forest-fragm_p_2015_v01_r00,https://forest.discomap.eea.europa.eu/arcgis/services/FISE/forest_fragm_keo_2015/ImageServer/WMSServer?request=GetCapabilities&service=WMS,,,"{""id"": ""6627"", ""bbox"": null, ""name"": ""0"", ""title"": null, ""crs3857"": false, ""crs4326"": false, ""abstract"": null, ""keywords"": [], ""layer_name"": null, ""description"": ""forest_fragm_keo_2015"", ""service_type"": ""wms"", ""metadata_urls"": []}",spatial-extractor,2026-06-21 18:19:21.405 +0300
540,032bb56d-2165-4341-b10b-1ac341adc0df,https://io.apps.fao.org/geoserver/wms/WAPOR_2/L3_KOG_NPP_D/v2?service=WMS&version=1.3.0&request=GetCapabilities,,,"{""error"": null}",spatial-extractor,2026-06-21 18:22:57.166 +0300
408,"eea_v_3035_25_k_european-mountain_p_2008_v1_r00,DAT-215-en",https://land.discomap.eea.europa.eu/arcgis/services/Land/EuropeanMountainAreas/MapServer/WMSServer?request=GetCapabilities&service=WMS,,,"{""id"": ""6632"", ""bbox"": null, ""name"": ""NULL"", ""title"": ""WMS"", ""crs3857"": null, ""crs4326"": null, ""abstract"": ""WMS"", ""keywords"": [], ""layer_name"": null, ""description"": ""European mountain areas"", ""service_type"": ""wms"", ""metadata_urls"": []}",spatial-extractor,2026-06-21 18:19:22.937 +0300
409,"eea_r_3035_100_m_forest-area-2015_p_2014-2016_v01_r00,DAT-216-en",https://forest.discomap.eea.europa.eu/arcgis/services/Forest/Forest_area_2015/MapServer/WMSServer?request=GetCapabilities&service=WMS,,,"{""id"": ""6638"", ""bbox"": null, ""name"": ""NULL"", ""title"": ""WMS"", ""crs3857"": null, ""crs4326"": null, ""abstract"": ""WMS"", ""keywords"": [], ""layer_name"": null, ""description"": ""NULL"", ""service_type"": ""wms"", ""metadata_urls"": []}",spatial-extractor,2026-06-21 18:19:27.418 +0300
410,"eea_r_3035_100_m_forest-area-2012_p_2012_v01_r00,DAT-216-en",https://forest.discomap.eea.europa.eu/arcgis/services/Forest/Forest_area_2012/MapServer/WMSServer?request=GetCapabilities&service=WMS,,,"{""id"": ""6642"", ""bbox"": [-56.505142, 24.284474, 72.906158, 72.66441, ""CRS:84""], ""name"": ""0"", ""title"": ""Forest area 2012 at 100m"", ""crs3857"": true, ""crs4326"": true, ""abstract"": null, ""keywords"": [], ""layer_name"": ""0"", ""description"": ""NULL"", ""service_type"": ""wms"", ""metadata_urls"": []}",spatial-extractor,2026-06-21 18:19:28.186 +0300
411,ch.blw.feldblockkarte,https://wms.geo.admin.ch/?SERVICE=WMS&VERSION=1.3.0&REQUEST=GetCapabilities&lang=de,,,"{""id"": ""6644"", ""bbox"": [2300000.0, 900000.0, 3100000.0, 1450000.0, ""EPSG:2056""], ""name"": ""ch.blw.feldblockkarte"", ""title"": ""Feldblockkarte"", ""crs3857"": true, ""crs4326"": true, ""abstract"": ""Feldblöcke sind zusammenhängende landwirtschaftlich nutzbare Flächen, die von relativ stabilen, im Feld erkennbaren Aussengrenzen (z. B. Wald, Strassen, bebaute Flächen, Gewässer, Gräben) umgeben werden. Berechnungsgrundlage bildet das topographische Landschaftsmodell TLM3D. Ein Feldblock stellt somit ein geschlossenes hydrologisches Einzugsgebiet dar, in dem alle Pixel hydrologisch verbunden sein können und sich somit bezüglich Erosion beeinflussen können. Andere Feldblöcke oder Flächen ausserhalb eines Feldblocks können Wasserflüsse und Erosion innerhalb eines Feldblocks im Modell nicht beeinflussen. Fremdwasserzufluss ist im Modell also nicht möglich. Als Mindestgrösse für einen Feldblock wurden 25 Aren festgelegt. Die Überwachung von Erosion auf Ackerflächen durch die zuständigen Behörden erfolgt am besten über die Überprüfung von Feldblöcken in den Vorrangregionen. Eine Neuberechnung des Erosionsrisikos ist nötig, wenn sich die Feldblockgrösse ändert, z. B. wenn neue Wege gebaut oder Hecken gepflanzt oder beseitigt werden."", ""keywords"": [""ch.blw.feldblockkarte.wms_ows_keywordlist""], ""layer_name"": ""ch.blw.feldblockkarte"", ""description"": ""WMS-BGDI Dienst, Layer \""Feldblockkarte\"""", ""service_type"": ""wms"", ""metadata_urls"": [""https://www.geocat.ch/geonetwork/srv/ger/catalog.search#/metadata/9d673266-aed0-46f3-a536-4eb7d57582e9""]}",spatial-extractor,2026-06-21 18:19:29.090 +0300
412,eea_r_3035_1_km_fga1-m_p_2011-2016_v02_r00,https://land.discomap.eea.europa.eu/arcgis/services/Land/Major_anthropogenic_fragmentation_effective_mesh_size/MapServer/WMSServer?request=GetCapabilities&service=WMS,,,"{""id"": ""6652"", ""bbox"": [-54.949946, 24.77391, 70.814194, 71.910443, ""CRS:84""], ""name"": ""0"", ""title"": ""Effective mesh size"", ""crs3857"": true, ""crs4326"": true, ""abstract"": null, ""keywords"": [], ""layer_name"": ""0"", ""description"": ""Effective mesh size"", ""service_type"": ""wms"", ""metadata_urls"": []}",spatial-extractor,2026-06-21 18:19:29.850 +0300
413,eea_r_3035_1_km_clc-forest-cover-loss-eu_p_2000-2006_v01_r00,https://forest.discomap.eea.europa.eu/arcgis/services/Forest_Ch_CLC/Forest_cover_loss_CLC_00_06/MapServer/WMSServer?request=GetCapabilities&service=WMS,,,"{""id"": ""6779"", ""bbox"": null, ""name"": ""NULL"", ""title"": ""WMS"", ""crs3857"": null, ""crs4326"": null, ""abstract"": ""WMS"", ""keywords"": [], ""layer_name"": null, ""description"": ""NULL"", ""service_type"": ""wms"", ""metadata_urls"": []}",spatial-extractor,2026-06-21 18:19:34.491 +0300
414,eea_r_3035_1_km_clc-forest-cover-loss-eu_p_2006-2012_v01_r00,https://forest.discomap.eea.europa.eu/arcgis/services/Forest_Ch_CLC/Forest_cover_loss_CLC_06_12/MapServer/WMSServer?request=GetCapabilities&service=WMS,,,"{""id"": ""6783"", ""bbox"": null, ""name"": ""NULL"", ""title"": ""WMS"", ""crs3857"": null, ""crs4326"": null, ""abstract"": ""WMS"", ""keywords"": [], ""layer_name"": null, ""description"": ""NULL"", ""service_type"": ""wms"", ""metadata_urls"": []}",spatial-extractor,2026-06-21 18:19:35.282 +0300
415,eea_r_3035_1_km_clc-forest-cover-loss-eu_p_2012-2018_v01_r00,https://forest.discomap.eea.europa.eu/arcgis/services/Forest_Ch_CLC/Forest_cover_loss_CLC_12_18/MapServer/WMSServer?request=GetCapabilities&service=WMS,,,"{""id"": ""6787"", ""bbox"": null, ""name"": ""NULL"", ""title"": ""WMS"", ""crs3857"": null, ""crs4326"": null, ""abstract"": ""WMS"", ""keywords"": [], ""layer_name"": null, ""description"": ""NULL"", ""service_type"": ""wms"", ""metadata_urls"": []}",spatial-extractor,2026-06-21 18:19:36.114 +0300
416,"eea_r_3035_1_km_forest-richness-hab-sps_p_2007-2012_v01_r00,DAT-219-en",https://forest.discomap.eea.europa.eu/arcgis/services/Forest/Richness_forest_habitats_sps/MapServer/WMSServer?request=GetCapabilities&service=WMS,,,"{""id"": ""6792"", ""bbox"": [-56.505142, 24.282837, 72.906158, 72.66441, ""CRS:84""], ""name"": ""0"", ""title"": ""Richness of forest-related species and habitats 2012"", ""crs3857"": true, ""crs4326"": true, ""abstract"": ""Richness index of forest related species and habitats layer is a composition of  three sub-indicators: “Forest Non-bird species”, “Forest bird species” and “Forest habitats”. All the three sub-indicators build on distribution data from the reporting of habitat and species conservation status under Article 17 of the Habitats Directive and Article 12 of the Birds directive which describe their distribution at 10km grid resolution. The forest species and the forest habitats proposed to be used for the HNV forest area identification were selected based on expert judgement (ETC/BD) and raster files reporting the count of forest species and habitats were created. At this stage, no weight is applied based on Habitat and Species prioritization, conservation status or endemism.The sub-indicators were then normalized for each forest type (http://forest.jrc.ec.europa.eu/activities/climate-change/forest-type-suitability/) and successively combined not assigning any specific weight to a particular sub-indicator.The indicator on Forest Biodiversity ranges between 0 and 1 and it covers the forested areas of the EU27 Member States"", ""keywords"": [], ""layer_name"": ""0"", ""description"": ""NULL"", ""service_type"": ""wms"", ""metadata_urls"": []}",spatial-extractor,2026-06-21 18:19:36.876 +0300
417,10.2909/1e42e939-73ec-4e82-82ae-3625ecffc907,https://land.discomap.eea.europa.eu/arcgis/services/Imperviousness/Imperviousness2018v2024/MapServer/WMSServer?request=GetCapabilities&service=WMS,,,"{""id"": ""6797"", ""bbox"": null, ""name"": ""NULL"", ""title"": ""WMS"", ""crs3857"": null, ""crs4326"": null, ""abstract"": ""WMS"", ""keywords"": [], ""layer_name"": null, ""description"": ""NULL"", ""service_type"": ""wms"", ""metadata_urls"": []}",spatial-extractor,2026-06-21 18:19:37.803 +0300
561,3867a9a5-2a39-4cd5-831c-c52f4856247a,https://io.apps.fao.org/geoserver/wms/WAPOR_2/L3_GEZ_NPP_D/v2?service=WMS&version=1.3.0&request=GetCapabilities,,,"{""error"": null}",spatial-extractor,2026-06-21 18:23:18.946 +0300
418,10.2909/971345a4-c826-49ab-9c61-46d48dbc509b,https://land.discomap.eea.europa.eu/arcgis/services/Imperviousness/Imperviousness2012v2024/MapServer/WMSServer?request=GetCapabilities&service=WMS,,,"{""id"": ""6804"", ""bbox"": null, ""name"": ""NULL"", ""title"": ""WMS"", ""crs3857"": null, ""crs4326"": null, ""abstract"": ""WMS"", ""keywords"": [], ""layer_name"": null, ""description"": ""NULL"", ""service_type"": ""wms"", ""metadata_urls"": []}",spatial-extractor,2026-06-21 18:19:38.504 +0300
419,10.2909/deea2778-7023-4b81-8eab-8f3a0ac43661,https://land.discomap.eea.europa.eu/arcgis/services/Imperviousness/Imperviousness2015v2024/MapServer/WMSServer?request=GetCapabilities&service=WMS,,,"{""id"": ""6811"", ""bbox"": null, ""name"": ""NULL"", ""title"": ""WMS"", ""crs3857"": null, ""crs4326"": null, ""abstract"": ""WMS"", ""keywords"": [], ""layer_name"": null, ""description"": ""NULL"", ""service_type"": ""wms"", ""metadata_urls"": []}",spatial-extractor,2026-06-21 18:19:39.642 +0300
420,10.2909/de2df446-c93b-4bea-8fc1-cad0d1d976ce,https://land.discomap.eea.europa.eu/arcgis/services/Imperviousness/Imperviousness2009v2024/MapServer/WMSServer?request=GetCapabilities&service=WMS,,,"{""id"": ""6818"", ""bbox"": null, ""name"": ""NULL"", ""title"": ""WMS"", ""crs3857"": null, ""crs4326"": null, ""abstract"": ""WMS"", ""keywords"": [], ""layer_name"": null, ""description"": ""NULL"", ""service_type"": ""wms"", ""metadata_urls"": []}",spatial-extractor,2026-06-21 18:19:40.471 +0300
421,10.2909/7db5272f-5825-442b-9fa0-8b1c424f4ff1,https://land.discomap.eea.europa.eu/arcgis/services/Imperviousness/Imperviousness2006v2024/MapServer/WMSServer?request=GetCapabilities&service=WMS,,,"{""id"": ""6825"", ""bbox"": null, ""name"": ""NULL"", ""title"": ""WMS"", ""crs3857"": null, ""crs4326"": null, ""abstract"": ""WMS"", ""keywords"": [], ""layer_name"": null, ""description"": ""NULL"", ""service_type"": ""wms"", ""metadata_urls"": []}",spatial-extractor,2026-06-21 18:19:41.664 +0300
422,ch.bafu.wald-wasserverfuegbarkeit_pflanzen,https://wms.geo.admin.ch/?SERVICE=WMS&VERSION=1.3.0&REQUEST=GetCapabilities&lang=de,,,"{""id"": ""6829"", ""bbox"": [2300000.0, 900000.0, 3100000.0, 1450000.0, ""EPSG:2056""], ""name"": ""ch.bafu.wald-wasserverfuegbarkeit_pflanzen"", ""title"": ""Wasserverfügbarkeit für Pflanzen"", ""crs3857"": true, ""crs4326"": true, ""abstract"": ""Den Bäumen steht immer öfter zu wenig Wasser zur Verfügung: -Die Vegetation und der Boden geben Wasser an die Atmosphäre ab, je wärmer und trockener die Luft, desto mehr. Pflanzen verdunsten über ihre Blätter Wasser. Die Evapotranspiration ist die Summe des an die Atmosphäre abgegebenen Wassers. -Die aktuelle Evapotranspiration (ETa) hängt von der Wasserverfügbarkeit ab, das heisst von der Niederschlagsmenge sowie der Fähigkeit der Böden, das Niederschlagswasser zu speichern. Die potenzielle Evapotranspiration (ETp) ist die Wassermenge, die bei ausreichender Wassernachlieferung an die Atmosphäre abgegeben würde. -Unterhalb von einem ETa/ETp-Verhältnis von 0.8 ist mit Beeinträchtigungen durch Trockenheit zu rechnen, da die Spaltöffnungen in den Blättern dann oft geschlossen sind und die Bäume die Photosynthese einschränken. -In hell- und speziell dunkelblauen Gebieten ist nicht mit Störungen zu rechnen. -In gelb bis rot markierten Gebieten ist mit Beeinträchtigungen der Bäume durch Trockenheit zu rechnen, am stärksten in den weinroten Bereichen. -Trend: Wiederkehr und Ausdehnung gelb bis roter Gebiete nehmen in der Periode 1981-2018 zu. Periode 1981-2018, April bis August, räumliche Auflösung 250m x 250m. Quelle: Remund et al. (2016)."", ""keywords"": [""ch.bafu.wald-wasserverfuegbarkeit_pflanzen.wms_ows_keywordlist""], ""layer_name"": ""ch.bafu.wald-wasserverfuegbarkeit_pflanzen"", ""description"": ""WMS-BGDI Dienst, Layer \""Wasserverfügbarkeit für Pflanzen\"""", ""service_type"": ""wms"", ""metadata_urls"": [""https://www.geocat.ch/geonetwork/srv/ger/catalog.search#/metadata/668e4c81-5926-4457-9097-b362244b2660""]}",spatial-extractor,2026-06-21 18:19:42.614 +0300
423,"eea_r_3035_1_km_forest-assemblage-sps_p_2006_v01_r00,DAT-220-en",https://forest.discomap.eea.europa.eu/arcgis/services/Forest/Natural_assemblage_indicator/MapServer/WMSServer?request=GetCapabilities&service=WMS,,,"{""id"": ""6841"", ""bbox"": [-56.505828, 24.282746, 72.914455, 72.667057, ""CRS:84""], ""name"": ""0"", ""title"": ""Natural assemblage tree species indicator"", ""crs3857"": true, ""crs4326"": true, ""abstract"": null, ""keywords"": [], ""layer_name"": ""0"", ""description"": ""NULL"", ""service_type"": ""wms"", ""metadata_urls"": []}",spatial-extractor,2026-06-21 18:19:43.407 +0300
424,10.2909/917348e8-42ea-4df9-8fe8-4d47bcd8d241,https://bio.discomap.eea.europa.eu/arcgis/services/EUNIS/MosaicSuit_Wetlands/ImageServer/WMSServer?request=GetCapabilities&service=WMS,,,"{""id"": ""6849"", ""bbox"": null, ""name"": ""NULL"", ""title"": ""WMS"", ""crs3857"": null, ""crs4326"": null, ""abstract"": ""WMS"", ""keywords"": [], ""layer_name"": null, ""description"": ""WMS Web Map Service"", ""service_type"": ""wms"", ""metadata_urls"": []}",spatial-extractor,2026-06-21 18:19:44.254 +0300
425,"eea_r_3035_100_m_fga2-s-2018_p_2017-2019_v01_r00,DAT-222-en",https://land.discomap.eea.europa.eu/arcgis/services/Fragmentation/Fragmentation_2018_mesh_density/ImageServer/WMSServer?request=GetCapabilities&service=WMS,,,"{""id"": ""6857"", ""bbox"": [-54.941297, 24.796345, 70.787808, 71.906679], ""name"": ""Fragmentation_2018_mesh_density:FragmentationSymbology"", ""title"": ""Fragmentation_2018_mesh_density:FragmentationSymbology"", ""crs3857"": true, ""crs4326"": true, ""abstract"": null, ""keywords"": [], ""layer_name"": ""Fragmentation_2018_mesh_density:FragmentationSymbology"", ""description"": ""NULL"", ""service_type"": ""wms"", ""metadata_urls"": []}",spatial-extractor,2026-06-21 18:19:46.194 +0300
426,"eea_r_3035_100_m_fga2-s-2015_p_2015-2016_v01_r00,DAT-222-en",https://land.discomap.eea.europa.eu/arcgis/services/Fragmentation/Fragmentation_2015_mesh_density/ImageServer/WMSServer?request=GetCapabilities&service=WMS,,,"{""id"": ""6860"", ""bbox"": null, ""name"": ""NULL"", ""title"": ""Fragmentation_Fragmentation_2015_mesh_density"", ""crs3857"": null, ""crs4326"": null, ""abstract"": ""WMS"", ""keywords"": [], ""layer_name"": null, ""description"": ""NULL"", ""service_type"": ""wms"", ""metadata_urls"": []}",spatial-extractor,2026-06-21 18:19:46.952 +0300
427,eea_r_3035_100_m_adm-boundaries-eea39_p_2016-2017_v01_r00,https://land.discomap.eea.europa.eu/arcgis/services/Land/AdministrativeBoundaries_EEA39/MapServer/WMSServer?request=GetCapabilities&service=WMS,,,"{""id"": ""6865"", ""bbox"": [-56.505142, 24.284474, 72.906158, 72.66441, ""CRS:84""], ""name"": ""0"", ""title"": ""ADM_EEA39"", ""crs3857"": true, ""crs4326"": true, ""abstract"": null, ""keywords"": [], ""layer_name"": ""0"", ""description"": ""ADM_EEA39"", ""service_type"": ""wms"", ""metadata_urls"": []}",spatial-extractor,2026-06-21 18:19:47.869 +0300
428,eea_r_3035_1_km_env-zones_p_2018_v01_r00,https://land.discomap.eea.europa.eu/arcgis/services/Land/Environmental_Zones_2018/ImageServer/WMSServer?request=GetCapabilities&service=WMS,,,"{""id"": ""6868"", ""bbox"": null, ""name"": ""NULL"", ""title"": ""WMS"", ""crs3857"": null, ""crs4326"": null, ""abstract"": ""WMS"", ""keywords"": [], ""layer_name"": null, ""description"": ""NULL"", ""service_type"": ""wms"", ""metadata_urls"": []}",spatial-extractor,2026-06-21 18:19:53.212 +0300
430,eea_r_3035_100_m_adm-boundaries-eea38-uk_p_2020_v01_r00,https://land.discomap.eea.europa.eu/arcgis/services/Background/European_Administrative_boundaries_v2020/ImageServer/WMSServer?request=GetCapabilities&service=WMS,,,"{""id"": ""6882"", ""bbox"": null, ""name"": ""NULL"", ""title"": ""Background_European_Administrative_boundaries_v2020"", ""crs3857"": null, ""crs4326"": null, ""abstract"": ""WMS"", ""keywords"": [], ""layer_name"": null, ""description"": ""NULL"", ""service_type"": ""wms"", ""metadata_urls"": []}",spatial-extractor,2026-06-21 18:19:55.871 +0300
562,ded5c4cc-e507-4406-a91c-997915de9ff4,https://io.apps.fao.org/geoserver/wms/WAPOR_2/L3_ZAN_E_D/v2?service=WMS&version=1.3.0&request=GetCapabilities,,,"{""error"": null}",spatial-extractor,2026-06-21 18:23:20.223 +0300
432,eea_r_3035_1_km_forest-horizontal-structure-2015_p_2015_v01_r00,https://forest.discomap.eea.europa.eu/arcgis/services/Forest_spatial_pattern/Forest_Horizontal_Struct_2015/MapServer/WMSServer?request=GetCapabilities&service=WMS,,,"{""id"": ""6892"", ""bbox"": null, ""name"": ""WMS Web Map Service"", ""title"": null, ""crs3857"": false, ""crs4326"": false, ""abstract"": null, ""keywords"": [], ""layer_name"": null, ""description"": ""NULL"", ""service_type"": ""wms"", ""metadata_urls"": []}",spatial-extractor,2026-06-21 18:20:02.261 +0300
433,eea_r_3035_100_m_forest-mspa-2012_p_2012_v01_r00,https://forest.discomap.eea.europa.eu/arcgis/services/Forest_spatial_pattern/MSPA_Forest_2012/MapServer/WMSServer?request=GetCapabilities&service=WMS,,,"{""id"": ""6896"", ""bbox"": null, ""name"": ""WMS Web Map Service"", ""title"": null, ""crs3857"": false, ""crs4326"": false, ""abstract"": null, ""keywords"": [], ""layer_name"": null, ""description"": ""NULL"", ""service_type"": ""wms"", ""metadata_urls"": []}",spatial-extractor,2026-06-21 18:20:03.129 +0300
434,arls_031:m10914-cc-i11786,https://serviziogc.regione.fvg.it/geoserver/ERSA/wms?request=GetCapabilities&service=wms&version=1.1.1,,,"{""id"": ""37137"", ""bbox"": null, ""name"": ""NULL"", ""title"": ""GeoServer Web Map Service IRDAT FVG"", ""crs3857"": null, ""crs4326"": null, ""abstract"": ""Service for pubblication of the geographic informations of the region Friuli Venezia Giulia using the WFS OpenGIS standard."", ""keywords"": [], ""layer_name"": null, ""description"": ""NULL"", ""service_type"": ""wms"", ""metadata_urls"": []}",spatial-extractor,2026-06-21 18:20:03.943 +0300
435,eea_r_3035_1_km_fga2-m_p_2011-2016_v02_r00,https://land.discomap.eea.europa.eu/arcgis/services/Land/Major_and_medium_antropogenic_fragmentation_effective_mesh_size/MapServer/WMSServer?request=GetCapabilities&service=WMS,,,"{""id"": ""6901"", ""bbox"": [-54.949946, 24.77391, 70.814194, 71.910443, ""CRS:84""], ""name"": ""0"", ""title"": ""Effective mesh size"", ""crs3857"": true, ""crs4326"": true, ""abstract"": null, ""keywords"": [], ""layer_name"": ""0"", ""description"": ""Effective mesh size"", ""service_type"": ""wms"", ""metadata_urls"": []}",spatial-extractor,2026-06-21 18:20:04.799 +0300
436,eea_r_3035_1_km_fga2-s_p_2011-2016_v02_r00,https://land.discomap.eea.europa.eu/arcgis/services/Land/Major_and_medium_anthropogenic_fragmentation_effective_mesh_density/MapServer/WMSServer?request=GetCapabilities&service=WMS,,,"{""id"": ""6922"", ""bbox"": [-54.949946, 24.77391, 70.814194, 71.910443, ""CRS:84""], ""name"": ""0"", ""title"": ""Effective mesh density"", ""crs3857"": true, ""crs4326"": true, ""abstract"": null, ""keywords"": [], ""layer_name"": ""0"", ""description"": ""Effective mesh density"", ""service_type"": ""wms"", ""metadata_urls"": []}",spatial-extractor,2026-06-21 18:20:09.082 +0300
437,"eea_r_3035_1_km_fga1-s_p_2011-2016_v02_r00,DAT-222-en",https://land.discomap.eea.europa.eu/arcgis/services/Land/Major_anthropogenic_fragmentation_effective_mesh_density/MapServer/WMSServer?request=GetCapabilities&service=WMS,,,"{""id"": ""6926"", ""bbox"": [-54.949946, 24.77391, 70.814194, 71.910443, ""CRS:84""], ""name"": ""0"", ""title"": ""Effective mesh density"", ""crs3857"": true, ""crs4326"": true, ""abstract"": null, ""keywords"": [], ""layer_name"": ""0"", ""description"": ""Effective mesh density"", ""service_type"": ""wms"", ""metadata_urls"": []}",spatial-extractor,2026-06-21 18:20:13.391 +0300
438,ch.bafu.gewaesserschutz-diffuse_eintraege_stickstoff,https://wms.geo.admin.ch/?SERVICE=WMS&VERSION=1.3.0&REQUEST=GetCapabilities&lang=de,,,"{""id"": ""6937"", ""bbox"": [2300000.0, 900000.0, 3100000.0, 1450000.0, ""EPSG:2056""], ""name"": ""ch.bafu.gewaesserschutz-diffuse_eintraege_stickstoff"", ""title"": ""Diffuse Gesamt-Stickstoffeinträge"", ""crs3857"": true, ""crs4326"": true, ""abstract"": ""Stickstoffeinträge in Gewässer stellen eine unerwünschte Belastung dar. Im Rahmen des Übereinkommens über den Schutz der Meeresumwelt des Nordostatlantiks (OSPAR) hat sich die Schweiz verpflichtet, die über den Rhein aus der Schweiz gelangende Stickstofffracht gegenüber 1985 um 50% zu reduzieren. Dieses Ziel ist noch nicht erreicht. Insgesamt gelangen pro Jahr rund 48`000 t Gesamt-Stickstoff aus diffusen Quellen in die Gewässer der Schweiz. Hohe Einträge erfolgen von intensiv genutzten Ackerflächen, insbesondere von drainierten Flächen.</p><p>Die Gesamt-Stickstoffeinträge in die Gewässer wurden mit dem Stoffflussmodell MODIFFUS über alle diffusen Eintragsquellen (Ackerland, Dauergrünland, Wald, Gletscher, Siedlungsgrünflächen etc.) und alle diffusen Eintragspfade (Bodenerosion, Auswaschung, Abschwemmung, Drainage, atmosphärische Deposition etc.) berechnet. Die Karte zeigt die aufsummierten Verluste pro Landnutzungskategorie im Hektarraster, basierend auf der Arealstatistik 2013/18. Es wurden mittlere klimatische Bedingungen zugrunde gelegt, das Bezugsjahr ist 2020. </p><p> Diese modellierten Werte sind nicht gleichzusetzen mit gemessenen Werten in Gewässern, da sie die Umwandlungs- und Ablagerungsprozesse sowohl in der Landschaft als auch im Gewässer selbst nicht berücksichtigen. Die Resultate sind für hydrologische oder administrative Einheiten ab 50 km² Grösse interpretierbar, nicht aber für einzelne Pixel."", ""keywords"": [""ch.bafu.gewaesserschutz-diffuse_eintraege_stickstoff.wms_ows_keywordlist""], ""layer_name"": ""ch.bafu.gewaesserschutz-diffuse_eintraege_stickstoff"", ""description"": ""WMS-BGDI Dienst, Layer \""Diffuse Gesamt-Stickstoffeinträge\"""", ""service_type"": ""wms"", ""metadata_urls"": [""https://www.geocat.ch/geonetwork/srv/ger/catalog.search#/metadata/9b7dc233-813b-490b-b13c-3b3ab787e11f""]}",spatial-extractor,2026-06-21 18:20:18.281 +0300
439,ch.bafu.gewaesserschutz-diffuse_eintraege_gesamt_phosphor,https://wms.geo.admin.ch/?SERVICE=WMS&VERSION=1.3.0&REQUEST=GetCapabilities&lang=de,,,"{""id"": ""6941"", ""bbox"": [2300000.0, 900000.0, 3100000.0, 1450000.0, ""EPSG:2056""], ""name"": ""ch.bafu.gewaesserschutz-diffuse_eintraege_gesamt_phosphor"", ""title"": ""Diffuse Gesamt-Phosphoreinträge"", ""crs3857"": true, ""crs4326"": true, ""abstract"": ""Phosphoreinträge in Gewässer stellen eine unerwünschte Belastung dar. Insgesamt gelangen pro Jahr rund 3400 t Gesamt-Phosphor (gelöster und partikulärer Phosphor) aus diffusen Quellen in die Gewässer der Schweiz. Hohe Einträge erfolgen vor allem durch natürliche Erosion in den Alpen in Form von partikulärem Phosphor, welcher kaum eutrophierungswirksam ist. Die Berechnungen der Phosphoreinträge über natürliche Erosion sind ausserdem mit grossen Unsicherheiten behaftet. Aus der landwirtschaftlich genutzten Fläche stammen nur 31 % der diffusen Gesamt-Phosphoreinträge.</p><p> Die Gesamt-Phosphoreinträge in die Gewässer wurden mit dem Stoffflussmodell MODIFFUS über alle diffusen Eintragsquellen (Ackerland, Dauergrünland, Wald, Gletscher, Siedlungsgrünflächen etc.) und alle diffusen Eintragspfade (Bodenerosion, Auswaschung, Abschwemmung, Drainage, atmosphärische Deposition etc.) berechnet. Die Karte zeigt die aufsummierten Verluste pro Landnutzungskategorie im Hektarraster, basierend auf der Arealstatistik 2013/18. Es wurden mittlere klimatische Bedingungen zugrunde gelegt, das Bezugsjahr ist 2020.</p><p> Diese modellierten Werte sind nicht gleichzusetzen mit gemessenen Werten in Gewässern, da sie die Umwandlungs- und Ablagerungsprozesse sowohl in der Landschaft als auch im Gewässer selbst nicht berücksichtigen. Die Resultate sind für hydrologische oder administrative Einheiten ab 50 km2 Grösse interpretierbar, nicht aber für einzelne Pixel."", ""keywords"": [""ch.bafu.gewaesserschutz-diffuse_eintraege_gesamt_phosphor.wms_ows_keywordlist""], ""layer_name"": ""ch.bafu.gewaesserschutz-diffuse_eintraege_gesamt_phosphor"", ""description"": ""WMS-BGDI Dienst, Layer \""Diffuse Gesamt-Phosphoreinträge\"""", ""service_type"": ""wms"", ""metadata_urls"": [""https://www.geocat.ch/geonetwork/srv/ger/catalog.search#/metadata/5de5d77b-a349-4da0-9b55-467d6455f466""]}",spatial-extractor,2026-06-21 18:20:19.088 +0300
440,10.2909/169b69b5-a1f8-4aed-8042-bfcb4c1e4948,https://bio.discomap.eea.europa.eu/arcgis/services/EUNIS/Mosaic_Forest/ImageServer/WMSServer?request=GetCapabilities&service=WMS,,,"{""id"": ""6951"", ""bbox"": null, ""name"": ""NULL"", ""title"": ""WMS"", ""crs3857"": null, ""crs4326"": null, ""abstract"": ""WMS"", ""keywords"": [], ""layer_name"": null, ""description"": ""NULL"", ""service_type"": ""wms"", ""metadata_urls"": []}",spatial-extractor,2026-06-21 18:20:19.780 +0300
441,10.2909/f425a73e-dc6c-40be-93d6-9d234d4bbe1b,https://bio.discomap.eea.europa.eu/arcgis/services/EUNIS/MosaicProb_Forest/ImageServer/WMSServer?request=GetCapabilities&service=WMS,,,"{""id"": ""6957"", ""bbox"": null, ""name"": ""NULL"", ""title"": ""WMS"", ""crs3857"": null, ""crs4326"": null, ""abstract"": ""WMS"", ""keywords"": [], ""layer_name"": null, ""description"": ""Forest probability WMS service"", ""service_type"": ""wms"", ""metadata_urls"": []}",spatial-extractor,2026-06-21 18:20:21.612 +0300
442,10.2909/afde0fbb-6401-45cd-aabd-3aa7b4b3a7f0,https://image.discomap.eea.europa.eu/arcgis/services/DownloadLayers/HRL_SWF_2015_DL/MapServer/WMSServer?service=WMS&request=GetCapabilities&version=1.3.0,,,"{""id"": ""6963"", ""bbox"": [-61.80958, -21.389853, 55.836628, 71.185417, ""CRS:84""], ""name"": ""0"", ""title"": ""SWF_2015_DownloadLayer_WM"", ""crs3857"": true, ""crs4326"": true, ""abstract"": null, ""keywords"": [], ""layer_name"": ""0"", ""description"": ""SWF_2015_DownloadLayer_WM"", ""service_type"": ""wms"", ""metadata_urls"": []}",spatial-extractor,2026-06-21 18:20:23.265 +0300
443,10.2909/2adfe942-186d-4ee0-af41-b8b864dfb6b6,https://image.discomap.eea.europa.eu/arcgis/services/DownloadLayers/HRL_SWF_2015_DL/MapServer/WMSServer?service=WMS&request=GetCapabilities&version=1.3.0,,,"{""id"": ""6966"", ""bbox"": [-61.80958, -21.389853, 55.836628, 71.185417, ""CRS:84""], ""name"": ""0"", ""title"": ""SWF_2015_DownloadLayer_WM"", ""crs3857"": true, ""crs4326"": true, ""abstract"": null, ""keywords"": [], ""layer_name"": ""0"", ""description"": ""SWF_2015_DownloadLayer_WM"", ""service_type"": ""wms"", ""metadata_urls"": []}",spatial-extractor,2026-06-21 18:20:23.975 +0300
563,3ce00b7f-78a4-4e64-9889-58036ab7d577,https://io.apps.fao.org/geoserver/wms/WAPOR_2/L3_ODN_NPP_D/v2?service=WMS&version=1.3.0&request=GetCapabilities,,,"{""error"": null}",spatial-extractor,2026-06-21 18:23:21.557 +0300
444,10.2909/70fbb9d1-b61b-4bdc-973b-fec4d8835ccd,https://bio.discomap.eea.europa.eu/arcgis/services/EUNIS/Mosaic_Grassland/ImageServer/WMSServer?request=GetCapabilities&service=WMS,,,"{""id"": ""7064"", ""bbox"": null, ""name"": ""NULL"", ""title"": ""WMS"", ""crs3857"": null, ""crs4326"": null, ""abstract"": ""WMS"", ""keywords"": [], ""layer_name"": null, ""description"": ""NULL"", ""service_type"": ""wms"", ""metadata_urls"": []}",spatial-extractor,2026-06-21 18:20:24.988 +0300
445,10.2909/5b3e4da9-4c14-498c-b20e-bc514470eab5,https://bio.discomap.eea.europa.eu/arcgis/services/EUNIS/Mosaic_Saltmarshes/ImageServer/WMSServer?request=GetCapabilities&service=WMS,,,"{""id"": ""7070"", ""bbox"": null, ""name"": ""NULL"", ""title"": ""WMS"", ""crs3857"": null, ""crs4326"": null, ""abstract"": ""WMS"", ""keywords"": [], ""layer_name"": null, ""description"": ""NULL"", ""service_type"": ""wms"", ""metadata_urls"": []}",spatial-extractor,2026-06-21 18:20:26.655 +0300
446,10.2909/156377d3-14ee-42f9-855e-71d8c710d441,https://bio.discomap.eea.europa.eu/arcgis/services/EUNIS/Mosaic_Heathlands/ImageServer/WMSServer?request=GetCapabilities&service=WMS,,,"{""id"": ""7076"", ""bbox"": null, ""name"": ""NULL"", ""title"": ""WMS"", ""crs3857"": null, ""crs4326"": null, ""abstract"": ""WMS"", ""keywords"": [], ""layer_name"": null, ""description"": ""NULL"", ""service_type"": ""wms"", ""metadata_urls"": []}",spatial-extractor,2026-06-21 18:20:28.249 +0300
447,10.2909/f97c9bdc-3bdc-45e9-8f28-e687702096d7,https://bio.discomap.eea.europa.eu/arcgis/services/EUNIS/Mosaic_Coastal/ImageServer/WMSServer?request=GetCapabilities&service=WMS,,,"{""id"": ""7083"", ""bbox"": null, ""name"": ""NULL"", ""title"": ""WMS"", ""crs3857"": null, ""crs4326"": null, ""abstract"": ""WMS"", ""keywords"": [], ""layer_name"": null, ""description"": ""NULL"", ""service_type"": ""wms"", ""metadata_urls"": []}",spatial-extractor,2026-06-21 18:20:30.129 +0300
448,"copernicus_r_utm-wgs84_20_m_hrsi-rlie_p_2016-now_v01_r00,DAT-244-en",https://cryo.land.copernicus.eu/wms/RLIE?service=WMS&request=GetCapabilities&version=1.3.0,,,"{""error"": null}",spatial-extractor,2026-06-21 18:20:31.863 +0300
450,10.2909/4e92b07d-48b0-4a53-9db2-fd8d07070cc1,https://image.discomap.eea.europa.eu/arcgis/services/GioLandPublic/HRL_SmallWoodyFeatures_2015_005m/ImageServer/WMSServer?request=GetCapabilities&service=WMS,,,"{""id"": ""6975"", ""bbox"": null, ""name"": ""0"", ""title"": null, ""crs3857"": false, ""crs4326"": false, ""abstract"": null, ""keywords"": [], ""layer_name"": null, ""description"": ""HRL_SmallWoodyFeatures_2015_005m"", ""service_type"": ""wms"", ""metadata_urls"": []}",spatial-extractor,2026-06-21 18:20:34.297 +0300
451,eea_r_3035_1_km_clc-forest-cover-gain-eu_p_2006-2012_v01_r00,https://forest.discomap.eea.europa.eu/arcgis/services/Forest_Ch_CLC/Forest_cover_gain_CLC_06_12/MapServer/WMSServer?request=GetCapabilities&service=WMS,,,"{""id"": ""6991"", ""bbox"": null, ""name"": ""NULL"", ""title"": ""WMS"", ""crs3857"": null, ""crs4326"": null, ""abstract"": ""WMS"", ""keywords"": [], ""layer_name"": null, ""description"": ""NULL"", ""service_type"": ""wms"", ""metadata_urls"": []}",spatial-extractor,2026-06-21 18:20:35.964 +0300
452,"eea_r_3035_100_m_hnv-farm-2000-acc_p_2000_v01_r00,DAT-145-en",https://land.discomap.eea.europa.eu/arcgis/services/Land/HNV_2000ac/MapServer/WMSServer?request=GetCapabilities&service=WMS,,,"{""id"": ""7000"", ""bbox"": [-56.505142, 24.284177, 72.906137, 72.66441, ""CRS:84""], ""name"": ""0"", ""title"": ""HNV farmland 2000 accounting layer (100m) - Likelihood of HNV 2000 farmland presence"", ""crs3857"": true, ""crs4326"": true, ""abstract"": null, ""keywords"": [], ""layer_name"": ""0"", ""description"": ""HNV farmland 2000 accounting layer (100m) - Likelihood of HNV 2000 farmland presence"", ""service_type"": ""wms"", ""metadata_urls"": []}",spatial-extractor,2026-06-21 18:20:36.725 +0300
453,eea_r_3035_1_km_clc-forest-cover-gain-eu_p_2012-2018_v01_r00,https://forest.discomap.eea.europa.eu/arcgis/services/Forest_Ch_CLC/Forest_cover_gain_CLC_12_18/MapServer/WMSServer?request=GetCapabilities&service=WMS,,,"{""id"": ""7003"", ""bbox"": null, ""name"": ""NULL"", ""title"": ""WMS"", ""crs3857"": null, ""crs4326"": null, ""abstract"": ""WMS"", ""keywords"": [], ""layer_name"": null, ""description"": ""NULL"", ""service_type"": ""wms"", ""metadata_urls"": []}",spatial-extractor,2026-06-21 18:20:37.807 +0300
454,arls_031:m10914-cc-i11786,https://serviziogc.regione.fvg.it/geoserver/ERSA/wfs?request=GetCapabilities&service=wfs&version=1.0.0,,,"{""id"": ""37138"", ""bbox"": null, ""name"": ""NULL"", ""title"": null, ""schema"": null, ""crs3857"": false, ""crs4326"": false, ""abstract"": null, ""keywords"": [], ""layer_name"": null, ""description"": ""NULL"", ""service_type"": ""wfs"", ""metadata_urls"": []}",spatial-extractor,2026-06-21 18:20:38.581 +0300
455,eea_r_3035_1_km_clc-forest-cover-loss-eu_p_2000-2018_v01_r00,https://forest.discomap.eea.europa.eu/arcgis/services/Forest_Ch_CLC/Forest_cover_loss_CLC_00_18/MapServer/WMSServer?request=GetCapabilities&service=WMS,,,"{""id"": ""7007"", ""bbox"": null, ""name"": ""NULL"", ""title"": ""WMS"", ""crs3857"": null, ""crs4326"": null, ""abstract"": ""WMS"", ""keywords"": [], ""layer_name"": null, ""description"": ""NULL"", ""service_type"": ""wms"", ""metadata_urls"": []}",spatial-extractor,2026-06-21 18:20:40.196 +0300
456,"eea_r_3035_100_m_hnv-farm-2012-acc_p_2012_v01_r00,DAT-145-en",https://land.discomap.eea.europa.eu/arcgis/services/Land/WMS_HNV_2012ac/MapServer/WMSServer?request=GetCapabilities&service=WMS,,,"{""id"": ""7012"", ""bbox"": [-56.505142, 24.284177, 72.906137, 72.66441, ""CRS:84""], ""name"": ""0"", ""title"": ""HNV farmland 2012 accounting layer (100m) - Likelihood of HNV 2012 farmland presence"", ""crs3857"": true, ""crs4326"": true, ""abstract"": null, ""keywords"": [], ""layer_name"": ""0"", ""description"": ""HNV farmland 2012 accounting layer (100m) - Likelihood of HNV 2012 farmland presence"", ""service_type"": ""wms"", ""metadata_urls"": []}",spatial-extractor,2026-06-21 18:20:43.348 +0300
457,"eea_r_3035_100_m_clc-2006-acc_p_2005-2007_v02_r00,DAT-214-en,DAT-37-en",https://land.discomap.eea.europa.eu/arcgis/services/Land/CLC_accounting_layer_2006/ImageServer/WMSServer?request=GetCapabilities&service=WMS,,,"{""id"": ""7094"", ""bbox"": null, ""name"": ""0"", ""title"": null, ""crs3857"": false, ""crs4326"": false, ""abstract"": null, ""keywords"": [], ""layer_name"": null, ""description"": ""CLC_accounting_layer_2006"", ""service_type"": ""wms"", ""metadata_urls"": []}",spatial-extractor,2026-06-21 18:20:47.573 +0300
458,"eea_r_3035_100_m_clc-2012-acc_p_2011-2013_v02_r00,DAT-214-en",https://land.discomap.eea.europa.eu/arcgis/services/Land/CLC_accounting_layer_2012/ImageServer/WMSServer?request=GetCapabilities&service=WMS,,,"{""id"": ""7096"", ""bbox"": null, ""name"": ""0"", ""title"": null, ""crs3857"": false, ""crs4326"": false, ""abstract"": null, ""keywords"": [], ""layer_name"": null, ""description"": ""CLC_accounting_layer_2012"", ""service_type"": ""wms"", ""metadata_urls"": []}",spatial-extractor,2026-06-21 18:20:48.575 +0300
459,copernicus_v_3035_10_m_rz-2012-lclu_p_2011-2013_v02_r00,https://image.discomap.eea.europa.eu/arcgis/services/RiparianZones/LCLU/MapServer/WMSServer?service=WMS&request=GetCapabilities&version=1.3.0,,,"{""id"": ""7102"", ""bbox"": null, ""name"": ""NULL"", ""title"": ""RiperianZones_LCLU_2012"", ""crs3857"": null, ""crs4326"": null, ""abstract"": ""Land Cover/ Land Use of Riparian Zones"", ""keywords"": [], ""layer_name"": null, ""description"": ""Riparian Zones 2012 LCLU"", ""service_type"": ""wms"", ""metadata_urls"": []}",spatial-extractor,2026-06-21 18:20:49.946 +0300
460,"eea_r_3035_100_m_clc-2000-acc_p_1999-2001_v02_r00,DAT-214-en",https://land.discomap.eea.europa.eu/arcgis/services/Land/CLC_accounting_layer_2000/ImageServer/WMSServer?request=GetCapabilities&service=WMS,,,"{""id"": ""7106"", ""bbox"": null, ""name"": ""0"", ""title"": null, ""crs3857"": false, ""crs4326"": false, ""abstract"": null, ""keywords"": [], ""layer_name"": null, ""description"": ""CLC_accounting_layer_2000"", ""service_type"": ""wms"", ""metadata_urls"": []}",spatial-extractor,2026-06-21 18:20:50.699 +0300
461,10.2909/debc1869-a4a2-4611-ae95-daeefce23490,https://image.discomap.eea.europa.eu/arcgis/services/UrbanAtlas/UA_UrbanAtlas_2012/MapServer/WMSServer?request=GetCapabilities&service=WMS,,,"{""id"": ""7111"", ""bbox"": null, ""name"": ""UrbanAtlas_2012"", ""title"": null, ""crs3857"": false, ""crs4326"": false, ""abstract"": null, ""keywords"": [], ""layer_name"": null, ""description"": ""NULL"", ""service_type"": ""wms"", ""metadata_urls"": []}",spatial-extractor,2026-06-21 18:20:51.553 +0300
462,10.2909/d9aeb892-04d5-42c0-b24a-29b58831316f,https://copernicus.discomap.eea.europa.eu/arcgis/services/RiparianZones/RZ_Change/MapServer/WMSServer?request=GetCapabilities&service=WMS,,,"{""id"": ""7130"", ""bbox"": null, ""name"": ""https://copernicus.discomap.eea.europa.eu/arcgis/services/RiparianZones/RZ_Change/MapServer/WMSServer?request=GetCapabilities&service=WMS"", ""title"": null, ""crs3857"": false, ""crs4326"": false, ""abstract"": null, ""keywords"": [], ""layer_name"": null, ""description"": ""NULL"", ""service_type"": ""wms"", ""metadata_urls"": []}",spatial-extractor,2026-06-21 18:20:52.285 +0300
463,10.2909/6aeb0dea-9d8c-42bd-a357-cd859f148929,https://copernicus.discomap.eea.europa.eu/arcgis/services/RiparianZones/RZ_2012/MapServer/WMSServer?request=GetCapabilities&service=WMS,,,"{""id"": ""7134"", ""bbox"": null, ""name"": ""Riparian Zones 2012 LCLU"", ""title"": null, ""crs3857"": false, ""crs4326"": false, ""abstract"": null, ""keywords"": [], ""layer_name"": null, ""description"": ""NULL"", ""service_type"": ""wms"", ""metadata_urls"": []}",spatial-extractor,2026-06-21 18:20:53.390 +0300
464,eea_r_3035_100_m_eni-cha-2000-2018_p_2000-2019_v01_r00,https://image.discomap.eea.europa.eu/arcgis/services/ENI_CLC_Pilot/ENI_CHA_Pilot_2000_2018_WM/MapServer/WMSServer?request=GetCapabilities&service=WMS,,,"{""id"": ""7139"", ""bbox"": null, ""name"": ""NULL"", ""title"": ""ENI_CHA_Pilot_2000_2018_WM"", ""crs3857"": null, ""crs4326"": null, ""abstract"": ""Web service for ENI2018 CHA2000-2018 Pilot mapping in web mercator projection (EPSG:3857)"", ""keywords"": [], ""layer_name"": null, ""description"": ""NULL"", ""service_type"": ""wms"", ""metadata_urls"": []}",spatial-extractor,2026-06-21 18:20:54.132 +0300
465,eea_v_3035_100_m_eni-cha-2000-2018_p_2000-2019_v01_r00,https://image.discomap.eea.europa.eu/arcgis/services/ENI_CLC_Pilot/ENI_CHA_Pilot_2000_2018_WM/MapServer/WMSServer?request=GetCapabilities&service=WMS,,,"{""id"": ""7149"", ""bbox"": null, ""name"": ""NULL"", ""title"": ""ENI_CHA_Pilot_2000_2018_WM"", ""crs3857"": null, ""crs4326"": null, ""abstract"": ""Web service for ENI2018 CHA2000-2018 Pilot mapping in web mercator projection (EPSG:3857)"", ""keywords"": [], ""layer_name"": null, ""description"": ""NULL"", ""service_type"": ""wms"", ""metadata_urls"": []}",spatial-extractor,2026-06-21 18:21:03.266 +0300
466,eea_r_3035_100_m_eni-clc-2018_p_2017-2019_v01_r00,https://image.discomap.eea.europa.eu/arcgis/services/ENI_CLC_Pilot/ENI_CLC_Pilot_2018_WM/MapServer/WMSServer?request=GetCapabilities&service=WMS,,,"{""id"": ""7154"", ""bbox"": null, ""name"": ""WMS Web Map Service"", ""title"": null, ""crs3857"": false, ""crs4326"": false, ""abstract"": null, ""keywords"": [], ""layer_name"": null, ""description"": ""NULL"", ""service_type"": ""wms"", ""metadata_urls"": []}",spatial-extractor,2026-06-21 18:21:07.097 +0300
467,eea_v_3035_100_m_eni-clc-2000_p_2000-2005_v01_r00,https://image.discomap.eea.europa.eu/arcgis/services/ENI_CLC_Pilot/ENI_CLC_Pilot_2000_WM/MapServer/WMSServer?request=GetCapabilities&service=WMS,,,"{""id"": ""7159"", ""bbox"": null, ""name"": ""WMS Web Map Service"", ""title"": null, ""crs3857"": false, ""crs4326"": false, ""abstract"": null, ""keywords"": [], ""layer_name"": null, ""description"": ""NULL"", ""service_type"": ""wms"", ""metadata_urls"": []}",spatial-extractor,2026-06-21 18:21:11.755 +0300
468,eea_r_3035_100_m_eni-clc-2000_p_2000-2005_v01_r00,https://image.discomap.eea.europa.eu/arcgis/services/ENI_CLC_Pilot/ENI_CLC_Pilot_2000_WM/MapServer/WMSServer?request=GetCapabilities&service=WMS,,,"{""id"": ""7168"", ""bbox"": null, ""name"": ""WMS Web Map Service"", ""title"": null, ""crs3857"": false, ""crs4326"": false, ""abstract"": null, ""keywords"": [], ""layer_name"": null, ""description"": ""NULL"", ""service_type"": ""wms"", ""metadata_urls"": []}",spatial-extractor,2026-06-21 18:21:18.898 +0300
469,https://www.dov.vlaanderen.be/geonetwork/srv/metadata/a1547a01-b9fc-40fa-a2eb-009a39c02c7b,https://www.dov.vlaanderen.be/geoserver/bodemkaart/wfs?,,,"{""error"": null}",spatial-extractor,2026-06-21 18:21:20.005 +0300
470,https://www.dov.vlaanderen.be/geonetwork/srv/metadata/a1547a01-b9fc-40fa-a2eb-009a39c02c7b,https://www.dov.vlaanderen.be/geoserver/bodemkaart/wms?SERVICE=WMS&version=1.3.0&request=GetCapabilities,,,"{""id"": ""7196"", ""bbox"": [2.5285590909401936, 50.67393051415159, 5.935371601406674, 51.50548166406281, ""CRS:84""], ""name"": ""bodemtypes"", ""title"": ""Digitale bodemkaart van het Vlaams Gewest: bodemtypes"", ""crs3857"": true, ""crs4326"": true, ""abstract"": ""https://www.dov.vlaanderen.be/page/bodemkaarten\r\nDigitale vectoriële dataset van de analoge Bodemkaart van België voor het grondgebied van Vlaanderen.\r\nAlle kaartelementen van de analoge kaarten (gepubliceerd op kaartschaal 1: 20 000) zijn zorgvuldig manueel gedigitaliseerd en voorzien van een code, overeenkomstig het gebruikte classificatiesysteem: morfogenetisch voor binnen-Vlaanderen (substraat, textuurklasse, drainageklasse, profielontwikkelingsgroep, fase en variante) en geomorfologisch voor de Kuststreek (substraat, serie, subserie, type, subtype en variante).\r\nDe digitale versie van de bodemkaart is vrijwel systematisch gecontroleerd t.o.v. de analoge bodemkaarten. De polygonen werden ingekleurd zoals op de analoge bodemkaart. Waar beschikbaar zijn voor elk bodemtype de algemene kenmerken  (Van Ranst E. en Sys C., 2000) en foto's van een representatief bodemprofiel en representatieve omgevingen weergegeven. Tenslotte bestaat voor elke polygoon de mogelijkheid om de scan van het analoge bodemkaartblad, het toelichtingsboekje en de basiskaarten op schaal 1:5000 op te roepen.\r\nDeze dataset is omwille van de visualisatie onderverdeeld in 5 kaartlagen bij publicatie in de bodemverkenner: bodemtypes, substraten, fasen, varianten van het moedermateriaal en de profielontwikkeling. De kaartlaag met de bodemtypes bevat ook al de attributen van de andere kaartlagen. De bodemkaart werd in juni 2017 geupdate met enkele militaire domeinen en een unibodemtype voor de classficatie van de zeepolders en verschillende fouten werden verbeterd."", ""keywords"": [""Bodem"", ""ondergrond"", ""bodemkaart"", ""bodemtextuur"", ""bodemprofiel"", ""Regionaal"", ""Herbruikbaar"", ""Kosteloos"", ""Vlaamse Open data"", ""Toegevoegd GDI-Vl"", ""Metadata GDI-Vl-conform"", ""Metadata INSPIRE-conform"", ""DOV"", ""Vlaanderen"", ""Ondergrond"", ""Databank Ondergrond Vlaanderen"", ""Departement Omgeving"", ""VARIANTE VAN HET MOEDERMATERIAAL"", ""VARIANTE VAN DE PROFIELONTWIKKELING"", ""LANDBOUWSTREEK"", ""GEOMORFOLOGISCHE"", ""MORFOGENETISCH"", ""KUSTSTREEK"", ""BODEMTYPE"", ""DOV_PATHNAME@001#DOV:010#Bodem:020#Bodemkaarten:020#Bodemkaart (1/20.000):010#"", ""DOV_EXPERTISE@Bodem"", ""DOV_EXPERTISE@Delfstoffen"", ""DOV_EXPERTISE@Freatisch grondwater"", ""DOV_EXPERTISE@CTE"", ""DOV_EXPERTISE@Bodemverontreiniging""], ""layer_name"": ""bodemtypes"", ""description"": ""WMS-capabilities Digitale bodemkaart van het Vlaams Gewest: bodemtypes"", ""service_type"": ""wms"", ""metadata_urls"": [""https://www.dov.vlaanderen.be/geonetwork#/metadata/a1547a01-b9fc-40fa-a2eb-009a39c02c7b"", ""https://www.dov.vlaanderen.be/geonetwork/srv/dut/csw?Service=CSW&Request=GetRecordById&Version=2.0.2&outputSchema=http://www.isotc211.org/2005/gmd&elementSetName=full&id=a1547a01-b9fc-40fa-a2eb-009a39c02c7b""]}",spatial-extractor,2026-06-21 18:21:26.271 +0300
471,https://www.dov.vlaanderen.be/geonetwork/srv/metadata/a1547a01-b9fc-40fa-a2eb-009a39c02c7b,https://www.dov.vlaanderen.be/geoserver/bodemkaart/wms?SERVICE=WMS&version=1.3.0&request=GetMap,,,"{""id"": ""7198"", ""bbox"": [2.5285590909401936, 50.67393051415159, 5.935371601406674, 51.50548166406281, ""CRS:84""], ""name"": ""bodemtypes"", ""title"": ""Digitale bodemkaart van het Vlaams Gewest: bodemtypes"", ""crs3857"": true, ""crs4326"": true, ""abstract"": ""https://www.dov.vlaanderen.be/page/bodemkaarten\r\nDigitale vectoriële dataset van de analoge Bodemkaart van België voor het grondgebied van Vlaanderen.\r\nAlle kaartelementen van de analoge kaarten (gepubliceerd op kaartschaal 1: 20 000) zijn zorgvuldig manueel gedigitaliseerd en voorzien van een code, overeenkomstig het gebruikte classificatiesysteem: morfogenetisch voor binnen-Vlaanderen (substraat, textuurklasse, drainageklasse, profielontwikkelingsgroep, fase en variante) en geomorfologisch voor de Kuststreek (substraat, serie, subserie, type, subtype en variante).\r\nDe digitale versie van de bodemkaart is vrijwel systematisch gecontroleerd t.o.v. de analoge bodemkaarten. De polygonen werden ingekleurd zoals op de analoge bodemkaart. Waar beschikbaar zijn voor elk bodemtype de algemene kenmerken  (Van Ranst E. en Sys C., 2000) en foto's van een representatief bodemprofiel en representatieve omgevingen weergegeven. Tenslotte bestaat voor elke polygoon de mogelijkheid om de scan van het analoge bodemkaartblad, het toelichtingsboekje en de basiskaarten op schaal 1:5000 op te roepen.\r\nDeze dataset is omwille van de visualisatie onderverdeeld in 5 kaartlagen bij publicatie in de bodemverkenner: bodemtypes, substraten, fasen, varianten van het moedermateriaal en de profielontwikkeling. De kaartlaag met de bodemtypes bevat ook al de attributen van de andere kaartlagen. De bodemkaart werd in juni 2017 geupdate met enkele militaire domeinen en een unibodemtype voor de classficatie van de zeepolders en verschillende fouten werden verbeterd."", ""keywords"": [""Bodem"", ""ondergrond"", ""bodemkaart"", ""bodemtextuur"", ""bodemprofiel"", ""Regionaal"", ""Herbruikbaar"", ""Kosteloos"", ""Vlaamse Open data"", ""Toegevoegd GDI-Vl"", ""Metadata GDI-Vl-conform"", ""Metadata INSPIRE-conform"", ""DOV"", ""Vlaanderen"", ""Ondergrond"", ""Databank Ondergrond Vlaanderen"", ""Departement Omgeving"", ""VARIANTE VAN HET MOEDERMATERIAAL"", ""VARIANTE VAN DE PROFIELONTWIKKELING"", ""LANDBOUWSTREEK"", ""GEOMORFOLOGISCHE"", ""MORFOGENETISCH"", ""KUSTSTREEK"", ""BODEMTYPE"", ""DOV_PATHNAME@001#DOV:010#Bodem:020#Bodemkaarten:020#Bodemkaart (1/20.000):010#"", ""DOV_EXPERTISE@Bodem"", ""DOV_EXPERTISE@Delfstoffen"", ""DOV_EXPERTISE@Freatisch grondwater"", ""DOV_EXPERTISE@CTE"", ""DOV_EXPERTISE@Bodemverontreiniging""], ""layer_name"": ""bodemtypes"", ""description"": ""WMS-map Digitale bodemkaart van het Vlaams Gewest: bodemtypes"", ""service_type"": ""wms"", ""metadata_urls"": [""https://www.dov.vlaanderen.be/geonetwork#/metadata/a1547a01-b9fc-40fa-a2eb-009a39c02c7b"", ""https://www.dov.vlaanderen.be/geonetwork/srv/dut/csw?Service=CSW&Request=GetRecordById&Version=2.0.2&outputSchema=http://www.isotc211.org/2005/gmd&elementSetName=full&id=a1547a01-b9fc-40fa-a2eb-009a39c02c7b""]}",spatial-extractor,2026-06-21 18:21:27.469 +0300
472,https://www.dov.vlaanderen.be/geonetwork/srv/metadata/a1547a01-b9fc-40fa-a2eb-009a39c02c7b,https://www.dov.vlaanderen.be/geoserver/bodemkaart/wms?,,,"{""id"": ""7199"", ""bbox"": [2.5285590909401936, 50.67393051415159, 5.935371601406674, 51.50548166406281, ""CRS:84""], ""name"": ""bodemtypes"", ""title"": ""Digitale bodemkaart van het Vlaams Gewest: bodemtypes"", ""crs3857"": true, ""crs4326"": true, ""abstract"": ""https://www.dov.vlaanderen.be/page/bodemkaarten\r\nDigitale vectoriële dataset van de analoge Bodemkaart van België voor het grondgebied van Vlaanderen.\r\nAlle kaartelementen van de analoge kaarten (gepubliceerd op kaartschaal 1: 20 000) zijn zorgvuldig manueel gedigitaliseerd en voorzien van een code, overeenkomstig het gebruikte classificatiesysteem: morfogenetisch voor binnen-Vlaanderen (substraat, textuurklasse, drainageklasse, profielontwikkelingsgroep, fase en variante) en geomorfologisch voor de Kuststreek (substraat, serie, subserie, type, subtype en variante).\r\nDe digitale versie van de bodemkaart is vrijwel systematisch gecontroleerd t.o.v. de analoge bodemkaarten. De polygonen werden ingekleurd zoals op de analoge bodemkaart. Waar beschikbaar zijn voor elk bodemtype de algemene kenmerken  (Van Ranst E. en Sys C., 2000) en foto's van een representatief bodemprofiel en representatieve omgevingen weergegeven. Tenslotte bestaat voor elke polygoon de mogelijkheid om de scan van het analoge bodemkaartblad, het toelichtingsboekje en de basiskaarten op schaal 1:5000 op te roepen.\r\nDeze dataset is omwille van de visualisatie onderverdeeld in 5 kaartlagen bij publicatie in de bodemverkenner: bodemtypes, substraten, fasen, varianten van het moedermateriaal en de profielontwikkeling. De kaartlaag met de bodemtypes bevat ook al de attributen van de andere kaartlagen. De bodemkaart werd in juni 2017 geupdate met enkele militaire domeinen en een unibodemtype voor de classficatie van de zeepolders en verschillende fouten werden verbeterd."", ""keywords"": [""Bodem"", ""ondergrond"", ""bodemkaart"", ""bodemtextuur"", ""bodemprofiel"", ""Regionaal"", ""Herbruikbaar"", ""Kosteloos"", ""Vlaamse Open data"", ""Toegevoegd GDI-Vl"", ""Metadata GDI-Vl-conform"", ""Metadata INSPIRE-conform"", ""DOV"", ""Vlaanderen"", ""Ondergrond"", ""Databank Ondergrond Vlaanderen"", ""Departement Omgeving"", ""VARIANTE VAN HET MOEDERMATERIAAL"", ""VARIANTE VAN DE PROFIELONTWIKKELING"", ""LANDBOUWSTREEK"", ""GEOMORFOLOGISCHE"", ""MORFOGENETISCH"", ""KUSTSTREEK"", ""BODEMTYPE"", ""DOV_PATHNAME@001#DOV:010#Bodem:020#Bodemkaarten:020#Bodemkaart (1/20.000):010#"", ""DOV_EXPERTISE@Bodem"", ""DOV_EXPERTISE@Delfstoffen"", ""DOV_EXPERTISE@Freatisch grondwater"", ""DOV_EXPERTISE@CTE"", ""DOV_EXPERTISE@Bodemverontreiniging""], ""layer_name"": ""bodemtypes"", ""description"": ""WMS-endpoint Digitale bodemkaart van het Vlaams Gewest: bodemtypes"", ""service_type"": ""wms"", ""metadata_urls"": [""https://www.dov.vlaanderen.be/geonetwork#/metadata/a1547a01-b9fc-40fa-a2eb-009a39c02c7b"", ""https://www.dov.vlaanderen.be/geonetwork/srv/dut/csw?Service=CSW&Request=GetRecordById&Version=2.0.2&outputSchema=http://www.isotc211.org/2005/gmd&elementSetName=full&id=a1547a01-b9fc-40fa-a2eb-009a39c02c7b""]}",spatial-extractor,2026-06-21 18:21:28.284 +0300
473,https://www.dov.vlaanderen.be/geonetwork/srv/metadata/a1547a01-b9fc-40fa-a2eb-009a39c02c7b,https://www.dov.vlaanderen.be/geoserver/bodemkaart/wfs?SERVICE=WFS&version=2.0.0&request=GetFeature&count=1&typeName=bodemtypes,,,"{""id"": ""7201"", ""bbox"": null, ""name"": ""bodemtypes"", ""title"": null, ""schema"": null, ""crs3857"": false, ""crs4326"": false, ""abstract"": null, ""keywords"": [], ""layer_name"": null, ""description"": ""WFS-feature Digitale bodemkaart van het Vlaams Gewest: bodemtypes"", ""service_type"": ""wfs"", ""metadata_urls"": []}",spatial-extractor,2026-06-21 18:21:28.830 +0300
474,65b1d51a-5af4-47fe-bf46-419bf643a5a9,https://data.apps.fao.org/map/gsrv/gsrv1/solaw/wms,,,"{""id"": ""7313"", ""bbox"": [-180.0, -89.90000199999994, 179.9695316115654, 83.59992859999997, ""CRS:84""], ""name"": ""aei_sal_38014"", ""title"": ""aei_sal_38014"", ""crs3857"": true, ""crs4326"": true, ""abstract"": null, ""keywords"": [""aei_sal_38014"", ""WCS"", ""GeoTIFF""], ""layer_name"": ""aei_sal_38014"", ""description"": ""Proportion of land salinized due to irrigation"", ""service_type"": ""wms"", ""metadata_urls"": []}",spatial-extractor,2026-06-21 18:21:30.477 +0300
510,dce89881-104b-444e-8374-8c1486ef54a7,https://data.apps.fao.org/map/gsrv/edit/nga_hih_mcda/wms,,,"{""id"": ""7745"", ""bbox"": [2.67, 4.277420000000001, 14.67, 13.89742, ""CRS:84""], ""name"": ""nga_cat_pond_extensive"", ""title"": ""nga_cat_pond_extensive"", ""crs3857"": true, ""crs4326"": true, ""abstract"": null, ""keywords"": [""nga_cat_pond_extensive"", ""WCS"", ""GeoTIFF""], ""layer_name"": ""nga_cat_pond_extensive"", ""description"": ""Non-intensive fish farming systems location score: African Catfish and Nile Tilapia (Nigeria)"", ""service_type"": ""wms"", ""metadata_urls"": []}",spatial-extractor,2026-06-21 18:22:29.523 +0300
586,fao-species-map-fpi,http://www.fao.org/fishery/geoserver/species/ows?SERVICE=WMS,,,"{""error"": ""Could not open file with GDAL (unsupported format or inaccessible)""}",spatial-extractor,2026-06-21 18:23:58.630 +0300
695,https://www.dov.vlaanderen.be/geonetwork/srv/metadata/3f507fd9-24c0-40ab-9328-29f0dff571fe,https://www.dov.vlaanderen.be/geoserver/bodem/wms?SERVICE=WMS&version=1.3.0&request=GetCapabilities,,,"{""id"": ""9461"", ""bbox"": [2.5510946173653575, 50.52759259442094, 5.868244646565843, 51.45249900318474, ""CRS:84""], ""name"": ""bodemlocaties"", ""title"": ""Bodemlocaties"", ""crs3857"": true, ""crs4326"": true, ""abstract"": ""Een bodemlocatie is ofwel een profielput of een boring. Een boring is altijd één puntlocatie (x,y,z) en een profielput heeft minimum één en maximum twee puntlocaties (begin- en eindpunt van de profielput). \r\nEen profielput is een uitgegraven put in de bodem waarin profielbeschrijvingen, monsternames of bodemobservaties worden uitgevoerd. Een profielbeschrijving is een waarneming van bodemhorizonten en/of bodemlagen in een uitgegraven profielput. Een bodemhorizont is een visueel te onderscheiden deel van de bodem dat ontstaan is door omzetting van het moedermateriaal door pedogenetische processen of door het afzetten van organisch materiaal. Een bodemhorizont heeft voor de meeste bodemvariabelen homogene morfologische en analytische karakteristieken. Een bodemlaag daarentegen is ontstaan door niet-pedogenetische processen. Aan de hand van een profielput krijg je een beeld van de bodemkundige opbouw.\r\nEen boring is het resultaat van het boren in de ondergrond met verwijdering van bodem door middel van een gereedschap in de vorm van een holle buis. Aan de hand van dit opgeboorde bodemmateriaal worden bodembeschrijvingen, bodemobservaties en monsternames uitgevoerd.\r\nDe bodemlocaties uit de 'Aardewerk-Vlaanderen-2010' databank worden afzonderlijk ontsloten in de datasets 'Bodemprofielen kartering Belgische bodemkaart' en 'Oppervlaktemonsters kartering Belgische bodemkaart'."", ""keywords"": [""Bodem"", ""Bodemgebruik"", ""ondergrond"", ""bodemkaart"", ""bodemtextuur"", ""bodemprofiel"", ""bodemanalyse"", ""bodembiologie"", ""bodemchemie"", ""bodemkunde"", ""bodemkunde"", ""bodemlaag"", ""bodemproces"", ""bodemstructuur"", ""bodemvorming"", ""bodemdaling"", ""bodemdegradatie"", ""bodemerosie"", ""bodemfunctie"", ""bodemgebruik"", ""bodemgesteldheid"", ""bodemkwaliteit"", ""bodemlucht"", ""bodemorganisme"", ""bodemverdichting"", ""bodemverzuring"", ""bodemvocht"", ""bodemvochthuishouding"", ""bodemvruchtbaarheid"", ""doorsijpeling van water in de bodem"", ""Regionaal"", ""Herbruikbaar"", ""Kosteloos"", ""Vlaamse Open data"", ""Toegevoegd GDI-Vl"", ""Metadata GDI-Vl-conform"", ""Metadata INSPIRE-conform"", ""DOV"", ""Vlaanderen"", ""Ondergrond"", ""Databank Ondergrond Vlaanderen"", ""Departement Omgeving"", ""Profielput"", ""Bodemprofielgegevens"", ""DOV_PATHNAME@001#DOV:010#Bodem:010#Bodemdata:020#"", ""DOV_EXPERTISE@Bodem"", ""DOV_EXPERTISE@Delfstoffen""], ""layer_name"": ""bodemlocaties"", ""description"": ""WMS-capabilities Bodemlocaties"", ""service_type"": ""wms"", ""metadata_urls"": [""https://www.dov.vlaanderen.be/geonetwork#/metadata/3f507fd9-24c0-40ab-9328-29f0dff571fe"", ""https://www.dov.vlaanderen.be/geonetwork/srv/dut/csw?Service=CSW&Request=GetRecordById&Version=2.0.2&outputSchema=http://www.isotc211.org/2005/gmd&elementSetName=full&id=3f507fd9-24c0-40ab-9328-29f0dff571fe""]}",spatial-extractor,2026-06-21 18:32:32.247 +0300
475,641D1613-5E4B-43B6-A0CB-723371356E62,https://services.bgr.de/wms/boden/bodenwasserhaushalt/?,,,"{""id"": ""7335"", ""bbox"": null, ""name"": ""0,1,2,3,4,5,6,7,8,9"", ""title"": null, ""crs3857"": false, ""crs4326"": false, ""abstract"": null, ""keywords"": [], ""layer_name"": null, ""description"": ""Die Karte der nutzbaren Feldkapazität im effektiven Wurzelraum in Deutschland gibt einen Überblick über das Vermögen der Böden pflanzenverfügbares Wasser zu speichern. Die Größe des Wasserspeichers des Bodens hängt von der Bodenart, der Lagerungsdichte und dem Humusgehalt ab. Der effektive Wurzelraum wird anhand von Landnutzungs- und Bodendaten bestimmt. Die Karte basiert auf der Auswertung der nutzungsdifferenzierten Bodenübersichtskarte 1:1.000.000 (BUEK1000N) und zeigt die klassifizierte nutzbare Feldkapazität. Die Methode ist in der Bodenkundlichen Kartieranleitung (KA4) und in der Methodendokumentation Bodenkunde der Ad-hoc-AG Boden veröffentlicht. Als Landnutzungsinformation und zur nutzungsabhängigen Differenzierung der Profildaten werden Daten des CORINE Land Cover Projektes (2006) genutzt."", ""service_type"": ""wms"", ""metadata_urls"": []}",spatial-extractor,2026-06-21 18:21:31.116 +0300
476,a172bb32-39fe-4b43-9f00-204958ca7343,https://io.apps.fao.org/geoserver/wms/WAPOR_2/L1_GBWP_A/v2?service=WMS&version=1.3.0&request=GetCapabilities,,,"{""error"": null}",spatial-extractor,2026-06-21 18:21:32.288 +0300
477,a33630e5-11af-4f22-bc53-13d1851af5d5,https://io.apps.fao.org/geoserver/wms/WAPOR_2/L3_KOG_T_D/v2?service=WMS&version=1.3.0&request=GetCapabilities,,,"{""error"": null}",spatial-extractor,2026-06-21 18:21:34.255 +0300
478,87a9657c-855b-4451-8098-4e5c72c8f891,https://io.apps.fao.org/geoserver/wms/WAPOR_2/L3_BUS_GBWP_S/v2?service=WMS&version=1.3.0&request=GetCapabilities,,,"{""error"": null}",spatial-extractor,2026-06-21 18:21:35.066 +0300
479,0cc1760d-89a5-42ae-a61f-4fe5adf60ce6,https://io.apps.fao.org/geoserver/wms/WAPOR_2/L3_LAM_GBWP_S/v2?service=WMS&version=1.3.0&request=GetCapabilities,,,"{""error"": null}",spatial-extractor,2026-06-21 18:21:35.943 +0300
480,70f368f8-db6e-430d-9ae4-fe0acd55fe52,https://www.dov.vlaanderen.be/geoserver/erosie/wfs?,,,"{""error"": null}",spatial-extractor,2026-06-21 18:21:36.747 +0300
481,70f368f8-db6e-430d-9ae4-fe0acd55fe52,https://www.dov.vlaanderen.be/geoserver/erosie/wms?SERVICE=WMS&version=1.3.0&request=GetCapabilities,,,"{""id"": ""7415"", ""bbox"": [2.5174247215832684, 50.66919500010318, 5.942676652264954, 51.50683621451535, ""CRS:84""], ""name"": ""potential_soil_erosion"", ""title"": ""Potential soil erosion aggregated for a grid of 1 km by 1 km in Flanders"", ""crs3857"": true, ""crs4326"": true, ""abstract"": ""The potential soil erosion aggregated for a grid of 1 km shows the average potential erosion (ton/ha) for a specific grid cell. The map is the sum of water and tillage erosion. The map takes into account 4 types of land use: forest, permanent cover, agricultural crops without permanent cover and other land use. The map is based on the soil erosion map aggregated for each agricultural parcel in Flanders (2010).  The original map on parcel level is a product of computer modeling with a spatial resolution of 5 m * 5 m by the \""Physical and Regional Geography Division, Department of Earth and Environmental Sciences, K.U. Leuven\"". The calculation of water erosion is based on the Revised Soil Loss Equation (RUSLE, Renard et al., 1991) using a 2 dimensional approach for calculating the LS factor based on Desmet and Govers (1996).  The water erosion is calculated with a crop factor of 0,001 for forest, a crop factor of 0,01 for permanent cover (excluding forest), a crop factor of 0,37 for other agricultural crops and a crop factor of 0 for other land use. Tillage erosion is calculated according to the WaTEM/SEDEM model based on Van Oost et al. (2000)."", ""keywords"": [""Gebieden met natuurrisico's"", ""ondergrond"", ""bodemerosie"", ""erosie"", ""Regionaal"", ""Herbruikbaar"", ""Kosteloos"", ""Vlaamse Open data"", ""Toegevoegd GDI-Vl"", ""Metadata GDI-Vl-conform"", ""Metadata INSPIRE-conform"", ""Lijst M&R INSPIRE"", ""DOV"", ""Vlaanderen"", ""Ondergrond"", ""Databank Ondergrond Vlaanderen""], ""layer_name"": ""potential_soil_erosion"", ""description"": ""WMS-capabilities Potential soil erosion aggregated for a grid of 1 km by 1 km in Flanders"", ""service_type"": ""wms"", ""metadata_urls"": [""https://www.dov.vlaanderen.be/geonetwork#/metadata/70f368f8-db6e-430d-9ae4-fe0acd55fe52"", ""https://www.dov.vlaanderen.be/geonetwork/srv/dut/csw?Service=CSW&Request=GetRecordById&Version=2.0.2&outputSchema=http://www.isotc211.org/2005/gmd&elementSetName=full&id=70f368f8-db6e-430d-9ae4-fe0acd55fe52""]}",spatial-extractor,2026-06-21 18:21:42.156 +0300
482,70f368f8-db6e-430d-9ae4-fe0acd55fe52,https://www.dov.vlaanderen.be/geoserver/erosie/wms?SERVICE=WMS&version=1.3.0&request=GetMap,,,"{""id"": ""7417"", ""bbox"": [2.5174247215832684, 50.66919500010318, 5.942676652264954, 51.50683621451535, ""CRS:84""], ""name"": ""potential_soil_erosion"", ""title"": ""Potential soil erosion aggregated for a grid of 1 km by 1 km in Flanders"", ""crs3857"": true, ""crs4326"": true, ""abstract"": ""The potential soil erosion aggregated for a grid of 1 km shows the average potential erosion (ton/ha) for a specific grid cell. The map is the sum of water and tillage erosion. The map takes into account 4 types of land use: forest, permanent cover, agricultural crops without permanent cover and other land use. The map is based on the soil erosion map aggregated for each agricultural parcel in Flanders (2010).  The original map on parcel level is a product of computer modeling with a spatial resolution of 5 m * 5 m by the \""Physical and Regional Geography Division, Department of Earth and Environmental Sciences, K.U. Leuven\"". The calculation of water erosion is based on the Revised Soil Loss Equation (RUSLE, Renard et al., 1991) using a 2 dimensional approach for calculating the LS factor based on Desmet and Govers (1996).  The water erosion is calculated with a crop factor of 0,001 for forest, a crop factor of 0,01 for permanent cover (excluding forest), a crop factor of 0,37 for other agricultural crops and a crop factor of 0 for other land use. Tillage erosion is calculated according to the WaTEM/SEDEM model based on Van Oost et al. (2000)."", ""keywords"": [""Gebieden met natuurrisico's"", ""ondergrond"", ""bodemerosie"", ""erosie"", ""Regionaal"", ""Herbruikbaar"", ""Kosteloos"", ""Vlaamse Open data"", ""Toegevoegd GDI-Vl"", ""Metadata GDI-Vl-conform"", ""Metadata INSPIRE-conform"", ""Lijst M&R INSPIRE"", ""DOV"", ""Vlaanderen"", ""Ondergrond"", ""Databank Ondergrond Vlaanderen""], ""layer_name"": ""potential_soil_erosion"", ""description"": ""WMS-map Potential soil erosion aggregated for a grid of 1 km by 1 km in Flanders"", ""service_type"": ""wms"", ""metadata_urls"": [""https://www.dov.vlaanderen.be/geonetwork#/metadata/70f368f8-db6e-430d-9ae4-fe0acd55fe52"", ""https://www.dov.vlaanderen.be/geonetwork/srv/dut/csw?Service=CSW&Request=GetRecordById&Version=2.0.2&outputSchema=http://www.isotc211.org/2005/gmd&elementSetName=full&id=70f368f8-db6e-430d-9ae4-fe0acd55fe52""]}",spatial-extractor,2026-06-21 18:21:43.702 +0300
483,70f368f8-db6e-430d-9ae4-fe0acd55fe52,https://www.dov.vlaanderen.be/geoserver/erosie/wms?,,,"{""id"": ""7418"", ""bbox"": [2.5174247215832684, 50.66919500010318, 5.942676652264954, 51.50683621451535, ""CRS:84""], ""name"": ""potential_soil_erosion"", ""title"": ""Potential soil erosion aggregated for a grid of 1 km by 1 km in Flanders"", ""crs3857"": true, ""crs4326"": true, ""abstract"": ""The potential soil erosion aggregated for a grid of 1 km shows the average potential erosion (ton/ha) for a specific grid cell. The map is the sum of water and tillage erosion. The map takes into account 4 types of land use: forest, permanent cover, agricultural crops without permanent cover and other land use. The map is based on the soil erosion map aggregated for each agricultural parcel in Flanders (2010).  The original map on parcel level is a product of computer modeling with a spatial resolution of 5 m * 5 m by the \""Physical and Regional Geography Division, Department of Earth and Environmental Sciences, K.U. Leuven\"". The calculation of water erosion is based on the Revised Soil Loss Equation (RUSLE, Renard et al., 1991) using a 2 dimensional approach for calculating the LS factor based on Desmet and Govers (1996).  The water erosion is calculated with a crop factor of 0,001 for forest, a crop factor of 0,01 for permanent cover (excluding forest), a crop factor of 0,37 for other agricultural crops and a crop factor of 0 for other land use. Tillage erosion is calculated according to the WaTEM/SEDEM model based on Van Oost et al. (2000)."", ""keywords"": [""Gebieden met natuurrisico's"", ""ondergrond"", ""bodemerosie"", ""erosie"", ""Regionaal"", ""Herbruikbaar"", ""Kosteloos"", ""Vlaamse Open data"", ""Toegevoegd GDI-Vl"", ""Metadata GDI-Vl-conform"", ""Metadata INSPIRE-conform"", ""Lijst M&R INSPIRE"", ""DOV"", ""Vlaanderen"", ""Ondergrond"", ""Databank Ondergrond Vlaanderen""], ""layer_name"": ""potential_soil_erosion"", ""description"": ""WMS-endpoint Potential soil erosion aggregated for a grid of 1 km by 1 km in Flanders"", ""service_type"": ""wms"", ""metadata_urls"": [""https://www.dov.vlaanderen.be/geonetwork#/metadata/70f368f8-db6e-430d-9ae4-fe0acd55fe52"", ""https://www.dov.vlaanderen.be/geonetwork/srv/dut/csw?Service=CSW&Request=GetRecordById&Version=2.0.2&outputSchema=http://www.isotc211.org/2005/gmd&elementSetName=full&id=70f368f8-db6e-430d-9ae4-fe0acd55fe52""]}",spatial-extractor,2026-06-21 18:21:44.284 +0300
484,73421b27-a2c8-4bcd-b40f-1a40776f18e8,https://io.apps.fao.org/geoserver/wms/WATER/MNG1_P_ET/v2?service=WMS&version=1.3.0&request=GetCapabilities,,,"{""error"": null}",spatial-extractor,2026-06-21 18:21:48.611 +0300
485,80e65321-2ec3-4c7a-a933-1e85e7472a19,https://io.apps.fao.org/geoserver/wms/WAPOR_2/L3_ODN_E_A/v2?service=WMS&version=1.3.0&request=GetCapabilities,,,"{""error"": null}",spatial-extractor,2026-06-21 18:21:49.477 +0300
535,1c412e71-c463-40a1-8243-82ae8537e0b6,https://io.apps.fao.org/geoserver/wms/WAPOR_2/L3_AWA_E_D/v2?service=WMS&version=1.3.0&request=GetCapabilities,,,"{""error"": null}",spatial-extractor,2026-06-21 18:22:52.960 +0300
486,https://basisregistratieondergrond.nl/inhoud-bro/registratieobjecten/bodem-grondonderzoek/booronderzoek-bhr/bodemkundig-booronderzoek-bhr/,https://service.pdok.nl/bzk/brobhrpkenset/wms/v1_0?request=GetCapabilities&service=WMS,,,"{""id"": ""7474"", ""bbox"": [250000.0, -25000.0, 725000.0, 280000.0, ""EPSG:4258""], ""name"": ""bhr_kenset"", ""title"": ""BHR kenset"", ""crs3857"": true, ""crs4326"": true, ""abstract"": ""Bodemkundig booronderzoek omvat de gegevens die voortkomen uit een bodemkundig georienteerde boring. In veel gevallen bestaat het bodemkundig booronderzoek uit niet meer dan een boormonsterprofiel. In het meest uitgebreide geval omvat het booronderzoek ook de resultaten van boormonsteronderzoek en boorgatmeetgegevens. Het boormonsterprofiel komt tot stand door de samenstelling van de monsters uit een booronderzoek macroscopisch te beschrijven."", ""keywords"": [""grondonderzoek"", ""bodemonderzoek"", ""booronderzoek"", ""bodemkundig boormonsterprofiel"", ""boormonsterprofiel""], ""layer_name"": ""bhr_kenset"", ""description"": ""NULL"", ""service_type"": ""wms"", ""metadata_urls"": [""https://www.nationaalgeoregister.nl/geonetwork/srv/dut/csw?service=CSW&version=2.0.2&request=GetRecordById&outputschema=http://www.isotc211.org/2005/gmd&elementsetname=full&id=562127a6-0381-46b3-9ed7-10e61ec5ecb5""]}",spatial-extractor,2026-06-21 18:21:50.343 +0300
487,81c4eea5-3041-4d2d-886f-634c7e3dc879,https://io.apps.fao.org/geoserver/wms/WATER/KAZ1_ET/v2?service=WMS&version=1.3.0&request=GetCapabilities,,,"{""error"": null}",spatial-extractor,2026-06-21 18:21:50.959 +0300
488,90e0b4b6-dfab-412a-bb60-5509af41e1c3,https://io.apps.fao.org/geoserver/wms/WATER/K2_ETINCR/v2?service=WMS&version=1.3.0&request=GetCapabilities,,,"{""error"": null}",spatial-extractor,2026-06-21 18:21:51.932 +0300
489,94abbe48-fcaf-48a6-9d9d-f8656e5f9ad1,https://io.apps.fao.org/geoserver/wms/WATER/NILE_ETRAIN/v2?request=GetCapabilities&service=WMS&version=1.1.1,,,"{""error"": null}",spatial-extractor,2026-06-21 18:21:52.762 +0300
490,e2306334-0059-4861-b406-2aa20f9cf64c,https://io.apps.fao.org/geoserver/wms/WATER/K3_ETRAIN/v2?service=WMS&version=1.3.0&request=GetCapabilities,,,"{""error"": null}",spatial-extractor,2026-06-21 18:21:53.542 +0300
491,a2d41f5e-a758-490b-88f0-6b17b3007944,https://io.apps.fao.org/geoserver/wms/WATER/KAZ1_ETINCR/v2?service=WMS&version=1.3.0&request=GetCapabilities,,,"{""error"": null}",spatial-extractor,2026-06-21 18:21:54.424 +0300
492,898cdbc4-b154-4b8a-a05a-59a47c7fd2d9,https://io.apps.fao.org/geoserver/wms/FAOSTAT/DROSE_A/v2?service=WMS&version=1.3.0&request=GetCapabilities,,,"{""error"": null}",spatial-extractor,2026-06-21 18:21:55.233 +0300
493,3f88e0ea-339a-4cb8-8a90-5728113f2eb8,https://io.apps.fao.org/geoserver/wms/WATER/LBN_LIT_ETINCR/v2?request=GetCapabilities&service=WMS&version=1.1.1,,,"{""error"": null}",spatial-extractor,2026-06-21 18:21:56.198 +0300
494,5b10de2d-76d5-40fc-9a09-81411157734d,https://io.apps.fao.org/geoserver/wms/WATER/NIGER_ETRAIN/v2?request=GetCapabilities&service=WMS&version=1.1.1,,,"{""error"": null}",spatial-extractor,2026-06-21 18:21:56.984 +0300
495,83d2a9e2-5ebe-4b15-8786-c3da8041ebb5,https://io.apps.fao.org/geoserver/wms/WATER/K3_ETINCR/v2?service=WMS&version=1.3.0&request=GetCapabilities,,,"{""error"": null}",spatial-extractor,2026-06-21 18:21:57.798 +0300
496,fa16bb04-3fca-4817-95ad-7035068c1d5e,https://io.apps.fao.org/geoserver/wms/WATER/KAZ1_ETRAIN/v2?service=WMS&version=1.3.0&request=GetCapabilities,,,"{""error"": null}",spatial-extractor,2026-06-21 18:21:58.740 +0300
497,Bodenaciditaet,https://gdi.thuenen.de/geoserver/bze1_wald/wms?service=WMS&version=1.3.0&request=GetCapabilities,,,"{""error"": null}",spatial-extractor,2026-06-21 18:21:59.565 +0300
498,90b55df3-335c-45a0-a814-f1074cf9f4af,https://io.apps.fao.org/geoserver/wms/WATER/K4_ETINCR/v2?service=WMS&version=1.3.0&request=GetCapabilities,,,"{""error"": null}",spatial-extractor,2026-06-21 18:22:03.862 +0300
499,Maannostietokanta-1250-000,http://gtkdata.gtk.fi/arcgis/services/Rajapinnat/GTK_Maapera_WFS/MapServer/WFSServer?,,,"{""error"": null}",spatial-extractor,2026-06-21 18:22:04.846 +0300
500,ce1ec978-ce72-4ae9-ade9-51baba2aa4e9,https://io.apps.fao.org/geoserver/wms/WATER/PHL1_ETINCR/v2?service=WMS&version=1.3.0&request=GetCapabilities,,,"{""error"": null}",spatial-extractor,2026-06-21 18:22:05.522 +0300
501,854bff75-b927-4383-a8ad-b245ebb2fa51,https://io.apps.fao.org/geoserver/wms/WATER/KHM_ETINCR/v2?service=WMS&version=1.3.0&request=GetCapabilities,,,"{""error"": null}",spatial-extractor,2026-06-21 18:22:06.308 +0300
502,Potentielle-Verdichtungsempfindlichkeit-der-Böden-in-Deutschland,https://services.bgr.de/wms/boden/ld1000/?SERVICE=WMS&REQUEST=GetCapabilities,,,"{""error"": null}",spatial-extractor,2026-06-21 18:22:08.108 +0300
503,Soil-Geographic-Regions-of-Bulgaria-(1974),http://212.72.204.94:8080/geoserver/wms?service=WMS&version=1.1.0&request=GetCapabilities,,,"{""error"": ""Request timeout""}",spatial-extractor,2026-06-21 18:22:09.790 +0300
504,Soil-Map-for-Northern-Ireland-(WRB-classification),http://www.landis.org.uk/arcgis/services/UKSoilObservatory/WorldReferenceBase_AFBI/MapServer/WmsServer?,,,"{""error"": ""Could not open file with GDAL (unsupported format or inaccessible)""}",spatial-extractor,2026-06-21 18:22:20.782 +0300
505,"Soil-Map-of-Germany-11,000,000-(BÜK1000)",https://services.bgr.de/wms/boden/buek1000/?,,,"{""error"": null}",spatial-extractor,2026-06-21 18:22:21.892 +0300
506,Szemcseméret-frakciók-[%],https://maps.rissac.hu:6443/arcgis/services/dosoremi_web_mercator2/MapServer/WMSServer,,,"{""error"": ""Could not open file with GDAL (unsupported format or inaccessible)""}",spatial-extractor,2026-06-21 18:22:24.931 +0300
507,f3a257ac-0d5d-480a-80b7-70054d6680f2,https://data.apps.fao.org/map/gsrv/gsrv1/gsoc/wms?service=WMS&version=1.3.0&request=GetCapabilities,,,"{""id"": ""7698"", ""bbox"": null, ""name"": ""gsoc:T_CLAY"", ""title"": null, ""crs3857"": false, ""crs4326"": false, ""abstract"": null, ""keywords"": [], ""layer_name"": null, ""description"": ""Topsoil Clay Fraction"", ""service_type"": ""wms"", ""metadata_urls"": []}",spatial-extractor,2026-06-21 18:22:26.071 +0300
508,f6a8ee75-a8fd-489d-b7f4-023eb11846ff,https://data.apps.fao.org/map/gsrv/edit/nga_hih_mcda/wms,,,"{""id"": ""7728"", ""bbox"": [2.66853, 4.27301, 14.67882, 13.89442, ""CRS:84""], ""name"": ""nga_hdx_pond_state_avg"", ""title"": ""NGA_HDX_Pond_state_AVG"", ""crs3857"": true, ""crs4326"": true, ""abstract"": null, ""keywords"": [""features"", ""nga_hdx_pond_state_avg""], ""layer_name"": ""nga_hdx_pond_state_avg"", ""description"": ""Map service for Non-intensive fish farming systems location score state average: African Catfish and Nile Tilapia (Nigeria)"", ""service_type"": ""wms"", ""metadata_urls"": []}",spatial-extractor,2026-06-21 18:22:27.855 +0300
509,e493bcde-03ba-41d9-9b6c-a89f42d24978,https://data.apps.fao.org/map/gsrv/edit/nga_hih_mcda/wms,,,"{""id"": ""7735"", ""bbox"": [2.669248439525745, 4.273292967349192, 14.677341494010022, 13.896015028223573, ""CRS:84""], ""name"": ""nga_cat_pond_const_poverty_abov_avg"", ""title"": ""nga_cat_pond_const_poverty_abov_avg"", ""crs3857"": true, ""crs4326"": true, ""abstract"": null, ""keywords"": [""nga_cat_pond_const_poverty_abov_avg"", ""WCS"", ""GeoTIFF""], ""layer_name"": ""nga_cat_pond_const_poverty_abov_avg"", ""description"": ""Non-intensive fish farming systems location score - poverty: African Catfish and Nile Tilapia (Nigeria)"", ""service_type"": ""wms"", ""metadata_urls"": []}",spatial-extractor,2026-06-21 18:22:28.634 +0300
536,c0595177-30d8-4353-9a2d-71c45165c564,https://io.apps.fao.org/geoserver/wms/WAPOR_2/L2_E_D/v2?service=WMS&version=1.3.0&request=GetCapabilities,,,"{""error"": null}",spatial-extractor,2026-06-21 18:22:53.849 +0300
511,304f1b81-61ab-4ede-b367-75b8ebfc069e,https://data.apps.fao.org/map/gsrv/gsrv1/geonetwork/wms,,,"{""id"": ""7753"", ""bbox"": [-180.0, -90.0, 180.00000000288003, 90.00000000144001, ""CRS:84""], ""name"": ""glc_shv10_09_47948"", ""title"": ""glc_shv10_09_47948"", ""crs3857"": true, ""crs4326"": true, ""abstract"": null, ""keywords"": [""glc_shv10_09_47948"", ""WCS"", ""GeoTIFF""], ""layer_name"": ""glc_shv10_09_47948"", ""description"": ""GLC-Share - Bare soil"", ""service_type"": ""wms"", ""metadata_urls"": []}",spatial-extractor,2026-06-21 18:22:30.191 +0300
512,f7ccd330-bdce-11db-a0f6-000d939bc5d8,https://data.apps.fao.org/map/gsrv/gsrv1/geonetwork/wms?styles=geonetwork_dom_soil_30587_style,,,"{""id"": ""7764"", ""bbox"": null, ""name"": ""geonetwork:dom_soil_30587"", ""title"": null, ""crs3857"": false, ""crs4326"": false, ""abstract"": null, ""keywords"": [], ""layer_name"": null, ""description"": ""Dominant Soils"", ""service_type"": ""wms"", ""metadata_urls"": []}",spatial-extractor,2026-06-21 18:22:31.512 +0300
513,0bb7237a-6740-4ea3-b2a1-e26b1647e4e0,https://io.apps.fao.org/geoserver/wms/GAEZ_V4/LR_AEZ_V9V2RED/v2?service=WMS&version=1.3.0&request=GetCapabilities,,,"{""error"": null}",spatial-extractor,2026-06-21 18:22:32.769 +0300
514,fao-fsa-map-27.3.d.26,http://www.fao.org/fishery/geoserver/fsa/ows?SERVICE=WMS,,,"{""error"": null}",spatial-extractor,2026-06-21 18:22:34.565 +0300
515,fd5a512c-f2a9-41f8-87bd-34fbf3f68652,https://data.apps.fao.org/map/gsrv/gsrv1/water_accounting/wms,,,"{""id"": ""7800"", ""bbox"": [35.22867061645999, 33.099702395680005, 36.40029760051199, 34.050099221016005, ""CRS:84""], ""name"": ""topsoil_litani"", ""title"": ""topsoil_litani"", ""crs3857"": true, ""crs4326"": true, ""abstract"": null, ""keywords"": [""topsoil_litani"", ""WCS"", ""GeoTIFF""], ""layer_name"": ""topsoil_litani"", ""description"": ""Saturated Soil Water Content (Litani River Basin, Lebanon - 100m)"", ""service_type"": ""wms"", ""metadata_urls"": []}",spatial-extractor,2026-06-21 18:22:35.307 +0300
516,a67844ea-49e4-414d-8767-6eb9121a7ff5,https://io.apps.fao.org/geoserver/wms/WAPOR_2/L3_AWA_E_A/v2?service=WMS&version=1.3.0&request=GetCapabilities,,,"{""error"": null}",spatial-extractor,2026-06-21 18:22:35.885 +0300
517,c852d812-1203-49cc-8a00-717334f85f4f,https://io.apps.fao.org/geoserver/wms/WAPOR_2/L3_BUS_NPP_M/v2?service=WMS&version=1.3.0&request=GetCapabilities,,,"{""error"": null}",spatial-extractor,2026-06-21 18:22:36.670 +0300
518,c18b5b90-88fd-11da-a88f-000d939bc5d8,https://data.apps.fao.org/map/gsrv/gsrv1/geonetwork/wms?styles=geonetwork_slope_3831_style,,,"{""id"": ""7842"", ""bbox"": null, ""name"": ""geonetwork:slope_3831"", ""title"": null, ""crs3857"": false, ""crs4326"": false, ""abstract"": null, ""keywords"": [], ""layer_name"": null, ""description"": ""Slope"", ""service_type"": ""wms"", ""metadata_urls"": []}",spatial-extractor,2026-06-21 18:22:37.589 +0300
519,cbde7035-5050-4b60-9544-d55fd6d3c077,https://io.apps.fao.org/geoserver/wms/WAPOR_2/L3_BKA_NPP_M/v2?service=WMS&version=1.3.0&request=GetCapabilities,,,"{""error"": null}",spatial-extractor,2026-06-21 18:22:38.555 +0300
520,18329470-472d-11db-88e0-000d939bc5d8,https://data.apps.fao.org/map/gsrv/gsrv1/geonetwork/wms?styles=geonetwork_cnt_bnd_vect_14039_style,,,"{""id"": ""7931"", ""bbox"": null, ""name"": ""geonetwork:cnt_bnd_vect_14039"", ""title"": null, ""crs3857"": false, ""crs4326"": false, ""abstract"": null, ""keywords"": [], ""layer_name"": null, ""description"": ""Coastal and country boundaries of the world"", ""service_type"": ""wms"", ""metadata_urls"": []}",spatial-extractor,2026-06-21 18:22:39.512 +0300
521,b3fd7c77-10ca-4ad2-9ad3-11b2727ef8f6,https://io.apps.fao.org/geoserver/wms/WATER/KHM_ETRAIN/v2?service=WMS&version=1.3.0&request=GetCapabilities,,,"{""error"": null}",spatial-extractor,2026-06-21 18:22:40.514 +0300
522,a7db8443-31b3-41b9-8cbc-c84a24f9d68a,https://io.apps.fao.org/geoserver/wms/WAPOR_2/L3_AWA_NPP_M/v2?service=WMS&version=1.3.0&request=GetCapabilities,,,"{""error"": null}",spatial-extractor,2026-06-21 18:22:41.621 +0300
523,a894a1e4-f9a3-4799-83f5-b7e341a50478,https://io.apps.fao.org/geoserver/wms/WATER/JOR_ETRAIN/v2?request=GetCapabilities&service=WMS&version=1.1.1,,,"{""error"": null}",spatial-extractor,2026-06-21 18:22:42.444 +0300
524,ba4fb7d3-2d3f-462a-b137-2426065fa2ba,https://io.apps.fao.org/geoserver/wms/WAPOR_2/L3_KOG_NPP_M/v2?service=WMS&version=1.3.0&request=GetCapabilities,,,"{""error"": null}",spatial-extractor,2026-06-21 18:22:43.231 +0300
525,ba8a7330-88fd-11da-a88f-000d939bc5d8,https://data.apps.fao.org/map/gsrv/gsrv1/geonetwork/wms?styles=geonetwork_sub_mld_3848_style,,,"{""id"": ""7979"", ""bbox"": null, ""name"": ""geonetwork:sub_mld_3848"", ""title"": null, ""crs3857"": false, ""crs4326"": false, ""abstract"": null, ""keywords"": [], ""layer_name"": null, ""description"": ""Suitability for small scale fish farming"", ""service_type"": ""wms"", ""metadata_urls"": []}",spatial-extractor,2026-06-21 18:22:44.108 +0300
526,https://data.apps.fao.org/map/catalog/c3916b80-ec82-4576-87ab-63d608e75c1d,https://io.apps.fao.org/geoserver/wms/FROM_GLC/CTM/v2?request=GetCapabilities&service=WMS&version=1.3.0,,,"{""error"": null}",spatial-extractor,2026-06-21 18:22:45.081 +0300
527,16f95ad0-51e6-11db-88e0-000d939bc5d8,https://data.apps.fao.org/map/gsrv/gsrv1/geonetwork/wms?styles=geonetwork_water_997_14046_style,,,"{""id"": ""7996"", ""bbox"": null, ""name"": ""geonetwork:water_997_14046"", ""title"": null, ""crs3857"": false, ""crs4326"": false, ""abstract"": null, ""keywords"": [], ""layer_name"": null, ""description"": ""Inland water bodies (FGGD)"", ""service_type"": ""wms"", ""metadata_urls"": []}",spatial-extractor,2026-06-21 18:22:46.019 +0300
528,33597973-66f1-46a8-84e7-81310ba96566,https://io.apps.fao.org/geoserver/wms/WAPOR_2/L3_GEZ_NPP_M/v2?service=WMS&version=1.3.0&request=GetCapabilities,,,"{""error"": null}",spatial-extractor,2026-06-21 18:22:46.937 +0300
529,907a6deb-01e9-4460-8862-c9e4adedd3f4,https://io.apps.fao.org/geoserver/wms/WAPOR_2/L3_ZAN_NPP_M/v2?service=WMS&version=1.3.0&request=GetCapabilities,,,"{""error"": null}",spatial-extractor,2026-06-21 18:22:47.931 +0300
530,c26de669-90f9-43a1-ae4d-6b1b9660f5e0,https://data.apps.fao.org/map/gsrv/gsrv1/aquamaps/wms,,,"{""id"": ""8047"", ""bbox"": [-180.0, -90.0, 180.00072, 90.00036, ""CRS:84""], ""name"": ""etoyr_7416"", ""title"": ""etoyr_7416"", ""crs3857"": true, ""crs4326"": true, ""abstract"": null, ""keywords"": [""etoyr_7416"", ""WCS"", ""GeoTIFF""], ""layer_name"": ""etoyr_7416"", ""description"": ""example of GlobWat input: reference ET"", ""service_type"": ""wms"", ""metadata_urls"": []}",spatial-extractor,2026-06-21 18:22:48.730 +0300
531,9a6bf4a7-1de3-477f-9eb1-80988b0f4353,https://io.apps.fao.org/geoserver/wms/WAPOR_2/L3_YAN_NPP_M/v2?service=WMS&version=1.3.0&request=GetCapabilities,,,"{""error"": null}",spatial-extractor,2026-06-21 18:22:49.330 +0300
532,75cf32b8-52ab-4d60-94fe-89366d7c246e,https://io.apps.fao.org/geoserver/wms/WAPOR_2/L3_BKA_NPP_D/v2?service=WMS&version=1.3.0&request=GetCapabilities,,,"{""error"": null}",spatial-extractor,2026-06-21 18:22:50.220 +0300
533,c2254b9f-f99b-4a0e-ade3-4191102680bc,https://io.apps.fao.org/geoserver/wms/WAPOR_2/L1_NPP_M/v2?service=WMS&version=1.3.0&request=GetCapabilities,,,"{""error"": null}",spatial-extractor,2026-06-21 18:22:51.012 +0300
534,c136fa00-88fd-11da-a88f-000d939bc5d8,https://data.apps.fao.org/map/gsrv/gsrv1/geonetwork/wms?styles=geonetwork_afr_mcli_6_style,,,"{""id"": ""8080"", ""bbox"": null, ""name"": ""geonetwork:afr_mcli_6"", ""title"": null, ""crs3857"": false, ""crs4326"": false, ""abstract"": null, ""keywords"": [], ""layer_name"": null, ""description"": ""Major Climates of Africa"", ""service_type"": ""wms"", ""metadata_urls"": []}",spatial-extractor,2026-06-21 18:22:51.990 +0300
541,m_amte:299FN3:3291bd68-7059-4c5a-8074-f33989c46e7d,http://wms.pcn.minambiente.it/ogc?map=/ms_ogc/WMS_v1.3/Vettoriali/Carta_ecopedologica.map&service=wms&request=getCapabilities&version=1.3.0,,,"{""id"": ""8120"", ""bbox"": [6.0, 34.5, 19.0, 49.0, ""EPSG:4326""], ""name"": ""NULL"", ""title"": ""Carta ecopedologica - Generale"", ""crs3857"": true, ""crs4326"": true, ""abstract"": ""Il progetto ''Carta ecopedologica'' nasce dalla volontà  del MATTM che nell'ambito del progetto 'Carta della Natura', ha inserito tra le componenti ambientali studiate anche quella pedologica. A tal fine il Joint Research Centre - Commissione Europea è stata incaricato dal MATTM della realizzazione della ''Carta ecopedologica d'Italia''. Obiettivi del progetto sono stati: caratterizzazione dei suoli ai fini delle caratteristiche idrologiche e dei rischi di erosione; relazioni suolo-vegetazione; aspetti conservazionistici. Risoluzione 1:250.000.. Il layer è visibile a scale inferiori a 1:500.000."", ""keywords"": [""Suolo"", "" Pedosfera"", "" Processi del suolo"", "" Carta Ecopedologica""], ""layer_name"": ""GE.CARTAECOPEDOLOGICA.GENERALE"", ""description"": ""NULL"", ""service_type"": ""wms"", ""metadata_urls"": [""http://www.pcn.minambiente.it/geoportal/csw?SERVICE=CSW&VERSION=2.0.2&REQUEST=GetRecordById&outputSchema=http%3A%2F%2Fwww.isotc211.org%2F2005%2Fgmd&elementSetName=full&ID=m_amte:299FN3:3291bd68-7059-4c5a-8074-f33989c46e7d""]}",spatial-extractor,2026-06-21 18:22:58.095 +0300
542,5b7904f3-e9f4-4ac3-b088-bf9b8b1b9a41,https://io.apps.fao.org/geoserver/wms/WAPOR_2/L2_NPP_M/v2?service=WMS&version=1.3.0&request=GetCapabilities,,,"{""error"": null}",spatial-extractor,2026-06-21 18:22:58.715 +0300
543,m_amte:299FN3:bd587278-b36b-4c88-ded1-cdff9039267c,http://wms.pcn.minambiente.it/ogc?map=/ms_ogc/WMS_v1.3/Vettoriali/Accelerazioni_Confronto_ERS_ENVISAT_Ascending.map&service=wms&request=getCapabilities&version=1.3.0,,,"{""id"": ""8125"", ""bbox"": [6.0, 34.5, 19.0, 49.0, ""EPSG:4326""], ""name"": ""NULL"", ""title"": ""Indice di variazione delle velocita' medie (mm/anno)"", ""crs3857"": true, ""crs4326"": true, ""abstract"": ""Le mappe di accelerazioni derivate sono state elaborate a partire da dati satellitari SAR ERS (periodo elaborato va dal 1992 al 2000)  ed ENVISAT (periodo elaborato va dal 2003 al 2008). La tabella associata contiene le seguenti informazioni: ers_cluste, identificativo del cluster ERS; ers_count, numero di punti dell'elaborazione ERS che ricadono nell'area; ers_vel, velocità; media dei punti ERS; ers_stdev, deviazione standard delle velocità; dei punti ERS; env_cluste, identificativo del cluster ENVISAT; env_count, numero di punti dell'elaborazione ENVISAT che ricadono nell'area; env_vel, velocità; media dei punti ENVISAT; env_stdev, deviazione standard delle velocità; dei punti ENVISAT; indice_var, indice di variazione; lineage, frame ERS ed ENVISAT da cui sono stati presi i dati."", ""keywords"": [""Zone a rischio naturale"", "" Rischio naturale"", "" ERS"", "" ENVISAT"", "" Confronto accelerazioni""], ""layer_name"": ""PI.CONFRONTOERSENVISAT.ASCENDING"", ""description"": ""NULL"", ""service_type"": ""wms"", ""metadata_urls"": [""http://www.pcn.minambiente.it/geoportal/csw?SERVICE=CSW&VERSION=2.0.2&REQUEST=GetRecordById&outputSchema=http%3A%2F%2Fwww.isotc211.org%2F2005%2Fgmd&elementSetName=full&ID=m_amte:299FN3:bd587278-b36b-4c88-ded1-cdff9039267c""]}",spatial-extractor,2026-06-21 18:22:59.511 +0300
544,ddf0082a-6ffa-448c-b649-50ccf22f23eb,https://io.apps.fao.org/geoserver/wms/WAPOR_2/L3_MUV_NPP_M/v2?service=WMS&version=1.3.0&request=GetCapabilities,,,"{""error"": null}",spatial-extractor,2026-06-21 18:22:59.974 +0300
545,maaamet_muld,https://teenus.maaamet.ee/ows/mullakaart?service=wms&version=1.3.0&request=GetCapabilities,,,"{""id"": ""8130"", ""bbox"": null, ""name"": ""Mullakaardi WMS teenuse getCapabilities"", ""title"": null, ""crs3857"": false, ""crs4326"": false, ""abstract"": null, ""keywords"": [], ""layer_name"": null, ""description"": ""NULL"", ""service_type"": ""wms"", ""metadata_urls"": []}",spatial-extractor,2026-06-21 18:23:00.786 +0300
546,maaamet_muld,https://inspire.geoportaal.ee/geoserver/SO_pinnas/wms?service=WMS&version=1.3.0&request=GetCapabilities,,,"{""id"": ""8133"", ""bbox"": null, ""name"": ""WMS teenuse getCapabilities"", ""title"": null, ""crs3857"": false, ""crs4326"": false, ""abstract"": null, ""keywords"": [], ""layer_name"": null, ""description"": ""NULL"", ""service_type"": ""wms"", ""metadata_urls"": []}",spatial-extractor,2026-06-21 18:23:01.617 +0300
547,c871591d-a554-4af3-909c-c530b1470481,https://io.apps.fao.org/geoserver/wms/WATER/K4_SRO/v2?service=WMS&version=1.3.0&request=GetCapabilities,,,"{""error"": null}",spatial-extractor,2026-06-21 18:23:03.281 +0300
548,fd7a7582-6c38-4d76-9259-ed07ea7bb087,https://io.apps.fao.org/geoserver/wms/WAPOR_2/L3_LAK_NPP_D/v2?service=WMS&version=1.3.0&request=GetCapabilities,,,"{""error"": null}",spatial-extractor,2026-06-21 18:23:04.151 +0300
549,967871d0-ec44-4d35-91a1-75ef9abe07ef,https://io.apps.fao.org/geoserver/wms/WAPOR_2/L3_BKA_E_D/v2?service=WMS&version=1.3.0&request=GetCapabilities,,,"{""error"": null}",spatial-extractor,2026-06-21 18:23:06.189 +0300
550,ca5d8180-88fd-11da-a88f-000d939bc5d8,https://data.apps.fao.org/map/gsrv/gsrv1/geonetwork/wms?styles=geonetwork_com_mld_3847_style,,,"{""id"": ""8147"", ""bbox"": null, ""name"": ""geonetwork:com_mld_3847"", ""title"": null, ""crs3857"": false, ""crs4326"": false, ""abstract"": null, ""keywords"": [], ""layer_name"": null, ""description"": ""Suitability for commercial fish farming"", ""service_type"": ""wms"", ""metadata_urls"": []}",spatial-extractor,2026-06-21 18:23:07.254 +0300
552,1bc7755d-bef2-4170-a71b-50513b1ace1a,https://io.apps.fao.org/geoserver/wms/WAPOR_2/L3_MAL_E_D/v2?service=WMS&version=1.3.0&request=GetCapabilities,,,"{""error"": null}",spatial-extractor,2026-06-21 18:23:09.112 +0300
553,b49c00ac-2ffe-45bb-a033-398e65f32f0f,https://io.apps.fao.org/geoserver/wms/WAPOR_2/L3_LAK_NPP_M/v2?service=WMS&version=1.3.0&request=GetCapabilities,,,"{""error"": null}",spatial-extractor,2026-06-21 18:23:10.229 +0300
554,afd8c730-2c94-4bb9-8b6d-62b1b1688e92,https://io.apps.fao.org/geoserver/wms/WAPOR_2/L3_SED_E_D/v2?service=WMS&version=1.3.0&request=GetCapabilities,,,"{""error"": null}",spatial-extractor,2026-06-21 18:23:11.156 +0300
555,c17d0d8a-a318-458f-8164-21a003e93599,https://io.apps.fao.org/geoserver/wms/WAPOR_2/L3_SED_NPP_M/v2?service=WMS&version=1.3.0&request=GetCapabilities,,,"{""error"": null}",spatial-extractor,2026-06-21 18:23:11.978 +0300
556,3626e162-fac0-46c6-b223-05288eea7e91,https://io.apps.fao.org/geoserver/wms/WAPOR_2/L3_MAL_NPP_D/v2?service=WMS&version=1.3.0&request=GetCapabilities,,,"{""error"": null}",spatial-extractor,2026-06-21 18:23:12.771 +0300
557,e535a1a6-5699-4c0a-9ec9-c3c18779b7b6,https://io.apps.fao.org/geoserver/wms/WAPOR_2/L3_LAM_E_D/v2?service=WMS&version=1.3.0&request=GetCapabilities,,,"{""error"": null}",spatial-extractor,2026-06-21 18:23:13.721 +0300
558,e0b9483d-22ec-4c42-a71d-ef6637732d73,https://io.apps.fao.org/geoserver/wms/WAPOR_2/L3_GEZ_E_D/v2?service=WMS&version=1.3.0&request=GetCapabilities,,,"{""error"": null}",spatial-extractor,2026-06-21 18:23:14.584 +0300
559,6e93e744-d64a-4053-ac16-be191d37e067,https://io.apps.fao.org/geoserver/wms/WAPOR_2/L3_AWA_NPP_D/v2?service=WMS&version=1.3.0&request=GetCapabilities,,,"{""error"": null}",spatial-extractor,2026-06-21 18:23:15.494 +0300
560,301d4b47-01ca-4d46-9644-3888b532f246,https://io.apps.fao.org/geoserver/wms/WAPOR_2/L3_YAN_E_D/v2?service=WMS&version=1.3.0&request=GetCapabilities,,,"{""error"": null}",spatial-extractor,2026-06-21 18:23:17.824 +0300
564,d60d8925-06fd-455d-b5fe-62ad78766e0a,https://services.bgr.de/wms/boden/lkwe1000/?,,,"{""id"": ""8283"", ""bbox"": [5.432722, 46.981071, 15.655428, 55.067148, ""EPSG:4326""], ""name"": ""0"", ""title"": ""LKWE1000_250 Version 1.0"", ""crs3857"": true, ""crs4326"": true, ""abstract"": ""Die Karte der Luftkapazität im effektiven Wurzelraum in Deutschland gibt einen Überblick über die Größe des Luftspeichers der Böden. Unter Luftkapazität wird der Porenraum verstanden, der bei Feldkapazität mit Luft gefüllt ist. Damit stellt sie ein Maß für die Versorgung der Wurzeln mit Sauerstoff dar. Die Größe des Luftspeichers im Boden hängt von der Bodenart, der Lagerungsdichte und dem Humusgehalt ab. Der effektive Wurzelraum wird anhand von Landnutzungs- und Bodendaten bestimmt. Die Karte basiert auf der Auswertung der nutzungsdifferenzierten Bodenübersichtskarte 1:1.000.000 (BUEK1000N) und zeigt die klassifizierte Luftkapazität in Volumen-%. Die Methode ist in der Bodenkundlichen Kartieranleitung (KA4) und in der Methodendokumentation Bodenkunde der Ad-hoc-AG Boden veröffentlicht. Als Landnutzungsinformation und zur nutzungsabhängigen Differenzierung der Profildaten werden Daten des CORINE Land Cover Projektes (2006) herangezogen."", ""keywords"": [], ""layer_name"": ""0"", ""description"": ""Die Karte der Luftkapazität im effektiven Wurzelraum in Deutschland gibt einen Überblick über die Größe des Luftspeichers der Böden. Unter Luftkapazität wird der Porenraum verstanden, der bei Feldkapazität mit Luft gefüllt ist. Damit stellt sie ein Maß für die Versorgung der Wurzeln mit Sauerstoff dar. Die Größe des Luftspeichers im Boden hängt von der Bodenart, der Lagerungsdichte und dem Humusgehalt ab. Der effektive Wurzelraum wird anhand von Landnutzungs- und Bodendaten bestimmt. Die Karte basiert auf der Auswertung der nutzungsdifferenzierten Bodenübersichtskarte 1:1.000.000 (BUEK1000N) und zeigt die klassifizierte Luftkapazität in Volumen-%. Die Methode ist in der Bodenkundlichen Kartieranleitung (KA4) und in der Methodendokumentation Bodenkunde der Ad-hoc-AG Boden veröffentlicht. Als Landnutzungsinformation und zur nutzungsabhängigen Differenzierung der Profildaten werden Daten des CORINE Land Cover Projektes (2006) herangezogen."", ""service_type"": ""wms"", ""metadata_urls"": [""https://geoportal.bgr.de/smartfindersdi-csw/api?request=GetRecordById&service=CSW&version=2.0.2&outputSchema=http://www.isotc211.org/2005/gmd&elementSetName=full&id=d60d8925-06fd-455d-b5fe-62ad78766e0a""]}",spatial-extractor,2026-06-21 18:23:24.525 +0300
565,e936958b-15bb-4b7b-96f8-4902215b42e7,https://io.apps.fao.org/geoserver/wms/WAPOR_2/L3_ZAN_NPP_D/v2?service=WMS&version=1.3.0&request=GetCapabilities,,,"{""error"": null}",spatial-extractor,2026-06-21 18:23:25.718 +0300
566,r_friuve:m3969-cc-i1471,https://serviziogc.regione.fvg.it/geoserver/CAR_GEO/wfs?request=GetCapabilities&service=wfs&version=2.0.0,,,"{""id"": ""8292"", ""bbox"": null, ""name"": ""NULL"", ""title"": null, ""schema"": null, ""crs3857"": false, ""crs4326"": false, ""abstract"": null, ""keywords"": [], ""layer_name"": null, ""description"": ""NULL"", ""service_type"": ""wfs"", ""metadata_urls"": []}",spatial-extractor,2026-06-21 18:23:26.518 +0300
567,r_friuve:m3969-cc-i1471,https://serviziogc.regione.fvg.it/geoserver/CAR_GEO/wms?request=GetCapabilities&service=wms&version=1.3.0,,,"{""id"": ""8293"", ""bbox"": null, ""name"": ""NULL"", ""title"": ""GeoServer Web Map Service IRDAT FVG"", ""crs3857"": null, ""crs4326"": null, ""abstract"": ""Service for pubblication of the geographic informations of the region Friuli Venezia Giulia using the WFS OpenGIS standard."", ""keywords"": [], ""layer_name"": null, ""description"": ""NULL"", ""service_type"": ""wms"", ""metadata_urls"": []}",spatial-extractor,2026-06-21 18:23:27.415 +0300
568,4a89e634-6ed3-431a-97f1-49d8c536d0af,https://io.apps.fao.org/geoserver/wms/WAPOR_2/L3_MAL_NPP_M/v2?service=WMS&version=1.3.0&request=GetCapabilities,,,"{""error"": null}",spatial-extractor,2026-06-21 18:23:28.268 +0300
569,676a04c9-2c30-428d-8450-5ad29a15e7b6,https://io.apps.fao.org/geoserver/wms/WAPOR_2/L3_LAM_NPP_D/v2?service=WMS&version=1.3.0&request=GetCapabilities,,,"{""error"": null}",spatial-extractor,2026-06-21 18:23:29.670 +0300
570,d734d6df-2343-49bd-b11b-01873c25b21c,https://io.apps.fao.org/geoserver/wms/WATER/PHL1_P_ET/v2?service=WMS&version=1.3.0&request=GetCapabilities,,,"{""error"": null}",spatial-extractor,2026-06-21 18:23:31.990 +0300
571,r_liguri:D.2262,https://geoservizi.regione.liguria.it/geoserver/M2262/wms?version=1.3.0&request=getcapabilities,,,"{""id"": ""8307"", ""bbox"": null, ""name"": ""NULL"", ""title"": ""Comuni suscettibili a liquefazione ai sensi della D.G.R. XXX"", ""crs3857"": null, ""crs4326"": null, ""abstract"": ""Comuni suscettibili a liquefazione dei suoli sulla base dei dati di pericolosità sismica di base (ag = accelerazione sismica, m = magnitudo), propedeutica all'applicazione delle Linee Guida Nazionali per la gestione del territorio interessato da liquefazione."", ""keywords"": [], ""layer_name"": null, ""description"": ""NULL"", ""service_type"": ""wms"", ""metadata_urls"": []}",spatial-extractor,2026-06-21 18:23:32.878 +0300
572,5cdaa162-d1c8-45ad-9506-112142219cfd,https://io.apps.fao.org/geoserver/wms/WAPOR_2/L2_NPP_D/v2?service=WMS&version=1.3.0&request=GetCapabilities,,,"{""error"": null}",spatial-extractor,2026-06-21 18:23:34.858 +0300
573,63f54f38-8ee9-43e6-9936-a47bcb8fee35,https://io.apps.fao.org/geoserver/wms/WAPOR_2/L3_MUV_E_D/v2?service=WMS&version=1.3.0&request=GetCapabilities,,,"{""error"": null}",spatial-extractor,2026-06-21 18:23:35.675 +0300
574,6ca3ab2c-d890-47a8-bbd6-f9e3db33b531,https://io.apps.fao.org/geoserver/wms/WAPOR_2/L3_ODN_E_D/v2?service=WMS&version=1.3.0&request=GetCapabilities,,,"{""error"": null}",spatial-extractor,2026-06-21 18:23:36.617 +0300
575,c8996444-6d68-4f93-b2ae-be88d11cba2b,https://io.apps.fao.org/geoserver/wms/WAPOR_2/L3_YAN_NPP_D/v2?service=WMS&version=1.3.0&request=GetCapabilities,,,"{""error"": null}",spatial-extractor,2026-06-21 18:23:37.465 +0300
576,e639682b-236b-4703-9268-14dce80eacc4,https://io.apps.fao.org/geoserver/wms/WAPOR_2/L3_MUV_NPP_D/v2?service=WMS&version=1.3.0&request=GetCapabilities,,,"{""error"": null}",spatial-extractor,2026-06-21 18:23:38.332 +0300
577,r_lombar:75d66de5-dee6-494a-8c4e-51aa095f4ea4,https://www.cartografia.servizirl.it/arcgis1/services/territorio/valanghe/MapServer/WMSServer?,,,"{""id"": ""8355"", ""bbox"": null, ""name"": ""NULL"", ""title"": ""CLPV - WMS"", ""crs3857"": null, ""crs4326"": null, ""abstract"": ""WMS"", ""keywords"": [], ""layer_name"": null, ""description"": ""NULL"", ""service_type"": ""wms"", ""metadata_urls"": []}",spatial-extractor,2026-06-21 18:23:39.153 +0300
578,e8c78225-68f3-425b-b9cb-a5b6cfe4fb66,https://io.apps.fao.org/geoserver/wms/WATER/MNG1_ET/v2?service=WMS&version=1.3.0&request=GetCapabilities,,,"{""error"": null}",spatial-extractor,2026-06-21 18:23:47.166 +0300
579,deb2cc4b-b2d5-4a82-bb9d-fb8a4c837e06,https://io.apps.fao.org/geoserver/wms/WAPOR_2/L3_MUV_E_A/v2?service=WMS&version=1.3.0&request=GetCapabilities,,,"{""error"": null}",spatial-extractor,2026-06-21 18:23:47.951 +0300
581,541d36ab-cd77-4e6d-bb7a-61b761acda02,https://io.apps.fao.org/geoserver/wms/WATER/K2_E/v2?service=WMS&version=1.3.0&request=GetCapabilities,,,"{""error"": null}",spatial-extractor,2026-06-21 18:23:49.960 +0300
582,r_piemon:39192f81-1dfd-4792-b0bb-7c19b3889637,https://geomap.reteunitaria.piemonte.it/ws/agrigeo/rp-01/carboniowms/wms_carbonio_organico?service=wms&request=getcapabilities&version=1.3.0,,,"{""id"": ""8426"", ""bbox"": [290748.0, 4861380.0, 536649.0, 5165170.0, ""EPSG:32632""], ""name"": ""Cpeso"", ""title"": ""Carbonio organico in peso"", ""crs3857"": true, ""crs4326"": true, ""abstract"": ""Carbonio organico in peso"", ""keywords"": [], ""layer_name"": ""Cpeso"", ""description"": ""NULL"", ""service_type"": ""wms"", ""metadata_urls"": [""https://www.geoportale.piemonte.it/geonetwork/srv/ita/csw?request=GetRecordById&service=CSW&version=2.0.2&id=r_piemon:17309a4c-172b-4774-af26-38ee12d2147d&elementSetName=full&outputSchema=http://www.isotc211.org/2005/gmd""]}",spatial-extractor,2026-06-21 18:23:52.508 +0300
583,e4a43ce0-1294-498c-bbfd-42999d3aeb13,https://io.apps.fao.org/geoserver/wms/WATER/K2_TF/v2?service=WMS&version=1.3.0&request=GetCapabilities,,,"{""error"": null}",spatial-extractor,2026-06-21 18:23:53.403 +0300
584,cfed122c-3d1f-4735-8ad8-5433d8b046ba,https://io.apps.fao.org/geoserver/wms/WATER/K4_ET/v2?service=WMS&version=1.3.0&request=GetCapabilities,,,"{""error"": null}",spatial-extractor,2026-06-21 18:23:54.349 +0300
585,fao-species-map-mrc,http://www.fao.org/fishery/geoserver/species/ows?SERVICE=WMS,,,"{""error"": ""Could not open file with GDAL (unsupported format or inaccessible)""}",spatial-extractor,2026-06-21 18:23:56.208 +0300
587,a8646a85-3f35-40b2-bc0f-db6f0008d364,https://data.apps.fao.org/map/gsrv/gsrv1/gsoc/wms?service=WMS&version=1.3.0&request=GetCapabilities,,,"{""id"": ""8522"", ""bbox"": null, ""name"": ""gsoc:sq3"", ""title"": null, ""crs3857"": false, ""crs4326"": false, ""abstract"": null, ""keywords"": [], ""layer_name"": null, ""description"": ""Soil Quality: Rooting Conditions (HWSD)"", ""service_type"": ""wms"", ""metadata_urls"": []}",spatial-extractor,2026-06-21 18:23:59.078 +0300
588,63ee4619-6a99-45e7-8078-eb1fd29ecf38,https://data.apps.fao.org/map/gsrv/gsrv1/gsoc/wms?service=WMS&version=1.3.0&request=GetCapabilities,,,"{""id"": ""8530"", ""bbox"": null, ""name"": ""gsoc:REF_DEPTH"", ""title"": null, ""crs3857"": false, ""crs4326"": false, ""abstract"": null, ""keywords"": [], ""layer_name"": null, ""description"": ""Soil Reference Depth"", ""service_type"": ""wms"", ""metadata_urls"": []}",spatial-extractor,2026-06-21 18:23:59.765 +0300
589,6B346278-D020-48BE-9617-CE8BA1513308,https://wms.inspire.geoportail.lu/geoserver/so/wms?SERVICE=WMS&service=WMS&version=1.3.0&request=GetCapabilities,,,"{""error"": ""Could not open file with GDAL (unsupported format or inaccessible)""}",spatial-extractor,2026-06-21 18:24:00.520 +0300
590,3607167d-926d-47d8-b466-3bda654e7834,https://data.apps.fao.org/map/gsrv/gsrv1/gsoc/wms?service=WMS&version=1.3.0&request=GetCapabilities,,,"{""id"": ""8574"", ""bbox"": null, ""name"": ""gsoc:T_OC"", ""title"": null, ""crs3857"": false, ""crs4326"": false, ""abstract"": null, ""keywords"": [], ""layer_name"": null, ""description"": ""Topsoil Organic Carbon"", ""service_type"": ""wms"", ""metadata_urls"": []}",spatial-extractor,2026-06-21 18:24:31.279 +0300
591,c7f13600-4f5d-44e9-9672-c976d9f55ea3,https://io.apps.fao.org/geoserver/wms/WATER/KAZ1_I/v2?service=WMS&version=1.3.0&request=GetCapabilities,,,"{""error"": null}",spatial-extractor,2026-06-21 18:24:32.014 +0300
592,fao-fsa-map-57.5,http://www.fao.org/fishery/geoserver/fsa/ows?SERVICE=WMS,,,"{""error"": null}",spatial-extractor,2026-06-21 18:24:32.813 +0300
593,Augsnes-laukumi-,https://dpps.viss.gov.lv/DPPS.REQ/URN_IVIS_100001_ISS-ZM-Zemes_novertejums_WMS_geop-v1-0/guest/URN_IVIS_100273_LIC-DC3672A84F866340AD11ED9D1AFFEC6C?request=GetCapabilities&service=WMS,,,"{""error"": ""Request timeout""}",spatial-extractor,2026-06-21 18:24:33.694 +0300
594,684aa31b-375b-45e1-837f-334af42fc0e5,https://data.apps.fao.org/map/gsrv/gsrv1/adb/wms,,,"{""id"": ""8607"", ""bbox"": [74.208718566, 14.980356484, 76.126219483, 16.350355834, ""CRS:84""], ""name"": ""k4_smsat_hihydrosoils"", ""title"": ""k4_smsat_hihydrosoils"", ""crs3857"": true, ""crs4326"": true, ""abstract"": null, ""keywords"": [""k4_smsat_hihydrosoils"", ""WCS"", ""GeoTIFF""], ""layer_name"": ""k4_smsat_hihydrosoils"", ""description"": ""Saturated Soil Water Content (K4)"", ""service_type"": ""wms"", ""metadata_urls"": []}",spatial-extractor,2026-06-21 18:24:43.780 +0300
595,b1f7eac6-baed-4227-bedc-28bc67086299,https://inspire.lfrz.gv.at/000604/wms?version=1.3.0&request=GetCapabilities,,,"{""id"": ""8627"", ""bbox"": [9.514, 46.301, 17.29, 49.131, ""CRS:84""], ""name"": ""Agricultural Soil Map of Austria - Soil Reference Group Code from the World Reference Base (WRB Lev1)"", ""title"": ""Agricultural Soil Map of Austria - Soil Reference Group Code from the World Reference Base (WRB Lev1)"", ""crs3857"": true, ""crs4326"": true, ""abstract"": ""The Soil Reference Group Code of the STU from the World Reference Base (WRB) for Soil Resources."", ""keywords"": [""BFW"", ""JRC"", ""WRB"", ""soil"", ""Reference Soil Group""], ""layer_name"": ""Agricultural Soil Map of Austria - Soil Reference Group Code from the World Reference Base (WRB Lev1)"", ""description"": ""Agricultural Soil Map of Austria - Soil Reference Group Code from the World Reference Base (WRB Lev1)"", ""service_type"": ""wms"", ""metadata_urls"": [""https://discovery.inspire.gv.at/at.lfrz.discoveryservices/srv/ger/csw?service=CSW&request=GetRecordById&version=2.0.2&outputSchema=http://www.isotc211.org/2005/gmd&ElementSetName=full&id=b1f7eac6-baed-4227-bedc-28bc67086299""]}",spatial-extractor,2026-06-21 18:25:09.606 +0300
596,93ce3ec3-cdc9-4ac1-952f-4a8da9ab6d05,https://data.apps.fao.org/map/gsrv/gsrv1/gsoc/wms?service=WMS&version=1.3.0&request=GetCapabilities,,,"{""id"": ""8644"", ""bbox"": null, ""name"": ""gsoc:ROOTS"", ""title"": null, ""crs3857"": false, ""crs4326"": false, ""abstract"": null, ""keywords"": [], ""layer_name"": null, ""description"": ""Obstacle to Roots"", ""service_type"": ""wms"", ""metadata_urls"": []}",spatial-extractor,2026-06-21 18:25:09.998 +0300
597,1d1e1137-de10-464c-9ea7-a945198cf7dc,https://data.apps.fao.org/map/gsrv/gsrv1/gsoc/wms?service=WMS&version=1.3.0&request=GetCapabilities,,,"{""id"": ""8676"", ""bbox"": null, ""name"": ""gsoc:T_REF_BULK"", ""title"": null, ""crs3857"": false, ""crs4326"": false, ""abstract"": null, ""keywords"": [], ""layer_name"": null, ""description"": ""Topsoil Reference Bulk Density"", ""service_type"": ""wms"", ""metadata_urls"": []}",spatial-extractor,2026-06-21 18:25:10.731 +0300
598,WRB-Soil-Units-40k,https://www.dov.vlaanderen.be/geoserver/bodemkaart_afgeleid/wfs?,,,"{""error"": null}",spatial-extractor,2026-06-21 18:25:11.399 +0300
599,WRB-Soil-Units-40k,https://www.dov.vlaanderen.be/geoserver/bodemkaart_afgeleid/wms?SERVICE=WMS&version=1.3.0&request=GetCapabilities,,,"{""id"": ""8682"", ""bbox"": [2.528557456645049, 50.673930511952676, 5.935373000183582, 51.505522951519666, ""CRS:84""], ""name"": ""wrb_40000"", ""title"": ""WRB Soil Units 40k: Bodemkaart van het Vlaamse Gewest volgens het internationale bodemclassificatiesysteem World Reference Base op schaal 1:40.000"", ""crs3857"": true, ""crs4326"": true, ""abstract"": ""Op basis van de resultaten van een intensieve bodemkartering gedurende de jaren ’50 tot ’70 werd de Belgische bodemkaart opgesteld. Deze Belgische bodemkaart steunt op het Belgische bodemclassificatiesysteem. Het is een nationaal systeem dat uitsluitend voor de Belgische bodems werd opgesteld. Voor het Vlaamse Gewest werd deze bodemkaart daarom omgezet naar WRB-2014, de 3de editie van het internationaal bodemclassificatiesysteem World Reference Base. Het veld ‘Soil Unit’ geeft de standaard bodemnaam volgens WRB. Door het gebruik van ‘Reference Soil Groups' (gekleurde vlakken) en ‘Principal Qualifiers’ (bruin omlijnde polygonen met labels) kan de belangrijkste informatie uit de bodemkaart van België vertaald worden naar het WRB-systeem. Informatie over textuur, drainage, bodemmorfologie en chemische bodemvruchtbaarheid is weerhouden in 4 groepen van Supplementary Qualifiers. Het veld ‘Belgisch bodemtype’ is overgenomen van de oorspronkelijk bodemkaart. De vertaling werd gedaan per bodemdistrict aangegeven in het veld ‘Belgisch_bodemdistrict’."", ""keywords"": [""Bodem"", ""ondergrond"", ""Regionaal"", ""Herbruikbaar"", ""Kosteloos"", ""Vlaamse Open data"", ""Toegevoegd GDI-Vl"", ""Metadata GDI-Vl-conform"", ""Metadata INSPIRE-conform"", ""DOV"", ""Vlaanderen"", ""Ondergrond"", ""Databank Ondergrond Vlaanderen"", ""Departement Omgeving"", ""Reference Soil Group"", ""Principal Qualifiers"", ""DOV_PATHNAME@001#DOV:010#Bodem:020#Bodemkaarten:030#Bodemkaart volgens WRB:010#"", ""DOV_EXPERTISE@Bodem""], ""layer_name"": ""wrb_40000"", ""description"": ""WMS-capabilities WRB Soil Units 40k: Bodemkaart van het Vlaamse Gewest volgens het internationale bodemclassificatiesysteem World Reference Base op schaal 1:40.000"", ""service_type"": ""wms"", ""metadata_urls"": [""https://www.dov.vlaanderen.be/geonetwork#/metadata/83c46eae-a202-454c-b063-a858be3e4335"", ""https://www.dov.vlaanderen.be/geonetwork/srv/dut/csw?Service=CSW&Request=GetRecordById&Version=2.0.2&outputSchema=http://www.isotc211.org/2005/gmd&elementSetName=full&id=83c46eae-a202-454c-b063-a858be3e4335""]}",spatial-extractor,2026-06-21 18:25:15.085 +0300
614,530b194d-5f66-482f-b536-22db24249f91,https://geoservices.wallonie.be/arcgis/services/SOL_SOUS_SOL/CARBIOSOL/MapServer/WMSServer?request=GetCapabilities&service=WMS,,,"{""id"": ""8720"", ""bbox"": null, ""name"": ""Service de visualisation WMS"", ""title"": null, ""crs3857"": false, ""crs4326"": false, ""abstract"": null, ""keywords"": [], ""layer_name"": null, ""description"": ""Adresse de connexion au service de visualisation WMS de la couche de données CARBIOSOL - Stocks en Carbone organique total des sols - période 2005-2014"", ""service_type"": ""wms"", ""metadata_urls"": []}",spatial-extractor,2026-06-21 18:29:02.228 +0300
615,530b194d-5f66-482f-b536-22db24249f91,https://geoservices.wallonie.be/INSPIRE/WMS/SO/MapServer/WMSServer?request=GetCapabilities&service=WMS,,,"{""error"": null}",spatial-extractor,2026-06-21 18:29:03.704 +0300
600,WRB-Soil-Units-40k,https://www.dov.vlaanderen.be/geoserver/bodemkaart_afgeleid/wms?SERVICE=WMS&version=1.3.0&request=GetMap,,,"{""id"": ""8684"", ""bbox"": [2.528557456645049, 50.673930511952676, 5.935373000183582, 51.505522951519666, ""CRS:84""], ""name"": ""wrb_40000"", ""title"": ""WRB Soil Units 40k: Bodemkaart van het Vlaamse Gewest volgens het internationale bodemclassificatiesysteem World Reference Base op schaal 1:40.000"", ""crs3857"": true, ""crs4326"": true, ""abstract"": ""Op basis van de resultaten van een intensieve bodemkartering gedurende de jaren ’50 tot ’70 werd de Belgische bodemkaart opgesteld. Deze Belgische bodemkaart steunt op het Belgische bodemclassificatiesysteem. Het is een nationaal systeem dat uitsluitend voor de Belgische bodems werd opgesteld. Voor het Vlaamse Gewest werd deze bodemkaart daarom omgezet naar WRB-2014, de 3de editie van het internationaal bodemclassificatiesysteem World Reference Base. Het veld ‘Soil Unit’ geeft de standaard bodemnaam volgens WRB. Door het gebruik van ‘Reference Soil Groups' (gekleurde vlakken) en ‘Principal Qualifiers’ (bruin omlijnde polygonen met labels) kan de belangrijkste informatie uit de bodemkaart van België vertaald worden naar het WRB-systeem. Informatie over textuur, drainage, bodemmorfologie en chemische bodemvruchtbaarheid is weerhouden in 4 groepen van Supplementary Qualifiers. Het veld ‘Belgisch bodemtype’ is overgenomen van de oorspronkelijk bodemkaart. De vertaling werd gedaan per bodemdistrict aangegeven in het veld ‘Belgisch_bodemdistrict’."", ""keywords"": [""Bodem"", ""ondergrond"", ""Regionaal"", ""Herbruikbaar"", ""Kosteloos"", ""Vlaamse Open data"", ""Toegevoegd GDI-Vl"", ""Metadata GDI-Vl-conform"", ""Metadata INSPIRE-conform"", ""DOV"", ""Vlaanderen"", ""Ondergrond"", ""Databank Ondergrond Vlaanderen"", ""Departement Omgeving"", ""Reference Soil Group"", ""Principal Qualifiers"", ""DOV_PATHNAME@001#DOV:010#Bodem:020#Bodemkaarten:030#Bodemkaart volgens WRB:010#"", ""DOV_EXPERTISE@Bodem""], ""layer_name"": ""wrb_40000"", ""description"": ""WMS-map WRB Soil Units 40k: Bodemkaart van het Vlaamse Gewest volgens het internationale bodemclassificatiesysteem World Reference Base op schaal 1:40.000"", ""service_type"": ""wms"", ""metadata_urls"": [""https://www.dov.vlaanderen.be/geonetwork#/metadata/83c46eae-a202-454c-b063-a858be3e4335"", ""https://www.dov.vlaanderen.be/geonetwork/srv/dut/csw?Service=CSW&Request=GetRecordById&Version=2.0.2&outputSchema=http://www.isotc211.org/2005/gmd&elementSetName=full&id=83c46eae-a202-454c-b063-a858be3e4335""]}",spatial-extractor,2026-06-21 18:25:16.075 +0300
601,WRB-Soil-Units-40k,https://www.dov.vlaanderen.be/geoserver/bodemkaart_afgeleid/wms?,,,"{""id"": ""8685"", ""bbox"": [2.528557456645049, 50.673930511952676, 5.935373000183582, 51.505522951519666, ""CRS:84""], ""name"": ""wrb_40000"", ""title"": ""WRB Soil Units 40k: Bodemkaart van het Vlaamse Gewest volgens het internationale bodemclassificatiesysteem World Reference Base op schaal 1:40.000"", ""crs3857"": true, ""crs4326"": true, ""abstract"": ""Op basis van de resultaten van een intensieve bodemkartering gedurende de jaren ’50 tot ’70 werd de Belgische bodemkaart opgesteld. Deze Belgische bodemkaart steunt op het Belgische bodemclassificatiesysteem. Het is een nationaal systeem dat uitsluitend voor de Belgische bodems werd opgesteld. Voor het Vlaamse Gewest werd deze bodemkaart daarom omgezet naar WRB-2014, de 3de editie van het internationaal bodemclassificatiesysteem World Reference Base. Het veld ‘Soil Unit’ geeft de standaard bodemnaam volgens WRB. Door het gebruik van ‘Reference Soil Groups' (gekleurde vlakken) en ‘Principal Qualifiers’ (bruin omlijnde polygonen met labels) kan de belangrijkste informatie uit de bodemkaart van België vertaald worden naar het WRB-systeem. Informatie over textuur, drainage, bodemmorfologie en chemische bodemvruchtbaarheid is weerhouden in 4 groepen van Supplementary Qualifiers. Het veld ‘Belgisch bodemtype’ is overgenomen van de oorspronkelijk bodemkaart. De vertaling werd gedaan per bodemdistrict aangegeven in het veld ‘Belgisch_bodemdistrict’."", ""keywords"": [""Bodem"", ""ondergrond"", ""Regionaal"", ""Herbruikbaar"", ""Kosteloos"", ""Vlaamse Open data"", ""Toegevoegd GDI-Vl"", ""Metadata GDI-Vl-conform"", ""Metadata INSPIRE-conform"", ""DOV"", ""Vlaanderen"", ""Ondergrond"", ""Databank Ondergrond Vlaanderen"", ""Departement Omgeving"", ""Reference Soil Group"", ""Principal Qualifiers"", ""DOV_PATHNAME@001#DOV:010#Bodem:020#Bodemkaarten:030#Bodemkaart volgens WRB:010#"", ""DOV_EXPERTISE@Bodem""], ""layer_name"": ""wrb_40000"", ""description"": ""WMS-endpoint WRB Soil Units 40k: Bodemkaart van het Vlaamse Gewest volgens het internationale bodemclassificatiesysteem World Reference Base op schaal 1:40.000"", ""service_type"": ""wms"", ""metadata_urls"": [""https://www.dov.vlaanderen.be/geonetwork#/metadata/83c46eae-a202-454c-b063-a858be3e4335"", ""https://www.dov.vlaanderen.be/geonetwork/srv/dut/csw?Service=CSW&Request=GetRecordById&Version=2.0.2&outputSchema=http://www.isotc211.org/2005/gmd&elementSetName=full&id=83c46eae-a202-454c-b063-a858be3e4335""]}",spatial-extractor,2026-06-21 18:25:17.089 +0300
602,WRB-Soil-Units-40k,https://www.dov.vlaanderen.be/geoserver/bodemkaart_afgeleid/wfs?SERVICE=WFS&version=2.0.0&request=GetFeature&count=1&typeName=wrb_40000,,,"{""id"": ""8686"", ""bbox"": null, ""name"": ""wrb_40000"", ""title"": null, ""schema"": null, ""crs3857"": false, ""crs4326"": false, ""abstract"": null, ""keywords"": [], ""layer_name"": null, ""description"": ""WFS-feature WRB Soil Units 40k: Bodemkaart van het Vlaamse Gewest volgens het internationale bodemclassificatiesysteem World Reference Base op schaal 1:40.000"", ""service_type"": ""wfs"", ""metadata_urls"": []}",spatial-extractor,2026-06-21 18:25:17.638 +0300
603,WRB-Soil-Units-40k,https://www.dov.vlaanderen.be/geoserver/bodemkaart_afgeleid/wms,,,"{""id"": ""8689"", ""bbox"": [2.528557456645049, 50.673930511952676, 5.935373000183582, 51.505522951519666, ""CRS:84""], ""name"": ""wrb_40000"", ""title"": ""WRB Soil Units 40k: Bodemkaart van het Vlaamse Gewest volgens het internationale bodemclassificatiesysteem World Reference Base op schaal 1:40.000"", ""crs3857"": true, ""crs4326"": true, ""abstract"": ""Op basis van de resultaten van een intensieve bodemkartering gedurende de jaren ’50 tot ’70 werd de Belgische bodemkaart opgesteld. Deze Belgische bodemkaart steunt op het Belgische bodemclassificatiesysteem. Het is een nationaal systeem dat uitsluitend voor de Belgische bodems werd opgesteld. Voor het Vlaamse Gewest werd deze bodemkaart daarom omgezet naar WRB-2014, de 3de editie van het internationaal bodemclassificatiesysteem World Reference Base. Het veld ‘Soil Unit’ geeft de standaard bodemnaam volgens WRB. Door het gebruik van ‘Reference Soil Groups' (gekleurde vlakken) en ‘Principal Qualifiers’ (bruin omlijnde polygonen met labels) kan de belangrijkste informatie uit de bodemkaart van België vertaald worden naar het WRB-systeem. Informatie over textuur, drainage, bodemmorfologie en chemische bodemvruchtbaarheid is weerhouden in 4 groepen van Supplementary Qualifiers. Het veld ‘Belgisch bodemtype’ is overgenomen van de oorspronkelijk bodemkaart. De vertaling werd gedaan per bodemdistrict aangegeven in het veld ‘Belgisch_bodemdistrict’."", ""keywords"": [""Bodem"", ""ondergrond"", ""Regionaal"", ""Herbruikbaar"", ""Kosteloos"", ""Vlaamse Open data"", ""Toegevoegd GDI-Vl"", ""Metadata GDI-Vl-conform"", ""Metadata INSPIRE-conform"", ""DOV"", ""Vlaanderen"", ""Ondergrond"", ""Databank Ondergrond Vlaanderen"", ""Departement Omgeving"", ""Reference Soil Group"", ""Principal Qualifiers"", ""DOV_PATHNAME@001#DOV:010#Bodem:020#Bodemkaarten:030#Bodemkaart volgens WRB:010#"", ""DOV_EXPERTISE@Bodem""], ""layer_name"": ""wrb_40000"", ""description"": ""Op basis van de resultaten van een intensieve bodemkartering gedurende de jaren ’50 tot ’70 werd de Belgische bodemkaart opgesteld. Deze Belgische bodemkaart steunt op het Belgische bodemclassificatiesysteem. Het is een nationaal systeem dat uitsluitend voor de Belgische bodems werd opgesteld. Voor het Vlaamse Gewest werd deze bodemkaart daarom omgezet naar WRB-2014, de 3de editie van het internationaal bodemclassificatiesysteem World Reference Base. Het veld ‘Soil Unit’ geeft de standaard bodemnaam volgens WRB. Door het gebruik van ‘Reference Soil Groups' (gekleurde vlakken) en ‘Principal Qualifiers’ (bruin omlijnde polygonen met labels) kan de belangrijkste informatie uit de bodemkaart van België vertaald worden naar het WRB-systeem. Informatie over textuur, drainage, bodemmorfologie en chemische bodemvruchtbaarheid is weerhouden in 4 groepen van Supplementary Qualifiers. Het veld ‘Belgisch bodemtype’ is overgenomen van de oorspronkelijk bodemkaart. De vertaling werd gedaan per bodemdistrict aangegeven in het veld ‘Belgisch_bodemdistrict’."", ""service_type"": ""wms"", ""metadata_urls"": [""https://www.dov.vlaanderen.be/geonetwork#/metadata/83c46eae-a202-454c-b063-a858be3e4335"", ""https://www.dov.vlaanderen.be/geonetwork/srv/dut/csw?Service=CSW&Request=GetRecordById&Version=2.0.2&outputSchema=http://www.isotc211.org/2005/gmd&elementSetName=full&id=83c46eae-a202-454c-b063-a858be3e4335""]}",spatial-extractor,2026-06-21 18:25:19.177 +0300
604,WRB-Soil-Units-40k,https://www.dov.vlaanderen.be/geoserver/wfs?SERVICE=WFS&version=1.1.0&request=GetFeature+.,,,"{""id"": ""8690"", ""bbox"": null, ""name"": ""WFS"", ""title"": null, ""schema"": null, ""crs3857"": false, ""crs4326"": false, ""abstract"": null, ""keywords"": [], ""layer_name"": null, ""description"": ""NULL"", ""service_type"": ""wfs"", ""metadata_urls"": []}",spatial-extractor,2026-06-21 18:25:19.737 +0300
605,3f9be529-5672-4286-86c7-a63c7da39853,https://data.apps.fao.org/map/gsrv/gsrv1/gsoc/wms?service=WMS&version=1.3.0&request=GetCapabilities,,,"{""id"": ""8693"", ""bbox"": null, ""name"": ""gsoc:T_PH_H2O"", ""title"": null, ""crs3857"": false, ""crs4326"": false, ""abstract"": null, ""keywords"": [], ""layer_name"": null, ""description"": ""Topsoil pH (H2O)"", ""service_type"": ""wms"", ""metadata_urls"": []}",spatial-extractor,2026-06-21 18:25:22.916 +0300
606,5f474931-ece5-47c1-a000-d18a368fd22f,https://geodata.naturvardsverket.se/inspire/af/ows?,,,"{""error"": ""Could not open file with GDAL (unsupported format or inaccessible)""}",spatial-extractor,2026-06-21 18:25:23.794 +0300
635,92e6034f-e7c9-4e83-80bb-de820c0bb801,http://178.33.8.120/stg_geoserver/wms?request=GetCapabilities,,,"{""error"": ""Request timeout""}",spatial-extractor,2026-06-21 18:31:00.786 +0300
607,68B4F032-A0CE-4B47-89C2-23DB80414102,https://wms.inspire.geoportail.lu/geoserver/so/wms?SERVICE=WMS&service=WMS&version=1.3.0&request=GetCapabilities,,,"{""error"": ""Could not open file with GDAL (unsupported format or inaccessible)""}",spatial-extractor,2026-06-21 18:28:30.476 +0300
634,Větrná-eroze-půd-ČR,https://geoportal.gov.cz/web/guest/map?wms=http://geoportal.vumop.cz/wms_vumop/zchbpej.asp,,,"{""error"": null}",spatial-extractor,2026-06-21 18:30:43.483 +0300
616,985366a9-cb3a-46e4-9f89-d44cad6a4154,https://wfs2-miljoegis.mim.dk/grukos/ows?service=WFS&version=1.0.0&request=GetCapabilities,,,"{""id"": ""8739"", ""bbox"": null, ""name"": ""MiljøGIS WFS"", ""title"": null, ""schema"": null, ""crs3857"": false, ""crs4326"": false, ""abstract"": null, ""keywords"": [], ""layer_name"": null, ""description"": ""NULL"", ""service_type"": ""wfs"", ""metadata_urls"": []}",spatial-extractor,2026-06-21 18:29:05.292 +0300
617,b23dbf43-ee30-452e-ba37-e036c4dc933d,https://geoservices.wallonie.be/arcgis/services/SOL_SOUS_SOL/CARBIOSOL/MapServer/WMSServer?request=GetCapabilities&service=WMS,,,"{""id"": ""8743"", ""bbox"": null, ""name"": ""Service de visualisation WMS"", ""title"": null, ""crs3857"": false, ""crs4326"": false, ""abstract"": null, ""keywords"": [], ""layer_name"": null, ""description"": ""Adresse de connexion au service de visualisation WMS de la couche de données CARBIOSOL - Teneurs prédites en Carbone organique total - période 2004-2014"", ""service_type"": ""wms"", ""metadata_urls"": []}",spatial-extractor,2026-06-21 18:29:06.441 +0300
618,b23dbf43-ee30-452e-ba37-e036c4dc933d,https://geoservices.wallonie.be/INSPIRE/WMS/SO/MapServer/WMSServer?request=GetCapabilities&service=WMS,,,"{""error"": null}",spatial-extractor,2026-06-21 18:29:08.087 +0300
619,431940bc-833f-4abb-84f5-95212fe6dc48,https://inspire.lfrz.gv.at/000602/wms?version=1.3.0&request=GetCapabilities,,,"{""id"": ""8748"", ""bbox"": [9.679, 46.457, 16.637, 49.046, ""CRS:84""], ""name"": ""BIOSOIL Austria (SITE)"", ""title"": ""General site information"", ""crs3857"": true, ""crs4326"": true, ""abstract"": ""General site information, registration, location and soil forming factors of the BIOSOIL plots of Austria."", ""keywords"": [""soil""], ""layer_name"": ""BIOSOIL Austria (SITE)"", ""description"": ""General site information"", ""service_type"": ""wms"", ""metadata_urls"": [""https://discovery.inspire.gv.at/at.lfrz.discoveryservices/srv/ger/csw?service=CSW&request=GetRecordById&version=2.0.2&outputSchema=http%3A%2F%2Fwww.isotc211.org%2F2005%2Fgmd&ElementSetName=full&id=431940bc-833f-4abb-84f5-95212fe6dc48""]}",spatial-extractor,2026-06-21 18:29:09.501 +0300
620,43ACDDFF-4F47-443E-B697-D36330486A75,https://wms.inspire.geoportail.lu/geoserver/so/wms?SERVICE=WMS&service=WMS&version=1.3.0&request=GetCapabilities,,,"{""error"": ""Could not open file with GDAL (unsupported format or inaccessible)""}",spatial-extractor,2026-06-21 18:29:09.940 +0300
621,44db5dd4-936d-4a5e-8c31-9fbd8a593662,https://wms.mapama.gob.es/sig/Biodiversidad/INESErosionPotencial/wms.aspx,,,"{""error"": ""Could not open file with GDAL (unsupported format or inaccessible)""}",spatial-extractor,2026-06-21 18:29:40.668 +0300
622,92adadcb-0e68-4c1a-a1ad-ed38aac9a03b,https://data.apps.fao.org/map/gsrv/gsrv1/adb/wms,,,"{""id"": ""8759"", ""bbox"": [66.263888757, 44.217368524, 77.990292152, 51.37896784, ""CRS:84""], ""name"": ""kazakhstan_wa_nura_sarysu_smsat_hihydrosoils"", ""title"": ""kazakhstan_wa_nura_sarysu_smsat_hihydrosoils"", ""crs3857"": true, ""crs4326"": true, ""abstract"": null, ""keywords"": [""kazakhstan_wa_nura_sarysu_smsat_hihydrosoils"", ""WCS"", ""GeoTIFF""], ""layer_name"": ""kazakhstan_wa_nura_sarysu_smsat_hihydrosoils"", ""description"": ""Saturated soil water content (Nura-Sarysu basin)"", ""service_type"": ""wms"", ""metadata_urls"": []}",spatial-extractor,2026-06-21 18:29:42.010 +0300
623,arls_031:m10807-cc-i11449,https://serviziogc.regione.fvg.it/geoserver/ERSA/wfs?request=GetCapabilities&service=wfs&version=2.0.0,,,"{""id"": ""8764"", ""bbox"": null, ""name"": ""NULL"", ""title"": null, ""schema"": null, ""crs3857"": false, ""crs4326"": false, ""abstract"": null, ""keywords"": [], ""layer_name"": null, ""description"": ""NULL"", ""service_type"": ""wfs"", ""metadata_urls"": []}",spatial-extractor,2026-06-21 18:30:08.267 +0300
624,arls_031:m10807-cc-i11449,https://serviziogc.regione.fvg.it/geoserver/ERSA/wms?request=GetCapabilities&service=wms&version=1.3.0,,,"{""id"": ""8765"", ""bbox"": null, ""name"": ""NULL"", ""title"": ""GeoServer Web Map Service IRDAT FVG"", ""crs3857"": null, ""crs4326"": null, ""abstract"": ""Service for pubblication of the geographic informations of the region Friuli Venezia Giulia using the WFS OpenGIS standard."", ""keywords"": [], ""layer_name"": null, ""description"": ""NULL"", ""service_type"": ""wms"", ""metadata_urls"": []}",spatial-extractor,2026-06-21 18:30:09.421 +0300
625,7e659554-141f-4618-bac3-d7fc28ce0f54,https://data.apps.fao.org/map/gsrv/gsrv1/adb/wms,,,"{""id"": ""8770"", ""bbox"": [74.324082645, 15.740045814, 75.861578671, 16.452545853, ""CRS:84""], ""name"": ""k3_smsat_hihdrosoils"", ""title"": ""k3_smsat_hihdrosoils"", ""crs3857"": true, ""crs4326"": true, ""abstract"": null, ""keywords"": [""k3_smsat_hihdrosoils"", ""WCS"", ""GeoTIFF""], ""layer_name"": ""k3_smsat_hihdrosoils"", ""description"": ""Saturated Soil Water Content (K3)"", ""service_type"": ""wms"", ""metadata_urls"": []}",spatial-extractor,2026-06-21 18:30:10.493 +0300
626,bf320d32-289b-476d-9dd2-abb916d8bb25,https://data.apps.fao.org/map/gsrv/gsrv1/gsoc/wms?service=WMS&version=1.3.0&request=GetCapabilities,,,"{""id"": ""8789"", ""bbox"": null, ""name"": ""gsoc:S_SAND"", ""title"": null, ""crs3857"": false, ""crs4326"": false, ""abstract"": null, ""keywords"": [], ""layer_name"": null, ""description"": ""Subsoil Sand Fraction"", ""service_type"": ""wms"", ""metadata_urls"": []}",spatial-extractor,2026-06-21 18:30:36.409 +0300
627,6d7bffef-ea99-4a92-9b26-89b4c915361a,https://data.apps.fao.org/map/gsrv/gsrv1/gsoc/wms?service=WMS&version=1.3.0&request=GetCapabilities,,,"{""id"": ""8798"", ""bbox"": null, ""name"": ""gsoc:T_SAND"", ""title"": null, ""crs3857"": false, ""crs4326"": false, ""abstract"": null, ""keywords"": [], ""layer_name"": null, ""description"": ""Topsoil Sand Fraction"", ""service_type"": ""wms"", ""metadata_urls"": []}",spatial-extractor,2026-06-21 18:30:37.101 +0300
628,35821c18-cea8-47c4-bde0-4580d6808c11,https://geoservices.madeira.gov.pt/geoserver/SO_CARTASOLOS/wms?VERSION=1.3.0&service=WMS&REQUEST=GetCapabilities,,,"{""id"": ""8810"", ""bbox"": null, ""name"": ""NULL"", ""title"": ""Serviço de Visualização da Carta de Solos da Ilha da Madeira"", ""crs3857"": null, ""crs4326"": null, ""abstract"": ""Serviço de Visualização da Carta de Solos da Ilha da Madeira"", ""keywords"": [], ""layer_name"": null, ""description"": ""NULL"", ""service_type"": ""wms"", ""metadata_urls"": []}",spatial-extractor,2026-06-21 18:30:37.882 +0300
629,46691b3c-9f41-4bd1-bea3-dcec11010ca7,https://io.apps.fao.org/geoserver/wms/WATER/LBN_LIT_PERCO/v2?request=GetCapabilities&service=WMS&version=1.1.1,,,"{""error"": null}",spatial-extractor,2026-06-21 18:30:39.558 +0300
630,ee459221-eb61-49cd-91f6-5c49fa841ba9,https://io.apps.fao.org/geoserver/wms/WATER/K2_SUPPLY/v2?service=WMS&version=1.3.0&request=GetCapabilities,,,"{""error"": null}",spatial-extractor,2026-06-21 18:30:40.338 +0300
631,ba4526fd-cdbf-4028-a1bd-5a559c4bff38,https://data.apps.fao.org/map/gsrv/gsrv1/geonetwork/wms,,,"{""id"": ""10238"", ""bbox"": [-180.0, -90.0, 180.00000000288003, 90.00000000144001, ""CRS:84""], ""name"": ""glc_shv10_07_47948"", ""title"": ""glc_shv10_07_47948"", ""crs3857"": true, ""crs4326"": true, ""abstract"": null, ""keywords"": [""glc_shv10_07_47948"", ""WCS"", ""GeoTIFF""], ""layer_name"": ""glc_shv10_07_47948"", ""description"": ""GLC-Share - Mangroves"", ""service_type"": ""wms"", ""metadata_urls"": []}",spatial-extractor,2026-06-21 18:30:41.144 +0300
632,c342d437-a804-4778-9a1e-c2ff2eb1c7d0,https://io.apps.fao.org/geoserver/wms/RDMS/PERC_SMO/v2?service=WMS&version=1.3.0&request=GetCapabilities,,,"{""error"": null}",spatial-extractor,2026-06-21 18:30:42.308 +0300
633,Půdní-mapa-1--1-000-000,http://mapy.geology.cz/arcgis/services/Inspire/Pudni_typy/MapServer/WMSServer,,,"{""error"": null}",spatial-extractor,2026-06-21 18:30:43.100 +0300
637,"Soil-World-Reference-Base,-Scotland",http://druid.hutton.ac.uk/arcgis/services/Hutton_NSIS_and_Soils/MapServer/WMSServer?request=GetCapabilities&service=WMS,,,"{""id"": ""8916"", ""bbox"": null, ""name"": ""WMS"", ""title"": null, ""crs3857"": false, ""crs4326"": false, ""abstract"": null, ""keywords"": [], ""layer_name"": null, ""description"": ""NULL"", ""service_type"": ""wms"", ""metadata_urls"": []}",spatial-extractor,2026-06-21 18:31:11.781 +0300
638,be22b520-88fd-11da-a88f-000d939bc5d8,https://data.apps.fao.org/map/gsrv/gsrv1/geonetwork/wms?styles=geonetwork_soilslop_3797_style,,,"{""id"": ""8954"", ""bbox"": null, ""name"": ""geonetwork:soilslop_3797"", ""title"": null, ""crs3857"": false, ""crs4326"": false, ""abstract"": null, ""keywords"": [], ""layer_name"": null, ""description"": ""Soil and terrain suitability for ponds"", ""service_type"": ""wms"", ""metadata_urls"": []}",spatial-extractor,2026-06-21 18:31:19.000 +0300
639,Potentiële-bodemerosiekaart-per-perceel-,https://www.dov.vlaanderen.be/geoserver/erosie/wfs?,,,"{""error"": null}",spatial-extractor,2026-06-21 18:31:20.246 +0300
640,Potentiële-bodemerosiekaart-per-perceel-,https://www.dov.vlaanderen.be/geoserver/erosie/wms?SERVICE=WMS&version=1.3.0&request=GetCapabilities,,,"{""id"": ""8978"", ""bbox"": [2.529990447668254, 50.67420681879685, 5.931682119445873, 51.505461718137454, ""CRS:84""], ""name"": ""so_potbdmerosiepp_2018"", ""title"": ""Potentiële bodemerosiekaart per perceel (2018)"", ""crs3857"": true, ""crs4326"": true, ""abstract"": ""De potentiële bodemerosiekaart per perceel (2018) geeft aan de hand van een klasse-indeling de totale potentiële erosie van een bepaald landbouwperceel weer. De totale potentiële erosie houdt geen rekening met het huidige landgebruik (grasland of akkerland). In het veld ‘Erosiegevoeligheid verzamelaanvraag’ staat de informatie die overeenkomt met de erosiegevoeligheid op de verzamelaanvraag 2018. De goedgekeurde bezwaren werden zowel in het veld 'Erosiegevoeligheid verzamelaanvraag' als in het veld 'Totale erosie' verwerkt. De goedgekeurde aanvragen van de verlaging van de erosiegevoeligheidsklasse op basis van een hoog koolstofgehalte werden in het veld 'Erosiegevoeligheid verzamelaanvraag' verwerkt met aanduiding van ‘/ C’ achter de erosiegevoeligheid, maar het veld 'Totale erosie' behield zijn oorspronkelijke waarde voor deze percelen.\r\n\r\nErosie door water is een proces waarbij bodemdeeltjes door de impact van regendruppels en afstromend water worden losgemaakt en getransporteerd, hetzij laagsgewijs over een grote oppervlakte, hetzij geconcentreerd in geulen en ravijnen. Dit leidt o.m. tot een afname van de bodemkwaliteit en -productiviteit, maar ook tot belangrijke schade door modderoverlast in stroomafwaarts gelegen (woon)gebieden. Bodemerosie is een van de belangrijkste vormen van bodemaantasting in Vlaanderen. \r\n\r\nDe potentiële bodemerosiekaart per perceel is gebaseerd op de percelenkaart 2017. De potentiële bodemerosiekaart per perceel werd opgesteld door middel van computermodellering met een ruimtelijke resolutie van 5x5 m. De berekening van de erosie is gebaseerd op de herziene universele bodemverliesvergelijking of R.U.S.L.E. (Revised Universal Soil Loss Equation, Renard et al, 1991). Het betreft een empirisch model waarmee de gemiddelde jaarlijkse bodemerosiesnelheid per oppervlakte-eenheid als gevolg van intergeul- en geulerosie wordt berekend als een product van 6 factoren."", ""keywords"": [""Gebieden met natuurrisico's"", ""ondergrond"", ""bodemerosie"", ""watererosie"", ""landbouw"", ""Regionaal"", ""Herbruikbaar"", ""Kosteloos"", ""Vlaamse Open data"", ""Toegevoegd GDI-Vl"", ""Metadata GDI-Vl-conform"", ""Metadata INSPIRE-conform"", ""DOV"", ""Vlaanderen"", ""Ondergrond"", ""Databank Ondergrond Vlaanderen"", ""Departement Omgeving""], ""layer_name"": ""so_potbdmerosiepp_2018"", ""description"": ""WMS-capabilities Potentiële bodemerosiekaart per perceel (2018)"", ""service_type"": ""wms"", ""metadata_urls"": [""https://www.dov.vlaanderen.be/geonetwork#/metadata/265f238c-1772-4e48-997d-cd05e40dc611"", ""https://www.dov.vlaanderen.be/geonetwork/srv/dut/csw?Service=CSW&Request=GetRecordById&Version=2.0.2&outputSchema=http://www.isotc211.org/2005/gmd&elementSetName=full&id=265f238c-1772-4e48-997d-cd05e40dc611""]}",spatial-extractor,2026-06-21 18:31:23.898 +0300
641,Potentiële-bodemerosiekaart-per-perceel-,https://www.dov.vlaanderen.be/geoserver/erosie/wms?SERVICE=WMS&version=1.3.0&request=GetMap,,,"{""id"": ""8980"", ""bbox"": [2.529990447668254, 50.67420681879685, 5.931682119445873, 51.505461718137454, ""CRS:84""], ""name"": ""so_potbdmerosiepp_2018"", ""title"": ""Potentiële bodemerosiekaart per perceel (2018)"", ""crs3857"": true, ""crs4326"": true, ""abstract"": ""De potentiële bodemerosiekaart per perceel (2018) geeft aan de hand van een klasse-indeling de totale potentiële erosie van een bepaald landbouwperceel weer. De totale potentiële erosie houdt geen rekening met het huidige landgebruik (grasland of akkerland). In het veld ‘Erosiegevoeligheid verzamelaanvraag’ staat de informatie die overeenkomt met de erosiegevoeligheid op de verzamelaanvraag 2018. De goedgekeurde bezwaren werden zowel in het veld 'Erosiegevoeligheid verzamelaanvraag' als in het veld 'Totale erosie' verwerkt. De goedgekeurde aanvragen van de verlaging van de erosiegevoeligheidsklasse op basis van een hoog koolstofgehalte werden in het veld 'Erosiegevoeligheid verzamelaanvraag' verwerkt met aanduiding van ‘/ C’ achter de erosiegevoeligheid, maar het veld 'Totale erosie' behield zijn oorspronkelijke waarde voor deze percelen.\r\n\r\nErosie door water is een proces waarbij bodemdeeltjes door de impact van regendruppels en afstromend water worden losgemaakt en getransporteerd, hetzij laagsgewijs over een grote oppervlakte, hetzij geconcentreerd in geulen en ravijnen. Dit leidt o.m. tot een afname van de bodemkwaliteit en -productiviteit, maar ook tot belangrijke schade door modderoverlast in stroomafwaarts gelegen (woon)gebieden. Bodemerosie is een van de belangrijkste vormen van bodemaantasting in Vlaanderen. \r\n\r\nDe potentiële bodemerosiekaart per perceel is gebaseerd op de percelenkaart 2017. De potentiële bodemerosiekaart per perceel werd opgesteld door middel van computermodellering met een ruimtelijke resolutie van 5x5 m. De berekening van de erosie is gebaseerd op de herziene universele bodemverliesvergelijking of R.U.S.L.E. (Revised Universal Soil Loss Equation, Renard et al, 1991). Het betreft een empirisch model waarmee de gemiddelde jaarlijkse bodemerosiesnelheid per oppervlakte-eenheid als gevolg van intergeul- en geulerosie wordt berekend als een product van 6 factoren."", ""keywords"": [""Gebieden met natuurrisico's"", ""ondergrond"", ""bodemerosie"", ""watererosie"", ""landbouw"", ""Regionaal"", ""Herbruikbaar"", ""Kosteloos"", ""Vlaamse Open data"", ""Toegevoegd GDI-Vl"", ""Metadata GDI-Vl-conform"", ""Metadata INSPIRE-conform"", ""DOV"", ""Vlaanderen"", ""Ondergrond"", ""Databank Ondergrond Vlaanderen"", ""Departement Omgeving""], ""layer_name"": ""so_potbdmerosiepp_2018"", ""description"": ""WMS-map Potentiële bodemerosiekaart per perceel (2018)"", ""service_type"": ""wms"", ""metadata_urls"": [""https://www.dov.vlaanderen.be/geonetwork#/metadata/265f238c-1772-4e48-997d-cd05e40dc611"", ""https://www.dov.vlaanderen.be/geonetwork/srv/dut/csw?Service=CSW&Request=GetRecordById&Version=2.0.2&outputSchema=http://www.isotc211.org/2005/gmd&elementSetName=full&id=265f238c-1772-4e48-997d-cd05e40dc611""]}",spatial-extractor,2026-06-21 18:31:25.558 +0300
642,Potentiële-bodemerosiekaart-per-perceel-,https://www.dov.vlaanderen.be/geoserver/erosie/wms?,,,"{""id"": ""8981"", ""bbox"": [2.529990447668254, 50.67420681879685, 5.931682119445873, 51.505461718137454, ""CRS:84""], ""name"": ""so_potbdmerosiepp_2018"", ""title"": ""Potentiële bodemerosiekaart per perceel (2018)"", ""crs3857"": true, ""crs4326"": true, ""abstract"": ""De potentiële bodemerosiekaart per perceel (2018) geeft aan de hand van een klasse-indeling de totale potentiële erosie van een bepaald landbouwperceel weer. De totale potentiële erosie houdt geen rekening met het huidige landgebruik (grasland of akkerland). In het veld ‘Erosiegevoeligheid verzamelaanvraag’ staat de informatie die overeenkomt met de erosiegevoeligheid op de verzamelaanvraag 2018. De goedgekeurde bezwaren werden zowel in het veld 'Erosiegevoeligheid verzamelaanvraag' als in het veld 'Totale erosie' verwerkt. De goedgekeurde aanvragen van de verlaging van de erosiegevoeligheidsklasse op basis van een hoog koolstofgehalte werden in het veld 'Erosiegevoeligheid verzamelaanvraag' verwerkt met aanduiding van ‘/ C’ achter de erosiegevoeligheid, maar het veld 'Totale erosie' behield zijn oorspronkelijke waarde voor deze percelen.\r\n\r\nErosie door water is een proces waarbij bodemdeeltjes door de impact van regendruppels en afstromend water worden losgemaakt en getransporteerd, hetzij laagsgewijs over een grote oppervlakte, hetzij geconcentreerd in geulen en ravijnen. Dit leidt o.m. tot een afname van de bodemkwaliteit en -productiviteit, maar ook tot belangrijke schade door modderoverlast in stroomafwaarts gelegen (woon)gebieden. Bodemerosie is een van de belangrijkste vormen van bodemaantasting in Vlaanderen. \r\n\r\nDe potentiële bodemerosiekaart per perceel is gebaseerd op de percelenkaart 2017. De potentiële bodemerosiekaart per perceel werd opgesteld door middel van computermodellering met een ruimtelijke resolutie van 5x5 m. De berekening van de erosie is gebaseerd op de herziene universele bodemverliesvergelijking of R.U.S.L.E. (Revised Universal Soil Loss Equation, Renard et al, 1991). Het betreft een empirisch model waarmee de gemiddelde jaarlijkse bodemerosiesnelheid per oppervlakte-eenheid als gevolg van intergeul- en geulerosie wordt berekend als een product van 6 factoren."", ""keywords"": [""Gebieden met natuurrisico's"", ""ondergrond"", ""bodemerosie"", ""watererosie"", ""landbouw"", ""Regionaal"", ""Herbruikbaar"", ""Kosteloos"", ""Vlaamse Open data"", ""Toegevoegd GDI-Vl"", ""Metadata GDI-Vl-conform"", ""Metadata INSPIRE-conform"", ""DOV"", ""Vlaanderen"", ""Ondergrond"", ""Databank Ondergrond Vlaanderen"", ""Departement Omgeving""], ""layer_name"": ""so_potbdmerosiepp_2018"", ""description"": ""WMS-endpoint Potentiële bodemerosiekaart per perceel (2018)"", ""service_type"": ""wms"", ""metadata_urls"": [""https://www.dov.vlaanderen.be/geonetwork#/metadata/265f238c-1772-4e48-997d-cd05e40dc611"", ""https://www.dov.vlaanderen.be/geonetwork/srv/dut/csw?Service=CSW&Request=GetRecordById&Version=2.0.2&outputSchema=http://www.isotc211.org/2005/gmd&elementSetName=full&id=265f238c-1772-4e48-997d-cd05e40dc611""]}",spatial-extractor,2026-06-21 18:31:26.599 +0300
643,Potentiële-bodemerosiekaart-per-perceel-,https://www.dov.vlaanderen.be/geoserver/erosie/wfs?SERVICE=WFS&version=2.0.0&request=GetFeature&count=1&typeName=so_potbdmerosiepp_2018,,,"{""id"": ""8982"", ""bbox"": null, ""name"": ""so_potbdmerosiepp_2018"", ""title"": null, ""schema"": null, ""crs3857"": false, ""crs4326"": false, ""abstract"": null, ""keywords"": [], ""layer_name"": null, ""description"": ""WFS-feature Potentiële bodemerosiekaart per perceel (2018)"", ""service_type"": ""wfs"", ""metadata_urls"": []}",spatial-extractor,2026-06-21 18:31:27.238 +0300
644,Potentiële-bodemerosiekaart-per-perceel-,https://www.dov.vlaanderen.be/geoserver/erosie/wms?layers=so_potbdmerosiepp_2018,,,"{""id"": ""8984"", ""bbox"": [2.529990447668254, 50.67420681879685, 5.931682119445873, 51.505461718137454, ""CRS:84""], ""name"": ""so_potbdmerosiepp_2018"", ""title"": ""Potentiële bodemerosiekaart per perceel (2018)"", ""crs3857"": true, ""crs4326"": true, ""abstract"": ""De potentiële bodemerosiekaart per perceel (2018) geeft aan de hand van een klasse-indeling de totale potentiële erosie van een bepaald landbouwperceel weer. De totale potentiële erosie houdt geen rekening met het huidige landgebruik (grasland of akkerland). In het veld ‘Erosiegevoeligheid verzamelaanvraag’ staat de informatie die overeenkomt met de erosiegevoeligheid op de verzamelaanvraag 2018. De goedgekeurde bezwaren werden zowel in het veld 'Erosiegevoeligheid verzamelaanvraag' als in het veld 'Totale erosie' verwerkt. De goedgekeurde aanvragen van de verlaging van de erosiegevoeligheidsklasse op basis van een hoog koolstofgehalte werden in het veld 'Erosiegevoeligheid verzamelaanvraag' verwerkt met aanduiding van ‘/ C’ achter de erosiegevoeligheid, maar het veld 'Totale erosie' behield zijn oorspronkelijke waarde voor deze percelen.\r\n\r\nErosie door water is een proces waarbij bodemdeeltjes door de impact van regendruppels en afstromend water worden losgemaakt en getransporteerd, hetzij laagsgewijs over een grote oppervlakte, hetzij geconcentreerd in geulen en ravijnen. Dit leidt o.m. tot een afname van de bodemkwaliteit en -productiviteit, maar ook tot belangrijke schade door modderoverlast in stroomafwaarts gelegen (woon)gebieden. Bodemerosie is een van de belangrijkste vormen van bodemaantasting in Vlaanderen. \r\n\r\nDe potentiële bodemerosiekaart per perceel is gebaseerd op de percelenkaart 2017. De potentiële bodemerosiekaart per perceel werd opgesteld door middel van computermodellering met een ruimtelijke resolutie van 5x5 m. De berekening van de erosie is gebaseerd op de herziene universele bodemverliesvergelijking of R.U.S.L.E. (Revised Universal Soil Loss Equation, Renard et al, 1991). Het betreft een empirisch model waarmee de gemiddelde jaarlijkse bodemerosiesnelheid per oppervlakte-eenheid als gevolg van intergeul- en geulerosie wordt berekend als een product van 6 factoren."", ""keywords"": [""Gebieden met natuurrisico's"", ""ondergrond"", ""bodemerosie"", ""watererosie"", ""landbouw"", ""Regionaal"", ""Herbruikbaar"", ""Kosteloos"", ""Vlaamse Open data"", ""Toegevoegd GDI-Vl"", ""Metadata GDI-Vl-conform"", ""Metadata INSPIRE-conform"", ""DOV"", ""Vlaanderen"", ""Ondergrond"", ""Databank Ondergrond Vlaanderen"", ""Departement Omgeving""], ""layer_name"": ""so_potbdmerosiepp_2018"", ""description"": ""De potentiële bodemerosiekaart per perceel (2018) geeft aan de hand van een klasse-indeling de totale potentiële erosie van een bepaald landbouwperceel weer. De totale potentiële erosie houdt geen rekening met het huidige landgebruik (grasland of akkerland). In het veld ‘Erosiegevoeligheid verzamelaanvraag’ staat de informatie die overeenkomt met de erosiegevoeligheid op de verzamelaanvraag 2018. De goedgekeurde bezwaren werden zowel in het veld 'Erosiegevoeligheid verzamelaanvraag' als in het veld 'Totale erosie' verwerkt. De goedgekeurde aanvragen van de verlaging van de erosiegevoeligheidsklasse op basis van een hoog koolstofgehalte werden in het veld 'Erosiegevoeligheid verzamelaanvraag' verwerkt met aanduiding van ‘/ C’ achter de erosiegevoeligheid, maar het veld 'Totale erosie' behield zijn oorspronkelijke waarde voor deze percelen.\nErosie door water is een proces waarbij bodemdeeltjes door de impact van regendruppels en afstromend water worden losgemaakt en getransporteerd, hetzij laagsgewijs over een grote oppervlakte, hetzij geconcentreerd in geulen en ravijnen. Dit leidt o.m. tot een afname van de bodemkwaliteit en -productiviteit, maar ook tot belangrijke schade door modderoverlast in stroomafwaarts gelegen (woon)gebieden. Bodemerosie is een van de belangrijkste vormen van bodemaantasting in Vlaanderen. \nDe potentiële bodemerosiekaart per perceel is gebaseerd op de percelenkaart 2017. De potentiële bodemerosiekaart per perceel werd opgesteld door middel van computermodellering met een ruimtelijke resolutie van 5x5 m. De berekening van de erosie is gebaseerd op de herziene universele bodemverliesvergelijking of R.U.S.L.E. (Revised Universal Soil Loss Equation, Renard et al, 1991). Het betreft een empirisch model waarmee de gemiddelde jaarlijkse bodemerosiesnelheid per oppervlakte-eenheid als gevolg van intergeul- en geulerosie wordt berekend als een product van 6 factoren."", ""service_type"": ""wms"", ""metadata_urls"": [""https://www.dov.vlaanderen.be/geonetwork#/metadata/265f238c-1772-4e48-997d-cd05e40dc611"", ""https://www.dov.vlaanderen.be/geonetwork/srv/dut/csw?Service=CSW&Request=GetRecordById&Version=2.0.2&outputSchema=http://www.isotc211.org/2005/gmd&elementSetName=full&id=265f238c-1772-4e48-997d-cd05e40dc611""]}",spatial-extractor,2026-06-21 18:31:29.195 +0300
645,Potentiële-bodemerosiekaart-per-perceel-,https://www.dov.vlaanderen.be/geoserver/wfs?SERVICE=WFS&version=1.1.0&request=GetCapabilities,,,"{""id"": ""8985"", ""bbox"": null, ""name"": ""WFS"", ""title"": null, ""schema"": null, ""crs3857"": false, ""crs4326"": false, ""abstract"": null, ""keywords"": [], ""layer_name"": null, ""description"": ""NULL"", ""service_type"": ""wfs"", ""metadata_urls"": []}",spatial-extractor,2026-06-21 18:31:30.600 +0300
646,960fabed-6e0b-4e43-bf1c-d23eaaf979de,https://io.apps.fao.org/geoserver/wms/WATER/K4_E/v2?service=WMS&version=1.3.0&request=GetCapabilities,,,"{""error"": null}",spatial-extractor,2026-06-21 18:31:35.063 +0300
647,062735bd-fe92-40a3-af13-2f845b0e2f25,https://io.apps.fao.org/geoserver/wms/WATER/K4_ETRAIN/v2?service=WMS&version=1.3.0&request=GetCapabilities,,,"{""error"": null}",spatial-extractor,2026-06-21 18:31:35.846 +0300
648,https://www.dov.vlaanderen.be/geonetwork/srv/metadata/5e1146a5-4f72-4e93-a71d-8297d3dfec6c,https://www.dov.vlaanderen.be/geoserver/grondverschuivingen/wfs?,,,"{""error"": null}",spatial-extractor,2026-06-21 18:31:36.783 +0300
649,https://www.dov.vlaanderen.be/geonetwork/srv/metadata/5e1146a5-4f72-4e93-a71d-8297d3dfec6c,https://www.dov.vlaanderen.be/geoserver/grondverschuivingen/wms?SERVICE=WMS&version=1.3.0&request=GetCapabilities,,,"{""id"": ""9131"", ""bbox"": [2.7125489339757647, 50.70405644016369, 4.23772263154259, 50.92953378643767, ""CRS:84""], ""name"": ""grndversch_gekarteerd"", ""title"": ""Gekarteerde grondverschuivingen"", ""crs3857"": true, ""crs4326"": true, ""abstract"": ""De kaart bevat een zo volledig mogelijke inventaris van in het landschap waarneembare grondverschuivingen in een studiegebied gelegen ten westen van Brussel, in het zuiden van de provincies West-Vlaanderen, Oost-Vlaanderen en Vlaams-Brabant. Het betreft zowel zeer oude, in het landschap geïntegreerde grondverschuivingen van post-glaciale oorsprong als relatief jonge grondverschuivingen waarvan de initiatiedatum (soms bij benadering) gekend is. De 'jonge' grondverschuivingen kunnen ontstaan zijn binnen een grotere, oude grondverschuiving (local reactivering) of op een onaangetaste (niet in het verleden door grondverschuiving aangetaste) locatie. De meeste grondverschuivngen zijn nog steeds onderhevig aan beweging, zichtbaar aan bijvoorbeeld scheefgestelde bomen. De kartering van de grondverschuivingen gebeurde door een combinatie van terreinprospectie en analyse van schaduwkaarten die werden afgeleid van het digitaal hoogtemodel op basis van laserscanning of LIDAR (Light Detection and Ranging; OC GIS-Vlaanderen, 2005)."", ""keywords"": [""Gebieden met natuurrisico's"", ""ondergrond"", ""Regionaal"", ""Herbruikbaar"", ""Kosteloos"", ""Vlaamse Open data"", ""Toegevoegd GDI-Vl"", ""Metadata GDI-Vl-conform"", ""Metadata INSPIRE-conform"", ""DOV"", ""Vlaanderen"", ""Ondergrond"", ""Databank Ondergrond Vlaanderen"", ""Departement Omgeving"", ""DOV_PATHNAME@001#DOV:080#Grondverschuivingen:020#"", ""DOV_EXPERTISE@Bodem"", ""DOV_EXPERTISE@Geotechniek""], ""layer_name"": ""grndversch_gekarteerd"", ""description"": ""WMS-capabilities Gekarteerde grondverschuivingen"", ""service_type"": ""wms"", ""metadata_urls"": [""https://www.dov.vlaanderen.be/geonetwork#/metadata/5e1146a5-4f72-4e93-a71d-8297d3dfec6c"", ""https://www.dov.vlaanderen.be/geonetwork/srv/dut/csw?Service=CSW&Request=GetRecordById&Version=2.0.2&outputSchema=http://www.isotc211.org/2005/gmd&elementSetName=full&id=5e1146a5-4f72-4e93-a71d-8297d3dfec6c""]}",spatial-extractor,2026-06-21 18:31:40.912 +0300
650,https://www.dov.vlaanderen.be/geonetwork/srv/metadata/5e1146a5-4f72-4e93-a71d-8297d3dfec6c,https://www.dov.vlaanderen.be/geoserver/grondverschuivingen/wms?SERVICE=WMS&version=1.3.0&request=GetMap,,,"{""id"": ""9133"", ""bbox"": [2.7125489339757647, 50.70405644016369, 4.23772263154259, 50.92953378643767, ""CRS:84""], ""name"": ""grndversch_gekarteerd"", ""title"": ""Gekarteerde grondverschuivingen"", ""crs3857"": true, ""crs4326"": true, ""abstract"": ""De kaart bevat een zo volledig mogelijke inventaris van in het landschap waarneembare grondverschuivingen in een studiegebied gelegen ten westen van Brussel, in het zuiden van de provincies West-Vlaanderen, Oost-Vlaanderen en Vlaams-Brabant. Het betreft zowel zeer oude, in het landschap geïntegreerde grondverschuivingen van post-glaciale oorsprong als relatief jonge grondverschuivingen waarvan de initiatiedatum (soms bij benadering) gekend is. De 'jonge' grondverschuivingen kunnen ontstaan zijn binnen een grotere, oude grondverschuiving (local reactivering) of op een onaangetaste (niet in het verleden door grondverschuiving aangetaste) locatie. De meeste grondverschuivngen zijn nog steeds onderhevig aan beweging, zichtbaar aan bijvoorbeeld scheefgestelde bomen. De kartering van de grondverschuivingen gebeurde door een combinatie van terreinprospectie en analyse van schaduwkaarten die werden afgeleid van het digitaal hoogtemodel op basis van laserscanning of LIDAR (Light Detection and Ranging; OC GIS-Vlaanderen, 2005)."", ""keywords"": [""Gebieden met natuurrisico's"", ""ondergrond"", ""Regionaal"", ""Herbruikbaar"", ""Kosteloos"", ""Vlaamse Open data"", ""Toegevoegd GDI-Vl"", ""Metadata GDI-Vl-conform"", ""Metadata INSPIRE-conform"", ""DOV"", ""Vlaanderen"", ""Ondergrond"", ""Databank Ondergrond Vlaanderen"", ""Departement Omgeving"", ""DOV_PATHNAME@001#DOV:080#Grondverschuivingen:020#"", ""DOV_EXPERTISE@Bodem"", ""DOV_EXPERTISE@Geotechniek""], ""layer_name"": ""grndversch_gekarteerd"", ""description"": ""WMS-map Gekarteerde grondverschuivingen"", ""service_type"": ""wms"", ""metadata_urls"": [""https://www.dov.vlaanderen.be/geonetwork#/metadata/5e1146a5-4f72-4e93-a71d-8297d3dfec6c"", ""https://www.dov.vlaanderen.be/geonetwork/srv/dut/csw?Service=CSW&Request=GetRecordById&Version=2.0.2&outputSchema=http://www.isotc211.org/2005/gmd&elementSetName=full&id=5e1146a5-4f72-4e93-a71d-8297d3dfec6c""]}",spatial-extractor,2026-06-21 18:31:41.905 +0300
651,https://www.dov.vlaanderen.be/geonetwork/srv/metadata/5e1146a5-4f72-4e93-a71d-8297d3dfec6c,https://www.dov.vlaanderen.be/geoserver/grondverschuivingen/wms?,,,"{""id"": ""9134"", ""bbox"": [2.7125489339757647, 50.70405644016369, 4.23772263154259, 50.92953378643767, ""CRS:84""], ""name"": ""grndversch_gekarteerd"", ""title"": ""Gekarteerde grondverschuivingen"", ""crs3857"": true, ""crs4326"": true, ""abstract"": ""De kaart bevat een zo volledig mogelijke inventaris van in het landschap waarneembare grondverschuivingen in een studiegebied gelegen ten westen van Brussel, in het zuiden van de provincies West-Vlaanderen, Oost-Vlaanderen en Vlaams-Brabant. Het betreft zowel zeer oude, in het landschap geïntegreerde grondverschuivingen van post-glaciale oorsprong als relatief jonge grondverschuivingen waarvan de initiatiedatum (soms bij benadering) gekend is. De 'jonge' grondverschuivingen kunnen ontstaan zijn binnen een grotere, oude grondverschuiving (local reactivering) of op een onaangetaste (niet in het verleden door grondverschuiving aangetaste) locatie. De meeste grondverschuivngen zijn nog steeds onderhevig aan beweging, zichtbaar aan bijvoorbeeld scheefgestelde bomen. De kartering van de grondverschuivingen gebeurde door een combinatie van terreinprospectie en analyse van schaduwkaarten die werden afgeleid van het digitaal hoogtemodel op basis van laserscanning of LIDAR (Light Detection and Ranging; OC GIS-Vlaanderen, 2005)."", ""keywords"": [""Gebieden met natuurrisico's"", ""ondergrond"", ""Regionaal"", ""Herbruikbaar"", ""Kosteloos"", ""Vlaamse Open data"", ""Toegevoegd GDI-Vl"", ""Metadata GDI-Vl-conform"", ""Metadata INSPIRE-conform"", ""DOV"", ""Vlaanderen"", ""Ondergrond"", ""Databank Ondergrond Vlaanderen"", ""Departement Omgeving"", ""DOV_PATHNAME@001#DOV:080#Grondverschuivingen:020#"", ""DOV_EXPERTISE@Bodem"", ""DOV_EXPERTISE@Geotechniek""], ""layer_name"": ""grndversch_gekarteerd"", ""description"": ""WMS-endpoint Gekarteerde grondverschuivingen"", ""service_type"": ""wms"", ""metadata_urls"": [""https://www.dov.vlaanderen.be/geonetwork#/metadata/5e1146a5-4f72-4e93-a71d-8297d3dfec6c"", ""https://www.dov.vlaanderen.be/geonetwork/srv/dut/csw?Service=CSW&Request=GetRecordById&Version=2.0.2&outputSchema=http://www.isotc211.org/2005/gmd&elementSetName=full&id=5e1146a5-4f72-4e93-a71d-8297d3dfec6c""]}",spatial-extractor,2026-06-21 18:31:42.851 +0300
652,https://www.dov.vlaanderen.be/geonetwork/srv/metadata/5e1146a5-4f72-4e93-a71d-8297d3dfec6c,https://www.dov.vlaanderen.be/geoserver/grondverschuivingen/wfs?SERVICE=WFS&version=2.0.0&request=GetFeature&count=1&typeName=grndversch_gekarteerd,,,"{""id"": ""9135"", ""bbox"": null, ""name"": ""grndversch_gekarteerd"", ""title"": null, ""schema"": null, ""crs3857"": false, ""crs4326"": false, ""abstract"": null, ""keywords"": [], ""layer_name"": null, ""description"": ""WFS-feature Gekarteerde grondverschuivingen"", ""service_type"": ""wfs"", ""metadata_urls"": []}",spatial-extractor,2026-06-21 18:31:43.423 +0300
653,0d096f9b-ba14-4801-b395-634f0c8c9e25,https://io.apps.fao.org/geoserver/wms/FAOSTAT/DROSA_A/v2?service=WMS&version=1.3.0&request=GetCapabilities,,,"{""error"": null}",spatial-extractor,2026-06-21 18:31:44.799 +0300
654,5154e6e4-5a2d-4a7b-b0a4-9b18e3ef40c0,https://io.apps.fao.org/geoserver/wms/WATER/MNG1_ETINCR/v2?service=WMS&version=1.3.0&request=GetCapabilities,,,"{""error"": null}",spatial-extractor,2026-06-21 18:31:45.623 +0300
655,33a2e642-57ec-4827-89c5-a240f706c4c8,https://io.apps.fao.org/geoserver/wms/WATER/LBN_LIT_BF/v2?request=GetCapabilities&service=WMS&version=1.1.1,,,"{""error"": null}",spatial-extractor,2026-06-21 18:31:46.448 +0300
656,0dd36219-902b-4771-8062-eda528a183bd,https://io.apps.fao.org/geoserver/wms/WATER/K4_TF/v2?service=WMS&version=1.3.0&request=GetCapabilities,,,"{""error"": null}",spatial-extractor,2026-06-21 18:31:47.517 +0300
657,1feedb4a-90e4-4edd-b105-970b1c4bf12f,https://io.apps.fao.org/geoserver/wms/WATER/K3_E/v2?service=WMS&version=1.3.0&request=GetCapabilities,,,"{""error"": null}",spatial-extractor,2026-06-21 18:31:48.420 +0300
658,500e7063-e828-4e82-b533-91c80a010817,http://mapy.geology.cz/arcgis/services/Pudy/pudni_typy50/MapServer/WmsServer,,,"{""error"": null}",spatial-extractor,2026-06-21 18:31:49.361 +0300
659,57873d25-73c4-46eb-a4da-3fdfc0a80153,http://geoportal.gov.cz/arcgis/services/projekty/NIKM/MapServer/WmsServer?SERVICE=WMS&REQUEST=GetCapabilities,,,"{""error"": null}",spatial-extractor,2026-06-21 18:31:49.753 +0300
660,2c3d7b4a-f070-43ce-af4f-ba36b15cea18,https://io.apps.fao.org/geoserver/wms/WATER/K4_SUPPLY/v2?service=WMS&version=1.3.0&request=GetCapabilities,,,"{""error"": null}",spatial-extractor,2026-06-21 18:31:57.393 +0300
661,36610498-8286-4c46-80dd-9314417149b6,https://io.apps.fao.org/geoserver/wms/WAPOR_2/L3_BKA_E_A/v2?service=WMS&version=1.3.0&request=GetCapabilities,,,"{""error"": null}",spatial-extractor,2026-06-21 18:31:58.484 +0300
662,1c6e3219-5525-4862-8a31-6221418595b6,https://io.apps.fao.org/geoserver/wms/WAPOR_2/L3_ZAN_E_A/v2?service=WMS&version=1.3.0&request=GetCapabilities,,,"{""error"": null}",spatial-extractor,2026-06-21 18:31:59.302 +0300
663,23682345-53fb-461c-bad5-a9bbc557ef6a,https://data.apps.fao.org/map/gsrv/gsrv1/geonetwork/wms,,,"{""id"": ""9241"", ""bbox"": null, ""name"": ""geonetwork:climaf_suitweight_dif_fut35his95_12crops_47958"", ""title"": null, ""crs3857"": false, ""crs4326"": false, ""abstract"": null, ""keywords"": [], ""layer_name"": null, ""description"": ""Suitability index changes between the historical (1981-2010) and the future period (2021-2050)"", ""service_type"": ""wms"", ""metadata_urls"": []}",spatial-extractor,2026-06-21 18:32:00.266 +0300
664,71b57dbf-6eee-4fec-91d9-506d7f5cd83d,https://io.apps.fao.org/geoserver/wms/WAPOR_2/L3_KOG_AETI_A/v2?service=WMS&version=1.3.0&request=GetCapabilities,,,"{""error"": null}",spatial-extractor,2026-06-21 18:32:01.241 +0300
665,c2117b80-88fd-11da-a88f-000d939bc5d8,https://data.apps.fao.org/map/gsrv/gsrv1/geonetwork/wms?styles=geonetwork_small_sl_3801_style,,,"{""id"": ""9258"", ""bbox"": null, ""name"": ""geonetwork:small_sl_3801"", ""title"": null, ""crs3857"": false, ""crs4326"": false, ""abstract"": null, ""keywords"": [], ""layer_name"": null, ""description"": ""Suitability for small-scale fish farming"", ""service_type"": ""wms"", ""metadata_urls"": []}",spatial-extractor,2026-06-21 18:32:02.355 +0300
666,Szén---készlet-1992,https://maps.rissac.hu:6443/arcgis/services/dosoremi_web_mercator2/MapServer/WMSServer,,,"{""error"": ""Could not open file with GDAL (unsupported format or inaccessible)""}",spatial-extractor,2026-06-21 18:32:03.327 +0300
667,c4bf8480-88fd-11da-a88f-000d939bc5d8,https://data.apps.fao.org/map/gsrv/gsrv1/geonetwork/wms?styles=geonetwork_comerc_3802_style,,,"{""id"": ""9268"", ""bbox"": null, ""name"": ""geonetwork:comerc_3802"", ""title"": null, ""crs3857"": false, ""crs4326"": false, ""abstract"": null, ""keywords"": [], ""layer_name"": null, ""description"": ""Suitability for commercial fish farming"", ""service_type"": ""wms"", ""metadata_urls"": []}",spatial-extractor,2026-06-21 18:32:04.624 +0300
668,f37ea2a0-e2a5-4a54-932e-51395e172207,https://io.apps.fao.org/geoserver/wms/GAEZ_V4/LR_AEZ_V9V2/v2?service=WMS&version=1.3.0&request=GetCapabilities,,,"{""error"": null}",spatial-extractor,2026-06-21 18:32:05.588 +0300
669,f49efe0a-7a54-4c6e-8e91-1166bd210ce8,https://io.apps.fao.org/geoserver/wms/WATER/LBN_LIT_SUPPLY/v2?request=GetCapabilities&service=WMS&version=1.1.1,,,"{""error"": null}",spatial-extractor,2026-06-21 18:32:06.383 +0300
670,b8d49228-2a40-42ab-a9d7-4f526f43c894,https://io.apps.fao.org/geoserver/wms,,,"{""error"": null}",spatial-extractor,2026-06-21 18:32:07.201 +0300
671,f58ca6b0-88fd-11da-a88f-000d939bc5d8,https://data.apps.fao.org/map/gsrv/gsrv1/geonetwork/wms?styles=geonetwork_wrl_mcli_12246_style,,,"{""id"": ""9291"", ""bbox"": null, ""name"": ""geonetwork:wrl_mcli_12246"", ""title"": null, ""crs3857"": false, ""crs4326"": false, ""abstract"": null, ""keywords"": [], ""layer_name"": null, ""description"": ""Major Climates of the Developing World"", ""service_type"": ""wms"", ""metadata_urls"": []}",spatial-extractor,2026-06-21 18:32:07.998 +0300
672,f58ef0a0-88fd-11da-a88f-000d939bc5d8,https://data.apps.fao.org/map/gsrv/gsrv1/geonetwork/wms?styles=geonetwork_wrldlgp_12247_style,,,"{""id"": ""9293"", ""bbox"": null, ""name"": ""geonetwork:wrldlgp_12247"", ""title"": null, ""crs3857"": false, ""crs4326"": false, ""abstract"": null, ""keywords"": [], ""layer_name"": null, ""description"": ""Lengths Growing Period Zones in Developing World"", ""service_type"": ""wms"", ""metadata_urls"": []}",spatial-extractor,2026-06-21 18:32:09.139 +0300
673,fdaa1c19-6c25-44e7-a2d8-2b3441645258,https://io.apps.fao.org/geoserver/wms/WATER/NILE_ETINCR/v2?request=GetCapabilities&service=WMS&version=1.1.1,,,"{""error"": null}",spatial-extractor,2026-06-21 18:32:10.091 +0300
674,0083642f-36bd-465f-8e32-3859649ad9b4,https://io.apps.fao.org/geoserver/wms/WAPOR_2/L3_LAM_E_A/v2?service=WMS&version=1.3.0&request=GetCapabilities,,,"{""error"": null}",spatial-extractor,2026-06-21 18:32:11.054 +0300
675,a5aa3c6c-44a7-47dc-af17-fd411debec43,https://io.apps.fao.org/geoserver/wms/WAPOR_2/L3_LAM_AETI_M/v2?service=WMS&version=1.3.0&request=GetCapabilities,,,"{""error"": null}",spatial-extractor,2026-06-21 18:32:11.844 +0300
676,92eddf95-845b-441c-813b-8d9f3635b595,https://io.apps.fao.org/geoserver/wms/WAPOR_2/L3_AWA_AETI_A/v2?service=WMS&version=1.3.0&request=GetCapabilities,,,"{""error"": null}",spatial-extractor,2026-06-21 18:32:12.690 +0300
677,8b9b7150-cc76-4f5f-8364-3612466f6500,https://io.apps.fao.org/geoserver/wms/WAPOR_2/L3_ZAN_AETI_A/v2?service=WMS&version=1.3.0&request=GetCapabilities,,,"{""error"": null}",spatial-extractor,2026-06-21 18:32:13.607 +0300
678,ae34227a-c4ac-46c7-8b19-e3204d633aeb,https://io.apps.fao.org/geoserver/wms/WAPOR_2/L3_GEZ_AETI_A/v2?service=WMS&version=1.3.0&request=GetCapabilities,,,"{""error"": null}",spatial-extractor,2026-06-21 18:32:14.469 +0300
679,218fabef-22b3-4aed-baaa-14c03a863de7,https://io.apps.fao.org/geoserver/wms/WAPOR_2/L1_AETI_A/v2?service=WMS&version=1.3.0&request=GetCapabilities,,,"{""error"": null}",spatial-extractor,2026-06-21 18:32:15.426 +0300
680,daf2a070-ee5b-422d-8950-8f5267949cee,https://io.apps.fao.org/geoserver/wms/WAPOR_2/L1_AETI_D/v2?service=WMS&version=1.3.0&request=GetCapabilities,,,"{""error"": null}",spatial-extractor,2026-06-21 18:32:16.241 +0300
681,24387b26-833f-4048-b936-5a92543bea89,https://io.apps.fao.org/geoserver/wms/WAPOR_2/L3_MUV_AETI_D/v2?service=WMS&version=1.3.0&request=GetCapabilities,,,"{""error"": null}",spatial-extractor,2026-06-21 18:32:17.146 +0300
682,6f2cefd7-00a2-4cc0-982b-f4f56a9fc6ab,https://io.apps.fao.org/geoserver/wms/WAPOR_2/L3_LAK_E_A/v2?service=WMS&version=1.3.0&request=GetCapabilities,,,"{""error"": null}",spatial-extractor,2026-06-21 18:32:18.025 +0300
683,c4d6f482-7e10-4c70-95c6-13bee0c0a939,https://io.apps.fao.org/geoserver/wms/WAPOR_2/L3_ZAN_AETI_M/v2?service=WMS&version=1.3.0&request=GetCapabilities,,,"{""error"": null}",spatial-extractor,2026-06-21 18:32:18.958 +0300
684,10317e57-8a2c-4f8b-b6ec-28c36841b508,https://io.apps.fao.org/geoserver/wms/WAPOR_2/L3_YAN_E_A/v2?service=WMS&version=1.3.0&request=GetCapabilities,,,"{""error"": null}",spatial-extractor,2026-06-21 18:32:19.987 +0300
685,2df7ab30-4d0f-4794-bd54-5aa11b7ceecc,https://io.apps.fao.org/geoserver/wms/WAPOR_2/L3_BKA_AETI_M/v2?service=WMS&version=1.3.0&request=GetCapabilities,,,"{""error"": null}",spatial-extractor,2026-06-21 18:32:20.794 +0300
686,bc217c59-6a09-4f72-a4e2-792d8b02623e,https://io.apps.fao.org/geoserver/wms/WAPOR_2/L3_BKA_AETI_A/v2?service=WMS&version=1.3.0&request=GetCapabilities,,,"{""error"": null}",spatial-extractor,2026-06-21 18:32:21.690 +0300
687,aaab57df-1782-40e2-8605-e7df01426246,https://io.apps.fao.org/geoserver/wms/WAPOR_2/L3_AWA_AETI_D/v2?service=WMS&version=1.3.0&request=GetCapabilities,,,"{""error"": null}",spatial-extractor,2026-06-21 18:32:22.493 +0300
688,2660727e-3d92-4215-b3ce-dfcde880afe8,https://io.apps.fao.org/geoserver/wms/WAPOR_2/L3_BUS_AETI_D/v2?service=WMS&version=1.3.0&request=GetCapabilities,,,"{""error"": null}",spatial-extractor,2026-06-21 18:32:23.447 +0300
689,d01fbd92-6063-4172-94f2-96c871d28b72,https://io.apps.fao.org/geoserver/wms/WAPOR_2/L3_GEZ_AETI_D/v2?service=WMS&version=1.3.0&request=GetCapabilities,,,"{""error"": null}",spatial-extractor,2026-06-21 18:32:24.254 +0300
690,e40c09bf-584f-4966-b592-22f1a449d3ac,https://io.apps.fao.org/geoserver/wms/WAPOR_2/L3_BUS_AETI_A/v2?service=WMS&version=1.3.0&request=GetCapabilities,,,"{""error"": null}",spatial-extractor,2026-06-21 18:32:25.049 +0300
691,f25ddb56-a592-4dbb-bbbb-163091fe2abe,https://io.apps.fao.org/geoserver/wms/WAPOR_2/L3_ODN_AETI_A/v2?service=WMS&version=1.3.0&request=GetCapabilities,,,"{""error"": null}",spatial-extractor,2026-06-21 18:32:26.031 +0300
692,bc3eade1-ec8d-4ec4-8de8-a294dfd069f6,https://io.apps.fao.org/geoserver/wms/WAPOR_2/L3_LAK_AETI_D/v2?service=WMS&version=1.3.0&request=GetCapabilities,,,"{""error"": null}",spatial-extractor,2026-06-21 18:32:26.879 +0300
693,4c84d2a4-1b62-4a56-9fc4-6e81ed701824,https://io.apps.fao.org/geoserver/wms/WAPOR_2/L3_KOG_AETI_M/v2?service=WMS&version=1.3.0&request=GetCapabilities,,,"{""error"": null}",spatial-extractor,2026-06-21 18:32:27.821 +0300
694,https://www.dov.vlaanderen.be/geonetwork/srv/metadata/3f507fd9-24c0-40ab-9328-29f0dff571fe,https://www.dov.vlaanderen.be/geoserver/bodem/wfs?,,,"{""error"": null}",spatial-extractor,2026-06-21 18:32:28.627 +0300
1008,5c129f2d-4498-4bc3-8860-01cb2d513f8f,https://www.dov.vlaanderen.be/geoserver/bodemkaart/wms?SERVICE=WMS&version=1.3.0&request=GetMap,,,"{""id"": ""47577"", ""bbox"": [2.5285590909401936, 50.67393051415159, 5.935371601406674, 51.50548166406281, ""CRS:84""], ""name"": ""bodemtypes"", ""title"": ""Digitale bodemkaart van het Vlaams Gewest: bodemtypes"", ""crs3857"": true, ""crs4326"": true, ""abstract"": ""https://www.dov.vlaanderen.be/page/bodemkaarten\r\nDigitale vectoriële dataset van de analoge Bodemkaart van België voor het grondgebied van Vlaanderen.\r\nAlle kaartelementen van de analoge kaarten (gepubliceerd op kaartschaal 1: 20 000) zijn zorgvuldig manueel gedigitaliseerd en voorzien van een code, overeenkomstig het gebruikte classificatiesysteem: morfogenetisch voor binnen-Vlaanderen (substraat, textuurklasse, drainageklasse, profielontwikkelingsgroep, fase en variante) en geomorfologisch voor de Kuststreek (substraat, serie, subserie, type, subtype en variante).\r\nDe digitale versie van de bodemkaart is vrijwel systematisch gecontroleerd t.o.v. de analoge bodemkaarten. De polygonen werden ingekleurd zoals op de analoge bodemkaart. Waar beschikbaar zijn voor elk bodemtype de algemene kenmerken  (Van Ranst E. en Sys C., 2000) en foto's van een representatief bodemprofiel en representatieve omgevingen weergegeven. Tenslotte bestaat voor elke polygoon de mogelijkheid om de scan van het analoge bodemkaartblad, het toelichtingsboekje en de basiskaarten op schaal 1:5000 op te roepen.\r\nDeze dataset is omwille van de visualisatie onderverdeeld in 5 kaartlagen bij publicatie in de bodemverkenner: bodemtypes, substraten, fasen, varianten van het moedermateriaal en de profielontwikkeling. De kaartlaag met de bodemtypes bevat ook al de attributen van de andere kaartlagen. De bodemkaart werd in juni 2017 geupdate met enkele militaire domeinen en een unibodemtype voor de classficatie van de zeepolders en verschillende fouten werden verbeterd."", ""keywords"": [""Bodem"", ""ondergrond"", ""bodemkaart"", ""bodemtextuur"", ""bodemprofiel"", ""Regionaal"", ""Herbruikbaar"", ""Kosteloos"", ""Vlaamse Open data"", ""Toegevoegd GDI-Vl"", ""Metadata GDI-Vl-conform"", ""Metadata INSPIRE-conform"", ""DOV"", ""Vlaanderen"", ""Ondergrond"", ""Databank Ondergrond Vlaanderen"", ""Departement Omgeving"", ""VARIANTE VAN HET MOEDERMATERIAAL"", ""VARIANTE VAN DE PROFIELONTWIKKELING"", ""LANDBOUWSTREEK"", ""GEOMORFOLOGISCHE"", ""MORFOGENETISCH"", ""KUSTSTREEK"", ""BODEMTYPE"", ""DOV_PATHNAME@001#DOV:010#Bodem:020#Bodemkaarten:020#Bodemkaart (1/20.000):010#"", ""DOV_EXPERTISE@Bodem"", ""DOV_EXPERTISE@Delfstoffen"", ""DOV_EXPERTISE@Freatisch grondwater"", ""DOV_EXPERTISE@CTE"", ""DOV_EXPERTISE@Bodemverontreiniging""], ""layer_name"": ""bodemtypes"", ""description"": ""WMS-map Digitale bodemkaart van het Vlaams Gewest: bodemtypes"", ""service_type"": ""wms"", ""metadata_urls"": [""https://www.dov.vlaanderen.be/geonetwork#/metadata/a1547a01-b9fc-40fa-a2eb-009a39c02c7b"", ""https://www.dov.vlaanderen.be/geonetwork/srv/dut/csw?Service=CSW&Request=GetRecordById&Version=2.0.2&outputSchema=http://www.isotc211.org/2005/gmd&elementSetName=full&id=a1547a01-b9fc-40fa-a2eb-009a39c02c7b""]}",spatial-extractor,2026-06-21 18:41:32.382 +0300
696,https://www.dov.vlaanderen.be/geonetwork/srv/metadata/3f507fd9-24c0-40ab-9328-29f0dff571fe,https://www.dov.vlaanderen.be/geoserver/bodem/wms?SERVICE=WMS&version=1.3.0&request=GetMap,,,"{""id"": ""9463"", ""bbox"": [2.5510946173653575, 50.52759259442094, 5.868244646565843, 51.45249900318474, ""CRS:84""], ""name"": ""bodemlocaties"", ""title"": ""Bodemlocaties"", ""crs3857"": true, ""crs4326"": true, ""abstract"": ""Een bodemlocatie is ofwel een profielput of een boring. Een boring is altijd één puntlocatie (x,y,z) en een profielput heeft minimum één en maximum twee puntlocaties (begin- en eindpunt van de profielput). \r\nEen profielput is een uitgegraven put in de bodem waarin profielbeschrijvingen, monsternames of bodemobservaties worden uitgevoerd. Een profielbeschrijving is een waarneming van bodemhorizonten en/of bodemlagen in een uitgegraven profielput. Een bodemhorizont is een visueel te onderscheiden deel van de bodem dat ontstaan is door omzetting van het moedermateriaal door pedogenetische processen of door het afzetten van organisch materiaal. Een bodemhorizont heeft voor de meeste bodemvariabelen homogene morfologische en analytische karakteristieken. Een bodemlaag daarentegen is ontstaan door niet-pedogenetische processen. Aan de hand van een profielput krijg je een beeld van de bodemkundige opbouw.\r\nEen boring is het resultaat van het boren in de ondergrond met verwijdering van bodem door middel van een gereedschap in de vorm van een holle buis. Aan de hand van dit opgeboorde bodemmateriaal worden bodembeschrijvingen, bodemobservaties en monsternames uitgevoerd.\r\nDe bodemlocaties uit de 'Aardewerk-Vlaanderen-2010' databank worden afzonderlijk ontsloten in de datasets 'Bodemprofielen kartering Belgische bodemkaart' en 'Oppervlaktemonsters kartering Belgische bodemkaart'."", ""keywords"": [""Bodem"", ""Bodemgebruik"", ""ondergrond"", ""bodemkaart"", ""bodemtextuur"", ""bodemprofiel"", ""bodemanalyse"", ""bodembiologie"", ""bodemchemie"", ""bodemkunde"", ""bodemkunde"", ""bodemlaag"", ""bodemproces"", ""bodemstructuur"", ""bodemvorming"", ""bodemdaling"", ""bodemdegradatie"", ""bodemerosie"", ""bodemfunctie"", ""bodemgebruik"", ""bodemgesteldheid"", ""bodemkwaliteit"", ""bodemlucht"", ""bodemorganisme"", ""bodemverdichting"", ""bodemverzuring"", ""bodemvocht"", ""bodemvochthuishouding"", ""bodemvruchtbaarheid"", ""doorsijpeling van water in de bodem"", ""Regionaal"", ""Herbruikbaar"", ""Kosteloos"", ""Vlaamse Open data"", ""Toegevoegd GDI-Vl"", ""Metadata GDI-Vl-conform"", ""Metadata INSPIRE-conform"", ""DOV"", ""Vlaanderen"", ""Ondergrond"", ""Databank Ondergrond Vlaanderen"", ""Departement Omgeving"", ""Profielput"", ""Bodemprofielgegevens"", ""DOV_PATHNAME@001#DOV:010#Bodem:010#Bodemdata:020#"", ""DOV_EXPERTISE@Bodem"", ""DOV_EXPERTISE@Delfstoffen""], ""layer_name"": ""bodemlocaties"", ""description"": ""WMS-map Bodemlocaties"", ""service_type"": ""wms"", ""metadata_urls"": [""https://www.dov.vlaanderen.be/geonetwork#/metadata/3f507fd9-24c0-40ab-9328-29f0dff571fe"", ""https://www.dov.vlaanderen.be/geonetwork/srv/dut/csw?Service=CSW&Request=GetRecordById&Version=2.0.2&outputSchema=http://www.isotc211.org/2005/gmd&elementSetName=full&id=3f507fd9-24c0-40ab-9328-29f0dff571fe""]}",spatial-extractor,2026-06-21 18:32:33.361 +0300
697,https://www.dov.vlaanderen.be/geonetwork/srv/metadata/3f507fd9-24c0-40ab-9328-29f0dff571fe,https://www.dov.vlaanderen.be/geoserver/bodem/wms?,,,"{""id"": ""9464"", ""bbox"": [2.5510946173653575, 50.52759259442094, 5.868244646565843, 51.45249900318474, ""CRS:84""], ""name"": ""bodemlocaties"", ""title"": ""Bodemlocaties"", ""crs3857"": true, ""crs4326"": true, ""abstract"": ""Een bodemlocatie is ofwel een profielput of een boring. Een boring is altijd één puntlocatie (x,y,z) en een profielput heeft minimum één en maximum twee puntlocaties (begin- en eindpunt van de profielput). \r\nEen profielput is een uitgegraven put in de bodem waarin profielbeschrijvingen, monsternames of bodemobservaties worden uitgevoerd. Een profielbeschrijving is een waarneming van bodemhorizonten en/of bodemlagen in een uitgegraven profielput. Een bodemhorizont is een visueel te onderscheiden deel van de bodem dat ontstaan is door omzetting van het moedermateriaal door pedogenetische processen of door het afzetten van organisch materiaal. Een bodemhorizont heeft voor de meeste bodemvariabelen homogene morfologische en analytische karakteristieken. Een bodemlaag daarentegen is ontstaan door niet-pedogenetische processen. Aan de hand van een profielput krijg je een beeld van de bodemkundige opbouw.\r\nEen boring is het resultaat van het boren in de ondergrond met verwijdering van bodem door middel van een gereedschap in de vorm van een holle buis. Aan de hand van dit opgeboorde bodemmateriaal worden bodembeschrijvingen, bodemobservaties en monsternames uitgevoerd.\r\nDe bodemlocaties uit de 'Aardewerk-Vlaanderen-2010' databank worden afzonderlijk ontsloten in de datasets 'Bodemprofielen kartering Belgische bodemkaart' en 'Oppervlaktemonsters kartering Belgische bodemkaart'."", ""keywords"": [""Bodem"", ""Bodemgebruik"", ""ondergrond"", ""bodemkaart"", ""bodemtextuur"", ""bodemprofiel"", ""bodemanalyse"", ""bodembiologie"", ""bodemchemie"", ""bodemkunde"", ""bodemkunde"", ""bodemlaag"", ""bodemproces"", ""bodemstructuur"", ""bodemvorming"", ""bodemdaling"", ""bodemdegradatie"", ""bodemerosie"", ""bodemfunctie"", ""bodemgebruik"", ""bodemgesteldheid"", ""bodemkwaliteit"", ""bodemlucht"", ""bodemorganisme"", ""bodemverdichting"", ""bodemverzuring"", ""bodemvocht"", ""bodemvochthuishouding"", ""bodemvruchtbaarheid"", ""doorsijpeling van water in de bodem"", ""Regionaal"", ""Herbruikbaar"", ""Kosteloos"", ""Vlaamse Open data"", ""Toegevoegd GDI-Vl"", ""Metadata GDI-Vl-conform"", ""Metadata INSPIRE-conform"", ""DOV"", ""Vlaanderen"", ""Ondergrond"", ""Databank Ondergrond Vlaanderen"", ""Departement Omgeving"", ""Profielput"", ""Bodemprofielgegevens"", ""DOV_PATHNAME@001#DOV:010#Bodem:010#Bodemdata:020#"", ""DOV_EXPERTISE@Bodem"", ""DOV_EXPERTISE@Delfstoffen""], ""layer_name"": ""bodemlocaties"", ""description"": ""WMS-endpoint Bodemlocaties"", ""service_type"": ""wms"", ""metadata_urls"": [""https://www.dov.vlaanderen.be/geonetwork#/metadata/3f507fd9-24c0-40ab-9328-29f0dff571fe"", ""https://www.dov.vlaanderen.be/geonetwork/srv/dut/csw?Service=CSW&Request=GetRecordById&Version=2.0.2&outputSchema=http://www.isotc211.org/2005/gmd&elementSetName=full&id=3f507fd9-24c0-40ab-9328-29f0dff571fe""]}",spatial-extractor,2026-06-21 18:32:34.636 +0300
698,https://www.dov.vlaanderen.be/geonetwork/srv/metadata/bf8c35ad-ab45-4084-b1e1-3042c66204aa,https://www.dov.vlaanderen.be/geoserver/organische_koolstof/wms?SERVICE=WMS&version=1.3.0&request=GetCapabilities,,,"{""id"": ""9468"", ""bbox"": [2.523964636359352, 49.48428532976214, 6.458202921273839, 51.51446381540252, ""CRS:84""], ""name"": ""carbon_40"", ""title"": ""Soil Organic Carbon Stock Maps for Belgium: mean (40 m grid)"", ""crs3857"": true, ""crs4326"": true, ""abstract"": ""The Belgian soil organic carbon (SOC) stock map for topsoils (0-30 cm) at the resolution of 40m x 40m was composed of 2 regional SOC stock maps. For the regional maps a different approach was used for agricultural land as compared to forest. The maps are based on digital soil mapping approaches using empirical models calibrated to predict the SOC stock and using covariates that are available at a sufficient resolution at the regional scale. All maps are strongly dependent on the Belgian Soil Map (texture and drainage parameters). The regional maps were compiled at a fine resolution (10m x 10m grid cells for Flanders and 40m x 40m grid cells for Wallonia). Next they were joined (40m x 40m grid cells). The regional maps for Flanders were scaled up tot the 40m x 40m grid of Wallonia.  \r\nGiven the different origin of the individual maps, the uncertainty varies between maps. For instance, a map of the 90% confidence interval of the SOC stocks was produced for agricultural soils in Wallonia based on a Monte Carlo Approach taking into account both the measurement and the model uncertainties. For Flemish forest soils, spatial and analytical uncertainties were taken into account using bootstrapping techniques. For Flemish agricultural soils, the uncertainty reported is the model uncertainty on point estimates for each data point, in which the estimated model parameters are simulated 1000 times as being independent normal distributed variables using their model estimation and standard error as distribution parameters. No additional uncertainty is taken into account for the conversion functions that use the stochastic variables \""bulk density\"". The metadata are available and allow assessing the uncertainties of the stock estimates in the different component maps.\r\nThe SOC stock map (resolution of 40m x 40m) is the first comprehensive map for Belgium integrating grasslands, croplands and forests. Based on this map another SOC stock map at a resolution of 1km x 1km in the coordinate reference system WGS84 was created."", ""keywords"": [""Bodem"", ""ondergrond"", ""landbouw"", ""koolstof"", ""totaal aan organische koolstof"", ""grasland"", ""akker"", ""bos"", ""bos"", ""Regionaal"", ""Herbruikbaar"", ""Kosteloos"", ""Vlaamse Open data"", ""Toegevoegd GDI-Vl"", ""Metadata GDI-Vl-conform"", ""Metadata INSPIRE-conform"", ""Lijst M&R INSPIRE"", ""DOV"", ""Vlaanderen"", ""Ondergrond"", ""Databank Ondergrond Vlaanderen"", ""Departement Omgeving"", ""Aardobservatie en milieu"", ""Bodem"", ""HVD"", ""DOV_EXPERTISE@Bodem""], ""layer_name"": ""carbon_40"", ""description"": ""WMS-capabilities Soil Organic Carbon Stock Maps for Belgium: mean (40 m grid)"", ""service_type"": ""wms"", ""metadata_urls"": [""https://www.dov.vlaanderen.be/geonetwork#/metadata/bf8c35ad-ab45-4084-b1e1-3042c66204aa"", ""https://www.dov.vlaanderen.be/geonetwork/srv/dut/csw?Service=CSW&Request=GetRecordById&Version=2.0.2&outputSchema=http://www.isotc211.org/2005/gmd&elementSetName=full&id=bf8c35ad-ab45-4084-b1e1-3042c66204aa""]}",spatial-extractor,2026-06-21 18:32:37.455 +0300
699,https://www.dov.vlaanderen.be/geonetwork/srv/metadata/bf8c35ad-ab45-4084-b1e1-3042c66204aa,https://www.dov.vlaanderen.be/geoserver/organische_koolstof/wms?SERVICE=WMS&version=1.3.0&request=GetMap,,,"{""id"": ""9470"", ""bbox"": [2.523964636359352, 49.48428532976214, 6.458202921273839, 51.51446381540252, ""CRS:84""], ""name"": ""carbon_40"", ""title"": ""Soil Organic Carbon Stock Maps for Belgium: mean (40 m grid)"", ""crs3857"": true, ""crs4326"": true, ""abstract"": ""The Belgian soil organic carbon (SOC) stock map for topsoils (0-30 cm) at the resolution of 40m x 40m was composed of 2 regional SOC stock maps. For the regional maps a different approach was used for agricultural land as compared to forest. The maps are based on digital soil mapping approaches using empirical models calibrated to predict the SOC stock and using covariates that are available at a sufficient resolution at the regional scale. All maps are strongly dependent on the Belgian Soil Map (texture and drainage parameters). The regional maps were compiled at a fine resolution (10m x 10m grid cells for Flanders and 40m x 40m grid cells for Wallonia). Next they were joined (40m x 40m grid cells). The regional maps for Flanders were scaled up tot the 40m x 40m grid of Wallonia.  \r\nGiven the different origin of the individual maps, the uncertainty varies between maps. For instance, a map of the 90% confidence interval of the SOC stocks was produced for agricultural soils in Wallonia based on a Monte Carlo Approach taking into account both the measurement and the model uncertainties. For Flemish forest soils, spatial and analytical uncertainties were taken into account using bootstrapping techniques. For Flemish agricultural soils, the uncertainty reported is the model uncertainty on point estimates for each data point, in which the estimated model parameters are simulated 1000 times as being independent normal distributed variables using their model estimation and standard error as distribution parameters. No additional uncertainty is taken into account for the conversion functions that use the stochastic variables \""bulk density\"". The metadata are available and allow assessing the uncertainties of the stock estimates in the different component maps.\r\nThe SOC stock map (resolution of 40m x 40m) is the first comprehensive map for Belgium integrating grasslands, croplands and forests. Based on this map another SOC stock map at a resolution of 1km x 1km in the coordinate reference system WGS84 was created."", ""keywords"": [""Bodem"", ""ondergrond"", ""landbouw"", ""koolstof"", ""totaal aan organische koolstof"", ""grasland"", ""akker"", ""bos"", ""bos"", ""Regionaal"", ""Herbruikbaar"", ""Kosteloos"", ""Vlaamse Open data"", ""Toegevoegd GDI-Vl"", ""Metadata GDI-Vl-conform"", ""Metadata INSPIRE-conform"", ""Lijst M&R INSPIRE"", ""DOV"", ""Vlaanderen"", ""Ondergrond"", ""Databank Ondergrond Vlaanderen"", ""Departement Omgeving"", ""Aardobservatie en milieu"", ""Bodem"", ""HVD"", ""DOV_EXPERTISE@Bodem""], ""layer_name"": ""carbon_40"", ""description"": ""WMS-map Soil Organic Carbon Stock Maps for Belgium: mean (40 m grid)"", ""service_type"": ""wms"", ""metadata_urls"": [""https://www.dov.vlaanderen.be/geonetwork#/metadata/bf8c35ad-ab45-4084-b1e1-3042c66204aa"", ""https://www.dov.vlaanderen.be/geonetwork/srv/dut/csw?Service=CSW&Request=GetRecordById&Version=2.0.2&outputSchema=http://www.isotc211.org/2005/gmd&elementSetName=full&id=bf8c35ad-ab45-4084-b1e1-3042c66204aa""]}",spatial-extractor,2026-06-21 18:32:38.397 +0300
700,https://www.dov.vlaanderen.be/geonetwork/srv/metadata/bf8c35ad-ab45-4084-b1e1-3042c66204aa,https://www.dov.vlaanderen.be/geoserver/organische_koolstof/wms?,,,"{""id"": ""9471"", ""bbox"": [2.523964636359352, 49.48428532976214, 6.458202921273839, 51.51446381540252, ""CRS:84""], ""name"": ""carbon_40"", ""title"": ""Soil Organic Carbon Stock Maps for Belgium: mean (40 m grid)"", ""crs3857"": true, ""crs4326"": true, ""abstract"": ""The Belgian soil organic carbon (SOC) stock map for topsoils (0-30 cm) at the resolution of 40m x 40m was composed of 2 regional SOC stock maps. For the regional maps a different approach was used for agricultural land as compared to forest. The maps are based on digital soil mapping approaches using empirical models calibrated to predict the SOC stock and using covariates that are available at a sufficient resolution at the regional scale. All maps are strongly dependent on the Belgian Soil Map (texture and drainage parameters). The regional maps were compiled at a fine resolution (10m x 10m grid cells for Flanders and 40m x 40m grid cells for Wallonia). Next they were joined (40m x 40m grid cells). The regional maps for Flanders were scaled up tot the 40m x 40m grid of Wallonia.  \r\nGiven the different origin of the individual maps, the uncertainty varies between maps. For instance, a map of the 90% confidence interval of the SOC stocks was produced for agricultural soils in Wallonia based on a Monte Carlo Approach taking into account both the measurement and the model uncertainties. For Flemish forest soils, spatial and analytical uncertainties were taken into account using bootstrapping techniques. For Flemish agricultural soils, the uncertainty reported is the model uncertainty on point estimates for each data point, in which the estimated model parameters are simulated 1000 times as being independent normal distributed variables using their model estimation and standard error as distribution parameters. No additional uncertainty is taken into account for the conversion functions that use the stochastic variables \""bulk density\"". The metadata are available and allow assessing the uncertainties of the stock estimates in the different component maps.\r\nThe SOC stock map (resolution of 40m x 40m) is the first comprehensive map for Belgium integrating grasslands, croplands and forests. Based on this map another SOC stock map at a resolution of 1km x 1km in the coordinate reference system WGS84 was created."", ""keywords"": [""Bodem"", ""ondergrond"", ""landbouw"", ""koolstof"", ""totaal aan organische koolstof"", ""grasland"", ""akker"", ""bos"", ""bos"", ""Regionaal"", ""Herbruikbaar"", ""Kosteloos"", ""Vlaamse Open data"", ""Toegevoegd GDI-Vl"", ""Metadata GDI-Vl-conform"", ""Metadata INSPIRE-conform"", ""Lijst M&R INSPIRE"", ""DOV"", ""Vlaanderen"", ""Ondergrond"", ""Databank Ondergrond Vlaanderen"", ""Departement Omgeving"", ""Aardobservatie en milieu"", ""Bodem"", ""HVD"", ""DOV_EXPERTISE@Bodem""], ""layer_name"": ""carbon_40"", ""description"": ""WMS-endpoint Soil Organic Carbon Stock Maps for Belgium: mean (40 m grid)"", ""service_type"": ""wms"", ""metadata_urls"": [""https://www.dov.vlaanderen.be/geonetwork#/metadata/bf8c35ad-ab45-4084-b1e1-3042c66204aa"", ""https://www.dov.vlaanderen.be/geonetwork/srv/dut/csw?Service=CSW&Request=GetRecordById&Version=2.0.2&outputSchema=http://www.isotc211.org/2005/gmd&elementSetName=full&id=bf8c35ad-ab45-4084-b1e1-3042c66204aa""]}",spatial-extractor,2026-06-21 18:32:39.004 +0300
701,https://www.dov.vlaanderen.be/geonetwork/srv/metadata/bf8c35ad-ab45-4084-b1e1-3042c66204aa,https://www.dov.vlaanderen.be/geoserver/organische_koolstof/wcs?SERVICE=WCS&version=1.1.1&request=GetCapabilities,,,"{""id"": ""9472"", ""bbox"": null, ""name"": ""organische_koolstof:carbon_40"", ""title"": ""Soil Organic Carbon Stock Maps for Belgium: mean (40 m grid)"", ""abstract"": ""The Belgian soil organic carbon (SOC) stock map for topsoils (0-30 cm) at the resolution of 40m x 40m was composed of 2 regional SOC stock maps. For the regional maps a different approach was used for agricultural land as compared to forest. The maps are based on digital soil mapping approaches using empirical models calibrated to predict the SOC stock and using covariates that are available at a sufficient resolution at the regional scale. All maps are strongly dependent on the Belgian Soil Map (texture and drainage parameters). The regional maps were compiled at a fine resolution (10m x 10m grid cells for Flanders and 40m x 40m grid cells for Wallonia). Next they were joined (40m x 40m grid cells). The regional maps for Flanders were scaled up tot the 40m x 40m grid of Wallonia.  \r\nGiven the different origin of the individual maps, the uncertainty varies between maps. For instance, a map of the 90% confidence interval of the SOC stocks was produced for agricultural soils in Wallonia based on a Monte Carlo Approach taking into account both the measurement and the model uncertainties. For Flemish forest soils, spatial and analytical uncertainties were taken into account using bootstrapping techniques. For Flemish agricultural soils, the uncertainty reported is the model uncertainty on point estimates for each data point, in which the estimated model parameters are simulated 1000 times as being independent normal distributed variables using their model estimation and standard error as distribution parameters. No additional uncertainty is taken into account for the conversion functions that use the stochastic variables \""bulk density\"". The metadata are available and allow assessing the uncertainties of the stock estimates in the different component maps.\r\nThe SOC stock map (resolution of 40m x 40m) is the first comprehensive map for Belgium integrating grasslands, croplands and forests. Based on this map another SOC stock map at a resolution of 1km x 1km in the coordinate reference system WGS84 was created."", ""keywords"": [""Bodem"", ""ondergrond"", ""landbouw"", ""koolstof"", ""totaal aan organische koolstof"", ""grasland"", ""akker"", ""bos"", ""bos"", ""Regionaal"", ""Herbruikbaar"", ""Kosteloos"", ""Vlaamse Open data"", ""Toegevoegd GDI-Vl"", ""Metadata GDI-Vl-conform"", ""Metadata INSPIRE-conform"", ""Lijst M&R INSPIRE"", ""DOV"", ""Vlaanderen"", ""Ondergrond"", ""Databank Ondergrond Vlaanderen"", ""Departement Omgeving"", ""Aardobservatie en milieu"", ""Bodem"", ""HVD"", ""DOV_EXPERTISE@Bodem""], ""layer_name"": ""organische_koolstof:carbon_40"", ""description"": ""WCS-capabilities Soil Organic Carbon Stock Maps for Belgium: mean (40 m grid)"", ""service_type"": ""wcs"", ""metadata_urls"": []}",spatial-extractor,2026-06-21 18:32:40.287 +0300
702,https://www.dov.vlaanderen.be/geonetwork/srv/metadata/bf8c35ad-ab45-4084-b1e1-3042c66204aa,https://www.dov.vlaanderen.be/geoserver/organische_koolstof/wcs?SERVICE=WCS&version=1.1.1&request=GetCoverage,,,"{""id"": ""9473"", ""bbox"": null, ""name"": ""carbon_40"", ""title"": null, ""abstract"": null, ""keywords"": [], ""layer_name"": null, ""description"": ""WCS-coverage Soil Organic Carbon Stock Maps for Belgium: mean (40 m grid)"", ""service_type"": ""wcs"", ""metadata_urls"": []}",spatial-extractor,2026-06-21 18:32:41.327 +0300
703,https://www.dov.vlaanderen.be/geonetwork/srv/metadata/bf8c35ad-ab45-4084-b1e1-3042c66204aa,https://www.dov.vlaanderen.be/geoserver/organische_koolstof/wcs?,,,"{""error"": null}",spatial-extractor,2026-06-21 18:32:43.175 +0300
704,41b1ee89-328b-466e-8a1c-e5718043d07e,https://io.apps.fao.org/geoserver/wms/WAPOR_2/L3_ZAN_AETI_D/v2?service=WMS&version=1.3.0&request=GetCapabilities,,,"{""error"": null}",spatial-extractor,2026-06-21 18:32:45.769 +0300
705,91aa5400-28d1-4e8e-9fe6-4248b752dc9e,https://io.apps.fao.org/geoserver/wms/WAPOR_2/L3_LAK_AETI_M/v2?service=WMS&version=1.3.0&request=GetCapabilities,,,"{""error"": null}",spatial-extractor,2026-06-21 18:32:46.596 +0300
706,5ff59a5d-4892-4997-a32d-d78b2cd3c0d8,https://io.apps.fao.org/geoserver/wms/WAPOR_2/L3_MUV_AETI_M/v2?service=WMS&version=1.3.0&request=GetCapabilities,,,"{""error"": null}",spatial-extractor,2026-06-21 18:32:48.599 +0300
707,0d0093fa-15e4-4b6a-b7cc-3f3a56fad431,https://io.apps.fao.org/geoserver/wms/WATER/JOR_ETINCR/v2?request=GetCapabilities&service=WMS&version=1.1.1,,,"{""error"": null}",spatial-extractor,2026-06-21 18:32:49.400 +0300
708,0ac61c4f-84ee-465d-a6df-8bd869f3d922,https://io.apps.fao.org/geoserver/wms/WAPOR_2/L1_AETI_M/v2?service=WMS&version=1.3.0&request=GetCapabilities,,,"{""error"": null}",spatial-extractor,2026-06-21 18:32:50.572 +0300
709,870a96a5-7298-49e3-8ae6-919342858f8f,https://io.apps.fao.org/geoserver/wms/WAPOR_2/L3_ODN_AETI_M/v2?service=WMS&version=1.3.0&request=GetCapabilities,,,"{""error"": null}",spatial-extractor,2026-06-21 18:32:51.386 +0300
710,373b7a09-30a0-4e8b-9163-2074585d6c92,https://io.apps.fao.org/geoserver/wms/WAPOR_2/L3_KOG_AETI_D/v2?service=WMS&version=1.3.0&request=GetCapabilities,,,"{""error"": null}",spatial-extractor,2026-06-21 18:32:52.261 +0300
711,6fc3e10d-5e3f-4943-b08e-727c4c7fae08,https://io.apps.fao.org/geoserver/wms/WAPOR_2/L3_ODN_AETI_D/v2?service=WMS&version=1.3.0&request=GetCapabilities,,,"{""error"": null}",spatial-extractor,2026-06-21 18:32:53.084 +0300
712,71d575dc-36ac-4926-89ca-713655db8744,https://io.apps.fao.org/geoserver/wms/WAPOR_2/L3_KOG_E_A/v2?service=WMS&version=1.3.0&request=GetCapabilities,,,"{""error"": null}",spatial-extractor,2026-06-21 18:32:53.866 +0300
713,Bonitované-pôdno-ekologické-jednotky,https://rpi.gov.sk/client/map/summary/?rid=https://data.gov.sk/set/rpi/gmd/42337402/B0159E9499E53CBAE0530110000AB12C,,,"{""error"": null}",spatial-extractor,2026-06-21 18:32:54.819 +0300
714,498a7881-87ef-43f4-9e3a-c1a3abbda0de,https://io.apps.fao.org/geoserver/wms/WAPOR_2/L3_BUS_AETI_M/v2?service=WMS&version=1.3.0&request=GetCapabilities,,,"{""error"": null}",spatial-extractor,2026-06-21 18:32:56.570 +0300
715,d77083b5-c409-4859-8493-74517edae4d1,https://io.apps.fao.org/geoserver/wms/WAPOR_2/L3_YAN_AETI_D/v2?service=WMS&version=1.3.0&request=GetCapabilities,,,"{""error"": null}",spatial-extractor,2026-06-21 18:32:57.770 +0300
716,56c1e15f-cba2-4753-9aed-42bc22d4b87b,https://io.apps.fao.org/geoserver/wms/WATER/AWA_ETINCR/v2?service=WMS&version=1.3.0&request=GetCapabilities,,,"{""error"": null}",spatial-extractor,2026-06-21 18:32:59.566 +0300
717,f186959b-c68b-42fb-be83-912cd72987b0,https://io.apps.fao.org/geoserver/wms/RDMS/FINAL_CDI/v2?service=WMS&version=1.3.0&request=GetCapabilities,,,"{""error"": null}",spatial-extractor,2026-06-21 18:33:01.162 +0300
718,83d14367-7366-4873-af21-70fffa121709,https://io.apps.fao.org/geoserver/wms/WAPOR_2/L3_BKA_AETI_D/v2?service=WMS&version=1.3.0&request=GetCapabilities,,,"{""error"": null}",spatial-extractor,2026-06-21 18:33:02.977 +0300
719,8cb4fba8-fe29-464c-a3c8-1e4fa06c41c5,https://io.apps.fao.org/geoserver/wms/WAPOR_2/L1_E_A/v2?service=WMS&version=1.3.0&request=GetCapabilities,,,"{""error"": null}",spatial-extractor,2026-06-21 18:33:03.937 +0300
720,1ec7d847-cf8d-48a1-a185-b84ebf3a30ee,https://io.apps.fao.org/geoserver/wms/WAPOR_2/L3_BUS_E_A/v2?service=WMS&version=1.3.0&request=GetCapabilities,,,"{""error"": null}",spatial-extractor,2026-06-21 18:33:06.064 +0300
721,beefc920-88fd-11da-a88f-000d939bc5d8,https://data.apps.fao.org/map/gsrv/gsrv1/geonetwork/wms?styles=geonetwork_rainfall_3829_style,,,"{""id"": ""9592"", ""bbox"": null, ""name"": ""geonetwork:rainfall_3829"", ""title"": null, ""crs3857"": false, ""crs4326"": false, ""abstract"": null, ""keywords"": [], ""layer_name"": null, ""description"": ""Annual rainfall"", ""service_type"": ""wms"", ""metadata_urls"": []}",spatial-extractor,2026-06-21 18:33:08.200 +0300
722,029db21f-4b5f-4377-89b6-f1e41ccd0a7c,https://io.apps.fao.org/geoserver/wms/WAPOR_2/L3_GEZ_E_A/v2?service=WMS&version=1.3.0&request=GetCapabilities,,,"{""error"": null}",spatial-extractor,2026-06-21 18:33:10.790 +0300
723,e61c73c5-28ac-4bf7-839b-d1ed6f6ef8f0,https://io.apps.fao.org/geoserver/wms/WAPOR_2/L3_ZAN_LCC_D/v2?service=WMS&version=1.3.0&request=GetCapabilities,,,"{""error"": null}",spatial-extractor,2026-06-21 18:33:11.632 +0300
724,aeec8374-1563-4b1c-8af1-6755fcc8f57e,https://io.apps.fao.org/geoserver/wms/WAPOR_2/L3_GEZ_AETI_M/v2?service=WMS&version=1.3.0&request=GetCapabilities,,,"{""error"": null}",spatial-extractor,2026-06-21 18:33:12.557 +0300
725,r_friuve:m3953-cc-i1444,https://serviziogc.regione.fvg.it/geoserver/CAR_GEO/wms?request=GetCapabilities&service=wms&version=1.3.0,,,"{""id"": ""9613"", ""bbox"": null, ""name"": ""NULL"", ""title"": ""GeoServer Web Map Service IRDAT FVG"", ""crs3857"": null, ""crs4326"": null, ""abstract"": ""Service for pubblication of the geographic informations of the region Friuli Venezia Giulia using the WFS OpenGIS standard."", ""keywords"": [], ""layer_name"": null, ""description"": ""NULL"", ""service_type"": ""wms"", ""metadata_urls"": []}",spatial-extractor,2026-06-21 18:33:13.397 +0300
726,r_friuve:m3953-cc-i1444,https://serviziogc.regione.fvg.it/geoserver/CAR_GEO/wfs?request=GetCapabilities&service=wfs&version=2.0.0,,,"{""id"": ""9614"", ""bbox"": null, ""name"": ""NULL"", ""title"": null, ""schema"": null, ""crs3857"": false, ""crs4326"": false, ""abstract"": null, ""keywords"": [], ""layer_name"": null, ""description"": ""NULL"", ""service_type"": ""wfs"", ""metadata_urls"": []}",spatial-extractor,2026-06-21 18:33:14.749 +0300
727,d1570d9e-6091-4f04-806a-6ca615db155f,https://io.apps.fao.org/geoserver/wms/WAPOR_2/L3_LAM_AETI_A/v2?service=WMS&version=1.3.0&request=GetCapabilities,,,"{""error"": null}",spatial-extractor,2026-06-21 18:33:15.690 +0300
728,r_liguri:D.2281,https://geoservizi.regione.liguria.it/geoserver/M2281/wms?version=1.3.0&request=getcapabilities,,,"{""id"": ""9620"", ""bbox"": null, ""name"": ""NULL"", ""title"": ""Diminuzione di biomassa vegetale 2016-2019"", ""crs3857"": null, ""crs4326"": null, ""abstract"": ""Copertura: Intera copertura regionale - Origine:"", ""keywords"": [], ""layer_name"": null, ""description"": ""NULL"", ""service_type"": ""wms"", ""metadata_urls"": []}",spatial-extractor,2026-06-21 18:33:16.688 +0300
729,dcd5df6d-37cb-499e-adff-30f8100a78d5,https://io.apps.fao.org/geoserver/wms/WAPOR_2/L3_LAK_AETI_A/v2?service=WMS&version=1.3.0&request=GetCapabilities,,,"{""error"": null}",spatial-extractor,2026-06-21 18:33:18.201 +0300
730,927aaead-cbb5-4027-a372-3b36a68428d2,https://io.apps.fao.org/geoserver/wms/WAPOR_2/L3_MAL_AETI_D/v2?service=WMS&version=1.3.0&request=GetCapabilities,,,"{""error"": null}",spatial-extractor,2026-06-21 18:33:19.535 +0300
731,r_lombar:bcb4a0f4-04fb-4e6b-8830-c3af0ee13a3a,https://www.cartografia.servizirl.it/arcgis2/services/protciv/rischio_frana/MapServer/WMSServer?,,,"{""id"": ""9648"", ""bbox"": null, ""name"": ""NULL"", ""title"": ""Rischio frana - WMS"", ""crs3857"": null, ""crs4326"": null, ""abstract"": ""WMS"", ""keywords"": [], ""layer_name"": null, ""description"": ""NULL"", ""service_type"": ""wms"", ""metadata_urls"": []}",spatial-extractor,2026-06-21 18:33:20.370 +0300
732,beec94d0-88fd-11da-a88f-000d939bc5d8,https://data.apps.fao.org/map/gsrv/gsrv1/geonetwork/wms?styles=geonetwork_s_cpsub1_3811_style,,,"{""id"": ""9655"", ""bbox"": null, ""name"": ""geonetwork:s_cpsub1_3811"", ""title"": null, ""crs3857"": false, ""crs4326"": false, ""abstract"": null, ""keywords"": [], ""layer_name"": null, ""description"": ""Suitability for small-scale farming and potential yield (crops/y) of Common carp"", ""service_type"": ""wms"", ""metadata_urls"": []}",spatial-extractor,2026-06-21 18:33:23.793 +0300
733,3c554c88-c723-49cd-9385-8cdb1740a937,https://io.apps.fao.org/geoserver/wms/WAPOR_2/L3_MUV_GBWP_S/v2?service=WMS&version=1.3.0&request=GetCapabilities,,,"{""error"": null}",spatial-extractor,2026-06-21 18:33:25.182 +0300
734,c1a4aff0-88fd-11da-a88f-000d939bc5d8,https://data.apps.fao.org/map/gsrv/gsrv1/geonetwork/wms?styles=geonetwork_s_comerc_3816_style,,,"{""id"": ""9665"", ""bbox"": null, ""name"": ""geonetwork:s_comerc_3816"", ""title"": null, ""crs3857"": false, ""crs4326"": false, ""abstract"": null, ""keywords"": [], ""layer_name"": null, ""description"": ""Suitability for commercial farming and potential yield (crops/y) of Nile tilapia, African catfish and Common carp"", ""service_type"": ""wms"", ""metadata_urls"": []}",spatial-extractor,2026-06-21 18:33:26.019 +0300
735,9b451068-e233-4cfc-9bc6-01bfe4012bca,https://io.apps.fao.org/geoserver/wms,,,"{""error"": null}",spatial-extractor,2026-06-21 18:33:26.997 +0300
736,6e14ddd2-8479-43e1-87f4-15d563bdee92,https://io.apps.fao.org/geoserver/wms/WAPOR_2/L3_YAN_GBWP_S/v2?service=WMS&version=1.3.0&request=GetCapabilities,,,"{""error"": null}",spatial-extractor,2026-06-21 18:33:27.816 +0300
737,d635fff9-4e73-4a4f-ad08-7646369d7f4c,https://io.apps.fao.org/geoserver/wms/WAPOR_2/L3_MAL_T_D/v2?service=WMS&version=1.3.0&request=GetCapabilities,,,"{""error"": null}",spatial-extractor,2026-06-21 18:33:28.611 +0300
738,b1d2e9eb-b9dc-47da-bc9a-d4caf792753a,https://io.apps.fao.org/geoserver/wms/WAPOR_2/L3_AWA_GBWP_S/v2?service=WMS&version=1.3.0&request=GetCapabilities,,,"{""error"": null}",spatial-extractor,2026-06-21 18:33:29.480 +0300
739,b7cae18c-f6dd-417e-86ef-245bfc5b0534,https://io.apps.fao.org/geoserver/wms/WAPOR_2/L3_ODN_GBWP_S/v2?service=WMS&version=1.3.0&request=GetCapabilities,,,"{""error"": null}",spatial-extractor,2026-06-21 18:33:31.119 +0300
740,be9ec2f0-88fd-11da-a88f-000d939bc5d8,https://data.apps.fao.org/map/gsrv/gsrv1/geonetwork/wms?styles=geonetwork_s_catsub1_3810_style,,,"{""id"": ""9716"", ""bbox"": null, ""name"": ""geonetwork:s_catsub1_3810"", ""title"": null, ""crs3857"": false, ""crs4326"": false, ""abstract"": null, ""keywords"": [], ""layer_name"": null, ""description"": ""Suitability for small-scale farming and potential yield (crops/y) of African catfish"", ""service_type"": ""wms"", ""metadata_urls"": []}",spatial-extractor,2026-06-21 18:33:32.085 +0300
741,Advanced-soil-geochemical-atlas-of-England-and-Wales,https://map.bgs.ac.uk/arcgis/services/UKSO/UKSO_BGS_NSI/MapServer/WmsServer?,,,"{""id"": ""9724"", ""bbox"": null, ""name"": ""Topsoil.Aluminium, Topsoil.Arsenic, Topsoil.Barium, Topsoil.Bismuth, Topsoil.Bromine, Topsoil.Bromine, Topsoil.Bromine, Topsoil.Bromine, Topsoil.Bromine, Topsoil.Cobalt, Topsoil.Chromium, Topsoil.Chromium, Topsoil.Chromium, Topsoil.Iron, Topsoil.Gallium, Topsoil.Germanium, Topsoil.Hafnium, Topsoil.Iodine, Topsoil.Potassium, Topsoil.Lanthanum, Topsoil.Lanthanum, Topsoil.Lanthanum, Topsoil.Lanthanum, Topsoil.Sodium, Topsoil.Niobium, Topsoil.Neodymium, Topsoil.Neodymium, Topsoil.Phosphorus, Topsoil.lead, Topsoil.Phosphorus, Topsoil.Sulphur, Topsoil.Antimony, Topsoil.Scandium, Topsoil.Selenium,  Topsoil.Silicon, Topsoil.Samarium, Topsoil.Tin, Topsoil.Strontium, Topsoil.Tantalum, Topsoil.Thorium, Topsoil.Titanium, Topsoil.Thallium, Topsoil.Thallium, Topsoil.Vanadium, Topsoil.Tungsten, Topsoil.Yttrium, Topsoil.Ytterbium, Topsoil.Zinc, Topsoil.Zirconium"", ""title"": null, ""crs3857"": false, ""crs4326"": false, ""abstract"": null, ""keywords"": [], ""layer_name"": null, ""description"": ""The concentrations of aluminium were determined using wavelength dispersive X-ray fluorescence spectrometry with a lower limit of detection of 0.05 % and typical coefficients of variation of around 3% for repeated analyses of certified reference materials. The coefficient of variation (CV) expresses the error associated with subsampling and analysis; CV values of less than around 10 % suggest that analyses are reasonably accurate."", ""service_type"": ""wms"", ""metadata_urls"": []}",spatial-extractor,2026-06-21 18:33:33.518 +0300
742,bc4828c0-88fd-11da-a88f-000d939bc5d8,https://data.apps.fao.org/map/gsrv/gsrv1/geonetwork/wms?styles=geonetwork_s_catcom1_3813_style,,,"{""id"": ""9730"", ""bbox"": null, ""name"": ""geonetwork:s_catcom1_3813"", ""title"": null, ""crs3857"": false, ""crs4326"": false, ""abstract"": null, ""keywords"": [], ""layer_name"": null, ""description"": ""Suitability for commercial farming and potential yield (crops/y) of African catfish"", ""service_type"": ""wms"", ""metadata_urls"": []}",spatial-extractor,2026-06-21 18:33:36.179 +0300
743,a6e55e45-e6f4-48a5-8aa9-c1648fd06a69,https://io.apps.fao.org/geoserver/wms/WAPOR_2/L3_MAL_AETI_M/v2?service=WMS&version=1.3.0&request=GetCapabilities,,,"{""error"": null}",spatial-extractor,2026-06-21 18:33:38.101 +0300
744,60870bbf-1674-4685-9a81-5aa7c2851b94,https://io.apps.fao.org/geoserver/wms/WAPOR_2/L3_SED_AETI_M/v2?service=WMS&version=1.3.0&request=GetCapabilities,,,"{""error"": null}",spatial-extractor,2026-06-21 18:33:41.349 +0300
745,a7854145-c70a-4bd5-8d26-c221e518aca6,https://io.apps.fao.org/geoserver/wms/WAPOR_2/L3_YAN_T_D/v2?service=WMS&version=1.3.0&request=GetCapabilities,,,"{""error"": null}",spatial-extractor,2026-06-21 18:33:43.779 +0300
746,75aad96d-8d8a-4f5d-a13b-8b003e7ac911,https://io.apps.fao.org/geoserver/wms/WAPOR_2/L3_MUV_T_D/v2?service=WMS&version=1.3.0&request=GetCapabilities,,,"{""error"": null}",spatial-extractor,2026-06-21 18:33:44.886 +0300
747,c6b38c50-88fd-11da-a88f-000d939bc5d8,https://data.apps.fao.org/map/gsrv/gsrv1/geonetwork/wms?styles=geonetwork_s_cpcom1_3814_style,,,"{""id"": ""9778"", ""bbox"": null, ""name"": ""geonetwork:s_cpcom1_3814"", ""title"": null, ""crs3857"": false, ""crs4326"": false, ""abstract"": null, ""keywords"": [], ""layer_name"": null, ""description"": ""Suitability for commercial farming and potential yield (crops/y) of Common carp"", ""service_type"": ""wms"", ""metadata_urls"": []}",spatial-extractor,2026-06-21 18:33:45.690 +0300
748,NSRI-detailed-soil-mapping,http://www.landis.org.uk/arcgis/services/UKSoilObservatory/DetailedSoilMapping_Cranfield/MapServer/WmsServer?,,,"{""error"": ""Could not open file with GDAL (unsupported format or inaccessible)""}",spatial-extractor,2026-06-21 18:33:46.578 +0300
749,d2fc17f6-db91-4733-acac-fbf5164182ee,https://io.apps.fao.org/geoserver/wms/WAPOR_2/L2_AETI_D/v2?service=WMS&version=1.3.0&request=GetCapabilities,,,"{""error"": null}",spatial-extractor,2026-06-21 18:33:47.435 +0300
750,bea1f740-88fd-11da-a88f-000d939bc5d8,https://data.apps.fao.org/map/gsrv/gsrv1/geonetwork/wms?styles=geonetwork_s_tlcom1_3812_style,,,"{""id"": ""9791"", ""bbox"": null, ""name"": ""geonetwork:s_tlcom1_3812"", ""title"": null, ""crs3857"": false, ""crs4326"": false, ""abstract"": null, ""keywords"": [], ""layer_name"": null, ""description"": ""Suitability for commercial farming and potential yield (crops/y) of Nile tilapia"", ""service_type"": ""wms"", ""metadata_urls"": []}",spatial-extractor,2026-06-21 18:33:48.268 +0300
751,cf0826f2-a9ad-4bae-a2b8-1fde3eebf720,https://io.apps.fao.org/geoserver/wms/WAPOR_2/L2_E_A/v2?service=WMS&version=1.3.0&request=GetCapabilities,,,"{""error"": null}",spatial-extractor,2026-06-21 18:33:49.338 +0300
752,National-Soil-Map-of-Scotland,http://druid.hutton.ac.uk/arcgis/services/Hutton_Map_Extents_WGS84/MapServer/WMSServer?,,,"{""id"": ""9795"", ""bbox"": null, ""name"": ""WMS"", ""title"": null, ""crs3857"": false, ""crs4326"": false, ""abstract"": null, ""keywords"": [], ""layer_name"": null, ""description"": ""NULL"", ""service_type"": ""wms"", ""metadata_urls"": []}",spatial-extractor,2026-06-21 18:33:50.133 +0300
753,c8193fe8-4fa5-4df3-8cb4-15bc2a250462,https://io.apps.fao.org/geoserver/wms/WAPOR_2/L3_SED_E_A/v2?service=WMS&version=1.3.0&request=GetCapabilities,,,"{""error"": null}",spatial-extractor,2026-06-21 18:33:50.764 +0300
754,Soil-Layer-depth-50k,https://map.bgs.ac.uk/arcgis/services/UKSO/UKSO_BGS/MapServer/WMSServer?,,,"{""id"": ""9806"", ""bbox"": null, ""name"": ""Parent.Material.Soil.layer.thickness, Parent.Material.Soil.layer.thickness.1km"", ""title"": null, ""crs3857"": false, ""crs4326"": false, ""abstract"": null, ""keywords"": [], ""layer_name"": null, ""description"": ""NULL"", ""service_type"": ""wms"", ""metadata_urls"": []}",spatial-extractor,2026-06-21 18:33:52.577 +0300
755,def62b88-4305-460e-924e-815596bc0220,https://io.apps.fao.org/geoserver/wms/WAPOR_2/L3_MAL_AETI_A/v2?service=WMS&version=1.3.0&request=GetCapabilities,,,"{""error"": null}",spatial-extractor,2026-06-21 18:33:54.133 +0300
756,3480d264-b480-4a3b-8987-01a9684079cc,https://io.apps.fao.org/geoserver/wms/WAPOR_2/L3_AWA_T_D/v2?service=WMS&version=1.3.0&request=GetCapabilities,,,"{""error"": null}",spatial-extractor,2026-06-21 18:33:54.921 +0300
757,f6321e3e-d4f1-4ae5-9859-e245b64f8a19,https://io.apps.fao.org/geoserver/wms/WAPOR_2/L3_KOG_GBWP_S/v2?service=WMS&version=1.3.0&request=GetCapabilities,,,"{""error"": null}",spatial-extractor,2026-06-21 18:33:56.033 +0300
758,Soil-map-for-England-and-Wales,http://www.landis.org.uk/arcgis/services/UKSoilObservatory/Soilscapes_Cranfield/MapServer/WmsServer?,,,"{""error"": ""Could not open file with GDAL (unsupported format or inaccessible)""}",spatial-extractor,2026-06-21 18:33:56.845 +0300
759,beb9c500-88fd-11da-a88f-000d939bc5d8,https://data.apps.fao.org/map/gsrv/gsrv1/geonetwork/wms?styles=geonetwork_s_smallc_3815_style,,,"{""id"": ""9821"", ""bbox"": null, ""name"": ""geonetwork:s_smallc_3815"", ""title"": null, ""crs3857"": false, ""crs4326"": false, ""abstract"": null, ""keywords"": [], ""layer_name"": null, ""description"": ""Suitability for small-scale farming and potential yield (crops/y) of Nile tilapia, African catfish and Common carp"", ""service_type"": ""wms"", ""metadata_urls"": []}",spatial-extractor,2026-06-21 18:33:57.902 +0300
760,Subsoil-Carbonate-Content-50k,https://map.bgs.ac.uk/arcgis/services/UKSO/UKSO_BGS/MapServer/WMSServer?,,,"{""id"": ""9824"", ""bbox"": [-8.349305, 49.84624, 2.705428, 60.872383, ""CRS:84""], ""name"": ""Parent.Material.Parent.calcareous.content"", ""title"": ""GBR BGS Parent Material Parent carbonate content"", ""crs3857"": true, ""crs4326"": true, ""abstract"": ""The Parent Material Carbonate Content classification is based on expert judgment of the likely content of CaCO3 in the total rock-mass of each parent material. Note that the map uses combinations of terms that refer to: High, Moderate, Low and Variable calcium carbonate content. As a rule of thumb, these categories are based on the bulk mineralogy of the parent material. For example, high carbonate content would be expected for a chalk or limestone parent material type; low carbonate content would be representative of weakly, calcite-cemented sandstone. The term variable is used where the parent material comprises two or more distinct lithologies e.g. interbedded limestone and mudstone where it is not possible to clearly identify the precise parent type at any given location. Users should note that land management practices and natural weathering processes of parent materials play a significant role in controlling carbonate content (it has not been possible to factor in these influences within the scope of this dataset) and so the classes shown in this dataset should be regarded as wholly 'indicative'."", ""keywords"": [""Map"", ""Geology"", ""Soil"", ""Parent material"", ""Calcareous content"", ""pH"", ""OneGeology"", ""continent@Europe"", ""subcontinent@Northern Europe"", ""geographicarea@United Kingdom of Great Britain and Northern Ireland"", ""dataprovider@British Geological Survey"", ""serviceprovider@British Geological Survey"", ""DS_TOPIC@geoscientificinformation"", ""DS_DATE@2022"", ""thematic@Soil"", ""thematic@Pedology""], ""layer_name"": ""Parent.Material.Parent.calcareous.content"", ""description"": ""NULL"", ""service_type"": ""wms"", ""metadata_urls"": [""https://metadata.bgs.ac.uk/geonetwork/srv/eng/csw?SERVICE=CSW&REQUEST=GetRecordById&ID=9df8df52-d6bd-37a8-e044-0003ba9b0d98&elementSetName=full&OutputSchema=http://www.isotc211.org/2005/gmd&version=2.0.2""]}",spatial-extractor,2026-06-21 18:33:58.827 +0300
761,8073916b-a176-41df-8196-bb88fe827210,https://io.apps.fao.org/geoserver/wms/WAPOR_2/L3_LAM_T_D/v2?service=WMS&version=1.3.0&request=GetCapabilities,,,"{""error"": null}",spatial-extractor,2026-06-21 18:34:00.570 +0300
762,Topsoil-pH-of-Scottish-soils,http://DRUID.HUTTON.AC.UK/arcgis/services/Hutton_Soil_pH/MapServer/WMSServer?,,,"{""id"": ""9828"", ""bbox"": null, ""name"": ""WMS"", ""title"": null, ""crs3857"": false, ""crs4326"": false, ""abstract"": null, ""keywords"": [], ""layer_name"": null, ""description"": ""NULL"", ""service_type"": ""wms"", ""metadata_urls"": []}",spatial-extractor,2026-06-21 18:34:01.358 +0300
763,4db2d9c7-5d60-405f-84bd-2d866559a225,https://io.apps.fao.org/geoserver/wms/WAPOR_2/L3_ODN_T_D/v2?service=WMS&version=1.3.0&request=GetCapabilities,,,"{""error"": null}",spatial-extractor,2026-06-21 18:34:05.082 +0300
764,Topsoil-Texture-in-Scotland,http://DRUID.HUTTON.AC.UK/arcgis/services/Hutton_SoilTexture/MapServer/WMSServer?,,,"{""error"": null}",spatial-extractor,2026-06-21 18:34:05.861 +0300
765,soil-texture,https://map.bgs.ac.uk/arcgis/services/UKSO/UKSO_BGS/MapServer/WMSServer?service=WMS&version=1.3.0&request=GetCapabilities&,,,"{""id"": ""9835"", ""bbox"": null, ""name"": ""Parent.Material.Soil.texture.simple, Parent.Material.Soil.texture.simple.1km"", ""title"": null, ""crs3857"": false, ""crs4326"": false, ""abstract"": null, ""keywords"": [], ""layer_name"": null, ""description"": ""NULL"", ""service_type"": ""wms"", ""metadata_urls"": []}",spatial-extractor,2026-06-21 18:34:07.561 +0300
766,7a0f1cbf-9f3d-4ac3-a62c-16f460ab0758,https://io.apps.fao.org/geoserver/wms/WAPOR_2/L3_LAK_T_D/v2?service=WMS&version=1.3.0&request=GetCapabilities,,,"{""error"": null}",spatial-extractor,2026-06-21 18:34:08.891 +0300
767,f890f1a5-1081-4d0b-a2a6-e1c5c1b20ae4,https://io.apps.fao.org/geoserver/wms/WAPOR_2/L3_ZAN_T_D/v2?service=WMS&version=1.3.0&request=GetCapabilities,,,"{""error"": null}",spatial-extractor,2026-06-21 18:34:09.711 +0300
768,1c6133b7-38f8-4b8b-b48a-7c3136329d35,https://io.apps.fao.org/geoserver/wms/WAPOR_2/L3_YAN_AETI_A/v2?service=WMS&version=1.3.0&request=GetCapabilities,,,"{""error"": null}",spatial-extractor,2026-06-21 18:34:10.708 +0300
769,dba089a3-540b-43f5-ad7b-257c551d59a8,https://io.apps.fao.org/geoserver/wms/WAPOR_2/L3_BUS_T_D/v2?service=WMS&version=1.3.0&request=GetCapabilities,,,"{""error"": null}",spatial-extractor,2026-06-21 18:34:11.493 +0300
770,c67e41d8-4e33-48f3-b45f-350b547ff016,https://io.apps.fao.org/geoserver/wms/WAPOR_2/L3_BKA_T_D/v2?service=WMS&version=1.3.0&request=GetCapabilities,,,"{""error"": null}",spatial-extractor,2026-06-21 18:34:12.317 +0300
771,693b46d9-d14b-4f37-80e5-7f64713a0189,https://io.apps.fao.org/geoserver/wms/WAPOR_2/L3_SED_AETI_D/v2?service=WMS&version=1.3.0&request=GetCapabilities,,,"{""error"": null}",spatial-extractor,2026-06-21 18:34:13.237 +0300
772,d79c5bd3-b42a-4a9d-a33d-3b2ab6be89b5,https://io.apps.fao.org/geoserver/wms/WAPOR_2/L1_NBWP_A/v2?service=WMS&version=1.3.0&request=GetCapabilities,,,"{""error"": null}",spatial-extractor,2026-06-21 18:34:14.030 +0300
773,a95fa045-789e-4e85-93e1-b05fa09a9667,https://io.apps.fao.org/geoserver/wms/WAPOR_2/L3_YAN_AETI_M/v2?service=WMS&version=1.3.0&request=GetCapabilities,,,"{""error"": null}",spatial-extractor,2026-06-21 18:34:14.930 +0300
1009,5c129f2d-4498-4bc3-8860-01cb2d513f8f,https://www.dov.vlaanderen.be/geoserver/bodemkaart/wms?,,,"{""id"": ""47578"", ""bbox"": [2.5285590909401936, 50.67393051415159, 5.935371601406674, 51.50548166406281, ""CRS:84""], ""name"": ""bodemtypes"", ""title"": ""Digitale bodemkaart van het Vlaams Gewest: bodemtypes"", ""crs3857"": true, ""crs4326"": true, ""abstract"": ""https://www.dov.vlaanderen.be/page/bodemkaarten\r\nDigitale vectoriële dataset van de analoge Bodemkaart van België voor het grondgebied van Vlaanderen.\r\nAlle kaartelementen van de analoge kaarten (gepubliceerd op kaartschaal 1: 20 000) zijn zorgvuldig manueel gedigitaliseerd en voorzien van een code, overeenkomstig het gebruikte classificatiesysteem: morfogenetisch voor binnen-Vlaanderen (substraat, textuurklasse, drainageklasse, profielontwikkelingsgroep, fase en variante) en geomorfologisch voor de Kuststreek (substraat, serie, subserie, type, subtype en variante).\r\nDe digitale versie van de bodemkaart is vrijwel systematisch gecontroleerd t.o.v. de analoge bodemkaarten. De polygonen werden ingekleurd zoals op de analoge bodemkaart. Waar beschikbaar zijn voor elk bodemtype de algemene kenmerken  (Van Ranst E. en Sys C., 2000) en foto's van een representatief bodemprofiel en representatieve omgevingen weergegeven. Tenslotte bestaat voor elke polygoon de mogelijkheid om de scan van het analoge bodemkaartblad, het toelichtingsboekje en de basiskaarten op schaal 1:5000 op te roepen.\r\nDeze dataset is omwille van de visualisatie onderverdeeld in 5 kaartlagen bij publicatie in de bodemverkenner: bodemtypes, substraten, fasen, varianten van het moedermateriaal en de profielontwikkeling. De kaartlaag met de bodemtypes bevat ook al de attributen van de andere kaartlagen. De bodemkaart werd in juni 2017 geupdate met enkele militaire domeinen en een unibodemtype voor de classficatie van de zeepolders en verschillende fouten werden verbeterd."", ""keywords"": [""Bodem"", ""ondergrond"", ""bodemkaart"", ""bodemtextuur"", ""bodemprofiel"", ""Regionaal"", ""Herbruikbaar"", ""Kosteloos"", ""Vlaamse Open data"", ""Toegevoegd GDI-Vl"", ""Metadata GDI-Vl-conform"", ""Metadata INSPIRE-conform"", ""DOV"", ""Vlaanderen"", ""Ondergrond"", ""Databank Ondergrond Vlaanderen"", ""Departement Omgeving"", ""VARIANTE VAN HET MOEDERMATERIAAL"", ""VARIANTE VAN DE PROFIELONTWIKKELING"", ""LANDBOUWSTREEK"", ""GEOMORFOLOGISCHE"", ""MORFOGENETISCH"", ""KUSTSTREEK"", ""BODEMTYPE"", ""DOV_PATHNAME@001#DOV:010#Bodem:020#Bodemkaarten:020#Bodemkaart (1/20.000):010#"", ""DOV_EXPERTISE@Bodem"", ""DOV_EXPERTISE@Delfstoffen"", ""DOV_EXPERTISE@Freatisch grondwater"", ""DOV_EXPERTISE@CTE"", ""DOV_EXPERTISE@Bodemverontreiniging""], ""layer_name"": ""bodemtypes"", ""description"": ""WMS-endpoint Digitale bodemkaart van het Vlaams Gewest: bodemtypes"", ""service_type"": ""wms"", ""metadata_urls"": [""https://www.dov.vlaanderen.be/geonetwork#/metadata/a1547a01-b9fc-40fa-a2eb-009a39c02c7b"", ""https://www.dov.vlaanderen.be/geonetwork/srv/dut/csw?Service=CSW&Request=GetRecordById&Version=2.0.2&outputSchema=http://www.isotc211.org/2005/gmd&elementSetName=full&id=a1547a01-b9fc-40fa-a2eb-009a39c02c7b""]}",spatial-extractor,2026-06-21 18:41:32.928 +0300
774,254f14c6-1cb7-4bee-b5ba-7647068dbb21,https://io.apps.fao.org/geoserver/wms/WAPOR_2/L3_BKA_GBWP_S/v2?service=WMS&version=1.3.0&request=GetCapabilities,,,"{""error"": null}",spatial-extractor,2026-06-21 18:34:15.745 +0300
775,4e448356-b59c-4b42-b64a-574772ea4bbb,https://io.apps.fao.org/geoserver/wms/WAPOR_2/L3_ZAN_GBWP_S/v2?service=WMS&version=1.3.0&request=GetCapabilities,,,"{""error"": null}",spatial-extractor,2026-06-21 18:34:16.820 +0300
776,10256e65-3086-4318-afa6-2264501ff4e4,https://io.apps.fao.org/geoserver/wms/WAPOR_2/L2_T_D/v2?service=WMS&version=1.3.0&request=GetCapabilities,,,"{""error"": null}",spatial-extractor,2026-06-21 18:34:17.614 +0300
777,38687cf6-4bb9-43a4-a54c-03d1347b8a75,https://wms.mapama.gob.es/sig/Biodiversidad/INESErosionPotencial/wms.aspx,,,"{""error"": ""Could not open file with GDAL (unsupported format or inaccessible)""}",spatial-extractor,2026-06-21 18:34:18.388 +0300
778,93df2c3a-dc9b-4372-9b9b-ad9cb5e18814,https://inspire.lfrz.gv.at/000602/wms?version=1.3.0&request=GetCapabilities,,,"{""id"": ""9906"", ""bbox"": [9.679, 46.457, 16.637, 49.046, ""CRS:84""], ""name"": ""BIOSOIL Austria (SOIL)"", ""title"": ""Soil horizon description"", ""crs3857"": true, ""crs4326"": true, ""abstract"": ""Parameters forming the soil horizon description. The sequence is different from those presented in the FAO guidelines (FAO, 1990). After preparing and cleaning of the profile the sequence of description is as follows:\r\na) delineation and description of te horizon boundaries; b) photographic recordings; c) colour measurements; d) record texture, rock fragments, structure, consistence, porosity, cutans, cementations and nodules; e) roots and other biological activity; f) carbonates, gypsum and salts; g)each horizon is designated one or more horizon symbols and the necessary samples are collected."", ""keywords"": [""soil""], ""layer_name"": ""BIOSOIL Austria (SOIL)"", ""description"": ""Soil horizon description"", ""service_type"": ""wms"", ""metadata_urls"": [""https://discovery.inspire.gv.at/at.lfrz.discoveryservices/srv/ger/csw?service=CSW&request=GetRecordById&version=2.0.2&outputSchema=http%3A%2F%2Fwww.isotc211.org%2F2005%2Fgmd&ElementSetName=full&id=93df2c3a-dc9b-4372-9b9b-ad9cb5e18814""]}",spatial-extractor,2026-06-21 18:34:19.120 +0300
779,0f16e3cb-b174-4f22-951c-38ef248fbb9c,https://io.apps.fao.org/geoserver/wms/WAPOR_2/L3_SED_AETI_A/v2?service=WMS&version=1.3.0&request=GetCapabilities,,,"{""error"": null}",spatial-extractor,2026-06-21 18:34:19.586 +0300
780,91319a0e-e25c-4e00-924b-d13fd4de14f0,http://localhost:8080/geoserver/wms,,,"{""error"": ""Cannot connect to host localhost:8080 ssl:default [The remote computer refused the network connection]""}",spatial-extractor,2026-06-21 18:34:20.364 +0300
781,ed3f5d2c-e867-40cd-b3f7-fcf4cba716c2,https://io.apps.fao.org/geoserver/wms/WAPOR_2/L3_SED_GBWP_S/v2?service=WMS&version=1.3.0&request=GetCapabilities,,,"{""error"": null}",spatial-extractor,2026-06-21 18:34:22.708 +0300
782,bb4d5946-0702-4851-af0c-f8d96bc1602e,https://io.apps.fao.org/geoserver/wms/WAPOR_2/L3_MAL_E_A/v2?service=WMS&version=1.3.0&request=GetCapabilities,,,"{""error"": null}",spatial-extractor,2026-06-21 18:34:23.499 +0300
783,b0ab02b4-f172-41fb-ade8-cc3c46b322df,https://inspire.lfrz.gv.at/000806/wms?version=1.3.0&request=GetCapabilities,,,"{""id"": ""9916"", ""bbox"": [9.41, 46.358, 17.181, 49.011, ""CRS:84""], ""name"": ""BORIS_2018"", ""title"": ""BORIS_2018"", ""crs3857"": true, ""crs4326"": true, ""abstract"": ""Das Bodeninformationssystem BORIS stellt harmonisierte Bodenqualitätsdaten zu physikalischen, chemischen und biologischen Bodenkennwerten inklusive Information zu Standorten und Bodenprobenahmestellen sowie Profilen bereit. Es stehen Daten für über 10000 Standorte für ganz Österreich zur Verfügung."", ""keywords"": [""Boden""], ""layer_name"": ""BORIS_2018"", ""description"": ""BORIS_2018"", ""service_type"": ""wms"", ""metadata_urls"": [""https://data.inspire.gv.at/b0ab02b4-f172-41fb-ade8-cc3c46b322df""]}",spatial-extractor,2026-06-21 18:34:24.328 +0300
784,b0ab02b4-f172-41fb-ade8-cc3c46b322df,https://haleconnect.com/ows/services/org.224.7bb653af-d47e-4231-9496-1e6552cacaa3_wfs?SERVICE=WFS&REQUEST=GetCapabilities&VERSION=2.0.0,,,"{""error"": ""Could not open file with GDAL (unsupported format or inaccessible)""}",spatial-extractor,2026-06-21 18:34:25.127 +0300
786,3141c4ea-647b-4028-a90b-c1a9219db9fd,https://io.apps.fao.org/geoserver/wms/WAPOR_2/L2_AETI_A/v2?service=WMS&version=1.3.0&request=GetCapabilities,,,"{""error"": null}",spatial-extractor,2026-06-21 18:34:26.425 +0300
787,6c34ec8b-f31e-4976-9344-fd11b738a850,https://data.apps.fao.org/map/gsrv/gsrv1/solaw/wms?styles=solaw_dom_lu_38215_style,,,"{""id"": ""9926"", ""bbox"": null, ""name"": ""SOLAW:dom_lu_38215"", ""title"": null, ""crs3857"": false, ""crs4326"": false, ""abstract"": null, ""keywords"": [], ""layer_name"": null, ""description"": ""Dominant Land Cover and Use"", ""service_type"": ""wms"", ""metadata_urls"": []}",spatial-extractor,2026-06-21 18:34:28.279 +0300
788,5997b6fd-8936-456a-807c-2d3582f62e38,https://io.apps.fao.org/geoserver/wms/WAPOR_2/L3_GEZ_GBWP_S/v2?service=WMS&version=1.3.0&request=GetCapabilities,,,"{""error"": null}",spatial-extractor,2026-06-21 18:34:28.925 +0300
789,6afa5b5b-bb32-4a2a-8592-c2099b6e4d3d,https://io.apps.fao.org/geoserver/wms/WAPOR_2/L2_AETI_M/v2?service=WMS&version=1.3.0&request=GetCapabilities,,,"{""error"": null}",spatial-extractor,2026-06-21 18:34:29.872 +0300
790,086f1583-8e75-4775-8252-fabe6cc4c73b,https://io.apps.fao.org/geoserver/wms/WAPOR_2/L3_SED_T_D/v2?service=WMS&version=1.3.0&request=GetCapabilities,,,"{""error"": null}",spatial-extractor,2026-06-21 18:34:30.657 +0300
794,fb89aca0-bef6-46d0-9ab5-3ec93fb68b03,https://io.apps.fao.org/geoserver/wms,,,"{""error"": null}",spatial-extractor,2026-06-21 18:34:34.075 +0300
795,303ceaa4-9375-4f42-8a00-d091adcd3ae0,https://data.apps.fao.org/map/gsrv/gsrv1/geonetwork/wms,,,"{""id"": ""10026"", ""bbox"": [-17.5833339691162, -47.0, 51.4166679382324, 27.2500019073486, ""CRS:84""], ""name"": ""fs_level_1_2010_56894"", ""title"": ""fs_level_1_2010_56894"", ""crs3857"": true, ""crs4326"": true, ""abstract"": null, ""keywords"": [""features"", ""fs_level_1_2010_56894""], ""layer_name"": ""fs_level_1_2010_56894"", ""description"": ""Africa Farming Systems 2015 Level 1 - Farming Systems for the Africa region at the continental level to capture current spatial extent of systems and provide a basis for updated analysis, trends, issues and strategic priorities for each system."", ""service_type"": ""wms"", ""metadata_urls"": []}",spatial-extractor,2026-06-21 18:34:34.852 +0300
792,409fac90-4c8b-446b-99bd-a822f03108bf,https://io.apps.fao.org/gismgr/api/v1/RICCAR/ETMRP/wms?VERSION=1.1.1,,,"{""error"": null}",spatial-extractor,2026-06-21 19:01:21.631 +0300
793,def113dd-851f-4e45-ae3d-4ed17aa891ba,https://io.apps.fao.org/gismgr/api/v1/RICCAR/ROARP/wms?VERSION=1.1.1,,,"{""error"": null}",spatial-extractor,2026-06-21 19:01:23.581 +0300
785,b0ab02b4-f172-41fb-ade8-cc3c46b322df,https://haleconnect.com/ows/services/org.224.7bb653af-d47e-4231-9496-1e6552cacaa3_wms?SERVICE=WMS&REQUEST=GetCapabilities&VERSION=1.3.0,,,"{""error"": ""Could not open file with GDAL (unsupported format or inaccessible)""}",spatial-extractor,2026-06-21 19:01:50.946 +0300
791,24df3a0d-28d4-4c47-bb9a-1ea744ab4b71,https://io.apps.fao.org/gismgr/api/v1/RICCAR/ETAF/wms?VERSION=1.1.1,,,"{""error"": null}",spatial-extractor,2026-06-21 19:01:20.762 +0300
796,303ceaa4-9375-4f42-8a00-d091adcd3ae0,https://data.apps.fao.org/map/gsrv/gsrv1/geonetwork/wms?service=WMS,,,"{""id"": ""10027"", ""bbox"": [-17.5833339691162, -47.0, 51.4166679382324, 27.2500019073486, ""CRS:84""], ""name"": ""fs_level_2_2010_56894"", ""title"": ""fs_level_2_2010_56894"", ""crs3857"": true, ""crs4326"": true, ""abstract"": null, ""keywords"": [""features"", ""fs_level_2_2010_56894""], ""layer_name"": ""fs_level_2_2010_56894"", ""description"": ""Africa Farming Systems 2015 Level 2"", ""service_type"": ""wms"", ""metadata_urls"": []}",spatial-extractor,2026-06-21 18:34:36.060 +0300
798,17b86ea9-c932-47d8-a2cd-a7590cd0072c,https://io.apps.fao.org/geoserver/wms/WAPOR_2/L2_GBWP_S/v2?service=WMS&version=1.3.0&request=GetCapabilities,,,"{""error"": null}",spatial-extractor,2026-06-21 18:34:37.826 +0300
799,78f93047-74f8-4419-ac3d-fc62e4b0477b,https://data.apps.fao.org/map/gsrv/gsrv1/geonetwork/wms,,,"{""id"": ""10256"", ""bbox"": null, ""name"": ""geonetwork:phy_landf_7386"", ""title"": null, ""crs3857"": false, ""crs4326"": false, ""abstract"": null, ""keywords"": [], ""layer_name"": null, ""description"": ""Physiography of North and Central Eurasia Landform"", ""service_type"": ""wms"", ""metadata_urls"": []}",spatial-extractor,2026-06-21 18:34:38.631 +0300
800,Carte-des-sols-1100'000,http://ws.geoportail.lu/250k,,,"{""error"": null}",spatial-extractor,2026-06-21 18:34:39.641 +0300
801,Carte-des-sols-1100'000,https://data.public.lu/fr/datasets/r/79ae39b4-9a86-4693-88d9-fdfc51a2f139,,,"{""error"": ""Could not open file with GDAL (unsupported format or inaccessible)""}",spatial-extractor,2026-06-21 18:34:40.651 +0300
802,Mapa-kategorii-glebowych,http://mapy.geoportal.gov.pl/wss/service/pub/guest/G2_GO_WMS/MapServer/WMSServer?,,,"{""id"": ""10265"", ""bbox"": null, ""name"": ""WMS"", ""title"": null, ""crs3857"": false, ""crs4326"": false, ""abstract"": null, ""keywords"": [], ""layer_name"": null, ""description"": ""NULL"", ""service_type"": ""wms"", ""metadata_urls"": []}",spatial-extractor,2026-06-21 18:34:46.923 +0300
803,Pôdna-mapa-Slovenska-v-mierke-1400-000,http://sscri.vupop.sk/arcgis/services/vupop_wms/MapServer/WMSServer?REQUEST=GetCapabilities&SERVICE=WMS&VERSION=1.3.0,,,"{""error"": ""Cannot connect to host sscri.vupop.sk:80 ssl:default [getaddrinfo failed]""}",spatial-extractor,2026-06-21 18:34:48.115 +0300
804,Čiastkový-monitorovací-systém---PÔDA,http://sscri.vupop.sk/arcgis/services/CMS/cms_wfs/MapServer/WFSServer?request=GetCapabilities&service=WFS&VERSION=1.1.0,,,"{""error"": ""Cannot connect to host sscri.vupop.sk:80 ssl:default [getaddrinfo failed]""}",spatial-extractor,2026-06-21 18:34:48.257 +0300
805,6cd66f9c-6a16-47f3-b79e-c88675de7d1d,https://wms.mapama.gob.es/sig/Biodiversidad/INESErosionEolica/wms.aspx,,,"{""error"": ""Could not open file with GDAL (unsupported format or inaccessible)""}",spatial-extractor,2026-06-21 18:34:48.292 +0300
806,6fd05da0-853c-11db-b9b2-000d939bc5d8,https://data.apps.fao.org/map/gsrv/gsrv1/geonetwork/wms?,,,"{""id"": ""10328"", ""bbox"": null, ""name"": ""geonetwork:major_soil_14129"", ""title"": null, ""crs3857"": false, ""crs4326"": false, ""abstract"": null, ""keywords"": [], ""layer_name"": null, ""description"": ""Major soil groups of the world (FGGD)"", ""service_type"": ""wms"", ""metadata_urls"": []}",spatial-extractor,2026-06-21 18:34:48.834 +0300
807,Soil-organic-carbon-content-of-scottish-topsoil,http://druid.hutton.ac.uk/arcgis/services/GSSOIL_TOC/MapServer/WMSServer?,,,"{""id"": ""10370"", ""bbox"": null, ""name"": ""WMS"", ""title"": null, ""crs3857"": false, ""crs4326"": false, ""abstract"": null, ""keywords"": [], ""layer_name"": null, ""description"": ""NULL"", ""service_type"": ""wms"", ""metadata_urls"": []}",spatial-extractor,2026-06-21 18:34:49.801 +0300
808,1689d1b7-ef22-417a-becd-d8d9a8a90a10,https://service.pdok.nl/kadaster/lc/wms/v1_0?request=GetCapabilities&service=WMS,,,"{""id"": ""10377"", ""bbox"": [50.71447164, 2.35417303, 55.66948102, 7.5553525, ""EPSG:4258""], ""name"": ""Bodemgebruik - Land Cover (INSPIRE geharmoniseerd) WMS"", ""title"": ""LandCoverSurfaces"", ""crs3857"": true, ""crs4326"": true, ""abstract"": ""Bodemgebruik dataset vertegenwoordigt ruimtelijke informatie over verschillende soorten fysieke bedekking van het aardoppervlak, b.v. bossen, graslanden, akkerlanden, water, bebouwd gebied enzovoort. Geharmoniseerd voor INSPIRE."", ""keywords"": [""bodemgebruik"", ""LandCoverUnit""], ""layer_name"": ""LC.LandCoverSurfaces"", ""description"": ""NULL"", ""service_type"": ""wms"", ""metadata_urls"": [""https://www.nationaalgeoregister.nl/geonetwork/srv/dut/csw?service=CSW&version=2.0.2&request=GetRecordById&outputschema=http://www.isotc211.org/2005/gmd&elementsetname=full&id=1689d1b7-ef22-417a-becd-d8d9a8a90a10""]}",spatial-extractor,2026-06-21 18:34:53.178 +0300
809,f2f1f877-05f8-4e92-b401-cdc509238e4b,http://data.rivm.nl/geo/ank/wms?,,,"{""id"": ""10381"", ""bbox"": [3.2567917374522644, 50.73439916042575, 7.242411529634361, 53.51851028364233, ""CRS:84""], ""name"": ""altr_a14_ri_bodemctotaal"", ""title"": ""Potentiële bodemkoolstofvastlegging realistisch totaal voor alle maatregelen"", ""crs3857"": true, ""crs4326"": true, ""abstract"": ""Deze kaart laat de realistische potentie voor bodem C vastlegging zien voor een combinatie van alle doorgerekende maatregelen."", ""keywords"": [""vw_altr_a14_ri_bodemctotaal"", ""features""], ""layer_name"": ""altr_a14_ri_bodemctotaal"", ""description"": ""PotentiÃÂ«le bodemkoolstofvastlegging realistisch totaal voor alle maatregelen"", ""service_type"": ""wms"", ""metadata_urls"": [""http://nationaalgeoregister.nl/geonetwork/srv/dut/search#%7C44d77864-928d-46a5-9585-b73315d04834""]}",spatial-extractor,2026-06-21 18:34:56.927 +0300
810,f2f1f877-05f8-4e92-b401-cdc509238e4b,http://data.rivm.nl/geo/ank/wfs?,,,"{""error"": null}",spatial-extractor,2026-06-21 18:34:59.702 +0300
811,0e4c899b-42b1-4654-906e-4ad2a8d838cb,https://service.pdok.nl/bzk/bro-bodemkaart/wms/v1_0?request=getCapabilities&service=WMS,,,"{""id"": ""10383"", ""bbox"": null, ""name"": ""BRO - Bodemkaart (SGM) WMS"", ""title"": null, ""crs3857"": false, ""crs4326"": false, ""abstract"": null, ""keywords"": [], ""layer_name"": null, ""description"": ""BRO Bodemkaart van Nederland"", ""service_type"": ""wms"", ""metadata_urls"": []}",spatial-extractor,2026-06-21 18:35:01.052 +0300
812,6318009c-7b11-4ab9-9929-735584dfb692,https://service.pdok.nl/cbs/landuse/wms/v1_0?request=GetCapabilities&service=WMS,,,"{""id"": ""10385"", ""bbox"": [3069862.0413491055, 3782104.042497744, 3643881.5519501823, 4167117.3319588923, ""EPSG:3035""], ""name"": ""WMS Existing Land Use NL"", ""title"": ""Existing Land Use objects according to the Hierarchical INSPIRE Land Use Classification System at the most appropriate level"", ""crs3857"": true, ""crs4326"": true, ""abstract"": ""This is the INSPIRE Existing Land Use data set of the Netherlands. It is based on the topographical map of the Netherlands (BRT) and aerial photo's."", ""keywords"": [""Landgebruik"", ""Nationaal"", ""CBS"", ""Bodemgebruik"", ""Land use"", ""Bodemfunctie"", ""BBG"", ""Bebouwing"", ""Wegen"", ""Spoor"", ""Natuur"", ""Vliegveld"", ""Bedrijfsterrein"", ""Bos"", ""Recreatie"", ""Landbouw"", ""Glastuinbouw""], ""layer_name"": ""LU.ExistingLandUse"", ""description"": ""NULL"", ""service_type"": ""wms"", ""metadata_urls"": [""https://www.nationaalgeoregister.nl/geonetwork/srv/dut/csw?service=CSW&version=2.0.2&request=GetRecordById&outputschema=http://www.isotc211.org/2005/gmd&elementsetname=full&id=6318009c-7b11-4ab9-9929-735584dfb692""]}",spatial-extractor,2026-06-21 18:35:01.738 +0300
943,https://www.dov.vlaanderen.be/dataset/62667b12-ae06-4c3a-b744-debc4331d398,https://www.dov.vlaanderen.be/geoserver/organische_koolstof/wcs?SERVICE=WCS&version=2.0.1&request=GetCoverage,,,"{""error"": null}",spatial-extractor,2026-06-21 18:39:03.270 +0300
813,d9bf1ce1-5197-409e-b19e-340e50afafc4,https://service.pdok.nl/cbs/bestandbodemgebruik/2017/wms/v1_0?request=getCapabilities&service=WMS,,,"{""id"": ""10390"", ""bbox"": [-59188.44333693248, 304984.64144318487, 308126.88473339565, 858328.516489961, ""EPSG:28992""], ""name"": ""bestandbodemgebruik_2017_hoofdgroep"", ""title"": ""Bestand Bodemgebruik 2017 hoofdgroep"", ""crs3857"": true, ""crs4326"": true, ""abstract"": ""Het Bestand Bodemgebruik 2017 bevat digitale geometrie van het bodemgebruik in Nederland. Voorbeelden van het bodemgebruik zijn verkeersterreinen, bebouwing, recreatieterreinen en binnen- en buitenwater. De begrenzingen zijn voor een groot deel gebaseerd op de Top10NL (BRT). Bij het interpreteren zijn luchtfoto's leidend. De gegevens zijn ingewonnen in de zomer van 2017."", ""keywords"": [""Landgebruik"", ""Nationaal"", ""CBS"", ""Bodemgebruik"", ""Land use"", ""Bodemfunctie"", ""BBG"", ""Bebouwing"", ""Wegen"", ""Spoor"", ""Natuur"", ""Vliegveld"", ""Bedrijfsterrein"", ""Bos"", ""Recreatie"", ""Landbouw"", ""Glastuinbouw""], ""layer_name"": ""bestandbodemgebruik_2017_hoofdgroep"", ""description"": ""Bestand Bodemgebruik 2017 hoofdgroep"", ""service_type"": ""wms"", ""metadata_urls"": [""https://www.nationaalgeoregister.nl/geonetwork/srv/dut/csw?service=CSW&version=2.0.2&request=GetRecordById&outputschema=http://www.isotc211.org/2005/gmd&elementsetname=full&id=d9bf1ce1-5197-409e-b19e-340e50afafc4""]}",spatial-extractor,2026-06-21 18:35:03.617 +0300
814,{c60fabfd-d6ba-429a-b2d7-fea4bda8b09e},https://opengeodata.zeeland.nl/geoserver/bodem/wms?request=GetCapabilities,,,"{""id"": ""10394"", ""bbox"": null, ""name"": ""geogwd_bdmkrtzldvvl"", ""title"": null, ""crs3857"": false, ""crs4326"": false, ""abstract"": null, ""keywords"": [], ""layer_name"": null, ""description"": ""Bodemkaart Zeeland"", ""service_type"": ""wms"", ""metadata_urls"": []}",spatial-extractor,2026-06-21 18:35:05.253 +0300
815,{c60fabfd-d6ba-429a-b2d7-fea4bda8b09e},https://opengeodata.zeeland.nl/geoserver/bodem/wfs?request=GetCapabilities,,,"{""id"": ""10395"", ""bbox"": null, ""name"": ""geogwd_bdmkrtzldvvl"", ""title"": null, ""schema"": null, ""crs3857"": false, ""crs4326"": false, ""abstract"": null, ""keywords"": [], ""layer_name"": null, ""description"": ""Bodemkaart Zeeland"", ""service_type"": ""wfs"", ""metadata_urls"": []}",spatial-extractor,2026-06-21 18:35:06.445 +0300
816,1ec5bc2f-a82e-467d-8e22-3e035419db2e,https://opengeodata.zeeland.nl/geoserver/rasters/wms?request=GetCapabilities,,,"{""id"": ""10398"", ""bbox"": [3.2870176953371586, 51.18408540584362, 4.315238015841172, 51.79080295269467, ""CRS:84""], ""name"": ""GEONAM_AKK_BWGSHRST"", ""title"": ""Bodemkundige geschiktheid voor akkerbouw"", ""crs3857"": true, ""crs4326"": true, ""abstract"": ""Bodemkundige geschiktheid voor akkerbouw\r\n\r\nGEONAM_AKK_BWGSHRST"", ""keywords"": [""WCS"", ""GeoTIFF"", ""GEONAM_AKK_BWGSHRST""], ""layer_name"": ""GEONAM_AKK_BWGSHRST"", ""description"": ""Bodemkundige geschiktheid voor akkerbouw"", ""service_type"": ""wms"", ""metadata_urls"": []}",spatial-extractor,2026-06-21 18:35:07.072 +0300
817,1ec5bc2f-a82e-467d-8e22-3e035419db2e,https://opengeodata.zeeland.nl/geoserver/rasters/wcs?request=GetCapabilities,,,"{""id"": ""10399"", ""bbox"": null, ""name"": ""GEONAM_AKK_BWGSHRST"", ""title"": null, ""abstract"": null, ""keywords"": [], ""layer_name"": null, ""description"": ""Bodemkundige geschiktheid voor akkerbouw"", ""service_type"": ""wcs"", ""metadata_urls"": []}",spatial-extractor,2026-06-21 18:35:07.716 +0300
818,264bf251-8c0b-4a7b-aa46-5017ba176ac3,https://opengeodata.zeeland.nl/geoserver/rasters/wms?request=GetCapabilities,,,"{""id"": ""10400"", ""bbox"": [3.2870176953371586, 51.18408540584362, 4.315238015841172, 51.79080295269467, ""CRS:84""], ""name"": ""GEONAM_KLKGHLTLGRST"", ""title"": ""Kalkgehalte toplaag van de bodem"", ""crs3857"": true, ""crs4326"": true, ""abstract"": ""Kalkgehalte toplaag van de bodem\r\n\r\nGEONAM_KLKGHLTLGRST"", ""keywords"": [""WCS"", ""GeoTIFF"", ""GEONAM_KLKGHLTLGRST""], ""layer_name"": ""GEONAM_KLKGHLTLGRST"", ""description"": ""Kalkgehalte toplaag van de bodem"", ""service_type"": ""wms"", ""metadata_urls"": []}",spatial-extractor,2026-06-21 18:35:08.577 +0300
819,264bf251-8c0b-4a7b-aa46-5017ba176ac3,https://opengeodata.zeeland.nl/geoserver/rasters/wcs?request=GetCapabilities,,,"{""id"": ""10401"", ""bbox"": null, ""name"": ""GEONAM_KLKGHLTLGRST"", ""title"": null, ""abstract"": null, ""keywords"": [], ""layer_name"": null, ""description"": ""Kalkgehalte toplaag van de bodem"", ""service_type"": ""wcs"", ""metadata_urls"": []}",spatial-extractor,2026-06-21 18:35:09.229 +0300
820,aed54b04-03fe-4751-8889-9663f10ce9c4,https://opengeodata.zeeland.nl/geoserver/rasters/wms?request=GetCapabilities,,,"{""id"": ""10402"", ""bbox"": [3.0474793223766397, 50.66939185751831, 7.578157376953769, 53.61112892802615, ""CRS:84""], ""name"": ""GEONAM_ZGRTLGRST"", ""title"": ""Zuurgraad toplaag van de bodem"", ""crs3857"": true, ""crs4326"": true, ""abstract"": ""Zuurgraad toplaag van de bodem\r\n\r\nGEONAM_ZGRTLGRST"", ""keywords"": [""WCS"", ""GeoTIFF"", ""GEONAM_ZGRTLGRST""], ""layer_name"": ""GEONAM_ZGRTLGRST"", ""description"": ""Zuurgraad toplaag van de bodem"", ""service_type"": ""wms"", ""metadata_urls"": []}",spatial-extractor,2026-06-21 18:35:09.947 +0300
821,aed54b04-03fe-4751-8889-9663f10ce9c4,https://opengeodata.zeeland.nl/geoserver/rasters/wcs?request=GetCapabilities,,,"{""id"": ""10403"", ""bbox"": null, ""name"": ""GEONAM_ZGRTLGRST"", ""title"": null, ""abstract"": null, ""keywords"": [], ""layer_name"": null, ""description"": ""Zuurgraad toplaag van de bodem"", ""service_type"": ""wcs"", ""metadata_urls"": []}",spatial-extractor,2026-06-21 18:35:10.772 +0300
822,c149614e-773c-4b56-80bf-cef91f7dc42c,https://opengeodata.zeeland.nl/geoserver/rasters/wms?request=GetCapabilities,,,"{""id"": ""10404"", ""bbox"": [3.2870176953371586, 51.18408540584362, 4.315238015841172, 51.79080295269467, ""CRS:84""], ""name"": ""GEONAM_ORGSTFTLGRST"", ""title"": ""Organische stofgehalte toplaag van de bodem"", ""crs3857"": true, ""crs4326"": true, ""abstract"": ""Organische stofgehalte toplaag van de bodem\r\n\r\nGEONAM_ORGSTFTLGRST"", ""keywords"": [""WCS"", ""GeoTIFF"", ""GEONAM_ORGSTFTLGRST""], ""layer_name"": ""GEONAM_ORGSTFTLGRST"", ""description"": ""Organische stofgehalte toplaag van de bodem"", ""service_type"": ""wms"", ""metadata_urls"": []}",spatial-extractor,2026-06-21 18:35:11.569 +0300
823,c149614e-773c-4b56-80bf-cef91f7dc42c,https://opengeodata.zeeland.nl/geoserver/rasters/wcs?request=GetCapabilities,,,"{""id"": ""10405"", ""bbox"": null, ""name"": ""GEONAM_ORGSTFTLGRST"", ""title"": null, ""abstract"": null, ""keywords"": [], ""layer_name"": null, ""description"": ""Organische stofgehalte toplaag van de bodem"", ""service_type"": ""wcs"", ""metadata_urls"": []}",spatial-extractor,2026-06-21 18:35:12.504 +0300
824,431657a6-c438-4fd9-b588-35bc5fec52a2,https://opengeodata.zeeland.nl/geoserver/bodem/wms?request=GetCapabilities,,,"{""id"": ""10406"", ""bbox"": [3.3388413250247515, 51.192238616444385, 4.28157473692115, 51.7629490352523, ""CRS:84""], ""name"": ""geonam_bdmtpskrtvlk"", ""title"": ""Bodemtoepassingskaart"", ""crs3857"": true, ""crs4326"": true, ""abstract"": ""Bodemtoepassingskaart\r\ngeonam_bdmtpskrtvlk"", ""keywords"": [""features"", ""geonam_bdmtpskrtvlk""], ""layer_name"": ""geonam_bdmtpskrtvlk"", ""description"": ""Bodemtoepassingskaart"", ""service_type"": ""wms"", ""metadata_urls"": []}",spatial-extractor,2026-06-21 18:35:13.269 +0300
825,431657a6-c438-4fd9-b588-35bc5fec52a2,https://opengeodata.zeeland.nl/geoserver/bodem/wfs?request=GetCapabilities,,,"{""id"": ""10407"", ""bbox"": null, ""name"": ""geonam_bdmtpskrtvlk"", ""title"": null, ""schema"": null, ""crs3857"": false, ""crs4326"": false, ""abstract"": null, ""keywords"": [], ""layer_name"": null, ""description"": ""Bodemtoepassingskaart"", ""service_type"": ""wfs"", ""metadata_urls"": []}",spatial-extractor,2026-06-21 18:35:13.941 +0300
944,https://www.dov.vlaanderen.be/dataset/62667b12-ae06-4c3a-b744-debc4331d398,https://www.dov.vlaanderen.be/geoserver/organische_koolstof/wcs?,,,"{""error"": null}",spatial-extractor,2026-06-21 18:39:05.145 +0300
826,d4608f62-da32-4ee6-b432-386c01871ee1,https://opengeodata.zeeland.nl/geoserver/bodem/wms?request=GetCapabilities,,,"{""id"": ""10408"", ""bbox"": [3.3388413250247515, 51.192238616444385, 4.281610503533325, 51.76294938090279, ""CRS:84""], ""name"": ""geonam_bdmfnckrtvlk"", ""title"": ""Bodemfunctiekaart Zeeland"", ""crs3857"": true, ""crs4326"": true, ""abstract"": ""Bodemfunctiekaart Zeeland\r\n\r\ngeonam_bdmfnckrtvlk"", ""keywords"": [""features"", ""geonam_bdmfnckrtvlk""], ""layer_name"": ""geonam_bdmfnckrtvlk"", ""description"": ""Bodemfunctiekaart Zeeland"", ""service_type"": ""wms"", ""metadata_urls"": []}",spatial-extractor,2026-06-21 18:35:14.763 +0300
827,d4608f62-da32-4ee6-b432-386c01871ee1,https://opengeodata.zeeland.nl/geoserver/bodem/wfs?request=GetCapabilities,,,"{""id"": ""10409"", ""bbox"": null, ""name"": ""geonam_bdmfnckrtvlk"", ""title"": null, ""schema"": null, ""crs3857"": false, ""crs4326"": false, ""abstract"": null, ""keywords"": [], ""layer_name"": null, ""description"": ""Bodemfunctiekaart Zeeland"", ""service_type"": ""wfs"", ""metadata_urls"": []}",spatial-extractor,2026-06-21 18:35:15.405 +0300
832,eea_r_3035_1_km_eunis-hab-t_p_1940-2017_v01_r00,https://bio.discomap.eea.europa.eu/arcgis/services/EUNIS/Mosaic_Forest/ImageServer/WMSServer?request=GetCapabilities&service=WMS,,,"{""id"": ""10776"", ""bbox"": null, ""name"": ""NULL"", ""title"": ""WMS"", ""crs3857"": null, ""crs4326"": null, ""abstract"": ""WMS"", ""keywords"": [], ""layer_name"": null, ""description"": ""NULL"", ""service_type"": ""wms"", ""metadata_urls"": []}",spatial-extractor,2026-06-21 18:35:20.472 +0300
836,3ab1d271-7ab9-4b20-b90e-747e50ad0ccc,https://io.apps.fao.org/geoserver/wms/WAPOR_2/L3_MUV_I_D/v2?service=WMS&version=1.3.0&request=GetCapabilities,,,"{""error"": null}",spatial-extractor,2026-06-21 18:35:30.455 +0300
214,r_vda:02963-META:20161020:171000,https://geoservizi.regione.vda.it/geoserver/sctAmbiti/wms?service=WMS&version=1.1.0&request=GetCapabilities,,,"{""error"": null}",spatial-extractor,2026-06-21 18:36:13.207 +0300
324,r_vda:03754-META:20181122:111000,https://geoservizi.regione.vda.it/geoserver/sctGeologia/wms?service=WMS&version=1.1.0&request=GetCapabilities,,,"{""error"": null}",spatial-extractor,2026-06-21 18:36:16.659 +0300
867,https://registry.gdi-de.org/id/de.be.csw/a06f3c31-418c-3edf-8e4b-1e2a4a00ea7a,https://gdi.berlin.de/services/wms/ua_boden_schadstoff_2020?request=GetCapabilities&service=WMS,,,"{""id"": ""43593"", ""bbox"": null, ""name"": ""NULL"", ""title"": ""Nährstoffspeicher- / Schadstoffbindungsvermögen der Böden (KAKeff-Wert) 2020 (Umweltatlas)"", ""crs3857"": null, ""crs4326"": null, ""abstract"": ""Nährstoffspeicher-/Schadstoffbindungsvermögen der Böden (KAKeff-Wert) auf Block- und Blockteilflächen-Basis, 1 : 5.000, Stand 2020."", ""keywords"": [], ""layer_name"": null, ""description"": ""Darstellungsdienst - Nährstoffspeicher- / Schadstoffbindungsvermögen der Böden (KAKeff-Wert) 2020 (Umweltatlas) (WMS)"", ""service_type"": ""wms"", ""metadata_urls"": []}",spatial-extractor,2026-06-21 18:36:21.865 +0300
868,https://registry.gdi-de.org/id/de.be.csw/f11dff3b-0db9-38f8-a905-219b077fba07,https://gdi.berlin.de/services/wms/ua_boden_lebensfkt_2020?request=GetCapabilities&service=WMS,,,"{""id"": ""43656"", ""bbox"": null, ""name"": ""NULL"", ""title"": ""Lebensraumfunktion für naturnahe und seltene Pflanzengesellschaften der Böden 2020 (Umweltatlas)"", ""crs3857"": null, ""crs4326"": null, ""abstract"": ""Darstellung der Lebensraumfunktion der Böden für naturnahe und seltene Pflanzengesellschaften der Böden auf Block- und Blockteilflächen-Basis, 1 : 5.000, Stand 2020."", ""keywords"": [], ""layer_name"": null, ""description"": ""Darstellungsdienst - Lebensraumfunktion für naturnahe und seltene Pflanzengesellschaften der Böden 2020 (Umweltatlas) (WMS)"", ""service_type"": ""wms"", ""metadata_urls"": []}",spatial-extractor,2026-06-21 18:36:22.782 +0300
429,"eea_r_3035_100_m_fga2-s-2012_p_2012-2016_v01_r00,DAT-222-en",https://land.discomap.eea.europa.eu/arcgis/services/Fragmentation/Fragmentation_2012_mesh_density/ImageServer/WMSServer?request=GetCapabilities&service=WMS,,,"{""error"": null}",spatial-extractor,2026-06-21 18:35:52.933 +0300
1322,e257b17b-b868-4154-a303-23855f7e9345,http://epub.sjv.se/inspire/inspire/ows?service=WFS&request=GetCapabilities&TYPENAMES=arslager_block,,,"{""id"": ""57526"", ""bbox"": null, ""name"": ""WFS-tjänst Jordbruksblock"", ""title"": null, ""schema"": null, ""crs3857"": false, ""crs4326"": false, ""abstract"": null, ""keywords"": [], ""layer_name"": null, ""description"": ""WFS-tjänst Jordbruksblock"", ""service_type"": ""wfs"", ""metadata_urls"": []}",spatial-extractor,2026-06-21 18:57:12.930 +0300
449,eea_r_3035_100_m_extended-wetland-ecosystem_p_2012_v01_r00,https://land.discomap.eea.europa.eu/arcgis/services/Land/Extended_wetland_ecosystem_2012/ImageServer/WMSServer?request=GetCapabilities&service=WMS,,,"{""error"": null}",spatial-extractor,2026-06-21 18:35:54.541 +0300
869,https://registry.gdi-de.org/id/de.be.csw/f11dff3b-0db9-38f8-a905-219b077fba07,https://gdi.berlin.de/services/wms/ua_boden_ertragfkt_2020?request=GetCapabilities&service=WMS,,,"{""id"": ""43657"", ""bbox"": null, ""name"": ""NULL"", ""title"": ""Ertragsfunktion der Böden für Kulturpflanzen 2020 (Umweltatlas)"", ""crs3857"": null, ""crs4326"": null, ""abstract"": ""Darstellung der Ertragsfunktion der Böden für Kulturpflanzen auf Block- und Blockteilflächen-Basis, 1 : 5.000, Stand 2020."", ""keywords"": [], ""layer_name"": null, ""description"": ""Darstellungsdienst - Ertragsfunktion der Böden für Kulturpflanzen 2020 (Umweltatlas) (WMS)"", ""service_type"": ""wms"", ""metadata_urls"": []}",spatial-extractor,2026-06-21 18:36:23.477 +0300
303,ab216439-c420-4fc8-995b-91a639d4edd8,https://io.apps.fao.org/gismgr/api/v1/RICCAR/RHMORP/wms?VERSION=1.1.1,,,"{""error"": null}",spatial-extractor,2026-06-21 19:01:14.149 +0300
870,https://registry.gdi-de.org/id/de.be.csw/f11dff3b-0db9-38f8-a905-219b077fba07,https://gdi.berlin.de/services/wms/ua_boden_pufffkt_2020?request=GetCapabilities&service=WMS,,,"{""id"": ""43658"", ""bbox"": null, ""name"": ""NULL"", ""title"": ""Puffer- und Filterfunktion der Böden 2020 (Umweltatlas)"", ""crs3857"": null, ""crs4326"": null, ""abstract"": ""Darstellung der Puffer- und Filterfunktion der Böden auf Block- und Blockteilflächen-Basis, 1 : 5.000, Stand 2020."", ""keywords"": [], ""layer_name"": null, ""description"": ""Darstellungsdienst - Puffer- und Filterfunktion der Böden 2020 (Umweltatlas) (WMS)"", ""service_type"": ""wms"", ""metadata_urls"": []}",spatial-extractor,2026-06-21 18:36:24.124 +0300
551,d6169455-7246-408a-93a5-e418f51f8fe5,https://io.apps.fao.org/geoserver/wms/WAPOR_2/L3_BUS_E_D/v2?service=WMS&version=1.3.0&request=GetCapabilities,,,"{""error"": null}",spatial-extractor,2026-06-21 19:01:15.637 +0300
125,613EC54D-F759-4F0F-A00B-55A307F43015,https://www.geoproxy.geoportal-th.de/geoproxy/services/bodengeologie?SERVICE=WMS&REQUEST=GetCapabilities&VERSION=1.3.0,,,"{""error"": ""Could not open file with GDAL (unsupported format or inaccessible)""}",spatial-extractor,2026-06-21 18:36:08.617 +0300
894,r_friuve:m3978-cc-i1485,https://serviziogc.regione.fvg.it/geoserver/CAR_GEO/wfs?request=GetCapabilities&service=wfs&version=2.0.0,,,"{""id"": ""44262"", ""bbox"": null, ""name"": ""NULL"", ""title"": null, ""schema"": null, ""crs3857"": false, ""crs4326"": false, ""abstract"": null, ""keywords"": [], ""layer_name"": null, ""description"": ""NULL"", ""service_type"": ""wfs"", ""metadata_urls"": []}",spatial-extractor,2026-06-21 18:37:34.531 +0300
871,https://registry.gdi-de.org/id/de.be.csw/f11dff3b-0db9-38f8-a905-219b077fba07,https://gdi.berlin.de/services/wms/ua_boden_regelfkt_2020?request=GetCapabilities&service=WMS,,,"{""id"": ""43659"", ""bbox"": null, ""name"": ""NULL"", ""title"": ""Regelungsfunktion für den Wasserhaushalt der Böden 2020 (Umweltatlas)"", ""crs3857"": null, ""crs4326"": null, ""abstract"": ""Darstellung der Regelungsfunktion für den Wasserhaushalt der Böden auf Block- und Blockteilflächen-Basis, 1 : 5.000, Stand 2020."", ""keywords"": [], ""layer_name"": null, ""description"": ""Darstellungsdienst - Regelungsfunktion für den Wasserhaushalt der Böden 2020 (Umweltatlas) (WMS)"", ""service_type"": ""wms"", ""metadata_urls"": []}",spatial-extractor,2026-06-21 18:36:25.951 +0300
872,https://registry.gdi-de.org/id/de.be.csw/f11dff3b-0db9-38f8-a905-219b077fba07,https://gdi.berlin.de/services/wms/ua_boden_archivfkt_2020?request=GetCapabilities&service=WMS,,,"{""id"": ""43660"", ""bbox"": null, ""name"": ""NULL"", ""title"": ""Archivfunktion der Böden für die Naturgeschichte 2020 (Umweltatlas)"", ""crs3857"": null, ""crs4326"": null, ""abstract"": ""Darstellung der Archivfunktion der Böden für die Naturgeschichte auf Block- und Blockteilflächen-Basis, 1 : 5.000, Stand 2020."", ""keywords"": [], ""layer_name"": null, ""description"": ""Darstellungsdienst - Archivfunktion der Böden für die Naturgeschichte 2020 (Umweltatlas) (WMS)"", ""service_type"": ""wms"", ""metadata_urls"": []}",spatial-extractor,2026-06-21 18:36:26.769 +0300
873,https://registry.gdi-de.org/id/de.be.csw/f11dff3b-0db9-38f8-a905-219b077fba07,https://gdi.berlin.de/services/wms/ua_boden_leist_2020?request=GetCapabilities&service=WMS,,,"{""id"": ""43661"", ""bbox"": null, ""name"": ""NULL"", ""title"": ""Leistungsfähigkeit der Böden 2020 (Umweltatlas)"", ""crs3857"": null, ""crs4326"": null, ""abstract"": ""Darstellung der Leistungsfähigkeit der Böden zur Erfüllung der natürlichen Bodenfunktion und der Archivfunktion auf Block- und Blockteilflächen-Basis, 1 : 5.000, Stand 2020."", ""keywords"": [], ""layer_name"": null, ""description"": ""Darstellungsdienst - Leistungsfähigkeit der Böden 2020 (Umweltatlas) (WMS)"", ""service_type"": ""wms"", ""metadata_urls"": []}",spatial-extractor,2026-06-21 18:36:29.527 +0300
874,https://registry.gdi-de.org/id/de.be.csw/f11dff3b-0db9-38f8-a905-219b077fba07,https://gdi.berlin.de/services/wms/ua_boden_vpot_2020?request=GetCapabilities&service=WMS,,,"{""id"": ""43662"", ""bbox"": null, ""name"": ""NULL"", ""title"": ""Verdunstungspotenzial der Böden auf Grundlage der Bodeneigenschaften 2020 (Umweltatlas)"", ""crs3857"": null, ""crs4326"": null, ""abstract"": ""Darstellung des Verdunstungspotenzials der Böden auf Grundlage der Bodeneigenschaften auf Block- und Blockteilflächen-Basis, 1 : 5.000, Stand 2020."", ""keywords"": [], ""layer_name"": null, ""description"": ""Darstellungsdienst - Verdunstungspotenzial der Böden auf Grundlage der Bodeneigenschaften 2020 (Umweltatlas) (WMS)"", ""service_type"": ""wms"", ""metadata_urls"": []}",spatial-extractor,2026-06-21 18:36:30.200 +0300
875,https://registry.gdi-de.org/id/de.be.csw/f11dff3b-0db9-38f8-a905-219b077fba07,https://gdi.berlin.de/services/wms/ua_boden_bklov_2020?request=GetCapabilities&service=WMS,,,"{""id"": ""43663"", ""bbox"": null, ""name"": ""NULL"", ""title"": ""Kühlleistung der Böden ohne Berücksichtigung der Versiegelung 2020 (Umweltatlas)"", ""crs3857"": null, ""crs4326"": null, ""abstract"": ""Darstellung der Kühlleistung der Böden ohne Berücksichtigung der Versiegelung (Verdunstung und Kühlenergie) auf Grundlage der Bodeneigenschaften auf Block- und Blockteilflächen-Basis, 1 : 5.000, Stand 2020."", ""keywords"": [], ""layer_name"": null, ""description"": ""Darstellungsdienst - Kühlleistung der Böden ohne Berücksichtigung der Versiegelung 2020 (Umweltatlas) (WMS)"", ""service_type"": ""wms"", ""metadata_urls"": []}",spatial-extractor,2026-06-21 18:36:31.243 +0300
876,https://registry.gdi-de.org/id/de.be.csw/f11dff3b-0db9-38f8-a905-219b077fba07,https://gdi.berlin.de/services/wms/ua_boden_bklmv_2020?request=GetCapabilities&service=WMS,,,"{""id"": ""43664"", ""bbox"": null, ""name"": ""NULL"", ""title"": ""Kühlleistung der Böden mit Berücksichtigung der Versiegelung 2020 (Umweltatlas)"", ""crs3857"": null, ""crs4326"": null, ""abstract"": ""Darstellung der Kühlleistung der Böden mit Berücksichtigung der Versiegelung (Verdunstung und Kühlenergie) auf Grundlage der Bodeneigenschaften auf Block- und Blockteilflächen-Basis, 1 : 5.000, Stand 2020."", ""keywords"": [], ""layer_name"": null, ""description"": ""Darstellungsdienst - Kühlleistung der Böden mit Berücksichtigung der Versiegelung 2020 (Umweltatlas) (WMS)"", ""service_type"": ""wms"", ""metadata_urls"": []}",spatial-extractor,2026-06-21 18:36:31.911 +0300
877,https://registry.gdi-de.org/id/de.be.csw/f11dff3b-0db9-38f8-a905-219b077fba07,https://gdi.berlin.de/services/wms/ua_boden_bodplan_2020?request=GetCapabilities&service=WMS,,,"{""id"": ""43665"", ""bbox"": null, ""name"": ""NULL"", ""title"": ""Planungshinweise zum Bodenschutz 2020 (Umweltatlas)"", ""crs3857"": null, ""crs4326"": null, ""abstract"": ""Darstellung der unterschiedlichen Wertigkeit der Flächen hinsichtlich der Anforderungen des vorsorgenden Bodenschutzes auf Block- und Blockteilflächen-Basis, 1 : 5.000, Stand 2020."", ""keywords"": [], ""layer_name"": null, ""description"": ""Darstellungsdienst - Planungshinweise zum Bodenschutz 2020 (Umweltatlas) (WMS)"", ""service_type"": ""wms"", ""metadata_urls"": []}",spatial-extractor,2026-06-21 18:36:32.725 +0300
878,1f9cac1e-ac71-4007-bec1-bdf979fa4403,https://services.bgr.de/wms/boden/fk10dm1000/?,,,"{""id"": ""43715"", ""bbox"": [5.432722, 46.98339, 15.655428, 55.067148, ""EPSG:4326""], ""name"": ""0"", ""title"": ""FK10DM1000_250 Version 1.0"", ""crs3857"": true, ""crs4326"": true, ""abstract"": ""Die Karte der Wasserspeicherfähigkeit der Böden in Deutschland gibt einen Überblick über die Feldkapazität der Böden bis in 1m Tiefe unter Geländeoberfläche. Als Feldkapazität wird die Wassermenge bezeichnet, die maximal gegen die Schwerkraft im Boden gespeichert werden kann. Nur ein Teil dieser Wassermenge ist pflanzenverfügbar. Die Karte basiert auf der Auswertung der nutzungsdifferenzierten Bodenübersichtskarte 1:1.000.000 (BUEK1000N) und zeigt die klassifizierte Feldkapazität. Die Methode ist in der Bodenkundlichen Kartieranleitung (KA4) und in der Methodendokumentation Bodenkunde der Ad-hoc-AG Boden veröffentlicht. Zur nutzungsabhängigen Differenzierung der Profildaten werden die Landnutzungsdaten CORINE Land Cover 2006 herangezogen."", ""keywords"": [], ""layer_name"": ""0"", ""description"": ""Die Karte der Wasserspeicherfähigkeit der Böden in Deutschland gibt einen Überblick über die Feldkapazität der Böden bis in 1m Tiefe unter Geländeoberfläche. Als Feldkapazität wird die Wassermenge bezeichnet, die maximal gegen die Schwerkraft im Boden gespeichert werden kann. Nur ein Teil dieser Wassermenge ist pflanzenverfügbar. Die Karte basiert auf der Auswertung der nutzungsdifferenzierten Bodenübersichtskarte 1:1.000.000 (BUEK1000N) und zeigt die klassifizierte Feldkapazität. Die Methode ist in der Bodenkundlichen Kartieranleitung (KA4) und in der Methodendokumentation Bodenkunde der Ad-hoc-AG Boden veröffentlicht. Zur nutzungsabhängigen Differenzierung der Profildaten werden die Landnutzungsdaten CORINE Land Cover 2006 herangezogen."", ""service_type"": ""wms"", ""metadata_urls"": [""https://geoportal.bgr.de/smartfindersdi-csw/api?request=GetRecordById&service=CSW&version=2.0.2&outputSchema=http://www.isotc211.org/2005/gmd&elementSetName=full&id=1f9cac1e-ac71-4007-bec1-bdf979fa4403""]}",spatial-extractor,2026-06-21 18:36:47.583 +0300
879,http://www.podnemapy.sk/portal/prave_menu/podna_mapa/podna_mapa.aspx,https://www.nlcsk.org/arcgis/services/MPRV/SO_PodnaMapa/MapServer/WMSServer?version=1.3.0&service=WMS&request=GetCapabilities,,,"{""id"": ""43761"", ""bbox"": null, ""name"": ""WMS"", ""title"": null, ""crs3857"": false, ""crs4326"": false, ""abstract"": null, ""keywords"": [], ""layer_name"": null, ""description"": ""NULL"", ""service_type"": ""wms"", ""metadata_urls"": []}",spatial-extractor,2026-06-21 18:37:04.615 +0300
880,"SO.SoilThemeCoverage.COT__CV_TENEURS_2015_2019,62180757-5fed-464c-a450-a05757d02864",https://geoservices.wallonie.be/geoserver/inspire_so/ows?service=WMS&version=1.3.0&request=GetCapabilities,,,"{""id"": ""43887"", ""bbox"": null, ""name"": ""INSPIRE - Sols en Wallonie (BE) - Service de visualisation WMS"", ""title"": null, ""crs3857"": false, ""crs4326"": false, ""abstract"": null, ""keywords"": [], ""layer_name"": null, ""description"": ""Ce service de visualisation WMS-INSPIRE permet de consulter la série de couches de données conforme au thème INSPIRE \""Sols\""."", ""service_type"": ""wms"", ""metadata_urls"": []}",spatial-extractor,2026-06-21 18:37:07.068 +0300
881,"/LC_AgriculturalArea_LPIS_2021,da6558c3-507b-47b3-9cd3-2db71d7f3136",https://geoservices.wallonie.be/geoserver/inspire_lc/ows?service=WMS&version=1.3.0&request=GetCapabilities,,,"{""id"": ""43921"", ""bbox"": null, ""name"": ""INSPIRE- Occupation des terres en Wallonie (BE) - Service de visualisation WMS"", ""title"": null, ""crs3857"": false, ""crs4326"": false, ""abstract"": null, ""keywords"": [], ""layer_name"": null, ""description"": ""Ce service de visualisation WMS-INSPIRE permet de consulter la série de couches de données conforme au thème INSPIRE \""Occupation des terres\""."", ""service_type"": ""wms"", ""metadata_urls"": []}",spatial-extractor,2026-06-21 18:37:08.382 +0300
882,https://registry.gdi-de.org/id/de.be.csw/0d7dda82-9fc2-3e50-a4d1-8bf453695170,https://gdi.berlin.de/services/wms/ua_boden_seltenheit_2020?request=GetCapabilities&service=WMS,,,"{""id"": ""43938"", ""bbox"": null, ""name"": ""NULL"", ""title"": ""Regionale Seltenheit der Bodengesellschaften 2020 (Umweltatlas)"", ""crs3857"": null, ""crs4326"": null, ""abstract"": ""Regionale Seltenheit der Bodengesellschaften auf Block- und Blockteilflächen-Basis, 1 : 5.000, Stand 2020."", ""keywords"": [], ""layer_name"": null, ""description"": ""Darstellungsdienst - Regionale Seltenheit der Bodengesellschaften 2020 (Umweltatlas) (WMS)"", ""service_type"": ""wms"", ""metadata_urls"": []}",spatial-extractor,2026-06-21 18:37:09.802 +0300
883,DADB8BB6-4A7A-4CB7-908D-EA0767B068D7,https://services.bgr.de/wms/boden/bodeneigenschaften/?,,,"{""id"": ""43959"", ""bbox"": null, ""name"": ""0,1,2"", ""title"": null, ""crs3857"": false, ""crs4326"": false, ""abstract"": null, ""keywords"": [], ""layer_name"": null, ""description"": ""Die Karte Bodenarten der Oberböden Deutschlands vermittelt einen visuellen Eindruck über die Verbreitung typischer, d.h. flächenhaft dominierender (i.S. von häufigsten) Bodenarten in Oberböden Deutschlands. Mit der Karte werden Ergebnisse von Untersuchungen visualisiert, die in dem BGR-Bericht Bodenarten der Böden Deutschlands; BGR Archiv, Nr. 0127305, dokumentiert sind. Dabei erfolgte eine Ableitung der Bodenart aus den Analysedaten zu Kornfraktionen der Feinböden für 16.132 Standorte in Deutschland und eine Zuweisung der dominierenden Bordenartengruppe zu den Legendeneinheiten der nutzungsdifferenzierten Bodenübersichtskarte 1:1.000.000 (BÜK1000N V2.3). Aus Gründen der dem Maßstab (1:1.000.000) angepassten Übersichtlichkeit beschränkt sich die Darstellung auf die Ebene der Bodenarten-Gruppe gem. Bodenkundlicher Kartieranleitung (KA5). Die Version 2.0 basiert auf den topographischen Grundlagen der Digitalen Topographischen Karte 1:1.000.000 (DTK1000-V) des Bundesamtes für Kartographie und Geodäsie, welche von der BGR in Teilen modifiziert wurde."", ""service_type"": ""wms"", ""metadata_urls"": []}",spatial-extractor,2026-06-21 18:37:10.483 +0300
884,89a66120-85aa-456f-bd8f-84e67c79581f,https://www.dov.vlaanderen.be/geoserver-inspire/observedsoilprofile/wfs?,,,"{""error"": null}",spatial-extractor,2026-06-21 18:37:19.736 +0300
885,89a66120-85aa-456f-bd8f-84e67c79581f,https://www.dov.vlaanderen.be/geoserver-inspire/observedsoilprofile/wfs?service=WFS&version=2.0.0&request=GetFeature,,,"{""error"": null}",spatial-extractor,2026-06-21 18:37:23.354 +0300
886,https://registry.gdi-de.org/id/de.be.csw/145a97bf-df5f-3aeb-a085-b012c968509e,https://gdi.berlin.de/services/wms/ua_boden_pufffkt_2020?request=GetCapabilities&service=WMS,,,"{""id"": ""44199"", ""bbox"": null, ""name"": ""NULL"", ""title"": ""Puffer- und Filterfunktion der Böden 2020 (Umweltatlas)"", ""crs3857"": null, ""crs4326"": null, ""abstract"": ""Darstellung der Puffer- und Filterfunktion der Böden auf Block- und Blockteilflächen-Basis, 1 : 5.000, Stand 2020."", ""keywords"": [], ""layer_name"": null, ""description"": ""Darstellungsdienst - Puffer- und Filterfunktion der Böden 2020 (Umweltatlas) (WMS)"", ""service_type"": ""wms"", ""metadata_urls"": []}",spatial-extractor,2026-06-21 18:37:25.036 +0300
887,https://registry.gdi-de.org/id/de.be.csw/a32fe260-a50b-335b-ac9a-b02016346bf3,https://gdi.berlin.de/services/wms/bodenkundliche_kartierungen?request=GetCapabilities&service=WMS,,,"{""id"": ""44205"", ""bbox"": null, ""name"": ""NULL"", ""title"": ""Bodenkundliche Kartierungen - Übersicht"", ""crs3857"": null, ""crs4326"": null, ""abstract"": ""Übersicht über die im Land Berlin durchgeführten bodenkundlichen Gutachten oder Kartierungen bei denen Bodenprofile dokumentiert und/oder großmaßstäbliche Bodenkartierungen erarbeitet wurden."", ""keywords"": [], ""layer_name"": null, ""description"": ""Darstellungsdienst - Bodenkundliche Kartierungen - Übersicht (WMS)"", ""service_type"": ""wms"", ""metadata_urls"": []}",spatial-extractor,2026-06-21 18:37:25.986 +0300
888,https://registry.gdi-de.org/id/de.be.csw/a98d621d-2702-34bd-a0e6-41ccf1d7a15f,https://gdi.berlin.de/services/wms/ua_boden_ertragfkt_2020?request=GetCapabilities&service=WMS,,,"{""id"": ""44213"", ""bbox"": null, ""name"": ""NULL"", ""title"": ""Ertragsfunktion der Böden für Kulturpflanzen 2020 (Umweltatlas)"", ""crs3857"": null, ""crs4326"": null, ""abstract"": ""Darstellung der Ertragsfunktion der Böden für Kulturpflanzen auf Block- und Blockteilflächen-Basis, 1 : 5.000, Stand 2020."", ""keywords"": [], ""layer_name"": null, ""description"": ""Darstellungsdienst - Ertragsfunktion der Böden für Kulturpflanzen 2020 (Umweltatlas) (WMS)"", ""service_type"": ""wms"", ""metadata_urls"": []}",spatial-extractor,2026-06-21 18:37:26.664 +0300
889,r_friuve:m3968-cc-i1470,https://serviziogc.regione.fvg.it/geoserver/CAR_GEO/wfs?request=GetCapabilities&service=wfs&version=2.0.0,,,"{""id"": ""44234"", ""bbox"": null, ""name"": ""NULL"", ""title"": null, ""schema"": null, ""crs3857"": false, ""crs4326"": false, ""abstract"": null, ""keywords"": [], ""layer_name"": null, ""description"": ""NULL"", ""service_type"": ""wfs"", ""metadata_urls"": []}",spatial-extractor,2026-06-21 18:37:27.294 +0300
890,r_friuve:m3968-cc-i1470,https://serviziogc.regione.fvg.it/geoserver/CAR_GEO/wms?request=GetCapabilities&service=wms&version=1.3.0,,,"{""id"": ""44235"", ""bbox"": null, ""name"": ""NULL"", ""title"": ""GeoServer Web Map Service IRDAT FVG"", ""crs3857"": null, ""crs4326"": null, ""abstract"": ""Service for pubblication of the geographic informations of the region Friuli Venezia Giulia using the WFS OpenGIS standard."", ""keywords"": [], ""layer_name"": null, ""description"": ""NULL"", ""service_type"": ""wms"", ""metadata_urls"": []}",spatial-extractor,2026-06-21 18:37:28.474 +0300
891,r_friuve:m3977-cc-i1482,https://serviziogc.regione.fvg.it/geoserver/CAR_GEO/wfs?request=GetCapabilities&service=wfs&version=2.0.0,,,"{""id"": ""44245"", ""bbox"": null, ""name"": ""NULL"", ""title"": null, ""schema"": null, ""crs3857"": false, ""crs4326"": false, ""abstract"": null, ""keywords"": [], ""layer_name"": null, ""description"": ""NULL"", ""service_type"": ""wfs"", ""metadata_urls"": []}",spatial-extractor,2026-06-21 18:37:29.450 +0300
892,r_friuve:m3977-cc-i1482,https://serviziogc.regione.fvg.it/geoserver/CAR_GEO/wms?request=GetCapabilities&service=wms&version=1.3.0,,,"{""id"": ""44246"", ""bbox"": null, ""name"": ""NULL"", ""title"": ""GeoServer Web Map Service IRDAT FVG"", ""crs3857"": null, ""crs4326"": null, ""abstract"": ""Service for pubblication of the geographic informations of the region Friuli Venezia Giulia using the WFS OpenGIS standard."", ""keywords"": [], ""layer_name"": null, ""description"": ""NULL"", ""service_type"": ""wms"", ""metadata_urls"": []}",spatial-extractor,2026-06-21 18:37:31.403 +0300
893,r_friuve:m3978-cc-i1485,https://serviziogc.regione.fvg.it/geoserver/CAR_GEO/wms?request=GetCapabilities&service=wms&version=1.3.0,,,"{""id"": ""44261"", ""bbox"": null, ""name"": ""NULL"", ""title"": ""GeoServer Web Map Service IRDAT FVG"", ""crs3857"": null, ""crs4326"": null, ""abstract"": ""Service for pubblication of the geographic informations of the region Friuli Venezia Giulia using the WFS OpenGIS standard."", ""keywords"": [], ""layer_name"": null, ""description"": ""NULL"", ""service_type"": ""wms"", ""metadata_urls"": []}",spatial-extractor,2026-06-21 18:37:32.647 +0300
895,r_friuve:m4000-cc-i1391,https://serviziogc.regione.fvg.it/geoserver/CAR_GEO/wms?request=GetCapabilities&service=wms&version=1.3.0,,,"{""id"": ""44267"", ""bbox"": null, ""name"": ""NULL"", ""title"": ""GeoServer Web Map Service IRDAT FVG"", ""crs3857"": null, ""crs4326"": null, ""abstract"": ""Service for pubblication of the geographic informations of the region Friuli Venezia Giulia using the WFS OpenGIS standard."", ""keywords"": [], ""layer_name"": null, ""description"": ""NULL"", ""service_type"": ""wms"", ""metadata_urls"": []}",spatial-extractor,2026-06-21 18:37:36.635 +0300
896,r_friuve:m4000-cc-i1391,https://serviziogc.regione.fvg.it/geoserver/CAR_GEO/wfs?request=GetCapabilities&service=wfs&version=2.0.0,,,"{""id"": ""44268"", ""bbox"": null, ""name"": ""NULL"", ""title"": null, ""schema"": null, ""crs3857"": false, ""crs4326"": false, ""abstract"": null, ""keywords"": [], ""layer_name"": null, ""description"": ""NULL"", ""service_type"": ""wfs"", ""metadata_urls"": []}",spatial-extractor,2026-06-21 18:37:37.491 +0300
897,csw,https://service.pdok.nl/tno/bro-bodemkundig-booronderzoek-bodem-geharmoniseerd/wms/v1_0?request=GetCapabilities&service=WMS,,,"{""id"": ""44294"", ""bbox"": [50.71447164, 2.35417303, 55.66948102, 7.5553525, ""EPSG:4258""], ""name"": ""SO.ObservedSoilProfile"", ""title"": ""Observed Soil Profile"", ""crs3857"": true, ""crs4326"": true, ""abstract"": ""Deze dataset bevat de naar INSPIRE thema Bodem geharmoniseerde gegevens over een bodemkundig booronderzoek, die voortkomen uit een bodemkundig georienteerde boring. In veel gevallen bestaat het bodemkundig booronderzoek uit niet meer dan een boormonsterprofiel. In het meest uitgebreide geval omvat het booronderzoek ook de resultaten van boormonsteronderzoek en boorgatmeetgegevens. Het boormonsterprofiel komt tot stand door de samenstelling van de monsters uit een booronderzoek macroscopisch te beschrijven."", ""keywords"": [""Bodem"", ""Nationaal"", ""Bodemkunde"", ""Bodemonderzoek"", ""Bodemprofiel"", ""Boorprofiel"", ""Booronderzoek"", ""Grondonderzoek"", ""soil plot"", ""soil plot location"", ""bore hole"", ""boring"", ""bore hole location"", ""soil profile"", ""profile"", ""soil profile location"", ""trial pit"", ""trial pit location"", ""soil pit""], ""layer_name"": ""SO.ObservedSoilProfile"", ""description"": ""NULL"", ""service_type"": ""wms"", ""metadata_urls"": [""https://www.nationaalgeoregister.nl/geonetwork/srv/dut/csw?service=CSW&version=2.0.2&request=GetRecordById&outputschema=http://www.isotc211.org/2005/gmd&elementsetname=full&id=7891e711-df3b-44df-bc35-81c3856a7efc""]}",spatial-extractor,2026-06-21 18:37:38.313 +0300
898,c1e28873-45a1-44c9-86b6-048a83c4816d,https://service.pdok.nl/tno/bro-bodemkundig-booronderzoek/wms/v1_0?request=GetCapabilities&service=WMS,,,"{""id"": ""44333"", ""bbox"": null, ""name"": ""NULL"", ""title"": ""BRO Bodemkundig Booronderzoek (BHR-P) WMS"", ""crs3857"": null, ""crs4326"": null, ""abstract"": ""Bodemkundig booronderzoek omvat de gegevens die voortkomen uit een bodemkundig georienteerde boring. In veel gevallen bestaat het bodemkundig booronderzoek uit niet meer dan een boormonsterprofiel. In het meest uitgebreide geval omvat het booronderzoek ook de resultaten van boormonsteronderzoek en boorgatmeetgegevens. Het boormonsterprofiel komt tot stand door de samenstelling van de monsters uit een booronderzoek macroscopisch te beschrijven."", ""keywords"": [], ""layer_name"": null, ""description"": ""NULL"", ""service_type"": ""wms"", ""metadata_urls"": []}",spatial-extractor,2026-06-21 18:37:38.981 +0300
899,cmto:d7c0991c-e1c4-45d9-915d-f41378492c63,https://opengis.csi.it/ws/cmtogis/cmto-01/cmtowmsniger/wms_aree_produttive_dismesse?,,,"{""error"": null}",spatial-extractor,2026-06-21 18:37:39.557 +0300
900,"http://maaamet.ee/andmekogu/pinnas/mullastiku_kaart,ee.maaamet.so-mullakaart,70003098-mullakaart",https://teenus.maaamet.ee/ows/mullakaart?service=wms&version=1.3.0&request=GetCapabilities,,,"{""id"": ""44387"", ""bbox"": null, ""name"": ""https://teenus.maaamet.ee/ows/mullakaart?"", ""title"": null, ""crs3857"": false, ""crs4326"": false, ""abstract"": null, ""keywords"": [], ""layer_name"": null, ""description"": ""Mullakaardi WMS teenus."", ""service_type"": ""wms"", ""metadata_urls"": []}",spatial-extractor,2026-06-21 18:37:42.297 +0300
901,"http://maaamet.ee/andmekogu/pinnas/mullastiku_kaart,ee.maaamet.so-mullakaart,70003098-mullakaart",http://kaart.maaamet.ee/wms/alus?service=WMS&version=1.3.0&request=GetCapabilities,,,"{""id"": ""44388"", ""bbox"": null, ""name"": ""http://kaart.maaamet.ee/wms/alus?"", ""title"": null, ""crs3857"": false, ""crs4326"": false, ""abstract"": null, ""keywords"": [], ""layer_name"": null, ""description"": ""Maa- ja Ruumiameti aluskaardid."", ""service_type"": ""wms"", ""metadata_urls"": []}",spatial-extractor,2026-06-21 18:37:43.156 +0300
902,"http://maaamet.ee/andmekogu/pinnas/mullastiku_kaart,ee.maaamet.so-mullakaart,70003098-mullakaart",https://inspire.geoportaal.ee/geoserver/SO_pinnas/wms?service=WMS&version=1.3.0&request=GetCapabilities,,,"{""id"": ""44389"", ""bbox"": null, ""name"": ""https://inspire.geoportaal.ee/geoserver/SO_pinnas/wms?"", ""title"": null, ""crs3857"": false, ""crs4326"": false, ""abstract"": null, ""keywords"": [], ""layer_name"": null, ""description"": ""Andmed INSPIRE andmemudelil."", ""service_type"": ""wms"", ""metadata_urls"": []}",spatial-extractor,2026-06-21 18:37:44.002 +0300
903,https://www.dov.vlaanderen.be/dataset/c7970c8d-3eaa-42e4-8373-dbdf44f28d34,https://www.dov.vlaanderen.be/geoserver/organische_koolstof/wms?SERVICE=WMS&version=1.3.0&request=GetCapabilities,,,"{""id"": ""44402"", ""bbox"": [2.5469470020000244, 49.48524460835278, 6.403870021900024, 51.51377028725278, ""CRS:84""], ""name"": ""carbon_sd_1000"", ""title"": ""Soil Organic Carbon Stock Maps for Belgium: standard deviation (1 km grid)"", ""crs3857"": true, ""crs4326"": true, ""abstract"": ""The Belgian soil organic carbon (SOC) stock map for topsoils (0-30 cm) was composed of 2 regional SOC stock maps. For the regional maps a different approach was used for agricultural land as compared to forest. The maps are based on digital soil mapping approaches using empirical models calibrated to predict the SOC stock and using covariates that are available at a sufficient resolution at the regional scale. All maps are strongly dependent on the Belgian Soil Map (texture and drainage parameters). The regional maps were compiled at a finer resolution (10m x 10m and 40m x 40m grid cells). Next they were joined (40m x 40m grid cells) and finally scaled up to the required 1 by 1 km grid cells. This was done using the following tools: block statistics (mean), mosaic to new raster (mean), project to raster, block statistics (mean), resample (nearest neighbour) and project raster.\r\nGiven the different origin of the individual maps, the uncertainty varies between maps. For instance, a map of the 90% confidence interval of the SOC stocks was produced for agricultural soils in Wallonia based on a Monte Carlo Approach taking into account both the measurement and the model uncertainties. For Flemish forest soils, spatial and analytical uncertainties were taken into account using bootstrapping techniques. For Flemish agricultural soils, the uncertainty reported is the model uncertainty on point estimates for each data point, in which the estimated model parameters are simulated 1000 times as being independent normal distributed variables using their model estimation and standard error as distribution parameters. No additional uncertainty is taken into account for the conversion functions that use the stochastic variables \""bulk density\"".\r\nThe SOC stock maps are the first comprehensive map for Belgium integrating grasslands, croplands and forests. There are two versions of the SOC stock maps for Belgium: 1) resolution of 40m x 40m in the coordinate reference system Lambert72 and 2) resolution of 1km x 1km in the coordinate reference system WGS84. The metadata are available and allow assessing the uncertainties of the stock estimates in the different component maps."", ""keywords"": [""Bodem"", ""ondergrond"", ""landbouw"", ""koolstof"", ""totaal aan organische koolstof"", ""grasland"", ""akker"", ""bos"", ""bos"", ""Regionaal"", ""Herbruikbaar"", ""Kosteloos"", ""Vlaamse Open data"", ""Toegevoegd GDI-Vl"", ""Metadata GDI-Vl-conform"", ""Metadata INSPIRE-conform"", ""Lijst M&R INSPIRE"", ""DOV"", ""Vlaanderen"", ""Ondergrond"", ""Databank Ondergrond Vlaanderen"", ""Departement Omgeving"", ""Aardobservatie en milieu"", ""Bodem"", ""HVD""], ""layer_name"": ""carbon_sd_1000"", ""description"": ""WMS-capabilities Soil Organic Carbon Stock Maps for Belgium: standard deviation (1 km grid)"", ""service_type"": ""wms"", ""metadata_urls"": [""https://www.dov.vlaanderen.be/geonetwork#/metadata/8626aca9-9d5e-414d-92e0-351b0d8d7ba2"", ""https://www.dov.vlaanderen.be/geonetwork/srv/dut/csw?Service=CSW&Request=GetRecordById&Version=2.0.2&outputSchema=http://www.isotc211.org/2005/gmd&elementSetName=full&id=8626aca9-9d5e-414d-92e0-351b0d8d7ba2""]}",spatial-extractor,2026-06-21 18:37:45.725 +0300
904,https://www.dov.vlaanderen.be/dataset/c7970c8d-3eaa-42e4-8373-dbdf44f28d34,https://www.dov.vlaanderen.be/geoserver/organische_koolstof/wms?SERVICE=WMS&version=1.3.0&request=GetMap,,,"{""id"": ""44404"", ""bbox"": [2.5469470020000244, 49.48524460835278, 6.403870021900024, 51.51377028725278, ""CRS:84""], ""name"": ""carbon_sd_1000"", ""title"": ""Soil Organic Carbon Stock Maps for Belgium: standard deviation (1 km grid)"", ""crs3857"": true, ""crs4326"": true, ""abstract"": ""The Belgian soil organic carbon (SOC) stock map for topsoils (0-30 cm) was composed of 2 regional SOC stock maps. For the regional maps a different approach was used for agricultural land as compared to forest. The maps are based on digital soil mapping approaches using empirical models calibrated to predict the SOC stock and using covariates that are available at a sufficient resolution at the regional scale. All maps are strongly dependent on the Belgian Soil Map (texture and drainage parameters). The regional maps were compiled at a finer resolution (10m x 10m and 40m x 40m grid cells). Next they were joined (40m x 40m grid cells) and finally scaled up to the required 1 by 1 km grid cells. This was done using the following tools: block statistics (mean), mosaic to new raster (mean), project to raster, block statistics (mean), resample (nearest neighbour) and project raster.\r\nGiven the different origin of the individual maps, the uncertainty varies between maps. For instance, a map of the 90% confidence interval of the SOC stocks was produced for agricultural soils in Wallonia based on a Monte Carlo Approach taking into account both the measurement and the model uncertainties. For Flemish forest soils, spatial and analytical uncertainties were taken into account using bootstrapping techniques. For Flemish agricultural soils, the uncertainty reported is the model uncertainty on point estimates for each data point, in which the estimated model parameters are simulated 1000 times as being independent normal distributed variables using their model estimation and standard error as distribution parameters. No additional uncertainty is taken into account for the conversion functions that use the stochastic variables \""bulk density\"".\r\nThe SOC stock maps are the first comprehensive map for Belgium integrating grasslands, croplands and forests. There are two versions of the SOC stock maps for Belgium: 1) resolution of 40m x 40m in the coordinate reference system Lambert72 and 2) resolution of 1km x 1km in the coordinate reference system WGS84. The metadata are available and allow assessing the uncertainties of the stock estimates in the different component maps."", ""keywords"": [""Bodem"", ""ondergrond"", ""landbouw"", ""koolstof"", ""totaal aan organische koolstof"", ""grasland"", ""akker"", ""bos"", ""bos"", ""Regionaal"", ""Herbruikbaar"", ""Kosteloos"", ""Vlaamse Open data"", ""Toegevoegd GDI-Vl"", ""Metadata GDI-Vl-conform"", ""Metadata INSPIRE-conform"", ""Lijst M&R INSPIRE"", ""DOV"", ""Vlaanderen"", ""Ondergrond"", ""Databank Ondergrond Vlaanderen"", ""Departement Omgeving"", ""Aardobservatie en milieu"", ""Bodem"", ""HVD""], ""layer_name"": ""carbon_sd_1000"", ""description"": ""WMS-map Soil Organic Carbon Stock Maps for Belgium: standard deviation (1 km grid)"", ""service_type"": ""wms"", ""metadata_urls"": [""https://www.dov.vlaanderen.be/geonetwork#/metadata/8626aca9-9d5e-414d-92e0-351b0d8d7ba2"", ""https://www.dov.vlaanderen.be/geonetwork/srv/dut/csw?Service=CSW&Request=GetRecordById&Version=2.0.2&outputSchema=http://www.isotc211.org/2005/gmd&elementSetName=full&id=8626aca9-9d5e-414d-92e0-351b0d8d7ba2""]}",spatial-extractor,2026-06-21 18:37:46.636 +0300
905,https://www.dov.vlaanderen.be/dataset/c7970c8d-3eaa-42e4-8373-dbdf44f28d34,https://www.dov.vlaanderen.be/geoserver/organische_koolstof/wms?,,,"{""id"": ""44405"", ""bbox"": [2.5469470020000244, 49.48524460835278, 6.403870021900024, 51.51377028725278, ""CRS:84""], ""name"": ""carbon_sd_1000"", ""title"": ""Soil Organic Carbon Stock Maps for Belgium: standard deviation (1 km grid)"", ""crs3857"": true, ""crs4326"": true, ""abstract"": ""The Belgian soil organic carbon (SOC) stock map for topsoils (0-30 cm) was composed of 2 regional SOC stock maps. For the regional maps a different approach was used for agricultural land as compared to forest. The maps are based on digital soil mapping approaches using empirical models calibrated to predict the SOC stock and using covariates that are available at a sufficient resolution at the regional scale. All maps are strongly dependent on the Belgian Soil Map (texture and drainage parameters). The regional maps were compiled at a finer resolution (10m x 10m and 40m x 40m grid cells). Next they were joined (40m x 40m grid cells) and finally scaled up to the required 1 by 1 km grid cells. This was done using the following tools: block statistics (mean), mosaic to new raster (mean), project to raster, block statistics (mean), resample (nearest neighbour) and project raster.\r\nGiven the different origin of the individual maps, the uncertainty varies between maps. For instance, a map of the 90% confidence interval of the SOC stocks was produced for agricultural soils in Wallonia based on a Monte Carlo Approach taking into account both the measurement and the model uncertainties. For Flemish forest soils, spatial and analytical uncertainties were taken into account using bootstrapping techniques. For Flemish agricultural soils, the uncertainty reported is the model uncertainty on point estimates for each data point, in which the estimated model parameters are simulated 1000 times as being independent normal distributed variables using their model estimation and standard error as distribution parameters. No additional uncertainty is taken into account for the conversion functions that use the stochastic variables \""bulk density\"".\r\nThe SOC stock maps are the first comprehensive map for Belgium integrating grasslands, croplands and forests. There are two versions of the SOC stock maps for Belgium: 1) resolution of 40m x 40m in the coordinate reference system Lambert72 and 2) resolution of 1km x 1km in the coordinate reference system WGS84. The metadata are available and allow assessing the uncertainties of the stock estimates in the different component maps."", ""keywords"": [""Bodem"", ""ondergrond"", ""landbouw"", ""koolstof"", ""totaal aan organische koolstof"", ""grasland"", ""akker"", ""bos"", ""bos"", ""Regionaal"", ""Herbruikbaar"", ""Kosteloos"", ""Vlaamse Open data"", ""Toegevoegd GDI-Vl"", ""Metadata GDI-Vl-conform"", ""Metadata INSPIRE-conform"", ""Lijst M&R INSPIRE"", ""DOV"", ""Vlaanderen"", ""Ondergrond"", ""Databank Ondergrond Vlaanderen"", ""Departement Omgeving"", ""Aardobservatie en milieu"", ""Bodem"", ""HVD""], ""layer_name"": ""carbon_sd_1000"", ""description"": ""WMS-endpoint Soil Organic Carbon Stock Maps for Belgium: standard deviation (1 km grid)"", ""service_type"": ""wms"", ""metadata_urls"": [""https://www.dov.vlaanderen.be/geonetwork#/metadata/8626aca9-9d5e-414d-92e0-351b0d8d7ba2"", ""https://www.dov.vlaanderen.be/geonetwork/srv/dut/csw?Service=CSW&Request=GetRecordById&Version=2.0.2&outputSchema=http://www.isotc211.org/2005/gmd&elementSetName=full&id=8626aca9-9d5e-414d-92e0-351b0d8d7ba2""]}",spatial-extractor,2026-06-21 18:37:47.383 +0300
906,https://www.dov.vlaanderen.be/dataset/c7970c8d-3eaa-42e4-8373-dbdf44f28d34,https://www.dov.vlaanderen.be/geoserver/organische_koolstof/wcs?SERVICE=WCS&version=2.0.1&request=GetCapabilities,,,"{""id"": ""44406"", ""bbox"": null, ""name"": ""organische_koolstof:carbon_sd_1000"", ""title"": null, ""abstract"": null, ""keywords"": [], ""layer_name"": null, ""description"": ""WCS-capabilities Soil Organic Carbon Stock Maps for Belgium: standard deviation (1 km grid)"", ""service_type"": ""wcs"", ""metadata_urls"": []}",spatial-extractor,2026-06-21 18:37:47.958 +0300
907,https://www.dov.vlaanderen.be/dataset/c7970c8d-3eaa-42e4-8373-dbdf44f28d34,https://www.dov.vlaanderen.be/geoserver/organische_koolstof/wcs?SERVICE=WCS&version=2.0.1&request=GetCoverage,,,"{""error"": null}",spatial-extractor,2026-06-21 18:37:49.229 +0300
908,https://www.dov.vlaanderen.be/dataset/c7970c8d-3eaa-42e4-8373-dbdf44f28d34,https://www.dov.vlaanderen.be/geoserver/organische_koolstof/wcs?,,,"{""error"": null}",spatial-extractor,2026-06-21 18:37:51.132 +0300
909,ba5a9e27-f218-4316-af98-b8e6b6e20416,https://www.dov.vlaanderen.be/geoserver-inspire/observedsoilprofile/wms?,,,"{""id"": ""44412"", ""bbox"": null, ""name"": ""observedsoilprofile:ObservedSoilProfile"", ""title"": null, ""crs3857"": false, ""crs4326"": false, ""abstract"": null, ""keywords"": [], ""layer_name"": null, ""description"": ""WMS-endpoint INSPIRE geharmoniseerd - Bodemlocaties"", ""service_type"": ""wms"", ""metadata_urls"": []}",spatial-extractor,2026-06-21 18:37:52.293 +0300
910,ba5a9e27-f218-4316-af98-b8e6b6e20416,https://www.dov.vlaanderen.be/geoserver-inspire/observedsoilprofile/wms?SERVICE=WMS&version=1.3.0&request=GetCapabilities,,,"{""id"": ""44413"", ""bbox"": null, ""name"": ""observedsoilprofile:ObservedSoilProfile"", ""title"": null, ""crs3857"": false, ""crs4326"": false, ""abstract"": null, ""keywords"": [], ""layer_name"": null, ""description"": ""WMS-capabilities INSPIRE geharmoniseerd - Bodemlocaties"", ""service_type"": ""wms"", ""metadata_urls"": []}",spatial-extractor,2026-06-21 18:37:53.038 +0300
911,ba5a9e27-f218-4316-af98-b8e6b6e20416,https://www.dov.vlaanderen.be/geoserver-inspire/observedsoilprofile/wms?SERVICE=WMS&version=1.3.0&request=GetMap,,,"{""id"": ""44414"", ""bbox"": null, ""name"": ""observedsoilprofile:ObservedSoilProfile"", ""title"": null, ""crs3857"": false, ""crs4326"": false, ""abstract"": null, ""keywords"": [], ""layer_name"": null, ""description"": ""WMS-map INSPIRE geharmoniseerd - Bodemlocaties"", ""service_type"": ""wms"", ""metadata_urls"": []}",spatial-extractor,2026-06-21 18:37:53.857 +0300
912,ba5a9e27-f218-4316-af98-b8e6b6e20416,https://www.dov.vlaanderen.be/geoserver-inspire/observedsoilprofile/wfs?,,,"{""error"": null}",spatial-extractor,2026-06-21 18:37:54.719 +0300
913,ESMAGRAMAWMSINESMOVMASA20110616000,https://wms.mapama.gob.es/sig/Biodiversidad/INESMovimientosMasa,,,"{""error"": ""Could not open file with GDAL (unsupported format or inaccessible)""}",spatial-extractor,2026-06-21 18:38:01.546 +0300
914,https://registry.gdi-de.org/id/de.be.csw/d2e22e7a-9615-3c52-9822-fed256616d52,https://gdi.berlin.de/services/wms/forststandort?request=GetCapabilities&service=WMS,,,"{""id"": ""44447"", ""bbox"": null, ""name"": ""NULL"", ""title"": ""Forstliche Standorteinheiten"", ""crs3857"": null, ""crs4326"": null, ""abstract"": ""Ergebnisse der Standorterkundung nach dem Verfahren für die ostdeutschen Bundesländer (Kopp/Schwanecke) mit Stammstandortformen und Feinbodenformen."", ""keywords"": [], ""layer_name"": null, ""description"": ""Darstellungsdienst - Forstliche Standorteinheiten (WMS)"", ""service_type"": ""wms"", ""metadata_urls"": []}",spatial-extractor,2026-06-21 18:38:03.501 +0300
915,r_friuve:m3973-cc-i1477,https://serviziogc.regione.fvg.it/geoserver/CAR_GEO/wfs?request=GetCapabilities&service=wfs&version=2.0.0,,,"{""id"": ""44466"", ""bbox"": null, ""name"": ""NULL"", ""title"": null, ""schema"": null, ""crs3857"": false, ""crs4326"": false, ""abstract"": null, ""keywords"": [], ""layer_name"": null, ""description"": ""NULL"", ""service_type"": ""wfs"", ""metadata_urls"": []}",spatial-extractor,2026-06-21 18:38:04.155 +0300
916,r_friuve:m3973-cc-i1477,https://serviziogc.regione.fvg.it/geoserver/CAR_GEO/wms?request=GetCapabilities&service=wms&version=1.3.0,,,"{""id"": ""44467"", ""bbox"": null, ""name"": ""NULL"", ""title"": ""GeoServer Web Map Service IRDAT FVG"", ""crs3857"": null, ""crs4326"": null, ""abstract"": ""Service for pubblication of the geographic informations of the region Friuli Venezia Giulia using the WFS OpenGIS standard."", ""keywords"": [], ""layer_name"": null, ""description"": ""NULL"", ""service_type"": ""wms"", ""metadata_urls"": []}",spatial-extractor,2026-06-21 18:38:05.337 +0300
917,r_lombar:7d0158d2-7129-4042-955a-05a7be20f5f1,https://www.cartografia.servizirl.it/expo/services/gpt/Grado_suscettivita/MapServer/WMSServer?,,,"{""id"": ""44478"", ""bbox"": null, ""name"": ""NULL"", ""title"": ""Suscettività al fenomeno degli occhi pollini nel territorio di Monza e della Brianza - WMS"", ""crs3857"": null, ""crs4326"": null, ""abstract"": ""WMS"", ""keywords"": [], ""layer_name"": null, ""description"": ""NULL"", ""service_type"": ""wms"", ""metadata_urls"": []}",spatial-extractor,2026-06-21 18:38:06.260 +0300
918,recordsb756dabe-a331-42cd-b45e-f61828ee4534,https://service.pdok.nl/tno/bro-model-grondwaterspiegeldiepte/wms/v2_0?request=GetCapabilities&service=WMS,,,"{""id"": ""44482"", ""bbox"": null, ""name"": ""Model Grondwaterspiegeldiepte (WDM) WMS"", ""title"": null, ""crs3857"": false, ""crs4326"": false, ""abstract"": null, ""keywords"": [], ""layer_name"": null, ""description"": ""BRO Grondwaterspiegeldieptemodel"", ""service_type"": ""wms"", ""metadata_urls"": []}",spatial-extractor,2026-06-21 18:38:07.603 +0300
919,recordsb756dabe-a331-42cd-b45e-f61828ee4534,https://maps.bodemdata.nl/geoserver/ows?service=WCS&request=GetCapabilities,,,"{""id"": ""44484"", ""bbox"": null, ""name"": ""BRO - Model Grondwaterspiegeldiepte (WDM) WCS"", ""title"": null, ""abstract"": null, ""keywords"": [], ""layer_name"": null, ""description"": ""BRO - Model Grondwaterspiegeldiepte (WDM) WCS Geotiffs"", ""service_type"": ""wcs"", ""metadata_urls"": []}",spatial-extractor,2026-06-21 18:38:09.757 +0300
920,https://registry.gdi-de.org/id/de.be.csw/8f75afc0-1e01-338d-834b-092644a71ce2,https://gdi.berlin.de/services/wms/ua_boden_vpot_2020?request=GetCapabilities&service=WMS,,,"{""id"": ""44490"", ""bbox"": null, ""name"": ""NULL"", ""title"": ""Verdunstungspotenzial der Böden auf Grundlage der Bodeneigenschaften 2020 (Umweltatlas)"", ""crs3857"": null, ""crs4326"": null, ""abstract"": ""Darstellung des Verdunstungspotenzials der Böden auf Grundlage der Bodeneigenschaften auf Block- und Blockteilflächen-Basis, 1 : 5.000, Stand 2020."", ""keywords"": [], ""layer_name"": null, ""description"": ""Darstellungsdienst - Verdunstungspotenzial der Böden auf Grundlage der Bodeneigenschaften 2020 (Umweltatlas) (WMS)"", ""service_type"": ""wms"", ""metadata_urls"": []}",spatial-extractor,2026-06-21 18:38:11.333 +0300
921,https://registry.gdi-de.org/id/de.be.csw/d53ce245-e556-3934-af43-46746b79ab15,https://gdi.berlin.de/services/wfs/ua_moore?request=GetCapabilities&service=WFS,,,"{""id"": ""44499"", ""bbox"": null, ""name"": ""NULL"", ""title"": null, ""schema"": null, ""crs3857"": false, ""crs4326"": false, ""abstract"": null, ""keywords"": [], ""layer_name"": null, ""description"": ""Downloaddienst - Moore (Umweltatlas) (WFS)"", ""service_type"": ""wfs"", ""metadata_urls"": []}",spatial-extractor,2026-06-21 18:38:12.081 +0300
922,m_amte:299FN3:3094ea44-4c91-4ad3-f190-418d8a36634f,http://wms.pcn.minambiente.it/ogc?map=/ms_ogc/WMS_v1.3/Vettoriali/Carta_ecopedologica.map&service=wms&request=getCapabilities&version=1.3.0,,,"{""id"": ""44500"", ""bbox"": null, ""name"": ""NULL"", ""title"": ""Carta ecopedologica d'Italia"", ""crs3857"": null, ""crs4326"": null, ""abstract"": ""Il progetto ''Carta ecopedologica'' nasce dalla volontà del MATTM che nell'ambito del progetto ''Carta della Natura'', ha inserito tra le componenti ambientali studiate anche quella pedologica. A tal fine il Joint Research Centre - Commissione Europea è stata incaricato dal MATTM della realizzazione della ''Carta ecopedologica d'Italia''. Obiettivi del progetto sono stati: caratterizzazione dei suoli ai fini delle caratteristiche idrologiche e dei rischi di erosione; relazioni suolo-vegetazione; aspetti conservazionistici. Risoluzione 1:250.000."", ""keywords"": [], ""layer_name"": null, ""description"": ""NULL"", ""service_type"": ""wms"", ""metadata_urls"": []}",spatial-extractor,2026-06-21 18:38:12.865 +0300
923,a4eeec18-1ab6-48f8-b394-ce0dfb9fa459,https://www.dov.vlaanderen.be/geoserver-inspire/soilsite/wms?,,,"{""id"": ""44505"", ""bbox"": null, ""name"": ""soilsite:SoilSite"", ""title"": null, ""crs3857"": false, ""crs4326"": false, ""abstract"": null, ""keywords"": [], ""layer_name"": null, ""description"": ""WMS-endpoint INSPIRE geharmoniseerd - Bodemsites"", ""service_type"": ""wms"", ""metadata_urls"": []}",spatial-extractor,2026-06-21 18:38:13.187 +0300
924,a4eeec18-1ab6-48f8-b394-ce0dfb9fa459,https://www.dov.vlaanderen.be/geoserver-inspire/soilsite/wms?SERVICE=WMS&version=1.3.0&request=GetCapabilities,,,"{""id"": ""44506"", ""bbox"": null, ""name"": ""soilsite:SoilSite"", ""title"": null, ""crs3857"": false, ""crs4326"": false, ""abstract"": null, ""keywords"": [], ""layer_name"": null, ""description"": ""WMS-capabilities INSPIRE geharmoniseerd - Bodemsites"", ""service_type"": ""wms"", ""metadata_urls"": []}",spatial-extractor,2026-06-21 18:38:14.134 +0300
925,a4eeec18-1ab6-48f8-b394-ce0dfb9fa459,https://www.dov.vlaanderen.be/geoserver-inspire/soilsite/wms?SERVICE=WMS&version=1.3.0&request=GetMap,,,"{""id"": ""44507"", ""bbox"": null, ""name"": ""soilsite:SoilSite"", ""title"": null, ""crs3857"": false, ""crs4326"": false, ""abstract"": null, ""keywords"": [], ""layer_name"": null, ""description"": ""WMS-map INSPIRE geharmoniseerd - Bodemsites"", ""service_type"": ""wms"", ""metadata_urls"": []}",spatial-extractor,2026-06-21 18:38:14.972 +0300
926,a4eeec18-1ab6-48f8-b394-ce0dfb9fa459,https://www.dov.vlaanderen.be/geoserver-inspire/soilsite/wfs?,,,"{""error"": null}",spatial-extractor,2026-06-21 18:38:15.614 +0300
927,90042866-e202-4abc-ae6b-ba997e5195ce,https://www.dov.vlaanderen.be/geoserver-inspire/physicalparameter/wms?,,,"{""id"": ""44514"", ""bbox"": null, ""name"": ""physicalparameter:physicalParameter"", ""title"": null, ""crs3857"": false, ""crs4326"": false, ""abstract"": null, ""keywords"": [], ""layer_name"": null, ""description"": ""WMS-endpoint INSPIRE geharmoniseerd - Fysische parameter"", ""service_type"": ""wms"", ""metadata_urls"": []}",spatial-extractor,2026-06-21 18:38:19.426 +0300
928,90042866-e202-4abc-ae6b-ba997e5195ce,https://www.dov.vlaanderen.be/geoserver-inspire/physicalparameter/wms?SERVICE=WMS&version=1.3.0&request=GetCapabilities,,,"{""id"": ""44515"", ""bbox"": null, ""name"": ""physicalparameter:physicalParameter"", ""title"": null, ""crs3857"": false, ""crs4326"": false, ""abstract"": null, ""keywords"": [], ""layer_name"": null, ""description"": ""WMS-capabilities INSPIRE geharmoniseerd - Fysische parameter"", ""service_type"": ""wms"", ""metadata_urls"": []}",spatial-extractor,2026-06-21 18:38:20.088 +0300
929,90042866-e202-4abc-ae6b-ba997e5195ce,https://www.dov.vlaanderen.be/geoserver-inspire/physicalparameter/wms?SERVICE=WMS&version=1.3.0&request=GetMap,,,"{""id"": ""44516"", ""bbox"": null, ""name"": ""physicalparameter:physicalParameter"", ""title"": null, ""crs3857"": false, ""crs4326"": false, ""abstract"": null, ""keywords"": [], ""layer_name"": null, ""description"": ""WMS-map INSPIRE geharmoniseerd - Fysische parameter"", ""service_type"": ""wms"", ""metadata_urls"": []}",spatial-extractor,2026-06-21 18:38:20.822 +0300
930,90042866-e202-4abc-ae6b-ba997e5195ce,https://www.dov.vlaanderen.be/geoserver-inspire/physicalparameter/wfs?,,,"{""error"": null}",spatial-extractor,2026-06-21 18:38:21.488 +0300
931,90042866-e202-4abc-ae6b-ba997e5195ce,https://www.dov.vlaanderen.be/geoserver-inspire/physicalparameter/wfs?SERVICE=WFS&version=2.0.0&request=GetFeature&count=1&typeName=physicalParameter,,,"{""error"": null}",spatial-extractor,2026-06-21 18:38:24.264 +0300
932,ea1720ce-77e9-418f-97f4-1b2dc25e491b,https://www.dov.vlaanderen.be/geoserver-inspire/biologicalparameter/wms?,,,"{""id"": ""44523"", ""bbox"": null, ""name"": ""biologicalparameter:biologicalParameter"", ""title"": null, ""crs3857"": false, ""crs4326"": false, ""abstract"": null, ""keywords"": [], ""layer_name"": null, ""description"": ""WMS-endpoint INSPIRE geharmoniseerd - Biologische parameter"", ""service_type"": ""wms"", ""metadata_urls"": []}",spatial-extractor,2026-06-21 18:38:35.173 +0300
933,ea1720ce-77e9-418f-97f4-1b2dc25e491b,https://www.dov.vlaanderen.be/geoserver-inspire/biologicalparameter/wms?SERVICE=WMS&version=1.3.0&request=GetCapabilities,,,"{""id"": ""44524"", ""bbox"": null, ""name"": ""biologicalparameter:biologicalParameter"", ""title"": null, ""crs3857"": false, ""crs4326"": false, ""abstract"": null, ""keywords"": [], ""layer_name"": null, ""description"": ""WMS-capabilities INSPIRE geharmoniseerd - Biologische parameter"", ""service_type"": ""wms"", ""metadata_urls"": []}",spatial-extractor,2026-06-21 18:38:35.940 +0300
934,ea1720ce-77e9-418f-97f4-1b2dc25e491b,https://www.dov.vlaanderen.be/geoserver-inspire/biologicalparameter/wms?SERVICE=WMS&version=1.3.0&request=GetMap,,,"{""id"": ""44525"", ""bbox"": null, ""name"": ""biologicalparameter:biologicalParameter"", ""title"": null, ""crs3857"": false, ""crs4326"": false, ""abstract"": null, ""keywords"": [], ""layer_name"": null, ""description"": ""WMS-map INSPIRE geharmoniseerd - Biologische parameter"", ""service_type"": ""wms"", ""metadata_urls"": []}",spatial-extractor,2026-06-21 18:38:36.853 +0300
935,ea1720ce-77e9-418f-97f4-1b2dc25e491b,https://www.dov.vlaanderen.be/geoserver-inspire/biologicalparameter/wfs?,,,"{""error"": null}",spatial-extractor,2026-06-21 18:38:40.420 +0300
936,r_lombar:d2b45068-22de-4ad3-8520-d1c2a5127f8f,https://www.cartografia.servizirl.it/arcgis1/services/territorio/studi_geologici_comunali_utm/MapServer/WMSServer?,,,"{""id"": ""44542"", ""bbox"": null, ""name"": ""NULL"", ""title"": ""Studi geologici comunali - WMS"", ""crs3857"": null, ""crs4326"": null, ""abstract"": ""WMS"", ""keywords"": [], ""layer_name"": null, ""description"": ""NULL"", ""service_type"": ""wms"", ""metadata_urls"": []}",spatial-extractor,2026-06-21 18:38:47.326 +0300
937,9da315bf-62fb-49eb-be6f-118b84426174,https://soluri.gov.md/en/default/wms/public,,,"{""id"": ""44571"", ""bbox"": [-3100140.0, -15002900.0, 1623640.0, 5002870.0, ""EPSG:4026""], ""name"": ""SolulAreal"", ""title"": ""Solul areal"", ""crs3857"": true, ""crs4326"": true, ""abstract"": ""Setul de date care conţine totalitatea (ansamblul) arealurilor actuale de sol pe suprafaţa terenurilor agricole ale R. Moldova, colectate în urma investigaţiilor pedologice, efectuate cu scopul obţinerii informaţiei despre starea terenurilor/solurilor, stabilirii fertilităţii potenţiale a solurilor, identificării terenurilor expuse la eroziune hidrică şi eoliană, inundaţii cauzate de ridicarea nivelului apelor subterane, supraumectare/înmlăştinire, salinizare secundară, desecare, poluare cu reziduuri industriale etc. Unitatea spaţială cea mai mică pentru ţinerea evidenţei se consideră arealul elementar de sol, caracterizat prin conţinut, geometria contururilor şi amplasarea în structura învelişului extern al solului. Criteriile de definire a diferitelor tipuri de soluri se stabilesc conform poziţiei aprobate în clasificator. Amplasamentul arealurilor de sol se determină pe baza caracteristicilor secţiunilor transversale ale solurilor, reliefului, diversităţii vegetaţiei şi altor elemente proeminente ale cadrului natural la faţa locului etc."", ""keywords"": [], ""layer_name"": ""SolulAreal"", ""description"": ""Solul areal"", ""service_type"": ""wms"", ""metadata_urls"": []}",spatial-extractor,2026-06-21 18:38:48.813 +0300
938,https://registry.gdi-de.org/id/de.be.csw/a1a646e4-49f8-394a-b4ae-17199b1511fb,https://gdi.berlin.de/services/wms/ua_versickerung_2022?request=GetCapabilities&service=WMS,,,"{""id"": ""44633"", ""bbox"": null, ""name"": ""NULL"", ""title"": ""Wasserhaushalt 2022 - Versickerung aus Niederschlägen (Umweltatlas)"", ""crs3857"": null, ""crs4326"": null, ""abstract"": ""Wasserhaushaltsgröße \""Versickerung aus Niederschlägen\"" einschl. Eingangsparameter aus dem Modell ABIMO (Sachstand 2022) auf Grundlage der Karte Informationssystem Stadt und Umwelt (ISU5) - Raumbezug - 2020. Teil der Ergebnisse des Forschungsprojekts „AMAREX – Anpassung des Managements von Regenwasser an Extremereignisse“."", ""keywords"": [], ""layer_name"": null, ""description"": ""Darstellungsdienst - Wasserhaushalt 2022 - Versickerung aus Niederschlägen (Umweltatlas) (WMS)"", ""service_type"": ""wms"", ""metadata_urls"": []}",spatial-extractor,2026-06-21 18:38:49.724 +0300
939,https://www.dov.vlaanderen.be/dataset/62667b12-ae06-4c3a-b744-debc4331d398,https://www.dov.vlaanderen.be/geoserver/organische_koolstof/wms?SERVICE=WMS&version=1.3.0&request=GetCapabilities,,,"{""id"": ""44647"", ""bbox"": [2.4846222535102074, 48.49291304727594, 6.497545304122984, 52.50583609788872, ""CRS:84""], ""name"": ""carbon_sd_40"", ""title"": ""Soil Organic Carbon Stock Maps for Belgium: standard deviation (40 m grid)"", ""crs3857"": true, ""crs4326"": true, ""abstract"": ""The Belgian soil organic carbon (SOC) stock map for topsoils (0-30 cm) at the resolution of 40m x 40m was composed of 2 regional SOC stock maps. For the regional maps a different approach was used for agricultural land as compared to forest. The maps are based on digital soil mapping approaches using empirical models calibrated to predict the SOC stock and using covariates that are available at a sufficient resolution at the regional scale. All maps are strongly dependent on the Belgian Soil Map (texture and drainage parameters). The regional maps were compiled at a fine resolution (10m x 10m grid cells for Flanders and 40m x 40m grid cells for Wallonia). Next they were joined (40m x 40m grid cells). The regional maps for Flanders were scaled up tot the 40m x 40m grid of Wallonia.  \r\nGiven the different origin of the individual maps, the uncertainty varies between maps. For instance, a map of the 90% confidence interval of the SOC stocks was produced for agricultural soils in Wallonia based on a Monte Carlo Approach taking into account both the measurement and the model uncertainties. For Flemish forest soils, spatial and analytical uncertainties were taken into account using bootstrapping techniques. For Flemish agricultural soils, the uncertainty reported is the model uncertainty on point estimates for each data point, in which the estimated model parameters are simulated 1000 times as being independent normal distributed variables using their model estimation and standard error as distribution parameters. No additional uncertainty is taken into account for the conversion functions that use the stochastic variables \""bulk density\"". The metadata are available and allow assessing the uncertainties of the stock estimates in the different component maps.\r\nThe SOC stock map (resolution of 40m x 40m) is the first comprehensive map for Belgium integrating grasslands, croplands and forests. Based on this map another SOC stock map at a resolution of 1km x 1km in the coordinate reference system WGS84 was created."", ""keywords"": [""Bodem"", ""ondergrond"", ""landbouw"", ""koolstof"", ""totaal aan organische koolstof"", ""grasland"", ""akker"", ""bos"", ""Regionaal"", ""Herbruikbaar"", ""Kosteloos"", ""Vlaamse Open data"", ""Toegevoegd GDI-Vl"", ""Metadata GDI-Vl-conform"", ""Metadata INSPIRE-conform"", ""Lijst M&R INSPIRE"", ""DOV"", ""Vlaanderen"", ""Ondergrond"", ""Databank Ondergrond Vlaanderen"", ""Departement Omgeving"", ""Aardobservatie en milieu"", ""Bodem"", ""HVD"", ""DOV_EXPERTISE@Bodem""], ""layer_name"": ""carbon_sd_40"", ""description"": ""WMS-capabilities Soil Organic Carbon Stock Maps for Belgium: standard deviation (40 m grid)"", ""service_type"": ""wms"", ""metadata_urls"": [""https://www.dov.vlaanderen.be/geonetwork#/metadata/c41ae3d2-7975-457f-94d7-4ab83d659432"", ""https://www.dov.vlaanderen.be/geonetwork/srv/dut/csw?Service=CSW&Request=GetRecordById&Version=2.0.2&outputSchema=http://www.isotc211.org/2005/gmd&elementSetName=full&id=c41ae3d2-7975-457f-94d7-4ab83d659432""]}",spatial-extractor,2026-06-21 18:38:52.116 +0300
940,https://www.dov.vlaanderen.be/dataset/62667b12-ae06-4c3a-b744-debc4331d398,https://www.dov.vlaanderen.be/geoserver/organische_koolstof/wms?SERVICE=WMS&version=1.3.0&request=GetMap,,,"{""id"": ""44649"", ""bbox"": [2.4846222535102074, 48.49291304727594, 6.497545304122984, 52.50583609788872, ""CRS:84""], ""name"": ""carbon_sd_40"", ""title"": ""Soil Organic Carbon Stock Maps for Belgium: standard deviation (40 m grid)"", ""crs3857"": true, ""crs4326"": true, ""abstract"": ""The Belgian soil organic carbon (SOC) stock map for topsoils (0-30 cm) at the resolution of 40m x 40m was composed of 2 regional SOC stock maps. For the regional maps a different approach was used for agricultural land as compared to forest. The maps are based on digital soil mapping approaches using empirical models calibrated to predict the SOC stock and using covariates that are available at a sufficient resolution at the regional scale. All maps are strongly dependent on the Belgian Soil Map (texture and drainage parameters). The regional maps were compiled at a fine resolution (10m x 10m grid cells for Flanders and 40m x 40m grid cells for Wallonia). Next they were joined (40m x 40m grid cells). The regional maps for Flanders were scaled up tot the 40m x 40m grid of Wallonia.  \r\nGiven the different origin of the individual maps, the uncertainty varies between maps. For instance, a map of the 90% confidence interval of the SOC stocks was produced for agricultural soils in Wallonia based on a Monte Carlo Approach taking into account both the measurement and the model uncertainties. For Flemish forest soils, spatial and analytical uncertainties were taken into account using bootstrapping techniques. For Flemish agricultural soils, the uncertainty reported is the model uncertainty on point estimates for each data point, in which the estimated model parameters are simulated 1000 times as being independent normal distributed variables using their model estimation and standard error as distribution parameters. No additional uncertainty is taken into account for the conversion functions that use the stochastic variables \""bulk density\"". The metadata are available and allow assessing the uncertainties of the stock estimates in the different component maps.\r\nThe SOC stock map (resolution of 40m x 40m) is the first comprehensive map for Belgium integrating grasslands, croplands and forests. Based on this map another SOC stock map at a resolution of 1km x 1km in the coordinate reference system WGS84 was created."", ""keywords"": [""Bodem"", ""ondergrond"", ""landbouw"", ""koolstof"", ""totaal aan organische koolstof"", ""grasland"", ""akker"", ""bos"", ""Regionaal"", ""Herbruikbaar"", ""Kosteloos"", ""Vlaamse Open data"", ""Toegevoegd GDI-Vl"", ""Metadata GDI-Vl-conform"", ""Metadata INSPIRE-conform"", ""Lijst M&R INSPIRE"", ""DOV"", ""Vlaanderen"", ""Ondergrond"", ""Databank Ondergrond Vlaanderen"", ""Departement Omgeving"", ""Aardobservatie en milieu"", ""Bodem"", ""HVD"", ""DOV_EXPERTISE@Bodem""], ""layer_name"": ""carbon_sd_40"", ""description"": ""WMS-map Soil Organic Carbon Stock Maps for Belgium: standard deviation (40 m grid)"", ""service_type"": ""wms"", ""metadata_urls"": [""https://www.dov.vlaanderen.be/geonetwork#/metadata/c41ae3d2-7975-457f-94d7-4ab83d659432"", ""https://www.dov.vlaanderen.be/geonetwork/srv/dut/csw?Service=CSW&Request=GetRecordById&Version=2.0.2&outputSchema=http://www.isotc211.org/2005/gmd&elementSetName=full&id=c41ae3d2-7975-457f-94d7-4ab83d659432""]}",spatial-extractor,2026-06-21 18:38:53.815 +0300
941,https://www.dov.vlaanderen.be/dataset/62667b12-ae06-4c3a-b744-debc4331d398,https://www.dov.vlaanderen.be/geoserver/organische_koolstof/wms?,,,"{""id"": ""44650"", ""bbox"": [2.4846222535102074, 48.49291304727594, 6.497545304122984, 52.50583609788872, ""CRS:84""], ""name"": ""carbon_sd_40"", ""title"": ""Soil Organic Carbon Stock Maps for Belgium: standard deviation (40 m grid)"", ""crs3857"": true, ""crs4326"": true, ""abstract"": ""The Belgian soil organic carbon (SOC) stock map for topsoils (0-30 cm) at the resolution of 40m x 40m was composed of 2 regional SOC stock maps. For the regional maps a different approach was used for agricultural land as compared to forest. The maps are based on digital soil mapping approaches using empirical models calibrated to predict the SOC stock and using covariates that are available at a sufficient resolution at the regional scale. All maps are strongly dependent on the Belgian Soil Map (texture and drainage parameters). The regional maps were compiled at a fine resolution (10m x 10m grid cells for Flanders and 40m x 40m grid cells for Wallonia). Next they were joined (40m x 40m grid cells). The regional maps for Flanders were scaled up tot the 40m x 40m grid of Wallonia.  \r\nGiven the different origin of the individual maps, the uncertainty varies between maps. For instance, a map of the 90% confidence interval of the SOC stocks was produced for agricultural soils in Wallonia based on a Monte Carlo Approach taking into account both the measurement and the model uncertainties. For Flemish forest soils, spatial and analytical uncertainties were taken into account using bootstrapping techniques. For Flemish agricultural soils, the uncertainty reported is the model uncertainty on point estimates for each data point, in which the estimated model parameters are simulated 1000 times as being independent normal distributed variables using their model estimation and standard error as distribution parameters. No additional uncertainty is taken into account for the conversion functions that use the stochastic variables \""bulk density\"". The metadata are available and allow assessing the uncertainties of the stock estimates in the different component maps.\r\nThe SOC stock map (resolution of 40m x 40m) is the first comprehensive map for Belgium integrating grasslands, croplands and forests. Based on this map another SOC stock map at a resolution of 1km x 1km in the coordinate reference system WGS84 was created."", ""keywords"": [""Bodem"", ""ondergrond"", ""landbouw"", ""koolstof"", ""totaal aan organische koolstof"", ""grasland"", ""akker"", ""bos"", ""Regionaal"", ""Herbruikbaar"", ""Kosteloos"", ""Vlaamse Open data"", ""Toegevoegd GDI-Vl"", ""Metadata GDI-Vl-conform"", ""Metadata INSPIRE-conform"", ""Lijst M&R INSPIRE"", ""DOV"", ""Vlaanderen"", ""Ondergrond"", ""Databank Ondergrond Vlaanderen"", ""Departement Omgeving"", ""Aardobservatie en milieu"", ""Bodem"", ""HVD"", ""DOV_EXPERTISE@Bodem""], ""layer_name"": ""carbon_sd_40"", ""description"": ""WMS-endpoint Soil Organic Carbon Stock Maps for Belgium: standard deviation (40 m grid)"", ""service_type"": ""wms"", ""metadata_urls"": [""https://www.dov.vlaanderen.be/geonetwork#/metadata/c41ae3d2-7975-457f-94d7-4ab83d659432"", ""https://www.dov.vlaanderen.be/geonetwork/srv/dut/csw?Service=CSW&Request=GetRecordById&Version=2.0.2&outputSchema=http://www.isotc211.org/2005/gmd&elementSetName=full&id=c41ae3d2-7975-457f-94d7-4ab83d659432""]}",spatial-extractor,2026-06-21 18:38:54.682 +0300
942,https://www.dov.vlaanderen.be/dataset/62667b12-ae06-4c3a-b744-debc4331d398,https://www.dov.vlaanderen.be/geoserver/organische_koolstof/wcs?SERVICE=WCS&version=2.0.1&request=GetCapabilities,,,"{""id"": ""44651"", ""bbox"": null, ""name"": ""organische_koolstof:carbon_sd_40"", ""title"": null, ""abstract"": null, ""keywords"": [], ""layer_name"": null, ""description"": ""WCS-capabilities Soil Organic Carbon Stock Maps for Belgium: standard deviation (40 m grid)"", ""service_type"": ""wcs"", ""metadata_urls"": []}",spatial-extractor,2026-06-21 18:38:55.230 +0300
945,r_liguri:D.2262.VS,https://geoservizi.regione.liguria.it/geoserver/M2262/wms?version=1.3.0&request=getcapabilities,,,"{""id"": ""44655"", ""bbox"": null, ""name"": ""NULL"", ""title"": ""Comuni suscettibili a liquefazione ai sensi della D.G.R. XXX"", ""crs3857"": null, ""crs4326"": null, ""abstract"": ""Comuni suscettibili a liquefazione dei suoli sulla base dei dati di pericolosità sismica di base (ag = accelerazione sismica, m = magnitudo), propedeutica all'applicazione delle Linee Guida Nazionali per la gestione del territorio interessato da liquefazione."", ""keywords"": [], ""layer_name"": null, ""description"": ""NULL"", ""service_type"": ""wms"", ""metadata_urls"": []}",spatial-extractor,2026-06-21 18:39:06.982 +0300
946,r_toscan:57bfac79-54a7-438a-a49f-93695c0bf3ef,https://www502.regione.toscana.it/ows2/com.rt.wms.RTmap/wms?map=owspedologia&map_resolution=91&,,,"{""id"": ""44666"", ""bbox"": null, ""name"": ""NULL"", ""title"": ""Geoscopio_wms PEDOLOGIA"", ""crs3857"": null, ""crs4326"": null, ""abstract"": ""DataBasePedologico in scala 1:10.000 della Regione Toscana. Il dataset e' stato semplificato con l'algoritmo 'Douglas-Peuker' usando la funzione ST_SimplifyPreserveTopology con tolleranza 0,5 metri."", ""keywords"": [], ""layer_name"": null, ""description"": ""NULL"", ""service_type"": ""wms"", ""metadata_urls"": []}",spatial-extractor,2026-06-21 18:39:07.643 +0300
947,r_friuve:m3971-cc-i1475,https://serviziogc.regione.fvg.it/geoserver/CAR_GEO/wms?request=GetCapabilities&service=wms&version=1.3.0,,,"{""id"": ""44738"", ""bbox"": null, ""name"": ""NULL"", ""title"": ""GeoServer Web Map Service IRDAT FVG"", ""crs3857"": null, ""crs4326"": null, ""abstract"": ""Service for pubblication of the geographic informations of the region Friuli Venezia Giulia using the WFS OpenGIS standard."", ""keywords"": [], ""layer_name"": null, ""description"": ""NULL"", ""service_type"": ""wms"", ""metadata_urls"": []}",spatial-extractor,2026-06-21 18:39:08.784 +0300
948,r_friuve:m3971-cc-i1475,https://serviziogc.regione.fvg.it/geoserver/CAR_GEO/wfs?request=GetCapabilities&service=wfs&version=2.0.0,,,"{""id"": ""44739"", ""bbox"": null, ""name"": ""NULL"", ""title"": null, ""schema"": null, ""crs3857"": false, ""crs4326"": false, ""abstract"": null, ""keywords"": [], ""layer_name"": null, ""description"": ""NULL"", ""service_type"": ""wfs"", ""metadata_urls"": []}",spatial-extractor,2026-06-21 18:39:10.701 +0300
949,a2d52409-ca8b-448d-beec-396ccb5b4fa5,https://www.mercator.vlaanderen.be/raadpleegdienstenmercatorpubliek/wfs?service=WFS&version=2.0.0&request=GetCapabilities,,,"{""id"": ""44752"", ""bbox"": null, ""name"": ""Capabilities van de MercatorNet Publieke WFS Download Service"", ""title"": null, ""schema"": null, ""crs3857"": false, ""crs4326"": false, ""abstract"": null, ""keywords"": [], ""layer_name"": null, ""description"": ""NULL"", ""service_type"": ""wfs"", ""metadata_urls"": []}",spatial-extractor,2026-06-21 18:39:11.745 +0300
950,https://data.inspire.gv.at/93df2c3a-dc9b-4372-9b9b-ad9cb5e18814,https://inspire.lfrz.gv.at/000602/wms?version=1.3.0&request=GetCapabilities,,,"{""id"": ""44766"", ""bbox"": [9.679, 46.457, 16.637, 49.046, ""CRS:84""], ""name"": ""BIOSOIL Austria (SOIL)"", ""title"": ""Soil horizon description"", ""crs3857"": true, ""crs4326"": true, ""abstract"": ""Parameters forming the soil horizon description. The sequence is different from those presented in the FAO guidelines (FAO, 1990). After preparing and cleaning of the profile the sequence of description is as follows:\r\na) delineation and description of te horizon boundaries; b) photographic recordings; c) colour measurements; d) record texture, rock fragments, structure, consistence, porosity, cutans, cementations and nodules; e) roots and other biological activity; f) carbonates, gypsum and salts; g)each horizon is designated one or more horizon symbols and the necessary samples are collected."", ""keywords"": [""soil""], ""layer_name"": ""BIOSOIL Austria (SOIL)"", ""description"": ""Soil horizon description"", ""service_type"": ""wms"", ""metadata_urls"": [""https://discovery.inspire.gv.at/at.lfrz.discoveryservices/srv/ger/csw?service=CSW&request=GetRecordById&version=2.0.2&outputSchema=http%3A%2F%2Fwww.isotc211.org%2F2005%2Fgmd&ElementSetName=full&id=93df2c3a-dc9b-4372-9b9b-ad9cb5e18814""]}",spatial-extractor,2026-06-21 18:39:13.630 +0300
951,https://data.inspire.gv.at/93df2c3a-dc9b-4372-9b9b-ad9cb5e18814,https://gis.lfrz.gv.at/api/geodata/i000602/ogc/features/v1/,,,"{""id"": ""44770"", ""bbox"": null, ""name"": ""BIOSOIL Austria (SOIL) - WFS"", ""title"": null, ""abstract"": null, ""layer_name"": null, ""description"": ""BIOSOIL Austria (SOIL) - WFS"", ""service_type"": ""ogcapi""}",spatial-extractor,2026-06-21 18:39:14.557 +0300
952,http://www.lgl-bw.de/8478fb9a-cbe6-11ea-8259-005056865142,https://owsproxy.lgl-bw.de/owsproxy/wfs/WFS_INSP_BW_Boden_ALKIS?version=2.0.0,,,"{""error"": null}",spatial-extractor,2026-06-21 18:39:16.607 +0300
953,cb369b77-de8a-4f3a-9c3d-e144a39c8877,http://geodata.fvm.dk/geoserver/GB_MFO_og_groenne_krav/wms?,,,"{""error"": ""Request timeout""}",spatial-extractor,2026-06-21 18:39:19.539 +0300
954,Arealanvendelse,http://geodata.fvm.dk/geoserver/GB_MFO_og_groenne_krav/wms?,,,"{""error"": ""Request timeout""}",spatial-extractor,2026-06-21 18:39:29.767 +0300
955,p_bz:Soil,https://geoservices6.civis.bz.it/geoserver/ows?service=WMS&version=1.3.0&request=GetCapabilities,,,"{""id"": ""44955"", ""bbox"": null, ""name"": ""NULL"", ""title"": ""Web Map Service: R31-R32"", ""crs3857"": null, ""crs4326"": null, ""abstract"": ""Abteilung 32. Forstwirtschaft / Abteilung 31. Landwirtschaft - Ripartizione 31. Agricoltura / Ripartizione 32. Foreste"", ""keywords"": [], ""layer_name"": null, ""description"": ""NULL"", ""service_type"": ""wms"", ""metadata_urls"": []}",spatial-extractor,2026-06-21 18:39:41.864 +0300
956,ESMAGRAMAINESEOLICA20110616000,https://wms.mapama.gob.es/sig/Biodiversidad/INESErosionEolica,,,"{""error"": ""Could not open file with GDAL (unsupported format or inaccessible)""}",spatial-extractor,2026-06-21 18:39:50.764 +0300
957,"SO.SoilThemeCoverage.COT__TENEURS_2004_2014,04481ab6-e5ee-4742-a330-88649c17b2ce",https://geoservices.wallonie.be/geoserver/inspire_so/ows?service=WMS&version=1.3.0&request=GetCapabilities,,,"{""id"": ""44991"", ""bbox"": null, ""name"": ""INSPIRE - Sols en Wallonie (BE) - Service de visualisation WMS"", ""title"": null, ""crs3857"": false, ""crs4326"": false, ""abstract"": null, ""keywords"": [], ""layer_name"": null, ""description"": ""NULL"", ""service_type"": ""wms"", ""metadata_urls"": []}",spatial-extractor,2026-06-21 18:39:53.768 +0300
958,9abd0cb8-c4fe-401c-b60f-74d285c222fa,https://www.dov.vlaanderen.be/geoserver-inspire/chemicalparameter/wfs?,,,"{""error"": null}",spatial-extractor,2026-06-21 18:39:54.721 +0300
959,9abd0cb8-c4fe-401c-b60f-74d285c222fa,https://www.dov.vlaanderen.be/geoserver-inspire/chemicalparameter/wfs?service=WFS&version=2.0.0&request=GetFeature,,,"{""error"": null}",spatial-extractor,2026-06-21 18:39:58.819 +0300
960,b0203a76-ab90-4564-9789-9b7c21fb9c65,https://gis.lfrz.gv.at/api/geodata/i000604/ogc/features/v1/,,,"{""id"": ""45003"", ""bbox"": null, ""name"": ""Agricultural Soil Map of Austria - Dominant parent material (PAR-MAT-DOM) - WFS"", ""title"": null, ""abstract"": null, ""layer_name"": null, ""description"": ""Agricultural Soil Map of Austria - Dominant parent material (PAR-MAT-DOM) - WFS"", ""service_type"": ""ogcapi""}",spatial-extractor,2026-06-21 18:40:01.123 +0300
961,http://soluri.md/,http://soluri.md/en/default/wms/public,,,"{""id"": ""45008"", ""bbox"": null, ""name"": ""SoilBody"", ""title"": null, ""crs3857"": false, ""crs4326"": false, ""abstract"": null, ""keywords"": [], ""layer_name"": null, ""description"": ""Soil Body"", ""service_type"": ""wms"", ""metadata_urls"": []}",spatial-extractor,2026-06-21 18:40:01.737 +0300
1220,https://www.dov.vlaanderen.be/dataset/127c3b51-d606-47f8-8c35-df7301b35ca2,https://www.dov.vlaanderen.be/geoserver/organische_koolstof/wms?,,,"{""id"": ""56726"", ""bbox"": [2.523964636359352, 49.48428532976214, 6.458202921273839, 51.51446381540252, ""CRS:84""], ""name"": ""carbon_40"", ""title"": ""Soil Organic Carbon Stock Maps for Belgium: mean (40 m grid)"", ""crs3857"": true, ""crs4326"": true, ""abstract"": ""The Belgian soil organic carbon (SOC) stock map for topsoils (0-30 cm) at the resolution of 40m x 40m was composed of 2 regional SOC stock maps. For the regional maps a different approach was used for agricultural land as compared to forest. The maps are based on digital soil mapping approaches using empirical models calibrated to predict the SOC stock and using covariates that are available at a sufficient resolution at the regional scale. All maps are strongly dependent on the Belgian Soil Map (texture and drainage parameters). The regional maps were compiled at a fine resolution (10m x 10m grid cells for Flanders and 40m x 40m grid cells for Wallonia). Next they were joined (40m x 40m grid cells). The regional maps for Flanders were scaled up tot the 40m x 40m grid of Wallonia.  \r\nGiven the different origin of the individual maps, the uncertainty varies between maps. For instance, a map of the 90% confidence interval of the SOC stocks was produced for agricultural soils in Wallonia based on a Monte Carlo Approach taking into account both the measurement and the model uncertainties. For Flemish forest soils, spatial and analytical uncertainties were taken into account using bootstrapping techniques. For Flemish agricultural soils, the uncertainty reported is the model uncertainty on point estimates for each data point, in which the estimated model parameters are simulated 1000 times as being independent normal distributed variables using their model estimation and standard error as distribution parameters. No additional uncertainty is taken into account for the conversion functions that use the stochastic variables \""bulk density\"". The metadata are available and allow assessing the uncertainties of the stock estimates in the different component maps.\r\nThe SOC stock map (resolution of 40m x 40m) is the first comprehensive map for Belgium integrating grasslands, croplands and forests. Based on this map another SOC stock map at a resolution of 1km x 1km in the coordinate reference system WGS84 was created."", ""keywords"": [""Bodem"", ""ondergrond"", ""landbouw"", ""koolstof"", ""totaal aan organische koolstof"", ""grasland"", ""akker"", ""bos"", ""bos"", ""Regionaal"", ""Herbruikbaar"", ""Kosteloos"", ""Vlaamse Open data"", ""Toegevoegd GDI-Vl"", ""Metadata GDI-Vl-conform"", ""Metadata INSPIRE-conform"", ""Lijst M&R INSPIRE"", ""DOV"", ""Vlaanderen"", ""Ondergrond"", ""Databank Ondergrond Vlaanderen"", ""Departement Omgeving"", ""Aardobservatie en milieu"", ""Bodem"", ""HVD"", ""DOV_EXPERTISE@Bodem""], ""layer_name"": ""carbon_40"", ""description"": ""WMS-endpoint Soil Organic Carbon Stock Maps for Belgium: mean (40 m grid)"", ""service_type"": ""wms"", ""metadata_urls"": [""https://www.dov.vlaanderen.be/geonetwork#/metadata/bf8c35ad-ab45-4084-b1e1-3042c66204aa"", ""https://www.dov.vlaanderen.be/geonetwork/srv/dut/csw?Service=CSW&Request=GetRecordById&Version=2.0.2&outputSchema=http://www.isotc211.org/2005/gmd&elementSetName=full&id=bf8c35ad-ab45-4084-b1e1-3042c66204aa""]}",spatial-extractor,2026-06-21 18:47:29.354 +0300
962,r_lombar:2fd6a5d3-a0e6-4cf1-8155-8b42f19c5190,https://www.cartografia.servizirl.it/arcgis1/services/territorio/pericolosita_sismica_locale/MapServer/WMSServer?request=GetCapabilities&service=WMS,,,"{""id"": ""45015"", ""bbox"": null, ""name"": ""NULL"", ""title"": ""Pericolosità sismica locale - WMS"", ""crs3857"": null, ""crs4326"": null, ""abstract"": ""WMS"", ""keywords"": [], ""layer_name"": null, ""description"": ""NULL"", ""service_type"": ""wms"", ""metadata_urls"": []}",spatial-extractor,2026-06-21 18:40:02.854 +0300
963,r_friuve:m3964-cc-i1463,https://serviziogc.regione.fvg.it/geoserver/CAR_GEO/wms?request=GetCapabilities&service=wms&version=1.3.0,,,"{""id"": ""45021"", ""bbox"": null, ""name"": ""NULL"", ""title"": ""GeoServer Web Map Service IRDAT FVG"", ""crs3857"": null, ""crs4326"": null, ""abstract"": ""Service for pubblication of the geographic informations of the region Friuli Venezia Giulia using the WFS OpenGIS standard."", ""keywords"": [], ""layer_name"": null, ""description"": ""NULL"", ""service_type"": ""wms"", ""metadata_urls"": []}",spatial-extractor,2026-06-21 18:40:04.370 +0300
964,r_friuve:m3964-cc-i1463,https://serviziogc.regione.fvg.it/geoserver/CAR_GEO/wfs?request=GetCapabilities&service=wfs&version=2.0.0,,,"{""id"": ""45022"", ""bbox"": null, ""name"": ""NULL"", ""title"": null, ""schema"": null, ""crs3857"": false, ""crs4326"": false, ""abstract"": null, ""keywords"": [], ""layer_name"": null, ""description"": ""NULL"", ""service_type"": ""wfs"", ""metadata_urls"": []}",spatial-extractor,2026-06-21 18:40:05.245 +0300
965,e9941118-761a-4636-a6aa-ba2662bfa510,https://gislocal.md/geoserver/apl/wms,,,"{""id"": ""45025"", ""bbox"": null, ""name"": ""apl:s0100_seismic_zones"", ""title"": null, ""crs3857"": false, ""crs4326"": false, ""abstract"": null, ""keywords"": [], ""layer_name"": null, ""description"": ""Zone Seismice mun. Chișinău"", ""service_type"": ""wms"", ""metadata_urls"": []}",spatial-extractor,2026-06-21 18:40:06.410 +0300
966,https://registry.gdi-de.org/id/de.be.csw/3dc6aa29-d3c3-3f6c-bc77-fa16b109d64f,https://gdi.berlin.de/services/wms/ua_bodengesellschaften_2020?request=GetCapabilities&service=WMS,,,"{""id"": ""45038"", ""bbox"": null, ""name"": ""NULL"", ""title"": ""Bodengesellschaften 2020 (Umweltatlas)"", ""crs3857"": null, ""crs4326"": null, ""abstract"": ""Darstellung von insgesamt 78 Bodengesellschaften unversiegelter Böden, Konzeptkarte ermittelt aus Bodenuntersuchungen und Nutzungsarten auf Block- und Blockteilflächen-Basis, 1 : 5.000, Stand 2020."", ""keywords"": [], ""layer_name"": null, ""description"": ""Darstellungsdienst - Bodengesellschaften 2020 (Umweltatlas) (WMS)"", ""service_type"": ""wms"", ""metadata_urls"": []}",spatial-extractor,2026-06-21 18:40:09.593 +0300
967,3f507fd9-24c0-40ab-9328-29f0dff571fe,https://www.dov.vlaanderen.be/geoserver/bodem/wfs?,,,"{""error"": null}",spatial-extractor,2026-06-21 18:40:10.247 +0300
968,3f507fd9-24c0-40ab-9328-29f0dff571fe,https://www.dov.vlaanderen.be/geoserver/bodem/wms?SERVICE=WMS&version=1.3.0&request=GetCapabilities,,,"{""id"": ""45060"", ""bbox"": [2.5510946173653575, 50.52759259442094, 5.868244646565843, 51.45249900318474, ""CRS:84""], ""name"": ""bodemlocaties"", ""title"": ""Bodemlocaties"", ""crs3857"": true, ""crs4326"": true, ""abstract"": ""Een bodemlocatie is ofwel een profielput of een boring. Een boring is altijd één puntlocatie (x,y,z) en een profielput heeft minimum één en maximum twee puntlocaties (begin- en eindpunt van de profielput). \r\nEen profielput is een uitgegraven put in de bodem waarin profielbeschrijvingen, monsternames of bodemobservaties worden uitgevoerd. Een profielbeschrijving is een waarneming van bodemhorizonten en/of bodemlagen in een uitgegraven profielput. Een bodemhorizont is een visueel te onderscheiden deel van de bodem dat ontstaan is door omzetting van het moedermateriaal door pedogenetische processen of door het afzetten van organisch materiaal. Een bodemhorizont heeft voor de meeste bodemvariabelen homogene morfologische en analytische karakteristieken. Een bodemlaag daarentegen is ontstaan door niet-pedogenetische processen. Aan de hand van een profielput krijg je een beeld van de bodemkundige opbouw.\r\nEen boring is het resultaat van het boren in de ondergrond met verwijdering van bodem door middel van een gereedschap in de vorm van een holle buis. Aan de hand van dit opgeboorde bodemmateriaal worden bodembeschrijvingen, bodemobservaties en monsternames uitgevoerd.\r\nDe bodemlocaties uit de 'Aardewerk-Vlaanderen-2010' databank worden afzonderlijk ontsloten in de datasets 'Bodemprofielen kartering Belgische bodemkaart' en 'Oppervlaktemonsters kartering Belgische bodemkaart'."", ""keywords"": [""Bodem"", ""Bodemgebruik"", ""ondergrond"", ""bodemkaart"", ""bodemtextuur"", ""bodemprofiel"", ""bodemanalyse"", ""bodembiologie"", ""bodemchemie"", ""bodemkunde"", ""bodemkunde"", ""bodemlaag"", ""bodemproces"", ""bodemstructuur"", ""bodemvorming"", ""bodemdaling"", ""bodemdegradatie"", ""bodemerosie"", ""bodemfunctie"", ""bodemgebruik"", ""bodemgesteldheid"", ""bodemkwaliteit"", ""bodemlucht"", ""bodemorganisme"", ""bodemverdichting"", ""bodemverzuring"", ""bodemvocht"", ""bodemvochthuishouding"", ""bodemvruchtbaarheid"", ""doorsijpeling van water in de bodem"", ""Regionaal"", ""Herbruikbaar"", ""Kosteloos"", ""Vlaamse Open data"", ""Toegevoegd GDI-Vl"", ""Metadata GDI-Vl-conform"", ""Metadata INSPIRE-conform"", ""DOV"", ""Vlaanderen"", ""Ondergrond"", ""Databank Ondergrond Vlaanderen"", ""Departement Omgeving"", ""Profielput"", ""Bodemprofielgegevens"", ""DOV_PATHNAME@001#DOV:010#Bodem:010#Bodemdata:020#"", ""DOV_EXPERTISE@Bodem"", ""DOV_EXPERTISE@Delfstoffen""], ""layer_name"": ""bodemlocaties"", ""description"": ""WMS-capabilities Bodemlocaties"", ""service_type"": ""wms"", ""metadata_urls"": [""https://www.dov.vlaanderen.be/geonetwork#/metadata/3f507fd9-24c0-40ab-9328-29f0dff571fe"", ""https://www.dov.vlaanderen.be/geonetwork/srv/dut/csw?Service=CSW&Request=GetRecordById&Version=2.0.2&outputSchema=http://www.isotc211.org/2005/gmd&elementSetName=full&id=3f507fd9-24c0-40ab-9328-29f0dff571fe""]}",spatial-extractor,2026-06-21 18:40:14.695 +0300
969,3f507fd9-24c0-40ab-9328-29f0dff571fe,https://www.dov.vlaanderen.be/geoserver/bodem/wms?SERVICE=WMS&version=1.3.0&request=GetMap,,,"{""id"": ""45062"", ""bbox"": [2.5510946173653575, 50.52759259442094, 5.868244646565843, 51.45249900318474, ""CRS:84""], ""name"": ""bodemlocaties"", ""title"": ""Bodemlocaties"", ""crs3857"": true, ""crs4326"": true, ""abstract"": ""Een bodemlocatie is ofwel een profielput of een boring. Een boring is altijd één puntlocatie (x,y,z) en een profielput heeft minimum één en maximum twee puntlocaties (begin- en eindpunt van de profielput). \r\nEen profielput is een uitgegraven put in de bodem waarin profielbeschrijvingen, monsternames of bodemobservaties worden uitgevoerd. Een profielbeschrijving is een waarneming van bodemhorizonten en/of bodemlagen in een uitgegraven profielput. Een bodemhorizont is een visueel te onderscheiden deel van de bodem dat ontstaan is door omzetting van het moedermateriaal door pedogenetische processen of door het afzetten van organisch materiaal. Een bodemhorizont heeft voor de meeste bodemvariabelen homogene morfologische en analytische karakteristieken. Een bodemlaag daarentegen is ontstaan door niet-pedogenetische processen. Aan de hand van een profielput krijg je een beeld van de bodemkundige opbouw.\r\nEen boring is het resultaat van het boren in de ondergrond met verwijdering van bodem door middel van een gereedschap in de vorm van een holle buis. Aan de hand van dit opgeboorde bodemmateriaal worden bodembeschrijvingen, bodemobservaties en monsternames uitgevoerd.\r\nDe bodemlocaties uit de 'Aardewerk-Vlaanderen-2010' databank worden afzonderlijk ontsloten in de datasets 'Bodemprofielen kartering Belgische bodemkaart' en 'Oppervlaktemonsters kartering Belgische bodemkaart'."", ""keywords"": [""Bodem"", ""Bodemgebruik"", ""ondergrond"", ""bodemkaart"", ""bodemtextuur"", ""bodemprofiel"", ""bodemanalyse"", ""bodembiologie"", ""bodemchemie"", ""bodemkunde"", ""bodemkunde"", ""bodemlaag"", ""bodemproces"", ""bodemstructuur"", ""bodemvorming"", ""bodemdaling"", ""bodemdegradatie"", ""bodemerosie"", ""bodemfunctie"", ""bodemgebruik"", ""bodemgesteldheid"", ""bodemkwaliteit"", ""bodemlucht"", ""bodemorganisme"", ""bodemverdichting"", ""bodemverzuring"", ""bodemvocht"", ""bodemvochthuishouding"", ""bodemvruchtbaarheid"", ""doorsijpeling van water in de bodem"", ""Regionaal"", ""Herbruikbaar"", ""Kosteloos"", ""Vlaamse Open data"", ""Toegevoegd GDI-Vl"", ""Metadata GDI-Vl-conform"", ""Metadata INSPIRE-conform"", ""DOV"", ""Vlaanderen"", ""Ondergrond"", ""Databank Ondergrond Vlaanderen"", ""Departement Omgeving"", ""Profielput"", ""Bodemprofielgegevens"", ""DOV_PATHNAME@001#DOV:010#Bodem:010#Bodemdata:020#"", ""DOV_EXPERTISE@Bodem"", ""DOV_EXPERTISE@Delfstoffen""], ""layer_name"": ""bodemlocaties"", ""description"": ""WMS-map Bodemlocaties"", ""service_type"": ""wms"", ""metadata_urls"": [""https://www.dov.vlaanderen.be/geonetwork#/metadata/3f507fd9-24c0-40ab-9328-29f0dff571fe"", ""https://www.dov.vlaanderen.be/geonetwork/srv/dut/csw?Service=CSW&Request=GetRecordById&Version=2.0.2&outputSchema=http://www.isotc211.org/2005/gmd&elementSetName=full&id=3f507fd9-24c0-40ab-9328-29f0dff571fe""]}",spatial-extractor,2026-06-21 18:40:16.198 +0300
970,3f507fd9-24c0-40ab-9328-29f0dff571fe,https://www.dov.vlaanderen.be/geoserver/bodem/wms?,,,"{""id"": ""45063"", ""bbox"": [2.5510946173653575, 50.52759259442094, 5.868244646565843, 51.45249900318474, ""CRS:84""], ""name"": ""bodemlocaties"", ""title"": ""Bodemlocaties"", ""crs3857"": true, ""crs4326"": true, ""abstract"": ""Een bodemlocatie is ofwel een profielput of een boring. Een boring is altijd één puntlocatie (x,y,z) en een profielput heeft minimum één en maximum twee puntlocaties (begin- en eindpunt van de profielput). \r\nEen profielput is een uitgegraven put in de bodem waarin profielbeschrijvingen, monsternames of bodemobservaties worden uitgevoerd. Een profielbeschrijving is een waarneming van bodemhorizonten en/of bodemlagen in een uitgegraven profielput. Een bodemhorizont is een visueel te onderscheiden deel van de bodem dat ontstaan is door omzetting van het moedermateriaal door pedogenetische processen of door het afzetten van organisch materiaal. Een bodemhorizont heeft voor de meeste bodemvariabelen homogene morfologische en analytische karakteristieken. Een bodemlaag daarentegen is ontstaan door niet-pedogenetische processen. Aan de hand van een profielput krijg je een beeld van de bodemkundige opbouw.\r\nEen boring is het resultaat van het boren in de ondergrond met verwijdering van bodem door middel van een gereedschap in de vorm van een holle buis. Aan de hand van dit opgeboorde bodemmateriaal worden bodembeschrijvingen, bodemobservaties en monsternames uitgevoerd.\r\nDe bodemlocaties uit de 'Aardewerk-Vlaanderen-2010' databank worden afzonderlijk ontsloten in de datasets 'Bodemprofielen kartering Belgische bodemkaart' en 'Oppervlaktemonsters kartering Belgische bodemkaart'."", ""keywords"": [""Bodem"", ""Bodemgebruik"", ""ondergrond"", ""bodemkaart"", ""bodemtextuur"", ""bodemprofiel"", ""bodemanalyse"", ""bodembiologie"", ""bodemchemie"", ""bodemkunde"", ""bodemkunde"", ""bodemlaag"", ""bodemproces"", ""bodemstructuur"", ""bodemvorming"", ""bodemdaling"", ""bodemdegradatie"", ""bodemerosie"", ""bodemfunctie"", ""bodemgebruik"", ""bodemgesteldheid"", ""bodemkwaliteit"", ""bodemlucht"", ""bodemorganisme"", ""bodemverdichting"", ""bodemverzuring"", ""bodemvocht"", ""bodemvochthuishouding"", ""bodemvruchtbaarheid"", ""doorsijpeling van water in de bodem"", ""Regionaal"", ""Herbruikbaar"", ""Kosteloos"", ""Vlaamse Open data"", ""Toegevoegd GDI-Vl"", ""Metadata GDI-Vl-conform"", ""Metadata INSPIRE-conform"", ""DOV"", ""Vlaanderen"", ""Ondergrond"", ""Databank Ondergrond Vlaanderen"", ""Departement Omgeving"", ""Profielput"", ""Bodemprofielgegevens"", ""DOV_PATHNAME@001#DOV:010#Bodem:010#Bodemdata:020#"", ""DOV_EXPERTISE@Bodem"", ""DOV_EXPERTISE@Delfstoffen""], ""layer_name"": ""bodemlocaties"", ""description"": ""WMS-endpoint Bodemlocaties"", ""service_type"": ""wms"", ""metadata_urls"": [""https://www.dov.vlaanderen.be/geonetwork#/metadata/3f507fd9-24c0-40ab-9328-29f0dff571fe"", ""https://www.dov.vlaanderen.be/geonetwork/srv/dut/csw?Service=CSW&Request=GetRecordById&Version=2.0.2&outputSchema=http://www.isotc211.org/2005/gmd&elementSetName=full&id=3f507fd9-24c0-40ab-9328-29f0dff571fe""]}",spatial-extractor,2026-06-21 18:40:16.804 +0300
971,ch.bazl.kataster-belasteter-standorte-zivilflugplaetze,https://wms.geo.admin.ch/?SERVICE=WMS&VERSION=1.3.0&REQUEST=GetCapabilities&lang=de,,,"{""id"": ""45218"", ""bbox"": [2300000.0, 900000.0, 3100000.0, 1450000.0, ""EPSG:2056""], ""name"": ""ch.bazl.kataster-belasteter-standorte-zivilflugplaetze"", ""title"": ""KbS Zivilflugplätze"", ""crs3857"": true, ""crs4326"": true, ""abstract"": ""Öffentlich zugänglicher Kataster der belasteten Standorte im Perimeter der zivilen Flugplätze. Der Kataster gibt unter anderem Auskunft über die Lage, die Art und Menge der an den Standort gelangten Abfälle, den Ablagerungszeitraum, sowie durchgeführte Untersuchungen und Massnahmen. Unterschieden werden folgende Standorttypen: Betriebsstandort, Unfallstandort und Ablagerungsstandort."", ""keywords"": [""ch.bazl.kataster-belasteter-standorte-zivilflugplaetze.wms_ows_keywordlist""], ""layer_name"": ""ch.bazl.kataster-belasteter-standorte-zivilflugplaetze"", ""description"": ""Link zum WMS"", ""service_type"": ""wms"", ""metadata_urls"": [""https://www.geocat.ch/geonetwork/srv/ger/catalog.search#/metadata/3f7c8f9f-b1be-4eb6-a9e2-7bdacf35dd58""]}",spatial-extractor,2026-06-21 18:40:20.832 +0300
972,64e8a11d-5602-4ad5-b370-e4d396fe218f,https://www.dov.vlaanderen.be/geoserver/bodemkaart_afgeleid/wfs?,,,"{""error"": null}",spatial-extractor,2026-06-21 18:40:21.623 +0300
973,64e8a11d-5602-4ad5-b370-e4d396fe218f,https://www.dov.vlaanderen.be/geoserver/bodemkaart_afgeleid/wms?SERVICE=WMS&version=1.3.0&request=GetCapabilities,,,"{""id"": ""45555"", ""bbox"": [2.5284053051840685, 50.67257954128071, 5.935714799682381, 51.505972208811166, ""CRS:84""], ""name"": ""wrb_250000"", ""title"": ""WRB Reference Soil Groups 250k: Bodemkaart van het Vlaamse Gewest volgens het internationale bodemclassificatiesysteem World Reference Base op schaal 1:250.000"", ""crs3857"": true, ""crs4326"": true, ""abstract"": ""Voor het Vlaamse Gewest werd de Belgische bodemkaart omgezet naar WRB-2014, de 3de editie van het internationaal bodemclassificatiesysteem World Reference Base. Het resultaat ziet u in de kaartlaag ‘WRB Soil Units 40k: Bodemkaart van het Vlaamse Gewest volgens het internationale bodemclassificatiesysteem World Reference Base op schaal 1:40.000’. De kaartlaag op schaal 250.000 is een generalisatie van deze kaartlaag op schaal 1:40.000. De gegeneraliseerde kaartlaag bevat de dominante (meest voorkomende) Reference Soil Group (RSG) en de bijhorende Principal Qualifiers (PQ) en twee geassocieerde RSG’s met hun PQ’s (tweede en derde meest voorkomend) per kaarteenheid."", ""keywords"": [""Bodem"", ""ondergrond"", ""Regionaal"", ""Herbruikbaar"", ""Kosteloos"", ""Vlaamse Open data"", ""Toegevoegd GDI-Vl"", ""Metadata GDI-Vl-conform"", ""Metadata INSPIRE-conform"", ""DOV"", ""Vlaanderen"", ""Ondergrond"", ""Databank Ondergrond Vlaanderen"", ""Departement Omgeving"", ""Reference Soil Group"", ""Principal Qualifiers"", ""DOV_PATHNAME@001#DOV:010#Bodem:020#Bodemkaarten:030#Bodemkaart volgens WRB:020#"", ""DOV_EXPERTISE@Bodem""], ""layer_name"": ""wrb_250000"", ""description"": ""WMS-capabilities WRB Reference Soil Groups 250k: Bodemkaart van het Vlaamse Gewest volgens het internationale bodemclassificatiesysteem World Reference Base op schaal 1:250.000"", ""service_type"": ""wms"", ""metadata_urls"": [""https://www.dov.vlaanderen.be/geonetwork#/metadata/64e8a11d-5602-4ad5-b370-e4d396fe218f"", ""https://www.dov.vlaanderen.be/geonetwork/srv/dut/csw?Service=CSW&Request=GetRecordById&Version=2.0.2&outputSchema=http://www.isotc211.org/2005/gmd&elementSetName=full&id=64e8a11d-5602-4ad5-b370-e4d396fe218f""]}",spatial-extractor,2026-06-21 18:40:26.237 +0300
974,64e8a11d-5602-4ad5-b370-e4d396fe218f,https://www.dov.vlaanderen.be/geoserver/bodemkaart_afgeleid/wms?SERVICE=WMS&version=1.3.0&request=GetMap,,,"{""id"": ""45557"", ""bbox"": [2.5284053051840685, 50.67257954128071, 5.935714799682381, 51.505972208811166, ""CRS:84""], ""name"": ""wrb_250000"", ""title"": ""WRB Reference Soil Groups 250k: Bodemkaart van het Vlaamse Gewest volgens het internationale bodemclassificatiesysteem World Reference Base op schaal 1:250.000"", ""crs3857"": true, ""crs4326"": true, ""abstract"": ""Voor het Vlaamse Gewest werd de Belgische bodemkaart omgezet naar WRB-2014, de 3de editie van het internationaal bodemclassificatiesysteem World Reference Base. Het resultaat ziet u in de kaartlaag ‘WRB Soil Units 40k: Bodemkaart van het Vlaamse Gewest volgens het internationale bodemclassificatiesysteem World Reference Base op schaal 1:40.000’. De kaartlaag op schaal 250.000 is een generalisatie van deze kaartlaag op schaal 1:40.000. De gegeneraliseerde kaartlaag bevat de dominante (meest voorkomende) Reference Soil Group (RSG) en de bijhorende Principal Qualifiers (PQ) en twee geassocieerde RSG’s met hun PQ’s (tweede en derde meest voorkomend) per kaarteenheid."", ""keywords"": [""Bodem"", ""ondergrond"", ""Regionaal"", ""Herbruikbaar"", ""Kosteloos"", ""Vlaamse Open data"", ""Toegevoegd GDI-Vl"", ""Metadata GDI-Vl-conform"", ""Metadata INSPIRE-conform"", ""DOV"", ""Vlaanderen"", ""Ondergrond"", ""Databank Ondergrond Vlaanderen"", ""Departement Omgeving"", ""Reference Soil Group"", ""Principal Qualifiers"", ""DOV_PATHNAME@001#DOV:010#Bodem:020#Bodemkaarten:030#Bodemkaart volgens WRB:020#"", ""DOV_EXPERTISE@Bodem""], ""layer_name"": ""wrb_250000"", ""description"": ""WMS-map WRB Reference Soil Groups 250k: Bodemkaart van het Vlaamse Gewest volgens het internationale bodemclassificatiesysteem World Reference Base op schaal 1:250.000"", ""service_type"": ""wms"", ""metadata_urls"": [""https://www.dov.vlaanderen.be/geonetwork#/metadata/64e8a11d-5602-4ad5-b370-e4d396fe218f"", ""https://www.dov.vlaanderen.be/geonetwork/srv/dut/csw?Service=CSW&Request=GetRecordById&Version=2.0.2&outputSchema=http://www.isotc211.org/2005/gmd&elementSetName=full&id=64e8a11d-5602-4ad5-b370-e4d396fe218f""]}",spatial-extractor,2026-06-21 18:40:27.137 +0300
975,64e8a11d-5602-4ad5-b370-e4d396fe218f,https://www.dov.vlaanderen.be/geoserver/bodemkaart_afgeleid/wms?,,,"{""id"": ""45558"", ""bbox"": [2.5284053051840685, 50.67257954128071, 5.935714799682381, 51.505972208811166, ""CRS:84""], ""name"": ""wrb_250000"", ""title"": ""WRB Reference Soil Groups 250k: Bodemkaart van het Vlaamse Gewest volgens het internationale bodemclassificatiesysteem World Reference Base op schaal 1:250.000"", ""crs3857"": true, ""crs4326"": true, ""abstract"": ""Voor het Vlaamse Gewest werd de Belgische bodemkaart omgezet naar WRB-2014, de 3de editie van het internationaal bodemclassificatiesysteem World Reference Base. Het resultaat ziet u in de kaartlaag ‘WRB Soil Units 40k: Bodemkaart van het Vlaamse Gewest volgens het internationale bodemclassificatiesysteem World Reference Base op schaal 1:40.000’. De kaartlaag op schaal 250.000 is een generalisatie van deze kaartlaag op schaal 1:40.000. De gegeneraliseerde kaartlaag bevat de dominante (meest voorkomende) Reference Soil Group (RSG) en de bijhorende Principal Qualifiers (PQ) en twee geassocieerde RSG’s met hun PQ’s (tweede en derde meest voorkomend) per kaarteenheid."", ""keywords"": [""Bodem"", ""ondergrond"", ""Regionaal"", ""Herbruikbaar"", ""Kosteloos"", ""Vlaamse Open data"", ""Toegevoegd GDI-Vl"", ""Metadata GDI-Vl-conform"", ""Metadata INSPIRE-conform"", ""DOV"", ""Vlaanderen"", ""Ondergrond"", ""Databank Ondergrond Vlaanderen"", ""Departement Omgeving"", ""Reference Soil Group"", ""Principal Qualifiers"", ""DOV_PATHNAME@001#DOV:010#Bodem:020#Bodemkaarten:030#Bodemkaart volgens WRB:020#"", ""DOV_EXPERTISE@Bodem""], ""layer_name"": ""wrb_250000"", ""description"": ""WMS-endpoint WRB Reference Soil Groups 250k: Bodemkaart van het Vlaamse Gewest volgens het internationale bodemclassificatiesysteem World Reference Base op schaal 1:250.000"", ""service_type"": ""wms"", ""metadata_urls"": [""https://www.dov.vlaanderen.be/geonetwork#/metadata/64e8a11d-5602-4ad5-b370-e4d396fe218f"", ""https://www.dov.vlaanderen.be/geonetwork/srv/dut/csw?Service=CSW&Request=GetRecordById&Version=2.0.2&outputSchema=http://www.isotc211.org/2005/gmd&elementSetName=full&id=64e8a11d-5602-4ad5-b370-e4d396fe218f""]}",spatial-extractor,2026-06-21 18:40:27.882 +0300
976,https://registry.gdi-de.org/id/de.be.csw/00f7d37e-35f9-3e58-a63a-cdd789e64170,https://gdi.berlin.de/services/wms/so_boka?request=GetCapabilities&service=WMS,,,"{""id"": ""45608"", ""bbox"": null, ""name"": ""NULL"", ""title"": ""Boden im INSPIRE-Datenmodell (Bodenkundliche Kartierungen)"", ""crs3857"": null, ""crs4326"": null, ""abstract"": ""Übersicht über die im Land Berlin durchgeführten bodenkundlichen Gutachten oder Kartierungen im INSPIRE-Datenmodell, bei denen Bodenprofile dokumentiert und/oder großmaßstäbliche Bodenkartierungen erarbeitet wurden."", ""keywords"": [], ""layer_name"": null, ""description"": ""Darstellungsdienst - Boden im INSPIRE-Datenmodell (Bodenkundliche Kartierungen) (WMS)"", ""service_type"": ""wms"", ""metadata_urls"": []}",spatial-extractor,2026-06-21 18:40:30.469 +0300
977,298d34a4-d459-4fc8-a9be-e8e26cd9b354,https://www.dov.vlaanderen.be/geoserver/erosie/wfs?,,,"{""error"": null}",spatial-extractor,2026-06-21 18:40:31.093 +0300
978,a1547a01-b9fc-40fa-a2eb-009a39c02c7b,https://www.dov.vlaanderen.be/geoserver/bodemkaart/wms?,,,"{""id"": ""47214"", ""bbox"": [2.5285590909401936, 50.67393051415159, 5.935371601406674, 51.50548166406281, ""CRS:84""], ""name"": ""bodemtypes"", ""title"": ""Digitale bodemkaart van het Vlaams Gewest: bodemtypes"", ""crs3857"": true, ""crs4326"": true, ""abstract"": ""https://www.dov.vlaanderen.be/page/bodemkaarten\r\nDigitale vectoriële dataset van de analoge Bodemkaart van België voor het grondgebied van Vlaanderen.\r\nAlle kaartelementen van de analoge kaarten (gepubliceerd op kaartschaal 1: 20 000) zijn zorgvuldig manueel gedigitaliseerd en voorzien van een code, overeenkomstig het gebruikte classificatiesysteem: morfogenetisch voor binnen-Vlaanderen (substraat, textuurklasse, drainageklasse, profielontwikkelingsgroep, fase en variante) en geomorfologisch voor de Kuststreek (substraat, serie, subserie, type, subtype en variante).\r\nDe digitale versie van de bodemkaart is vrijwel systematisch gecontroleerd t.o.v. de analoge bodemkaarten. De polygonen werden ingekleurd zoals op de analoge bodemkaart. Waar beschikbaar zijn voor elk bodemtype de algemene kenmerken  (Van Ranst E. en Sys C., 2000) en foto's van een representatief bodemprofiel en representatieve omgevingen weergegeven. Tenslotte bestaat voor elke polygoon de mogelijkheid om de scan van het analoge bodemkaartblad, het toelichtingsboekje en de basiskaarten op schaal 1:5000 op te roepen.\r\nDeze dataset is omwille van de visualisatie onderverdeeld in 5 kaartlagen bij publicatie in de bodemverkenner: bodemtypes, substraten, fasen, varianten van het moedermateriaal en de profielontwikkeling. De kaartlaag met de bodemtypes bevat ook al de attributen van de andere kaartlagen. De bodemkaart werd in juni 2017 geupdate met enkele militaire domeinen en een unibodemtype voor de classficatie van de zeepolders en verschillende fouten werden verbeterd."", ""keywords"": [""Bodem"", ""ondergrond"", ""bodemkaart"", ""bodemtextuur"", ""bodemprofiel"", ""Regionaal"", ""Herbruikbaar"", ""Kosteloos"", ""Vlaamse Open data"", ""Toegevoegd GDI-Vl"", ""Metadata GDI-Vl-conform"", ""Metadata INSPIRE-conform"", ""DOV"", ""Vlaanderen"", ""Ondergrond"", ""Databank Ondergrond Vlaanderen"", ""Departement Omgeving"", ""VARIANTE VAN HET MOEDERMATERIAAL"", ""VARIANTE VAN DE PROFIELONTWIKKELING"", ""LANDBOUWSTREEK"", ""GEOMORFOLOGISCHE"", ""MORFOGENETISCH"", ""KUSTSTREEK"", ""BODEMTYPE"", ""DOV_PATHNAME@001#DOV:010#Bodem:020#Bodemkaarten:020#Bodemkaart (1/20.000):010#"", ""DOV_EXPERTISE@Bodem"", ""DOV_EXPERTISE@Delfstoffen"", ""DOV_EXPERTISE@Freatisch grondwater"", ""DOV_EXPERTISE@CTE"", ""DOV_EXPERTISE@Bodemverontreiniging""], ""layer_name"": ""bodemtypes"", ""description"": ""WMS-endpoint Digitale bodemkaart van het Vlaams Gewest: bodemtypes"", ""service_type"": ""wms"", ""metadata_urls"": [""https://www.dov.vlaanderen.be/geonetwork#/metadata/a1547a01-b9fc-40fa-a2eb-009a39c02c7b"", ""https://www.dov.vlaanderen.be/geonetwork/srv/dut/csw?Service=CSW&Request=GetRecordById&Version=2.0.2&outputSchema=http://www.isotc211.org/2005/gmd&elementSetName=full&id=a1547a01-b9fc-40fa-a2eb-009a39c02c7b""]}",spatial-extractor,2026-06-21 18:40:33.114 +0300
979,298d34a4-d459-4fc8-a9be-e8e26cd9b354,https://www.dov.vlaanderen.be/geoserver/erosie/wms?SERVICE=WMS&version=1.3.0&request=GetCapabilities,,,"{""id"": ""47132"", ""bbox"": [2.529990447668155, 50.673954726526, 5.931682119445861, 51.505461718137504, ""CRS:84""], ""name"": ""so_potbdmerosiepp_2020"", ""title"": ""Potentiële bodemerosiekaart per perceel (2020)"", ""crs3857"": true, ""crs4326"": true, ""abstract"": ""De potentiële bodemerosiekaart per perceel (2020) geeft aan de hand van een klasse-indeling de totale potentiële erosie van een bepaald landbouwperceel weer. De totale potentiële erosie houdt geen rekening met het huidige landgebruik (grasland of akkerland). In het veld ‘Erosiegevoeligheid verzamelaanvraag’ staat de informatie die overeenkomt met de erosiegevoeligheid op de verzamelaanvraag 2020. De goedgekeurde bezwaren werden zowel in het veld 'Erosiegevoeligheid verzamelaanvraag' als in het veld 'Totale erosie' verwerkt. De goedgekeurde aanvragen van de verlaging van de erosiegevoeligheidsklasse op basis van een hoog koolstofgehalte werden in het veld 'Erosiegevoeligheid verzamelaanvraag' verwerkt met aanduiding van ‘/ C’ achter de erosiegevoeligheid, maar het veld 'Totale erosie' behield zijn oorspronkelijke waarde voor deze percelen.\r\n\r\nErosie door water is een proces waarbij bodemdeeltjes door de impact van regendruppels en afstromend water worden losgemaakt en getransporteerd, hetzij laagsgewijs over een grote oppervlakte, hetzij geconcentreerd in geulen en ravijnen. Dit leidt o.m. tot een afname van de bodemkwaliteit en -productiviteit, maar ook tot belangrijke schade door modderoverlast in stroomafwaarts gelegen (woon)gebieden. Bodemerosie is een van de belangrijkste vormen van bodemaantasting in Vlaanderen. \r\n\r\nDe potentiële bodemerosiekaart per perceel is gebaseerd op de landbouwgebruikspercelen ALV 2019 (export augustus 2019). De potentiële bodemerosiekaart per perceel werd opgesteld door het Vlaams Planbureau voor Omgeving door middel van computermodellering met een ruimtelijke resolutie van 5x5 m. De berekening van de erosie is gebaseerd op de herziene universele bodemverliesvergelijking of R.U.S.L.E. (Revised Universal Soil Loss Equation, Renard et al, 1991). Het betreft een empirisch model waarmee de gemiddelde jaarlijkse bodemerosiesnelheid per oppervlakte-eenheid als gevolg van intergeul- en geulerosie wordt berekend als een product van 6 factoren."", ""keywords"": [""Gebieden met natuurrisico's"", ""ondergrond"", ""bodemerosie"", ""watererosie"", ""landbouw"", ""Regionaal"", ""Herbruikbaar"", ""Kosteloos"", ""Vlaamse Open data"", ""Toegevoegd GDI-Vl"", ""Metadata GDI-Vl-conform"", ""Metadata INSPIRE-conform"", ""DOV"", ""Vlaanderen"", ""Ondergrond"", ""Databank Ondergrond Vlaanderen"", ""Departement Omgeving"", ""DOV_EXPERTISE@Bodem""], ""layer_name"": ""so_potbdmerosiepp_2020"", ""description"": ""WMS-capabilities Potentiële bodemerosiekaart per perceel (2020)"", ""service_type"": ""wms"", ""metadata_urls"": [""https://www.dov.vlaanderen.be/geonetwork#/metadata/298d34a4-d459-4fc8-a9be-e8e26cd9b354"", ""https://www.dov.vlaanderen.be/geonetwork/srv/dut/csw?Service=CSW&Request=GetRecordById&Version=2.0.2&outputSchema=http://www.isotc211.org/2005/gmd&elementSetName=full&id=298d34a4-d459-4fc8-a9be-e8e26cd9b354""]}",spatial-extractor,2026-06-21 18:40:35.557 +0300
980,298d34a4-d459-4fc8-a9be-e8e26cd9b354,https://www.dov.vlaanderen.be/geoserver/erosie/wms?SERVICE=WMS&version=1.3.0&request=GetMap,,,"{""id"": ""47134"", ""bbox"": [2.529990447668155, 50.673954726526, 5.931682119445861, 51.505461718137504, ""CRS:84""], ""name"": ""so_potbdmerosiepp_2020"", ""title"": ""Potentiële bodemerosiekaart per perceel (2020)"", ""crs3857"": true, ""crs4326"": true, ""abstract"": ""De potentiële bodemerosiekaart per perceel (2020) geeft aan de hand van een klasse-indeling de totale potentiële erosie van een bepaald landbouwperceel weer. De totale potentiële erosie houdt geen rekening met het huidige landgebruik (grasland of akkerland). In het veld ‘Erosiegevoeligheid verzamelaanvraag’ staat de informatie die overeenkomt met de erosiegevoeligheid op de verzamelaanvraag 2020. De goedgekeurde bezwaren werden zowel in het veld 'Erosiegevoeligheid verzamelaanvraag' als in het veld 'Totale erosie' verwerkt. De goedgekeurde aanvragen van de verlaging van de erosiegevoeligheidsklasse op basis van een hoog koolstofgehalte werden in het veld 'Erosiegevoeligheid verzamelaanvraag' verwerkt met aanduiding van ‘/ C’ achter de erosiegevoeligheid, maar het veld 'Totale erosie' behield zijn oorspronkelijke waarde voor deze percelen.\r\n\r\nErosie door water is een proces waarbij bodemdeeltjes door de impact van regendruppels en afstromend water worden losgemaakt en getransporteerd, hetzij laagsgewijs over een grote oppervlakte, hetzij geconcentreerd in geulen en ravijnen. Dit leidt o.m. tot een afname van de bodemkwaliteit en -productiviteit, maar ook tot belangrijke schade door modderoverlast in stroomafwaarts gelegen (woon)gebieden. Bodemerosie is een van de belangrijkste vormen van bodemaantasting in Vlaanderen. \r\n\r\nDe potentiële bodemerosiekaart per perceel is gebaseerd op de landbouwgebruikspercelen ALV 2019 (export augustus 2019). De potentiële bodemerosiekaart per perceel werd opgesteld door het Vlaams Planbureau voor Omgeving door middel van computermodellering met een ruimtelijke resolutie van 5x5 m. De berekening van de erosie is gebaseerd op de herziene universele bodemverliesvergelijking of R.U.S.L.E. (Revised Universal Soil Loss Equation, Renard et al, 1991). Het betreft een empirisch model waarmee de gemiddelde jaarlijkse bodemerosiesnelheid per oppervlakte-eenheid als gevolg van intergeul- en geulerosie wordt berekend als een product van 6 factoren."", ""keywords"": [""Gebieden met natuurrisico's"", ""ondergrond"", ""bodemerosie"", ""watererosie"", ""landbouw"", ""Regionaal"", ""Herbruikbaar"", ""Kosteloos"", ""Vlaamse Open data"", ""Toegevoegd GDI-Vl"", ""Metadata GDI-Vl-conform"", ""Metadata INSPIRE-conform"", ""DOV"", ""Vlaanderen"", ""Ondergrond"", ""Databank Ondergrond Vlaanderen"", ""Departement Omgeving"", ""DOV_EXPERTISE@Bodem""], ""layer_name"": ""so_potbdmerosiepp_2020"", ""description"": ""WMS-map Potentiële bodemerosiekaart per perceel (2020)"", ""service_type"": ""wms"", ""metadata_urls"": [""https://www.dov.vlaanderen.be/geonetwork#/metadata/298d34a4-d459-4fc8-a9be-e8e26cd9b354"", ""https://www.dov.vlaanderen.be/geonetwork/srv/dut/csw?Service=CSW&Request=GetRecordById&Version=2.0.2&outputSchema=http://www.isotc211.org/2005/gmd&elementSetName=full&id=298d34a4-d459-4fc8-a9be-e8e26cd9b354""]}",spatial-extractor,2026-06-21 18:40:37.387 +0300
981,298d34a4-d459-4fc8-a9be-e8e26cd9b354,https://www.dov.vlaanderen.be/geoserver/erosie/wms?,,,"{""id"": ""47135"", ""bbox"": [2.529990447668155, 50.673954726526, 5.931682119445861, 51.505461718137504, ""CRS:84""], ""name"": ""so_potbdmerosiepp_2020"", ""title"": ""Potentiële bodemerosiekaart per perceel (2020)"", ""crs3857"": true, ""crs4326"": true, ""abstract"": ""De potentiële bodemerosiekaart per perceel (2020) geeft aan de hand van een klasse-indeling de totale potentiële erosie van een bepaald landbouwperceel weer. De totale potentiële erosie houdt geen rekening met het huidige landgebruik (grasland of akkerland). In het veld ‘Erosiegevoeligheid verzamelaanvraag’ staat de informatie die overeenkomt met de erosiegevoeligheid op de verzamelaanvraag 2020. De goedgekeurde bezwaren werden zowel in het veld 'Erosiegevoeligheid verzamelaanvraag' als in het veld 'Totale erosie' verwerkt. De goedgekeurde aanvragen van de verlaging van de erosiegevoeligheidsklasse op basis van een hoog koolstofgehalte werden in het veld 'Erosiegevoeligheid verzamelaanvraag' verwerkt met aanduiding van ‘/ C’ achter de erosiegevoeligheid, maar het veld 'Totale erosie' behield zijn oorspronkelijke waarde voor deze percelen.\r\n\r\nErosie door water is een proces waarbij bodemdeeltjes door de impact van regendruppels en afstromend water worden losgemaakt en getransporteerd, hetzij laagsgewijs over een grote oppervlakte, hetzij geconcentreerd in geulen en ravijnen. Dit leidt o.m. tot een afname van de bodemkwaliteit en -productiviteit, maar ook tot belangrijke schade door modderoverlast in stroomafwaarts gelegen (woon)gebieden. Bodemerosie is een van de belangrijkste vormen van bodemaantasting in Vlaanderen. \r\n\r\nDe potentiële bodemerosiekaart per perceel is gebaseerd op de landbouwgebruikspercelen ALV 2019 (export augustus 2019). De potentiële bodemerosiekaart per perceel werd opgesteld door het Vlaams Planbureau voor Omgeving door middel van computermodellering met een ruimtelijke resolutie van 5x5 m. De berekening van de erosie is gebaseerd op de herziene universele bodemverliesvergelijking of R.U.S.L.E. (Revised Universal Soil Loss Equation, Renard et al, 1991). Het betreft een empirisch model waarmee de gemiddelde jaarlijkse bodemerosiesnelheid per oppervlakte-eenheid als gevolg van intergeul- en geulerosie wordt berekend als een product van 6 factoren."", ""keywords"": [""Gebieden met natuurrisico's"", ""ondergrond"", ""bodemerosie"", ""watererosie"", ""landbouw"", ""Regionaal"", ""Herbruikbaar"", ""Kosteloos"", ""Vlaamse Open data"", ""Toegevoegd GDI-Vl"", ""Metadata GDI-Vl-conform"", ""Metadata INSPIRE-conform"", ""DOV"", ""Vlaanderen"", ""Ondergrond"", ""Databank Ondergrond Vlaanderen"", ""Departement Omgeving"", ""DOV_EXPERTISE@Bodem""], ""layer_name"": ""so_potbdmerosiepp_2020"", ""description"": ""WMS-endpoint Potentiële bodemerosiekaart per perceel (2020)"", ""service_type"": ""wms"", ""metadata_urls"": [""https://www.dov.vlaanderen.be/geonetwork#/metadata/298d34a4-d459-4fc8-a9be-e8e26cd9b354"", ""https://www.dov.vlaanderen.be/geonetwork/srv/dut/csw?Service=CSW&Request=GetRecordById&Version=2.0.2&outputSchema=http://www.isotc211.org/2005/gmd&elementSetName=full&id=298d34a4-d459-4fc8-a9be-e8e26cd9b354""]}",spatial-extractor,2026-06-21 18:40:38.041 +0300
982,5e1146a5-4f72-4e93-a71d-8297d3dfec6c,https://www.dov.vlaanderen.be/geoserver/grondverschuivingen/wfs?,,,"{""error"": null}",spatial-extractor,2026-06-21 18:40:43.761 +0300
983,5e1146a5-4f72-4e93-a71d-8297d3dfec6c,https://www.dov.vlaanderen.be/geoserver/grondverschuivingen/wms?SERVICE=WMS&version=1.3.0&request=GetCapabilities,,,"{""id"": ""47142"", ""bbox"": [2.7125489339757647, 50.70405644016369, 4.23772263154259, 50.92953378643767, ""CRS:84""], ""name"": ""grndversch_gekarteerd"", ""title"": ""Gekarteerde grondverschuivingen"", ""crs3857"": true, ""crs4326"": true, ""abstract"": ""De kaart bevat een zo volledig mogelijke inventaris van in het landschap waarneembare grondverschuivingen in een studiegebied gelegen ten westen van Brussel, in het zuiden van de provincies West-Vlaanderen, Oost-Vlaanderen en Vlaams-Brabant. Het betreft zowel zeer oude, in het landschap geïntegreerde grondverschuivingen van post-glaciale oorsprong als relatief jonge grondverschuivingen waarvan de initiatiedatum (soms bij benadering) gekend is. De 'jonge' grondverschuivingen kunnen ontstaan zijn binnen een grotere, oude grondverschuiving (local reactivering) of op een onaangetaste (niet in het verleden door grondverschuiving aangetaste) locatie. De meeste grondverschuivngen zijn nog steeds onderhevig aan beweging, zichtbaar aan bijvoorbeeld scheefgestelde bomen. De kartering van de grondverschuivingen gebeurde door een combinatie van terreinprospectie en analyse van schaduwkaarten die werden afgeleid van het digitaal hoogtemodel op basis van laserscanning of LIDAR (Light Detection and Ranging; OC GIS-Vlaanderen, 2005)."", ""keywords"": [""Gebieden met natuurrisico's"", ""ondergrond"", ""Regionaal"", ""Herbruikbaar"", ""Kosteloos"", ""Vlaamse Open data"", ""Toegevoegd GDI-Vl"", ""Metadata GDI-Vl-conform"", ""Metadata INSPIRE-conform"", ""DOV"", ""Vlaanderen"", ""Ondergrond"", ""Databank Ondergrond Vlaanderen"", ""Departement Omgeving"", ""DOV_PATHNAME@001#DOV:080#Grondverschuivingen:020#"", ""DOV_EXPERTISE@Bodem"", ""DOV_EXPERTISE@Geotechniek""], ""layer_name"": ""grndversch_gekarteerd"", ""description"": ""WMS-capabilities Gekarteerde grondverschuivingen"", ""service_type"": ""wms"", ""metadata_urls"": [""https://www.dov.vlaanderen.be/geonetwork#/metadata/5e1146a5-4f72-4e93-a71d-8297d3dfec6c"", ""https://www.dov.vlaanderen.be/geonetwork/srv/dut/csw?Service=CSW&Request=GetRecordById&Version=2.0.2&outputSchema=http://www.isotc211.org/2005/gmd&elementSetName=full&id=5e1146a5-4f72-4e93-a71d-8297d3dfec6c""]}",spatial-extractor,2026-06-21 18:40:48.157 +0300
984,5e1146a5-4f72-4e93-a71d-8297d3dfec6c,https://www.dov.vlaanderen.be/geoserver/grondverschuivingen/wms?SERVICE=WMS&version=1.3.0&request=GetMap,,,"{""id"": ""47144"", ""bbox"": [2.7125489339757647, 50.70405644016369, 4.23772263154259, 50.92953378643767, ""CRS:84""], ""name"": ""grndversch_gekarteerd"", ""title"": ""Gekarteerde grondverschuivingen"", ""crs3857"": true, ""crs4326"": true, ""abstract"": ""De kaart bevat een zo volledig mogelijke inventaris van in het landschap waarneembare grondverschuivingen in een studiegebied gelegen ten westen van Brussel, in het zuiden van de provincies West-Vlaanderen, Oost-Vlaanderen en Vlaams-Brabant. Het betreft zowel zeer oude, in het landschap geïntegreerde grondverschuivingen van post-glaciale oorsprong als relatief jonge grondverschuivingen waarvan de initiatiedatum (soms bij benadering) gekend is. De 'jonge' grondverschuivingen kunnen ontstaan zijn binnen een grotere, oude grondverschuiving (local reactivering) of op een onaangetaste (niet in het verleden door grondverschuiving aangetaste) locatie. De meeste grondverschuivngen zijn nog steeds onderhevig aan beweging, zichtbaar aan bijvoorbeeld scheefgestelde bomen. De kartering van de grondverschuivingen gebeurde door een combinatie van terreinprospectie en analyse van schaduwkaarten die werden afgeleid van het digitaal hoogtemodel op basis van laserscanning of LIDAR (Light Detection and Ranging; OC GIS-Vlaanderen, 2005)."", ""keywords"": [""Gebieden met natuurrisico's"", ""ondergrond"", ""Regionaal"", ""Herbruikbaar"", ""Kosteloos"", ""Vlaamse Open data"", ""Toegevoegd GDI-Vl"", ""Metadata GDI-Vl-conform"", ""Metadata INSPIRE-conform"", ""DOV"", ""Vlaanderen"", ""Ondergrond"", ""Databank Ondergrond Vlaanderen"", ""Departement Omgeving"", ""DOV_PATHNAME@001#DOV:080#Grondverschuivingen:020#"", ""DOV_EXPERTISE@Bodem"", ""DOV_EXPERTISE@Geotechniek""], ""layer_name"": ""grndversch_gekarteerd"", ""description"": ""WMS-map Gekarteerde grondverschuivingen"", ""service_type"": ""wms"", ""metadata_urls"": [""https://www.dov.vlaanderen.be/geonetwork#/metadata/5e1146a5-4f72-4e93-a71d-8297d3dfec6c"", ""https://www.dov.vlaanderen.be/geonetwork/srv/dut/csw?Service=CSW&Request=GetRecordById&Version=2.0.2&outputSchema=http://www.isotc211.org/2005/gmd&elementSetName=full&id=5e1146a5-4f72-4e93-a71d-8297d3dfec6c""]}",spatial-extractor,2026-06-21 18:40:49.357 +0300
985,5e1146a5-4f72-4e93-a71d-8297d3dfec6c,https://www.dov.vlaanderen.be/geoserver/grondverschuivingen/wms?,,,"{""id"": ""47145"", ""bbox"": [2.7125489339757647, 50.70405644016369, 4.23772263154259, 50.92953378643767, ""CRS:84""], ""name"": ""grndversch_gekarteerd"", ""title"": ""Gekarteerde grondverschuivingen"", ""crs3857"": true, ""crs4326"": true, ""abstract"": ""De kaart bevat een zo volledig mogelijke inventaris van in het landschap waarneembare grondverschuivingen in een studiegebied gelegen ten westen van Brussel, in het zuiden van de provincies West-Vlaanderen, Oost-Vlaanderen en Vlaams-Brabant. Het betreft zowel zeer oude, in het landschap geïntegreerde grondverschuivingen van post-glaciale oorsprong als relatief jonge grondverschuivingen waarvan de initiatiedatum (soms bij benadering) gekend is. De 'jonge' grondverschuivingen kunnen ontstaan zijn binnen een grotere, oude grondverschuiving (local reactivering) of op een onaangetaste (niet in het verleden door grondverschuiving aangetaste) locatie. De meeste grondverschuivngen zijn nog steeds onderhevig aan beweging, zichtbaar aan bijvoorbeeld scheefgestelde bomen. De kartering van de grondverschuivingen gebeurde door een combinatie van terreinprospectie en analyse van schaduwkaarten die werden afgeleid van het digitaal hoogtemodel op basis van laserscanning of LIDAR (Light Detection and Ranging; OC GIS-Vlaanderen, 2005)."", ""keywords"": [""Gebieden met natuurrisico's"", ""ondergrond"", ""Regionaal"", ""Herbruikbaar"", ""Kosteloos"", ""Vlaamse Open data"", ""Toegevoegd GDI-Vl"", ""Metadata GDI-Vl-conform"", ""Metadata INSPIRE-conform"", ""DOV"", ""Vlaanderen"", ""Ondergrond"", ""Databank Ondergrond Vlaanderen"", ""Departement Omgeving"", ""DOV_PATHNAME@001#DOV:080#Grondverschuivingen:020#"", ""DOV_EXPERTISE@Bodem"", ""DOV_EXPERTISE@Geotechniek""], ""layer_name"": ""grndversch_gekarteerd"", ""description"": ""WMS-endpoint Gekarteerde grondverschuivingen"", ""service_type"": ""wms"", ""metadata_urls"": [""https://www.dov.vlaanderen.be/geonetwork#/metadata/5e1146a5-4f72-4e93-a71d-8297d3dfec6c"", ""https://www.dov.vlaanderen.be/geonetwork/srv/dut/csw?Service=CSW&Request=GetRecordById&Version=2.0.2&outputSchema=http://www.isotc211.org/2005/gmd&elementSetName=full&id=5e1146a5-4f72-4e93-a71d-8297d3dfec6c""]}",spatial-extractor,2026-06-21 18:40:50.106 +0300
986,2035e01e-eef5-4806-948c-df7b966169a1,https://www.dov.vlaanderen.be/geoserver/grondverschuivingen/wfs?,,,"{""error"": null}",spatial-extractor,2026-06-21 18:40:52.494 +0300
987,2035e01e-eef5-4806-948c-df7b966169a1,https://www.dov.vlaanderen.be/geoserver/grondverschuivingen/wms?SERVICE=WMS&version=1.3.0&request=GetCapabilities,,,"{""id"": ""47166"", ""bbox"": [2.590986716156292, 50.67476411972977, 4.306285166516531, 51.05363711476087, ""CRS:84""], ""name"": ""grndversch_gevoeligh"", ""title"": ""Gevoeligheid voor grondverschuivingen"", ""crs3857"": true, ""crs4326"": true, ""abstract"": ""De gevoeligheidskaart voor grondverschuivingen geeft een eerste indicatie van de gevoeligheid voor grondverschuivingen op zeer lokaal niveau in een studiegebied gelegen ten westen van Brussel, in het zuiden van de provincies West-Vlaanderen, Oost-Vlaanderen en Vlaams-Brabant. Aan de basis van de kaart ligt een statisch model dat gebaseerd is op logistische regressie voor zeldzame gebeurtenissen. Deze procedure legt het statistisch verband tussen de ligging van de gekarteerde (op het terrein geïnventariseerde) grondverschuivingen en de mogelijke controlerende factoren. Het model werd toegepast in een GIS omgeving voor rasters van 10 m op 10 m en voorspelt de kans op het voorkomen van een grondverschuiving op basis van de hellingsgradiënt, de oriëntatie van de helling (NW, W, ZW en Z), en de aanwezigheid van bepaalde litho-stratigrafische formaties (de formatie van Gent, lid van Vlierzele en lid van Merelbeke, de formatie van Tielt en de formatie van Kortrijk, lid van Aalbeke). Initieel werd aan elk raster een kans op het voorkomen van grondverschuivingen toegekend. Deze kanswaarden (tussen 0 en 1) werden in 4 klassen onderverdeeld, resulterend in pixels met lage, matige, hoge en zeer hoge gevoeligheid. Het werken met klassegrenzen op zich impliceert dat twee dicht bij elkaar gelegen waarden in een verschillendeklasse kunnen worden ingedeeld. Het model werd ontwikkeld voor de Vlaamse Ardennen, een deelgebied van het studiegebied, en nadien toegepast op het uitgebreide studiegebied met dezelfde geologische en topografische kenmerken."", ""keywords"": [""Gebieden met natuurrisico's"", ""ondergrond"", ""Regionaal"", ""Herbruikbaar"", ""Kosteloos"", ""Vlaamse Open data"", ""Toegevoegd GDI-Vl"", ""Metadata GDI-Vl-conform"", ""Metadata INSPIRE-conform"", ""DOV"", ""Vlaanderen"", ""Ondergrond"", ""Databank Ondergrond Vlaanderen"", ""Departement Omgeving"", ""DOV_PATHNAME@001#DOV:080#Grondverschuivingen:010#"", ""DOV_EXPERTISE@Bodem"", ""DOV_EXPERTISE@Geologie"", ""DOV_EXPERTISE@Geotechniek""], ""layer_name"": ""grndversch_gevoeligh"", ""description"": ""WMS-capabilities Gevoeligheid voor grondverschuivingen"", ""service_type"": ""wms"", ""metadata_urls"": [""https://www.dov.vlaanderen.be/geonetwork#/metadata/2035e01e-eef5-4806-948c-df7b966169a1"", ""https://www.dov.vlaanderen.be/geonetwork/srv/dut/csw?Service=CSW&Request=GetRecordById&Version=2.0.2&outputSchema=http://www.isotc211.org/2005/gmd&elementSetName=full&id=2035e01e-eef5-4806-948c-df7b966169a1""]}",spatial-extractor,2026-06-21 18:40:55.785 +0300
988,2035e01e-eef5-4806-948c-df7b966169a1,https://www.dov.vlaanderen.be/geoserver/grondverschuivingen/wms?SERVICE=WMS&version=1.3.0&request=GetMap,,,"{""id"": ""47168"", ""bbox"": [2.590986716156292, 50.67476411972977, 4.306285166516531, 51.05363711476087, ""CRS:84""], ""name"": ""grndversch_gevoeligh"", ""title"": ""Gevoeligheid voor grondverschuivingen"", ""crs3857"": true, ""crs4326"": true, ""abstract"": ""De gevoeligheidskaart voor grondverschuivingen geeft een eerste indicatie van de gevoeligheid voor grondverschuivingen op zeer lokaal niveau in een studiegebied gelegen ten westen van Brussel, in het zuiden van de provincies West-Vlaanderen, Oost-Vlaanderen en Vlaams-Brabant. Aan de basis van de kaart ligt een statisch model dat gebaseerd is op logistische regressie voor zeldzame gebeurtenissen. Deze procedure legt het statistisch verband tussen de ligging van de gekarteerde (op het terrein geïnventariseerde) grondverschuivingen en de mogelijke controlerende factoren. Het model werd toegepast in een GIS omgeving voor rasters van 10 m op 10 m en voorspelt de kans op het voorkomen van een grondverschuiving op basis van de hellingsgradiënt, de oriëntatie van de helling (NW, W, ZW en Z), en de aanwezigheid van bepaalde litho-stratigrafische formaties (de formatie van Gent, lid van Vlierzele en lid van Merelbeke, de formatie van Tielt en de formatie van Kortrijk, lid van Aalbeke). Initieel werd aan elk raster een kans op het voorkomen van grondverschuivingen toegekend. Deze kanswaarden (tussen 0 en 1) werden in 4 klassen onderverdeeld, resulterend in pixels met lage, matige, hoge en zeer hoge gevoeligheid. Het werken met klassegrenzen op zich impliceert dat twee dicht bij elkaar gelegen waarden in een verschillendeklasse kunnen worden ingedeeld. Het model werd ontwikkeld voor de Vlaamse Ardennen, een deelgebied van het studiegebied, en nadien toegepast op het uitgebreide studiegebied met dezelfde geologische en topografische kenmerken."", ""keywords"": [""Gebieden met natuurrisico's"", ""ondergrond"", ""Regionaal"", ""Herbruikbaar"", ""Kosteloos"", ""Vlaamse Open data"", ""Toegevoegd GDI-Vl"", ""Metadata GDI-Vl-conform"", ""Metadata INSPIRE-conform"", ""DOV"", ""Vlaanderen"", ""Ondergrond"", ""Databank Ondergrond Vlaanderen"", ""Departement Omgeving"", ""DOV_PATHNAME@001#DOV:080#Grondverschuivingen:010#"", ""DOV_EXPERTISE@Bodem"", ""DOV_EXPERTISE@Geologie"", ""DOV_EXPERTISE@Geotechniek""], ""layer_name"": ""grndversch_gevoeligh"", ""description"": ""WMS-map Gevoeligheid voor grondverschuivingen"", ""service_type"": ""wms"", ""metadata_urls"": [""https://www.dov.vlaanderen.be/geonetwork#/metadata/2035e01e-eef5-4806-948c-df7b966169a1"", ""https://www.dov.vlaanderen.be/geonetwork/srv/dut/csw?Service=CSW&Request=GetRecordById&Version=2.0.2&outputSchema=http://www.isotc211.org/2005/gmd&elementSetName=full&id=2035e01e-eef5-4806-948c-df7b966169a1""]}",spatial-extractor,2026-06-21 18:40:56.521 +0300
989,2035e01e-eef5-4806-948c-df7b966169a1,https://www.dov.vlaanderen.be/geoserver/grondverschuivingen/wms?,,,"{""id"": ""47169"", ""bbox"": [2.590986716156292, 50.67476411972977, 4.306285166516531, 51.05363711476087, ""CRS:84""], ""name"": ""grndversch_gevoeligh"", ""title"": ""Gevoeligheid voor grondverschuivingen"", ""crs3857"": true, ""crs4326"": true, ""abstract"": ""De gevoeligheidskaart voor grondverschuivingen geeft een eerste indicatie van de gevoeligheid voor grondverschuivingen op zeer lokaal niveau in een studiegebied gelegen ten westen van Brussel, in het zuiden van de provincies West-Vlaanderen, Oost-Vlaanderen en Vlaams-Brabant. Aan de basis van de kaart ligt een statisch model dat gebaseerd is op logistische regressie voor zeldzame gebeurtenissen. Deze procedure legt het statistisch verband tussen de ligging van de gekarteerde (op het terrein geïnventariseerde) grondverschuivingen en de mogelijke controlerende factoren. Het model werd toegepast in een GIS omgeving voor rasters van 10 m op 10 m en voorspelt de kans op het voorkomen van een grondverschuiving op basis van de hellingsgradiënt, de oriëntatie van de helling (NW, W, ZW en Z), en de aanwezigheid van bepaalde litho-stratigrafische formaties (de formatie van Gent, lid van Vlierzele en lid van Merelbeke, de formatie van Tielt en de formatie van Kortrijk, lid van Aalbeke). Initieel werd aan elk raster een kans op het voorkomen van grondverschuivingen toegekend. Deze kanswaarden (tussen 0 en 1) werden in 4 klassen onderverdeeld, resulterend in pixels met lage, matige, hoge en zeer hoge gevoeligheid. Het werken met klassegrenzen op zich impliceert dat twee dicht bij elkaar gelegen waarden in een verschillendeklasse kunnen worden ingedeeld. Het model werd ontwikkeld voor de Vlaamse Ardennen, een deelgebied van het studiegebied, en nadien toegepast op het uitgebreide studiegebied met dezelfde geologische en topografische kenmerken."", ""keywords"": [""Gebieden met natuurrisico's"", ""ondergrond"", ""Regionaal"", ""Herbruikbaar"", ""Kosteloos"", ""Vlaamse Open data"", ""Toegevoegd GDI-Vl"", ""Metadata GDI-Vl-conform"", ""Metadata INSPIRE-conform"", ""DOV"", ""Vlaanderen"", ""Ondergrond"", ""Databank Ondergrond Vlaanderen"", ""Departement Omgeving"", ""DOV_PATHNAME@001#DOV:080#Grondverschuivingen:010#"", ""DOV_EXPERTISE@Bodem"", ""DOV_EXPERTISE@Geologie"", ""DOV_EXPERTISE@Geotechniek""], ""layer_name"": ""grndversch_gevoeligh"", ""description"": ""WMS-endpoint Gevoeligheid voor grondverschuivingen"", ""service_type"": ""wms"", ""metadata_urls"": [""https://www.dov.vlaanderen.be/geonetwork#/metadata/2035e01e-eef5-4806-948c-df7b966169a1"", ""https://www.dov.vlaanderen.be/geonetwork/srv/dut/csw?Service=CSW&Request=GetRecordById&Version=2.0.2&outputSchema=http://www.isotc211.org/2005/gmd&elementSetName=full&id=2035e01e-eef5-4806-948c-df7b966169a1""]}",spatial-extractor,2026-06-21 18:40:57.091 +0300
990,"Chartin C., Kruger I., Van Wesemael B., Carnol M., (2017) Carbiosol, Carbone organique, biomasse et activité microbienne des sols ,vers un indicateur de la qualité des sols en Wallonie-Rapport final, 111 pages",https://geoservices.wallonie.be/arcgis/services/SOL_SOUS_SOL/CARBIOSOL/MapServer/WMSServer?request=GetCapabilities&service=WMS,,,"{""id"": ""47183"", ""bbox"": [2.838657, 49.485132, 6.427052, 50.820335, ""CRS:84""], ""name"": ""1"", ""title"": ""Incertitudes des stocks en Carbone organique total (%) - période : 2004 - 2014"", ""crs3857"": true, ""crs4326"": true, ""abstract"": ""Cette couche de données reprend les incertitudes des teneurs en COT dans les sols sous cultures et prairies permanentes du territoire wallon entre la période 2004-2014.\n\nPour plus d'infomrations sur cette donnée, consultez https://geoportail.wallonie.be/catalogue/0b644920-ff5e-4aac-a124-8b478bda606c.html"", ""keywords"": [], ""layer_name"": ""1"", ""description"": ""NULL"", ""service_type"": ""wms"", ""metadata_urls"": []}",spatial-extractor,2026-06-21 18:40:59.823 +0300
991,bf8c35ad-ab45-4084-b1e1-3042c66204aa,https://www.dov.vlaanderen.be/geoserver/organische_koolstof/wms?SERVICE=WMS&version=1.3.0&request=GetCapabilities,,,"{""id"": ""47192"", ""bbox"": [2.523964636359352, 49.48428532976214, 6.458202921273839, 51.51446381540252, ""CRS:84""], ""name"": ""carbon_40"", ""title"": ""Soil Organic Carbon Stock Maps for Belgium: mean (40 m grid)"", ""crs3857"": true, ""crs4326"": true, ""abstract"": ""The Belgian soil organic carbon (SOC) stock map for topsoils (0-30 cm) at the resolution of 40m x 40m was composed of 2 regional SOC stock maps. For the regional maps a different approach was used for agricultural land as compared to forest. The maps are based on digital soil mapping approaches using empirical models calibrated to predict the SOC stock and using covariates that are available at a sufficient resolution at the regional scale. All maps are strongly dependent on the Belgian Soil Map (texture and drainage parameters). The regional maps were compiled at a fine resolution (10m x 10m grid cells for Flanders and 40m x 40m grid cells for Wallonia). Next they were joined (40m x 40m grid cells). The regional maps for Flanders were scaled up tot the 40m x 40m grid of Wallonia.  \r\nGiven the different origin of the individual maps, the uncertainty varies between maps. For instance, a map of the 90% confidence interval of the SOC stocks was produced for agricultural soils in Wallonia based on a Monte Carlo Approach taking into account both the measurement and the model uncertainties. For Flemish forest soils, spatial and analytical uncertainties were taken into account using bootstrapping techniques. For Flemish agricultural soils, the uncertainty reported is the model uncertainty on point estimates for each data point, in which the estimated model parameters are simulated 1000 times as being independent normal distributed variables using their model estimation and standard error as distribution parameters. No additional uncertainty is taken into account for the conversion functions that use the stochastic variables \""bulk density\"". The metadata are available and allow assessing the uncertainties of the stock estimates in the different component maps.\r\nThe SOC stock map (resolution of 40m x 40m) is the first comprehensive map for Belgium integrating grasslands, croplands and forests. Based on this map another SOC stock map at a resolution of 1km x 1km in the coordinate reference system WGS84 was created."", ""keywords"": [""Bodem"", ""ondergrond"", ""landbouw"", ""koolstof"", ""totaal aan organische koolstof"", ""grasland"", ""akker"", ""bos"", ""bos"", ""Regionaal"", ""Herbruikbaar"", ""Kosteloos"", ""Vlaamse Open data"", ""Toegevoegd GDI-Vl"", ""Metadata GDI-Vl-conform"", ""Metadata INSPIRE-conform"", ""Lijst M&R INSPIRE"", ""DOV"", ""Vlaanderen"", ""Ondergrond"", ""Databank Ondergrond Vlaanderen"", ""Departement Omgeving"", ""Aardobservatie en milieu"", ""Bodem"", ""HVD"", ""DOV_EXPERTISE@Bodem""], ""layer_name"": ""carbon_40"", ""description"": ""WMS-capabilities Soil Organic Carbon Stock Maps for Belgium: mean (40 m grid)"", ""service_type"": ""wms"", ""metadata_urls"": [""https://www.dov.vlaanderen.be/geonetwork#/metadata/bf8c35ad-ab45-4084-b1e1-3042c66204aa"", ""https://www.dov.vlaanderen.be/geonetwork/srv/dut/csw?Service=CSW&Request=GetRecordById&Version=2.0.2&outputSchema=http://www.isotc211.org/2005/gmd&elementSetName=full&id=bf8c35ad-ab45-4084-b1e1-3042c66204aa""]}",spatial-extractor,2026-06-21 18:41:01.283 +0300
992,bf8c35ad-ab45-4084-b1e1-3042c66204aa,https://www.dov.vlaanderen.be/geoserver/organische_koolstof/wms?SERVICE=WMS&version=1.3.0&request=GetMap,,,"{""id"": ""47194"", ""bbox"": [2.523964636359352, 49.48428532976214, 6.458202921273839, 51.51446381540252, ""CRS:84""], ""name"": ""carbon_40"", ""title"": ""Soil Organic Carbon Stock Maps for Belgium: mean (40 m grid)"", ""crs3857"": true, ""crs4326"": true, ""abstract"": ""The Belgian soil organic carbon (SOC) stock map for topsoils (0-30 cm) at the resolution of 40m x 40m was composed of 2 regional SOC stock maps. For the regional maps a different approach was used for agricultural land as compared to forest. The maps are based on digital soil mapping approaches using empirical models calibrated to predict the SOC stock and using covariates that are available at a sufficient resolution at the regional scale. All maps are strongly dependent on the Belgian Soil Map (texture and drainage parameters). The regional maps were compiled at a fine resolution (10m x 10m grid cells for Flanders and 40m x 40m grid cells for Wallonia). Next they were joined (40m x 40m grid cells). The regional maps for Flanders were scaled up tot the 40m x 40m grid of Wallonia.  \r\nGiven the different origin of the individual maps, the uncertainty varies between maps. For instance, a map of the 90% confidence interval of the SOC stocks was produced for agricultural soils in Wallonia based on a Monte Carlo Approach taking into account both the measurement and the model uncertainties. For Flemish forest soils, spatial and analytical uncertainties were taken into account using bootstrapping techniques. For Flemish agricultural soils, the uncertainty reported is the model uncertainty on point estimates for each data point, in which the estimated model parameters are simulated 1000 times as being independent normal distributed variables using their model estimation and standard error as distribution parameters. No additional uncertainty is taken into account for the conversion functions that use the stochastic variables \""bulk density\"". The metadata are available and allow assessing the uncertainties of the stock estimates in the different component maps.\r\nThe SOC stock map (resolution of 40m x 40m) is the first comprehensive map for Belgium integrating grasslands, croplands and forests. Based on this map another SOC stock map at a resolution of 1km x 1km in the coordinate reference system WGS84 was created."", ""keywords"": [""Bodem"", ""ondergrond"", ""landbouw"", ""koolstof"", ""totaal aan organische koolstof"", ""grasland"", ""akker"", ""bos"", ""bos"", ""Regionaal"", ""Herbruikbaar"", ""Kosteloos"", ""Vlaamse Open data"", ""Toegevoegd GDI-Vl"", ""Metadata GDI-Vl-conform"", ""Metadata INSPIRE-conform"", ""Lijst M&R INSPIRE"", ""DOV"", ""Vlaanderen"", ""Ondergrond"", ""Databank Ondergrond Vlaanderen"", ""Departement Omgeving"", ""Aardobservatie en milieu"", ""Bodem"", ""HVD"", ""DOV_EXPERTISE@Bodem""], ""layer_name"": ""carbon_40"", ""description"": ""WMS-map Soil Organic Carbon Stock Maps for Belgium: mean (40 m grid)"", ""service_type"": ""wms"", ""metadata_urls"": [""https://www.dov.vlaanderen.be/geonetwork#/metadata/bf8c35ad-ab45-4084-b1e1-3042c66204aa"", ""https://www.dov.vlaanderen.be/geonetwork/srv/dut/csw?Service=CSW&Request=GetRecordById&Version=2.0.2&outputSchema=http://www.isotc211.org/2005/gmd&elementSetName=full&id=bf8c35ad-ab45-4084-b1e1-3042c66204aa""]}",spatial-extractor,2026-06-21 18:41:01.997 +0300
993,bf8c35ad-ab45-4084-b1e1-3042c66204aa,https://www.dov.vlaanderen.be/geoserver/organische_koolstof/wms?,,,"{""id"": ""47195"", ""bbox"": [2.523964636359352, 49.48428532976214, 6.458202921273839, 51.51446381540252, ""CRS:84""], ""name"": ""carbon_40"", ""title"": ""Soil Organic Carbon Stock Maps for Belgium: mean (40 m grid)"", ""crs3857"": true, ""crs4326"": true, ""abstract"": ""The Belgian soil organic carbon (SOC) stock map for topsoils (0-30 cm) at the resolution of 40m x 40m was composed of 2 regional SOC stock maps. For the regional maps a different approach was used for agricultural land as compared to forest. The maps are based on digital soil mapping approaches using empirical models calibrated to predict the SOC stock and using covariates that are available at a sufficient resolution at the regional scale. All maps are strongly dependent on the Belgian Soil Map (texture and drainage parameters). The regional maps were compiled at a fine resolution (10m x 10m grid cells for Flanders and 40m x 40m grid cells for Wallonia). Next they were joined (40m x 40m grid cells). The regional maps for Flanders were scaled up tot the 40m x 40m grid of Wallonia.  \r\nGiven the different origin of the individual maps, the uncertainty varies between maps. For instance, a map of the 90% confidence interval of the SOC stocks was produced for agricultural soils in Wallonia based on a Monte Carlo Approach taking into account both the measurement and the model uncertainties. For Flemish forest soils, spatial and analytical uncertainties were taken into account using bootstrapping techniques. For Flemish agricultural soils, the uncertainty reported is the model uncertainty on point estimates for each data point, in which the estimated model parameters are simulated 1000 times as being independent normal distributed variables using their model estimation and standard error as distribution parameters. No additional uncertainty is taken into account for the conversion functions that use the stochastic variables \""bulk density\"". The metadata are available and allow assessing the uncertainties of the stock estimates in the different component maps.\r\nThe SOC stock map (resolution of 40m x 40m) is the first comprehensive map for Belgium integrating grasslands, croplands and forests. Based on this map another SOC stock map at a resolution of 1km x 1km in the coordinate reference system WGS84 was created."", ""keywords"": [""Bodem"", ""ondergrond"", ""landbouw"", ""koolstof"", ""totaal aan organische koolstof"", ""grasland"", ""akker"", ""bos"", ""bos"", ""Regionaal"", ""Herbruikbaar"", ""Kosteloos"", ""Vlaamse Open data"", ""Toegevoegd GDI-Vl"", ""Metadata GDI-Vl-conform"", ""Metadata INSPIRE-conform"", ""Lijst M&R INSPIRE"", ""DOV"", ""Vlaanderen"", ""Ondergrond"", ""Databank Ondergrond Vlaanderen"", ""Departement Omgeving"", ""Aardobservatie en milieu"", ""Bodem"", ""HVD"", ""DOV_EXPERTISE@Bodem""], ""layer_name"": ""carbon_40"", ""description"": ""WMS-endpoint Soil Organic Carbon Stock Maps for Belgium: mean (40 m grid)"", ""service_type"": ""wms"", ""metadata_urls"": [""https://www.dov.vlaanderen.be/geonetwork#/metadata/bf8c35ad-ab45-4084-b1e1-3042c66204aa"", ""https://www.dov.vlaanderen.be/geonetwork/srv/dut/csw?Service=CSW&Request=GetRecordById&Version=2.0.2&outputSchema=http://www.isotc211.org/2005/gmd&elementSetName=full&id=bf8c35ad-ab45-4084-b1e1-3042c66204aa""]}",spatial-extractor,2026-06-21 18:41:02.582 +0300
1004,https://rpi.gov.sk/metadata/84fd1bec-4108-4ec3-a16f-8b1f1675afaf,https://www.nlcsk.org/mgs/services/MPRV/LU_LPIS/MapServer/WMSServer?version=1.3.0&service=WMS&request=GetCapabilities,,,"{""id"": ""47301"", ""bbox"": null, ""name"": ""WMS link"", ""title"": null, ""crs3857"": false, ""crs4326"": false, ""abstract"": null, ""keywords"": [], ""layer_name"": null, ""description"": ""NULL"", ""service_type"": ""wms"", ""metadata_urls"": []}",spatial-extractor,2026-06-21 18:41:24.362 +0300
1005,http://www.podnemapy.sk/portal/verejnost/bpej/bpej.aspx,https://www.nlcsk.org/arcgis/services/MPRV/SO_BPEJ/MapServer/WMSServer?version=1.3.0&service=WMS&request=GetCapabilities,,,"{""id"": ""47322"", ""bbox"": null, ""name"": ""WMS"", ""title"": null, ""crs3857"": false, ""crs4326"": false, ""abstract"": null, ""keywords"": [], ""layer_name"": null, ""description"": ""NULL"", ""service_type"": ""wms"", ""metadata_urls"": []}",spatial-extractor,2026-06-21 18:41:26.748 +0300
1006,5c129f2d-4498-4bc3-8860-01cb2d513f8f,https://www.dov.vlaanderen.be/geoserver/bodemkaart/wfs?,,,"{""error"": null}",spatial-extractor,2026-06-21 18:41:28.898 +0300
1007,5c129f2d-4498-4bc3-8860-01cb2d513f8f,https://www.dov.vlaanderen.be/geoserver/bodemkaart/wms?SERVICE=WMS&version=1.3.0&request=GetCapabilities,,,"{""id"": ""47575"", ""bbox"": [2.5285590909401936, 50.67393051415159, 5.935371601406674, 51.50548166406281, ""CRS:84""], ""name"": ""bodemtypes"", ""title"": ""Digitale bodemkaart van het Vlaams Gewest: bodemtypes"", ""crs3857"": true, ""crs4326"": true, ""abstract"": ""https://www.dov.vlaanderen.be/page/bodemkaarten\r\nDigitale vectoriële dataset van de analoge Bodemkaart van België voor het grondgebied van Vlaanderen.\r\nAlle kaartelementen van de analoge kaarten (gepubliceerd op kaartschaal 1: 20 000) zijn zorgvuldig manueel gedigitaliseerd en voorzien van een code, overeenkomstig het gebruikte classificatiesysteem: morfogenetisch voor binnen-Vlaanderen (substraat, textuurklasse, drainageklasse, profielontwikkelingsgroep, fase en variante) en geomorfologisch voor de Kuststreek (substraat, serie, subserie, type, subtype en variante).\r\nDe digitale versie van de bodemkaart is vrijwel systematisch gecontroleerd t.o.v. de analoge bodemkaarten. De polygonen werden ingekleurd zoals op de analoge bodemkaart. Waar beschikbaar zijn voor elk bodemtype de algemene kenmerken  (Van Ranst E. en Sys C., 2000) en foto's van een representatief bodemprofiel en representatieve omgevingen weergegeven. Tenslotte bestaat voor elke polygoon de mogelijkheid om de scan van het analoge bodemkaartblad, het toelichtingsboekje en de basiskaarten op schaal 1:5000 op te roepen.\r\nDeze dataset is omwille van de visualisatie onderverdeeld in 5 kaartlagen bij publicatie in de bodemverkenner: bodemtypes, substraten, fasen, varianten van het moedermateriaal en de profielontwikkeling. De kaartlaag met de bodemtypes bevat ook al de attributen van de andere kaartlagen. De bodemkaart werd in juni 2017 geupdate met enkele militaire domeinen en een unibodemtype voor de classficatie van de zeepolders en verschillende fouten werden verbeterd."", ""keywords"": [""Bodem"", ""ondergrond"", ""bodemkaart"", ""bodemtextuur"", ""bodemprofiel"", ""Regionaal"", ""Herbruikbaar"", ""Kosteloos"", ""Vlaamse Open data"", ""Toegevoegd GDI-Vl"", ""Metadata GDI-Vl-conform"", ""Metadata INSPIRE-conform"", ""DOV"", ""Vlaanderen"", ""Ondergrond"", ""Databank Ondergrond Vlaanderen"", ""Departement Omgeving"", ""VARIANTE VAN HET MOEDERMATERIAAL"", ""VARIANTE VAN DE PROFIELONTWIKKELING"", ""LANDBOUWSTREEK"", ""GEOMORFOLOGISCHE"", ""MORFOGENETISCH"", ""KUSTSTREEK"", ""BODEMTYPE"", ""DOV_PATHNAME@001#DOV:010#Bodem:020#Bodemkaarten:020#Bodemkaart (1/20.000):010#"", ""DOV_EXPERTISE@Bodem"", ""DOV_EXPERTISE@Delfstoffen"", ""DOV_EXPERTISE@Freatisch grondwater"", ""DOV_EXPERTISE@CTE"", ""DOV_EXPERTISE@Bodemverontreiniging""], ""layer_name"": ""bodemtypes"", ""description"": ""WMS-capabilities Digitale bodemkaart van het Vlaams Gewest: bodemtypes"", ""service_type"": ""wms"", ""metadata_urls"": [""https://www.dov.vlaanderen.be/geonetwork#/metadata/a1547a01-b9fc-40fa-a2eb-009a39c02c7b"", ""https://www.dov.vlaanderen.be/geonetwork/srv/dut/csw?Service=CSW&Request=GetRecordById&Version=2.0.2&outputSchema=http://www.isotc211.org/2005/gmd&elementSetName=full&id=a1547a01-b9fc-40fa-a2eb-009a39c02c7b""]}",spatial-extractor,2026-06-21 18:41:31.666 +0300
994,bf8c35ad-ab45-4084-b1e1-3042c66204aa,https://www.dov.vlaanderen.be/geoserver/organische_koolstof/wcs?SERVICE=WCS&version=1.1.1&request=GetCapabilities,,,"{""id"": ""47196"", ""bbox"": null, ""name"": ""organische_koolstof:carbon_40"", ""title"": ""Soil Organic Carbon Stock Maps for Belgium: mean (40 m grid)"", ""abstract"": ""The Belgian soil organic carbon (SOC) stock map for topsoils (0-30 cm) at the resolution of 40m x 40m was composed of 2 regional SOC stock maps. For the regional maps a different approach was used for agricultural land as compared to forest. The maps are based on digital soil mapping approaches using empirical models calibrated to predict the SOC stock and using covariates that are available at a sufficient resolution at the regional scale. All maps are strongly dependent on the Belgian Soil Map (texture and drainage parameters). The regional maps were compiled at a fine resolution (10m x 10m grid cells for Flanders and 40m x 40m grid cells for Wallonia). Next they were joined (40m x 40m grid cells). The regional maps for Flanders were scaled up tot the 40m x 40m grid of Wallonia.  \r\nGiven the different origin of the individual maps, the uncertainty varies between maps. For instance, a map of the 90% confidence interval of the SOC stocks was produced for agricultural soils in Wallonia based on a Monte Carlo Approach taking into account both the measurement and the model uncertainties. For Flemish forest soils, spatial and analytical uncertainties were taken into account using bootstrapping techniques. For Flemish agricultural soils, the uncertainty reported is the model uncertainty on point estimates for each data point, in which the estimated model parameters are simulated 1000 times as being independent normal distributed variables using their model estimation and standard error as distribution parameters. No additional uncertainty is taken into account for the conversion functions that use the stochastic variables \""bulk density\"". The metadata are available and allow assessing the uncertainties of the stock estimates in the different component maps.\r\nThe SOC stock map (resolution of 40m x 40m) is the first comprehensive map for Belgium integrating grasslands, croplands and forests. Based on this map another SOC stock map at a resolution of 1km x 1km in the coordinate reference system WGS84 was created."", ""keywords"": [""Bodem"", ""ondergrond"", ""landbouw"", ""koolstof"", ""totaal aan organische koolstof"", ""grasland"", ""akker"", ""bos"", ""bos"", ""Regionaal"", ""Herbruikbaar"", ""Kosteloos"", ""Vlaamse Open data"", ""Toegevoegd GDI-Vl"", ""Metadata GDI-Vl-conform"", ""Metadata INSPIRE-conform"", ""Lijst M&R INSPIRE"", ""DOV"", ""Vlaanderen"", ""Ondergrond"", ""Databank Ondergrond Vlaanderen"", ""Departement Omgeving"", ""Aardobservatie en milieu"", ""Bodem"", ""HVD"", ""DOV_EXPERTISE@Bodem""], ""layer_name"": ""organische_koolstof:carbon_40"", ""description"": ""WCS-capabilities Soil Organic Carbon Stock Maps for Belgium: mean (40 m grid)"", ""service_type"": ""wcs"", ""metadata_urls"": []}",spatial-extractor,2026-06-21 18:41:03.190 +0300
995,bf8c35ad-ab45-4084-b1e1-3042c66204aa,https://www.dov.vlaanderen.be/geoserver/organische_koolstof/wcs?SERVICE=WCS&version=1.1.1&request=GetCoverage,,,"{""id"": ""47197"", ""bbox"": null, ""name"": ""carbon_40"", ""title"": null, ""abstract"": null, ""keywords"": [], ""layer_name"": null, ""description"": ""WCS-coverage Soil Organic Carbon Stock Maps for Belgium: mean (40 m grid)"", ""service_type"": ""wcs"", ""metadata_urls"": []}",spatial-extractor,2026-06-21 18:41:04.579 +0300
996,bf8c35ad-ab45-4084-b1e1-3042c66204aa,https://www.dov.vlaanderen.be/geoserver/organische_koolstof/wcs?,,,"{""error"": null}",spatial-extractor,2026-06-21 18:41:05.882 +0300
997,a1547a01-b9fc-40fa-a2eb-009a39c02c7b,https://www.dov.vlaanderen.be/geoserver/bodemkaart/wfs?,,,"{""error"": null}",spatial-extractor,2026-06-21 18:41:06.858 +0300
998,a1547a01-b9fc-40fa-a2eb-009a39c02c7b,https://www.dov.vlaanderen.be/geoserver/bodemkaart/wms?SERVICE=WMS&version=1.3.0&request=GetCapabilities,,,"{""id"": ""47211"", ""bbox"": [2.5285590909401936, 50.67393051415159, 5.935371601406674, 51.50548166406281, ""CRS:84""], ""name"": ""bodemtypes"", ""title"": ""Digitale bodemkaart van het Vlaams Gewest: bodemtypes"", ""crs3857"": true, ""crs4326"": true, ""abstract"": ""https://www.dov.vlaanderen.be/page/bodemkaarten\r\nDigitale vectoriële dataset van de analoge Bodemkaart van België voor het grondgebied van Vlaanderen.\r\nAlle kaartelementen van de analoge kaarten (gepubliceerd op kaartschaal 1: 20 000) zijn zorgvuldig manueel gedigitaliseerd en voorzien van een code, overeenkomstig het gebruikte classificatiesysteem: morfogenetisch voor binnen-Vlaanderen (substraat, textuurklasse, drainageklasse, profielontwikkelingsgroep, fase en variante) en geomorfologisch voor de Kuststreek (substraat, serie, subserie, type, subtype en variante).\r\nDe digitale versie van de bodemkaart is vrijwel systematisch gecontroleerd t.o.v. de analoge bodemkaarten. De polygonen werden ingekleurd zoals op de analoge bodemkaart. Waar beschikbaar zijn voor elk bodemtype de algemene kenmerken  (Van Ranst E. en Sys C., 2000) en foto's van een representatief bodemprofiel en representatieve omgevingen weergegeven. Tenslotte bestaat voor elke polygoon de mogelijkheid om de scan van het analoge bodemkaartblad, het toelichtingsboekje en de basiskaarten op schaal 1:5000 op te roepen.\r\nDeze dataset is omwille van de visualisatie onderverdeeld in 5 kaartlagen bij publicatie in de bodemverkenner: bodemtypes, substraten, fasen, varianten van het moedermateriaal en de profielontwikkeling. De kaartlaag met de bodemtypes bevat ook al de attributen van de andere kaartlagen. De bodemkaart werd in juni 2017 geupdate met enkele militaire domeinen en een unibodemtype voor de classficatie van de zeepolders en verschillende fouten werden verbeterd."", ""keywords"": [""Bodem"", ""ondergrond"", ""bodemkaart"", ""bodemtextuur"", ""bodemprofiel"", ""Regionaal"", ""Herbruikbaar"", ""Kosteloos"", ""Vlaamse Open data"", ""Toegevoegd GDI-Vl"", ""Metadata GDI-Vl-conform"", ""Metadata INSPIRE-conform"", ""DOV"", ""Vlaanderen"", ""Ondergrond"", ""Databank Ondergrond Vlaanderen"", ""Departement Omgeving"", ""VARIANTE VAN HET MOEDERMATERIAAL"", ""VARIANTE VAN DE PROFIELONTWIKKELING"", ""LANDBOUWSTREEK"", ""GEOMORFOLOGISCHE"", ""MORFOGENETISCH"", ""KUSTSTREEK"", ""BODEMTYPE"", ""DOV_PATHNAME@001#DOV:010#Bodem:020#Bodemkaarten:020#Bodemkaart (1/20.000):010#"", ""DOV_EXPERTISE@Bodem"", ""DOV_EXPERTISE@Delfstoffen"", ""DOV_EXPERTISE@Freatisch grondwater"", ""DOV_EXPERTISE@CTE"", ""DOV_EXPERTISE@Bodemverontreiniging""], ""layer_name"": ""bodemtypes"", ""description"": ""WMS-capabilities Digitale bodemkaart van het Vlaams Gewest: bodemtypes"", ""service_type"": ""wms"", ""metadata_urls"": [""https://www.dov.vlaanderen.be/geonetwork#/metadata/a1547a01-b9fc-40fa-a2eb-009a39c02c7b"", ""https://www.dov.vlaanderen.be/geonetwork/srv/dut/csw?Service=CSW&Request=GetRecordById&Version=2.0.2&outputSchema=http://www.isotc211.org/2005/gmd&elementSetName=full&id=a1547a01-b9fc-40fa-a2eb-009a39c02c7b""]}",spatial-extractor,2026-06-21 18:41:10.999 +0300
999,a1547a01-b9fc-40fa-a2eb-009a39c02c7b,https://www.dov.vlaanderen.be/geoserver/bodemkaart/wms?SERVICE=WMS&version=1.3.0&request=GetMap,,,"{""id"": ""47213"", ""bbox"": [2.5285590909401936, 50.67393051415159, 5.935371601406674, 51.50548166406281, ""CRS:84""], ""name"": ""bodemtypes"", ""title"": ""Digitale bodemkaart van het Vlaams Gewest: bodemtypes"", ""crs3857"": true, ""crs4326"": true, ""abstract"": ""https://www.dov.vlaanderen.be/page/bodemkaarten\r\nDigitale vectoriële dataset van de analoge Bodemkaart van België voor het grondgebied van Vlaanderen.\r\nAlle kaartelementen van de analoge kaarten (gepubliceerd op kaartschaal 1: 20 000) zijn zorgvuldig manueel gedigitaliseerd en voorzien van een code, overeenkomstig het gebruikte classificatiesysteem: morfogenetisch voor binnen-Vlaanderen (substraat, textuurklasse, drainageklasse, profielontwikkelingsgroep, fase en variante) en geomorfologisch voor de Kuststreek (substraat, serie, subserie, type, subtype en variante).\r\nDe digitale versie van de bodemkaart is vrijwel systematisch gecontroleerd t.o.v. de analoge bodemkaarten. De polygonen werden ingekleurd zoals op de analoge bodemkaart. Waar beschikbaar zijn voor elk bodemtype de algemene kenmerken  (Van Ranst E. en Sys C., 2000) en foto's van een representatief bodemprofiel en representatieve omgevingen weergegeven. Tenslotte bestaat voor elke polygoon de mogelijkheid om de scan van het analoge bodemkaartblad, het toelichtingsboekje en de basiskaarten op schaal 1:5000 op te roepen.\r\nDeze dataset is omwille van de visualisatie onderverdeeld in 5 kaartlagen bij publicatie in de bodemverkenner: bodemtypes, substraten, fasen, varianten van het moedermateriaal en de profielontwikkeling. De kaartlaag met de bodemtypes bevat ook al de attributen van de andere kaartlagen. De bodemkaart werd in juni 2017 geupdate met enkele militaire domeinen en een unibodemtype voor de classficatie van de zeepolders en verschillende fouten werden verbeterd."", ""keywords"": [""Bodem"", ""ondergrond"", ""bodemkaart"", ""bodemtextuur"", ""bodemprofiel"", ""Regionaal"", ""Herbruikbaar"", ""Kosteloos"", ""Vlaamse Open data"", ""Toegevoegd GDI-Vl"", ""Metadata GDI-Vl-conform"", ""Metadata INSPIRE-conform"", ""DOV"", ""Vlaanderen"", ""Ondergrond"", ""Databank Ondergrond Vlaanderen"", ""Departement Omgeving"", ""VARIANTE VAN HET MOEDERMATERIAAL"", ""VARIANTE VAN DE PROFIELONTWIKKELING"", ""LANDBOUWSTREEK"", ""GEOMORFOLOGISCHE"", ""MORFOGENETISCH"", ""KUSTSTREEK"", ""BODEMTYPE"", ""DOV_PATHNAME@001#DOV:010#Bodem:020#Bodemkaarten:020#Bodemkaart (1/20.000):010#"", ""DOV_EXPERTISE@Bodem"", ""DOV_EXPERTISE@Delfstoffen"", ""DOV_EXPERTISE@Freatisch grondwater"", ""DOV_EXPERTISE@CTE"", ""DOV_EXPERTISE@Bodemverontreiniging""], ""layer_name"": ""bodemtypes"", ""description"": ""WMS-map Digitale bodemkaart van het Vlaams Gewest: bodemtypes"", ""service_type"": ""wms"", ""metadata_urls"": [""https://www.dov.vlaanderen.be/geonetwork#/metadata/a1547a01-b9fc-40fa-a2eb-009a39c02c7b"", ""https://www.dov.vlaanderen.be/geonetwork/srv/dut/csw?Service=CSW&Request=GetRecordById&Version=2.0.2&outputSchema=http://www.isotc211.org/2005/gmd&elementSetName=full&id=a1547a01-b9fc-40fa-a2eb-009a39c02c7b""]}",spatial-extractor,2026-06-21 18:41:11.914 +0300
1000,692a9efb-8509-4a6f-a3be-6887f969867d,https://www.dov.vlaanderen.be/geoserver/erosie/wfs?,,,"{""error"": null}",spatial-extractor,2026-06-21 18:41:14.599 +0300
1001,692a9efb-8509-4a6f-a3be-6887f969867d,https://www.dov.vlaanderen.be/geoserver/erosie/wms?SERVICE=WMS&version=1.3.0&request=GetCapabilities,,,"{""id"": ""47236"", ""bbox"": [2.6470319492844614, 50.699620386683655, 5.815385313523002, 51.02847335341908, ""CRS:84""], ""name"": ""erosiebestrijding_gemeente"", ""title"": ""Kleinschalige erosiebestrijdingswerken"", ""crs3857"": true, ""crs4326"": true, ""abstract"": ""De kaart met kleinschalige erosiebestrijdingswerken bevat de erosiebestrijdingswerken die gerealiseerd zijn of op korte termijn zullen gerealiseerd worden door (lokale) overheden. Deze datalaag omvat zowel de gemeentelijke erosiebestrijdingswerken die met subsidies van de Vlaamse Overheid (Departement Omgeving) in het kader van het Erosiebesluit zijn aangelegd als erosiebestrijdingswerken die via een ander financieringskanaal (gemeente, provincie, landinrichting, ruilverkaveling,...) werden gerealiseerd. De erosiebestrijdingswerken bestaan uit één of een combinatie van meerdere maatregelen, zoals aarden dammen, erosiepoelen, bufferbekkens, buffergrachten, grasstroken, graszones, houtige kleine landschapselementen, etc."", ""keywords"": [""Bodem"", ""ondergrond"", ""bodemerosie"", ""erosiebeheersing"", ""Regionaal"", ""Herbruikbaar"", ""Kosteloos"", ""Vlaamse Open data"", ""Toegevoegd GDI-Vl"", ""Metadata GDI-Vl-conform"", ""Metadata INSPIRE-conform"", ""DOV"", ""Vlaanderen"", ""Ondergrond"", ""Databank Ondergrond Vlaanderen"", ""Departement Omgeving"", ""DOV_PATHNAME@001#DOV:030#Erosie:030#Erosiebestrijdingsmaatregelen:010#"", ""DOV_EXPERTISE@Bodem"", ""DOV_EXPERTISE@Sediment""], ""layer_name"": ""erosiebestrijding_gemeente"", ""description"": ""WMS-capabilities Kleinschalige erosiebestrijdingswerken"", ""service_type"": ""wms"", ""metadata_urls"": [""https://www.dov.vlaanderen.be/geonetwork#/metadata/692a9efb-8509-4a6f-a3be-6887f969867d"", ""https://www.dov.vlaanderen.be/geonetwork/srv/dut/csw?Service=CSW&Request=GetRecordById&Version=2.0.2&outputSchema=http://www.isotc211.org/2005/gmd&elementSetName=full&id=692a9efb-8509-4a6f-a3be-6887f969867d""]}",spatial-extractor,2026-06-21 18:41:20.201 +0300
1002,692a9efb-8509-4a6f-a3be-6887f969867d,https://www.dov.vlaanderen.be/geoserver/erosie/wms?SERVICE=WMS&version=1.3.0&request=GetMap,,,"{""id"": ""47238"", ""bbox"": [2.6470319492844614, 50.699620386683655, 5.815385313523002, 51.02847335341908, ""CRS:84""], ""name"": ""erosiebestrijding_gemeente"", ""title"": ""Kleinschalige erosiebestrijdingswerken"", ""crs3857"": true, ""crs4326"": true, ""abstract"": ""De kaart met kleinschalige erosiebestrijdingswerken bevat de erosiebestrijdingswerken die gerealiseerd zijn of op korte termijn zullen gerealiseerd worden door (lokale) overheden. Deze datalaag omvat zowel de gemeentelijke erosiebestrijdingswerken die met subsidies van de Vlaamse Overheid (Departement Omgeving) in het kader van het Erosiebesluit zijn aangelegd als erosiebestrijdingswerken die via een ander financieringskanaal (gemeente, provincie, landinrichting, ruilverkaveling,...) werden gerealiseerd. De erosiebestrijdingswerken bestaan uit één of een combinatie van meerdere maatregelen, zoals aarden dammen, erosiepoelen, bufferbekkens, buffergrachten, grasstroken, graszones, houtige kleine landschapselementen, etc."", ""keywords"": [""Bodem"", ""ondergrond"", ""bodemerosie"", ""erosiebeheersing"", ""Regionaal"", ""Herbruikbaar"", ""Kosteloos"", ""Vlaamse Open data"", ""Toegevoegd GDI-Vl"", ""Metadata GDI-Vl-conform"", ""Metadata INSPIRE-conform"", ""DOV"", ""Vlaanderen"", ""Ondergrond"", ""Databank Ondergrond Vlaanderen"", ""Departement Omgeving"", ""DOV_PATHNAME@001#DOV:030#Erosie:030#Erosiebestrijdingsmaatregelen:010#"", ""DOV_EXPERTISE@Bodem"", ""DOV_EXPERTISE@Sediment""], ""layer_name"": ""erosiebestrijding_gemeente"", ""description"": ""WMS-map Kleinschalige erosiebestrijdingswerken"", ""service_type"": ""wms"", ""metadata_urls"": [""https://www.dov.vlaanderen.be/geonetwork#/metadata/692a9efb-8509-4a6f-a3be-6887f969867d"", ""https://www.dov.vlaanderen.be/geonetwork/srv/dut/csw?Service=CSW&Request=GetRecordById&Version=2.0.2&outputSchema=http://www.isotc211.org/2005/gmd&elementSetName=full&id=692a9efb-8509-4a6f-a3be-6887f969867d""]}",spatial-extractor,2026-06-21 18:41:21.355 +0300
1003,692a9efb-8509-4a6f-a3be-6887f969867d,https://www.dov.vlaanderen.be/geoserver/erosie/wms?,,,"{""id"": ""47239"", ""bbox"": [2.6470319492844614, 50.699620386683655, 5.815385313523002, 51.02847335341908, ""CRS:84""], ""name"": ""erosiebestrijding_gemeente"", ""title"": ""Kleinschalige erosiebestrijdingswerken"", ""crs3857"": true, ""crs4326"": true, ""abstract"": ""De kaart met kleinschalige erosiebestrijdingswerken bevat de erosiebestrijdingswerken die gerealiseerd zijn of op korte termijn zullen gerealiseerd worden door (lokale) overheden. Deze datalaag omvat zowel de gemeentelijke erosiebestrijdingswerken die met subsidies van de Vlaamse Overheid (Departement Omgeving) in het kader van het Erosiebesluit zijn aangelegd als erosiebestrijdingswerken die via een ander financieringskanaal (gemeente, provincie, landinrichting, ruilverkaveling,...) werden gerealiseerd. De erosiebestrijdingswerken bestaan uit één of een combinatie van meerdere maatregelen, zoals aarden dammen, erosiepoelen, bufferbekkens, buffergrachten, grasstroken, graszones, houtige kleine landschapselementen, etc."", ""keywords"": [""Bodem"", ""ondergrond"", ""bodemerosie"", ""erosiebeheersing"", ""Regionaal"", ""Herbruikbaar"", ""Kosteloos"", ""Vlaamse Open data"", ""Toegevoegd GDI-Vl"", ""Metadata GDI-Vl-conform"", ""Metadata INSPIRE-conform"", ""DOV"", ""Vlaanderen"", ""Ondergrond"", ""Databank Ondergrond Vlaanderen"", ""Departement Omgeving"", ""DOV_PATHNAME@001#DOV:030#Erosie:030#Erosiebestrijdingsmaatregelen:010#"", ""DOV_EXPERTISE@Bodem"", ""DOV_EXPERTISE@Sediment""], ""layer_name"": ""erosiebestrijding_gemeente"", ""description"": ""WMS-endpoint Kleinschalige erosiebestrijdingswerken"", ""service_type"": ""wms"", ""metadata_urls"": [""https://www.dov.vlaanderen.be/geonetwork#/metadata/692a9efb-8509-4a6f-a3be-6887f969867d"", ""https://www.dov.vlaanderen.be/geonetwork/srv/dut/csw?Service=CSW&Request=GetRecordById&Version=2.0.2&outputSchema=http://www.isotc211.org/2005/gmd&elementSetName=full&id=692a9efb-8509-4a6f-a3be-6887f969867d""]}",spatial-extractor,2026-06-21 18:41:21.943 +0300
1010,5c129f2d-4498-4bc3-8860-01cb2d513f8f,https://www.dov.vlaanderen.be/geoserver/bodemkaart/wfs?SERVICE=WFS&version=2.0.0&request=GetFeature&count=1&typeName=bodemtypes,,,"{""id"": ""47580"", ""bbox"": null, ""name"": ""bodemtypes"", ""title"": null, ""schema"": null, ""crs3857"": false, ""crs4326"": false, ""abstract"": null, ""keywords"": [], ""layer_name"": null, ""description"": ""WFS-feature Digitale bodemkaart van het Vlaams Gewest: bodemtypes"", ""service_type"": ""wfs"", ""metadata_urls"": []}",spatial-extractor,2026-06-21 18:41:33.496 +0300
1011,5c129f2d-4498-4bc3-8860-01cb2d513f8f,https://www.dov.vlaanderen.be/geoserver/bodemkaart/wms?layers=bodemtypes,,,"{""id"": ""47583"", ""bbox"": [2.5285590909401936, 50.67393051415159, 5.935371601406674, 51.50548166406281, ""CRS:84""], ""name"": ""bodemtypes"", ""title"": ""Digitale bodemkaart van het Vlaams Gewest: bodemtypes"", ""crs3857"": true, ""crs4326"": true, ""abstract"": ""https://www.dov.vlaanderen.be/page/bodemkaarten\r\nDigitale vectoriële dataset van de analoge Bodemkaart van België voor het grondgebied van Vlaanderen.\r\nAlle kaartelementen van de analoge kaarten (gepubliceerd op kaartschaal 1: 20 000) zijn zorgvuldig manueel gedigitaliseerd en voorzien van een code, overeenkomstig het gebruikte classificatiesysteem: morfogenetisch voor binnen-Vlaanderen (substraat, textuurklasse, drainageklasse, profielontwikkelingsgroep, fase en variante) en geomorfologisch voor de Kuststreek (substraat, serie, subserie, type, subtype en variante).\r\nDe digitale versie van de bodemkaart is vrijwel systematisch gecontroleerd t.o.v. de analoge bodemkaarten. De polygonen werden ingekleurd zoals op de analoge bodemkaart. Waar beschikbaar zijn voor elk bodemtype de algemene kenmerken  (Van Ranst E. en Sys C., 2000) en foto's van een representatief bodemprofiel en representatieve omgevingen weergegeven. Tenslotte bestaat voor elke polygoon de mogelijkheid om de scan van het analoge bodemkaartblad, het toelichtingsboekje en de basiskaarten op schaal 1:5000 op te roepen.\r\nDeze dataset is omwille van de visualisatie onderverdeeld in 5 kaartlagen bij publicatie in de bodemverkenner: bodemtypes, substraten, fasen, varianten van het moedermateriaal en de profielontwikkeling. De kaartlaag met de bodemtypes bevat ook al de attributen van de andere kaartlagen. De bodemkaart werd in juni 2017 geupdate met enkele militaire domeinen en een unibodemtype voor de classficatie van de zeepolders en verschillende fouten werden verbeterd."", ""keywords"": [""Bodem"", ""ondergrond"", ""bodemkaart"", ""bodemtextuur"", ""bodemprofiel"", ""Regionaal"", ""Herbruikbaar"", ""Kosteloos"", ""Vlaamse Open data"", ""Toegevoegd GDI-Vl"", ""Metadata GDI-Vl-conform"", ""Metadata INSPIRE-conform"", ""DOV"", ""Vlaanderen"", ""Ondergrond"", ""Databank Ondergrond Vlaanderen"", ""Departement Omgeving"", ""VARIANTE VAN HET MOEDERMATERIAAL"", ""VARIANTE VAN DE PROFIELONTWIKKELING"", ""LANDBOUWSTREEK"", ""GEOMORFOLOGISCHE"", ""MORFOGENETISCH"", ""KUSTSTREEK"", ""BODEMTYPE"", ""DOV_PATHNAME@001#DOV:010#Bodem:020#Bodemkaarten:020#Bodemkaart (1/20.000):010#"", ""DOV_EXPERTISE@Bodem"", ""DOV_EXPERTISE@Delfstoffen"", ""DOV_EXPERTISE@Freatisch grondwater"", ""DOV_EXPERTISE@CTE"", ""DOV_EXPERTISE@Bodemverontreiniging""], ""layer_name"": ""bodemtypes"", ""description"": ""https://www.dov.vlaanderen.be/page/bodemkaarten\nDigitale vectoriële dataset van de analoge Bodemkaart van België voor het grondgebied van Vlaanderen.\nAlle kaartelementen van de analoge kaarten (gepubliceerd op kaartschaal 1: 20 000) zijn zorgvuldig manueel gedigitaliseerd en voorzien van een code, overeenkomstig het gebruikte classificatiesysteem: morfogenetisch voor binnen-Vlaanderen (substraat, textuurklasse, drainageklasse, profielontwikkelingsgroep, fase en variante) en geomorfologisch voor de Kuststreek (substraat, serie, subserie, type, subtype en variante).\nDe digitale versie van de bodemkaart is vrijwel systematisch gecontroleerd t.o.v. de analoge bodemkaarten. De polygonen werden ingekleurd zoals op de analoge bodemkaart. Waar beschikbaar zijn voor elk bodemtype de algemene kenmerken  (Van Ranst E. en Sys C., 2000) en foto's van een representatief bodemprofiel en representatieve omgevingen weergegeven. Tenslotte bestaat voor elke polygoon de mogelijkheid om de scan van het analoge bodemkaartblad, het toelichtingsboekje en de basiskaarten op schaal 1:5000 op te roepen.\nDeze dataset is omwille van de visualisatie onderverdeeld in 5 kaartlagen bij publicatie in de bodemverkenner: bodemtypes, substraten, fasen, varianten van het moedermateriaal en de profielontwikkeling. De kaartlaag met de bodemtypes bevat ook al de attributen van de andere kaartlagen. De bodemkaart werd in juni 2017 geupdate met enkele militaire domeinen en een unibodemtype voor de classficatie van de zeepolders en verschillende fouten werden verbeterd."", ""service_type"": ""wms"", ""metadata_urls"": [""https://www.dov.vlaanderen.be/geonetwork#/metadata/a1547a01-b9fc-40fa-a2eb-009a39c02c7b"", ""https://www.dov.vlaanderen.be/geonetwork/srv/dut/csw?Service=CSW&Request=GetRecordById&Version=2.0.2&outputSchema=http://www.isotc211.org/2005/gmd&elementSetName=full&id=a1547a01-b9fc-40fa-a2eb-009a39c02c7b""]}",spatial-extractor,2026-06-21 18:41:35.275 +0300
1012,5c129f2d-4498-4bc3-8860-01cb2d513f8f,https://www.dov.vlaanderen.be/geoserver/wfs?,,,"{""error"": null}",spatial-extractor,2026-06-21 18:41:36.023 +0300
1013,30e01cb0-3f8a-4a48-b72e-444b4a6fd531,https://www.dov.vlaanderen.be/geoserver/erosie/wfs?,,,"{""error"": null}",spatial-extractor,2026-06-21 18:41:40.544 +0300
1014,30e01cb0-3f8a-4a48-b72e-444b4a6fd531,https://www.dov.vlaanderen.be/geoserver/erosie/wms?SERVICE=WMS&version=1.3.0&request=GetCapabilities,,,"{""id"": ""47633"", ""bbox"": [2.529990447668254, 50.67420681879685, 5.931682119445873, 51.505461718137454, ""CRS:84""], ""name"": ""so_potbdmerosiepp_2018"", ""title"": ""Potentiële bodemerosiekaart per perceel (2018)"", ""crs3857"": true, ""crs4326"": true, ""abstract"": ""De potentiële bodemerosiekaart per perceel (2018) geeft aan de hand van een klasse-indeling de totale potentiële erosie van een bepaald landbouwperceel weer. De totale potentiële erosie houdt geen rekening met het huidige landgebruik (grasland of akkerland). In het veld ‘Erosiegevoeligheid verzamelaanvraag’ staat de informatie die overeenkomt met de erosiegevoeligheid op de verzamelaanvraag 2018. De goedgekeurde bezwaren werden zowel in het veld 'Erosiegevoeligheid verzamelaanvraag' als in het veld 'Totale erosie' verwerkt. De goedgekeurde aanvragen van de verlaging van de erosiegevoeligheidsklasse op basis van een hoog koolstofgehalte werden in het veld 'Erosiegevoeligheid verzamelaanvraag' verwerkt met aanduiding van ‘/ C’ achter de erosiegevoeligheid, maar het veld 'Totale erosie' behield zijn oorspronkelijke waarde voor deze percelen.\r\n\r\nErosie door water is een proces waarbij bodemdeeltjes door de impact van regendruppels en afstromend water worden losgemaakt en getransporteerd, hetzij laagsgewijs over een grote oppervlakte, hetzij geconcentreerd in geulen en ravijnen. Dit leidt o.m. tot een afname van de bodemkwaliteit en -productiviteit, maar ook tot belangrijke schade door modderoverlast in stroomafwaarts gelegen (woon)gebieden. Bodemerosie is een van de belangrijkste vormen van bodemaantasting in Vlaanderen. \r\n\r\nDe potentiële bodemerosiekaart per perceel is gebaseerd op de percelenkaart 2017. De potentiële bodemerosiekaart per perceel werd opgesteld door middel van computermodellering met een ruimtelijke resolutie van 5x5 m. De berekening van de erosie is gebaseerd op de herziene universele bodemverliesvergelijking of R.U.S.L.E. (Revised Universal Soil Loss Equation, Renard et al, 1991). Het betreft een empirisch model waarmee de gemiddelde jaarlijkse bodemerosiesnelheid per oppervlakte-eenheid als gevolg van intergeul- en geulerosie wordt berekend als een product van 6 factoren."", ""keywords"": [""Gebieden met natuurrisico's"", ""ondergrond"", ""bodemerosie"", ""watererosie"", ""landbouw"", ""Regionaal"", ""Herbruikbaar"", ""Kosteloos"", ""Vlaamse Open data"", ""Toegevoegd GDI-Vl"", ""Metadata GDI-Vl-conform"", ""Metadata INSPIRE-conform"", ""DOV"", ""Vlaanderen"", ""Ondergrond"", ""Databank Ondergrond Vlaanderen"", ""Departement Omgeving""], ""layer_name"": ""so_potbdmerosiepp_2018"", ""description"": ""WMS-capabilities Potentiële bodemerosiekaart per perceel (2018)"", ""service_type"": ""wms"", ""metadata_urls"": [""https://www.dov.vlaanderen.be/geonetwork#/metadata/265f238c-1772-4e48-997d-cd05e40dc611"", ""https://www.dov.vlaanderen.be/geonetwork/srv/dut/csw?Service=CSW&Request=GetRecordById&Version=2.0.2&outputSchema=http://www.isotc211.org/2005/gmd&elementSetName=full&id=265f238c-1772-4e48-997d-cd05e40dc611""]}",spatial-extractor,2026-06-21 18:41:44.024 +0300
1015,30e01cb0-3f8a-4a48-b72e-444b4a6fd531,https://www.dov.vlaanderen.be/geoserver/erosie/wms?SERVICE=WMS&version=1.3.0&request=GetMap,,,"{""id"": ""47635"", ""bbox"": [2.529990447668254, 50.67420681879685, 5.931682119445873, 51.505461718137454, ""CRS:84""], ""name"": ""so_potbdmerosiepp_2018"", ""title"": ""Potentiële bodemerosiekaart per perceel (2018)"", ""crs3857"": true, ""crs4326"": true, ""abstract"": ""De potentiële bodemerosiekaart per perceel (2018) geeft aan de hand van een klasse-indeling de totale potentiële erosie van een bepaald landbouwperceel weer. De totale potentiële erosie houdt geen rekening met het huidige landgebruik (grasland of akkerland). In het veld ‘Erosiegevoeligheid verzamelaanvraag’ staat de informatie die overeenkomt met de erosiegevoeligheid op de verzamelaanvraag 2018. De goedgekeurde bezwaren werden zowel in het veld 'Erosiegevoeligheid verzamelaanvraag' als in het veld 'Totale erosie' verwerkt. De goedgekeurde aanvragen van de verlaging van de erosiegevoeligheidsklasse op basis van een hoog koolstofgehalte werden in het veld 'Erosiegevoeligheid verzamelaanvraag' verwerkt met aanduiding van ‘/ C’ achter de erosiegevoeligheid, maar het veld 'Totale erosie' behield zijn oorspronkelijke waarde voor deze percelen.\r\n\r\nErosie door water is een proces waarbij bodemdeeltjes door de impact van regendruppels en afstromend water worden losgemaakt en getransporteerd, hetzij laagsgewijs over een grote oppervlakte, hetzij geconcentreerd in geulen en ravijnen. Dit leidt o.m. tot een afname van de bodemkwaliteit en -productiviteit, maar ook tot belangrijke schade door modderoverlast in stroomafwaarts gelegen (woon)gebieden. Bodemerosie is een van de belangrijkste vormen van bodemaantasting in Vlaanderen. \r\n\r\nDe potentiële bodemerosiekaart per perceel is gebaseerd op de percelenkaart 2017. De potentiële bodemerosiekaart per perceel werd opgesteld door middel van computermodellering met een ruimtelijke resolutie van 5x5 m. De berekening van de erosie is gebaseerd op de herziene universele bodemverliesvergelijking of R.U.S.L.E. (Revised Universal Soil Loss Equation, Renard et al, 1991). Het betreft een empirisch model waarmee de gemiddelde jaarlijkse bodemerosiesnelheid per oppervlakte-eenheid als gevolg van intergeul- en geulerosie wordt berekend als een product van 6 factoren."", ""keywords"": [""Gebieden met natuurrisico's"", ""ondergrond"", ""bodemerosie"", ""watererosie"", ""landbouw"", ""Regionaal"", ""Herbruikbaar"", ""Kosteloos"", ""Vlaamse Open data"", ""Toegevoegd GDI-Vl"", ""Metadata GDI-Vl-conform"", ""Metadata INSPIRE-conform"", ""DOV"", ""Vlaanderen"", ""Ondergrond"", ""Databank Ondergrond Vlaanderen"", ""Departement Omgeving""], ""layer_name"": ""so_potbdmerosiepp_2018"", ""description"": ""WMS-map Potentiële bodemerosiekaart per perceel (2018)"", ""service_type"": ""wms"", ""metadata_urls"": [""https://www.dov.vlaanderen.be/geonetwork#/metadata/265f238c-1772-4e48-997d-cd05e40dc611"", ""https://www.dov.vlaanderen.be/geonetwork/srv/dut/csw?Service=CSW&Request=GetRecordById&Version=2.0.2&outputSchema=http://www.isotc211.org/2005/gmd&elementSetName=full&id=265f238c-1772-4e48-997d-cd05e40dc611""]}",spatial-extractor,2026-06-21 18:41:45.179 +0300
1016,30e01cb0-3f8a-4a48-b72e-444b4a6fd531,https://www.dov.vlaanderen.be/geoserver/erosie/wms?,,,"{""id"": ""47636"", ""bbox"": [2.529990447668254, 50.67420681879685, 5.931682119445873, 51.505461718137454, ""CRS:84""], ""name"": ""so_potbdmerosiepp_2018"", ""title"": ""Potentiële bodemerosiekaart per perceel (2018)"", ""crs3857"": true, ""crs4326"": true, ""abstract"": ""De potentiële bodemerosiekaart per perceel (2018) geeft aan de hand van een klasse-indeling de totale potentiële erosie van een bepaald landbouwperceel weer. De totale potentiële erosie houdt geen rekening met het huidige landgebruik (grasland of akkerland). In het veld ‘Erosiegevoeligheid verzamelaanvraag’ staat de informatie die overeenkomt met de erosiegevoeligheid op de verzamelaanvraag 2018. De goedgekeurde bezwaren werden zowel in het veld 'Erosiegevoeligheid verzamelaanvraag' als in het veld 'Totale erosie' verwerkt. De goedgekeurde aanvragen van de verlaging van de erosiegevoeligheidsklasse op basis van een hoog koolstofgehalte werden in het veld 'Erosiegevoeligheid verzamelaanvraag' verwerkt met aanduiding van ‘/ C’ achter de erosiegevoeligheid, maar het veld 'Totale erosie' behield zijn oorspronkelijke waarde voor deze percelen.\r\n\r\nErosie door water is een proces waarbij bodemdeeltjes door de impact van regendruppels en afstromend water worden losgemaakt en getransporteerd, hetzij laagsgewijs over een grote oppervlakte, hetzij geconcentreerd in geulen en ravijnen. Dit leidt o.m. tot een afname van de bodemkwaliteit en -productiviteit, maar ook tot belangrijke schade door modderoverlast in stroomafwaarts gelegen (woon)gebieden. Bodemerosie is een van de belangrijkste vormen van bodemaantasting in Vlaanderen. \r\n\r\nDe potentiële bodemerosiekaart per perceel is gebaseerd op de percelenkaart 2017. De potentiële bodemerosiekaart per perceel werd opgesteld door middel van computermodellering met een ruimtelijke resolutie van 5x5 m. De berekening van de erosie is gebaseerd op de herziene universele bodemverliesvergelijking of R.U.S.L.E. (Revised Universal Soil Loss Equation, Renard et al, 1991). Het betreft een empirisch model waarmee de gemiddelde jaarlijkse bodemerosiesnelheid per oppervlakte-eenheid als gevolg van intergeul- en geulerosie wordt berekend als een product van 6 factoren."", ""keywords"": [""Gebieden met natuurrisico's"", ""ondergrond"", ""bodemerosie"", ""watererosie"", ""landbouw"", ""Regionaal"", ""Herbruikbaar"", ""Kosteloos"", ""Vlaamse Open data"", ""Toegevoegd GDI-Vl"", ""Metadata GDI-Vl-conform"", ""Metadata INSPIRE-conform"", ""DOV"", ""Vlaanderen"", ""Ondergrond"", ""Databank Ondergrond Vlaanderen"", ""Departement Omgeving""], ""layer_name"": ""so_potbdmerosiepp_2018"", ""description"": ""WMS-endpoint Potentiële bodemerosiekaart per perceel (2018)"", ""service_type"": ""wms"", ""metadata_urls"": [""https://www.dov.vlaanderen.be/geonetwork#/metadata/265f238c-1772-4e48-997d-cd05e40dc611"", ""https://www.dov.vlaanderen.be/geonetwork/srv/dut/csw?Service=CSW&Request=GetRecordById&Version=2.0.2&outputSchema=http://www.isotc211.org/2005/gmd&elementSetName=full&id=265f238c-1772-4e48-997d-cd05e40dc611""]}",spatial-extractor,2026-06-21 18:41:45.756 +0300
1017,30e01cb0-3f8a-4a48-b72e-444b4a6fd531,https://www.dov.vlaanderen.be/geoserver/erosie/wfs?SERVICE=WFS&version=2.0.0&request=GetFeature&count=1&typeName=so_potbdmerosiepp_2018,,,"{""id"": ""47637"", ""bbox"": null, ""name"": ""so_potbdmerosiepp_2018"", ""title"": null, ""schema"": null, ""crs3857"": false, ""crs4326"": false, ""abstract"": null, ""keywords"": [], ""layer_name"": null, ""description"": ""WFS-feature Potentiële bodemerosiekaart per perceel (2018)"", ""service_type"": ""wfs"", ""metadata_urls"": []}",spatial-extractor,2026-06-21 18:41:46.348 +0300
1018,30e01cb0-3f8a-4a48-b72e-444b4a6fd531,https://www.dov.vlaanderen.be/geoserver/erosie/wms?layers=so_potbdmerosiepp_2018,,,"{""id"": ""47639"", ""bbox"": [2.529990447668254, 50.67420681879685, 5.931682119445873, 51.505461718137454, ""CRS:84""], ""name"": ""so_potbdmerosiepp_2018"", ""title"": ""Potentiële bodemerosiekaart per perceel (2018)"", ""crs3857"": true, ""crs4326"": true, ""abstract"": ""De potentiële bodemerosiekaart per perceel (2018) geeft aan de hand van een klasse-indeling de totale potentiële erosie van een bepaald landbouwperceel weer. De totale potentiële erosie houdt geen rekening met het huidige landgebruik (grasland of akkerland). In het veld ‘Erosiegevoeligheid verzamelaanvraag’ staat de informatie die overeenkomt met de erosiegevoeligheid op de verzamelaanvraag 2018. De goedgekeurde bezwaren werden zowel in het veld 'Erosiegevoeligheid verzamelaanvraag' als in het veld 'Totale erosie' verwerkt. De goedgekeurde aanvragen van de verlaging van de erosiegevoeligheidsklasse op basis van een hoog koolstofgehalte werden in het veld 'Erosiegevoeligheid verzamelaanvraag' verwerkt met aanduiding van ‘/ C’ achter de erosiegevoeligheid, maar het veld 'Totale erosie' behield zijn oorspronkelijke waarde voor deze percelen.\r\n\r\nErosie door water is een proces waarbij bodemdeeltjes door de impact van regendruppels en afstromend water worden losgemaakt en getransporteerd, hetzij laagsgewijs over een grote oppervlakte, hetzij geconcentreerd in geulen en ravijnen. Dit leidt o.m. tot een afname van de bodemkwaliteit en -productiviteit, maar ook tot belangrijke schade door modderoverlast in stroomafwaarts gelegen (woon)gebieden. Bodemerosie is een van de belangrijkste vormen van bodemaantasting in Vlaanderen. \r\n\r\nDe potentiële bodemerosiekaart per perceel is gebaseerd op de percelenkaart 2017. De potentiële bodemerosiekaart per perceel werd opgesteld door middel van computermodellering met een ruimtelijke resolutie van 5x5 m. De berekening van de erosie is gebaseerd op de herziene universele bodemverliesvergelijking of R.U.S.L.E. (Revised Universal Soil Loss Equation, Renard et al, 1991). Het betreft een empirisch model waarmee de gemiddelde jaarlijkse bodemerosiesnelheid per oppervlakte-eenheid als gevolg van intergeul- en geulerosie wordt berekend als een product van 6 factoren."", ""keywords"": [""Gebieden met natuurrisico's"", ""ondergrond"", ""bodemerosie"", ""watererosie"", ""landbouw"", ""Regionaal"", ""Herbruikbaar"", ""Kosteloos"", ""Vlaamse Open data"", ""Toegevoegd GDI-Vl"", ""Metadata GDI-Vl-conform"", ""Metadata INSPIRE-conform"", ""DOV"", ""Vlaanderen"", ""Ondergrond"", ""Databank Ondergrond Vlaanderen"", ""Departement Omgeving""], ""layer_name"": ""so_potbdmerosiepp_2018"", ""description"": ""De potentiële bodemerosiekaart per perceel (2018) geeft aan de hand van een klasse-indeling de totale potentiële erosie van een bepaald landbouwperceel weer. De totale potentiële erosie houdt geen rekening met het huidige landgebruik (grasland of akkerland). In het veld ‘Erosiegevoeligheid verzamelaanvraag’ staat de informatie die overeenkomt met de erosiegevoeligheid op de verzamelaanvraag 2018. De goedgekeurde bezwaren werden zowel in het veld 'Erosiegevoeligheid verzamelaanvraag' als in het veld 'Totale erosie' verwerkt. De goedgekeurde aanvragen van de verlaging van de erosiegevoeligheidsklasse op basis van een hoog koolstofgehalte werden in het veld 'Erosiegevoeligheid verzamelaanvraag' verwerkt met aanduiding van ‘/ C’ achter de erosiegevoeligheid, maar het veld 'Totale erosie' behield zijn oorspronkelijke waarde voor deze percelen.\nErosie door water is een proces waarbij bodemdeeltjes door de impact van regendruppels en afstromend water worden losgemaakt en getransporteerd, hetzij laagsgewijs over een grote oppervlakte, hetzij geconcentreerd in geulen en ravijnen. Dit leidt o.m. tot een afname van de bodemkwaliteit en -productiviteit, maar ook tot belangrijke schade door modderoverlast in stroomafwaarts gelegen (woon)gebieden. Bodemerosie is een van de belangrijkste vormen van bodemaantasting in Vlaanderen. \nDe potentiële bodemerosiekaart per perceel is gebaseerd op de percelenkaart 2017. De potentiële bodemerosiekaart per perceel werd opgesteld door middel van computermodellering met een ruimtelijke resolutie van 5x5 m. De berekening van de erosie is gebaseerd op de herziene universele bodemverliesvergelijking of R.U.S.L.E. (Revised Universal Soil Loss Equation, Renard et al, 1991). Het betreft een empirisch model waarmee de gemiddelde jaarlijkse bodemerosiesnelheid per oppervlakte-eenheid als gevolg van intergeul- en geulerosie wordt berekend als een product van 6 factoren."", ""service_type"": ""wms"", ""metadata_urls"": [""https://www.dov.vlaanderen.be/geonetwork#/metadata/265f238c-1772-4e48-997d-cd05e40dc611"", ""https://www.dov.vlaanderen.be/geonetwork/srv/dut/csw?Service=CSW&Request=GetRecordById&Version=2.0.2&outputSchema=http://www.isotc211.org/2005/gmd&elementSetName=full&id=265f238c-1772-4e48-997d-cd05e40dc611""]}",spatial-extractor,2026-06-21 18:41:48.865 +0300
1019,30e01cb0-3f8a-4a48-b72e-444b4a6fd531,https://www.dov.vlaanderen.be/geoserver/wfs?SERVICE=WFS&version=1.1.0&request=GetCapabilities,,,"{""id"": ""47640"", ""bbox"": null, ""name"": ""WFS"", ""title"": null, ""schema"": null, ""crs3857"": false, ""crs4326"": false, ""abstract"": null, ""keywords"": [], ""layer_name"": null, ""description"": ""NULL"", ""service_type"": ""wfs"", ""metadata_urls"": []}",spatial-extractor,2026-06-21 18:41:50.187 +0300
1020,876F61A9-36C0-4CDD-9FC1-C243685BC1E8,https://services.bgr.de/wms/boden/pegwasser1000/?,,,"{""id"": ""47698"", ""bbox"": [5.44371, 46.98135, 15.642101, 55.06406, ""EPSG:4326""], ""name"": ""1,3,5,7"", ""title"": ""SFaktor1000_250 Version 1.0"", ""crs3857"": true, ""crs4326"": true, ""abstract"": ""Der LS-Faktor der Allgemeinen Bodenabtragsgleichung (ABAG) bzw. der Universal Soil Equation (USLE) beschreibt den Einfluss der Topographie, insbesondere den Einfluss der Hangneigung und der Hanglänge auf den Prozess der Bodenerosion durch Wasser. Zur Berechnung des Faktors wird die prozentuale Hangneigung verwendet, die aus dem Digitalen Geländemodell 50 (DGM50) des Bundesamtes für Kartographie und Geodäsie (BKG) gewonnen wurde. Grundsätzlich geht zudem die Hanglänge in den Faktor ein. Sie ist definiert als Distanz zwischen der Hangposition, an der Oberflächenabfluss einsetzt und der Position ab der Deposition stattfindet. Aufgrund der geringen Auflösung des DGM und Einschränkungen des Modells wird auf die Berechnung hier verzichtet. Die Karte zeigt demnach ausschließlich den S-Faktor. Die Methode ist in der DIN 19708:2005-02 und auch in der Methodendokumentation der Ad-hoc-AG Boden veröffentlicht."", ""keywords"": [], ""layer_name"": ""1"", ""description"": ""Die Karte der potentiellen Erosionsgefährdung von Ackerböden durch Wasser gibt einen Überblick über das mögliche Risiko von Bodenabtrag (in t/(ha*a)) durch Wasser in Deutschland auf Basis von bodenkundlichen, morphographischen und klimatischen Faktoren. Bodenerosion durch Wasser zerstört langfristig den Boden und damit die natürliche Lebensgrundlage für künftige Generationen. Die Karte wurde mit Hilfe des Langfristmodells ABAG (Allgemeinen Bodenabtragsgleichung) erstellt. Sie ist die Anpassung des Modells Universal Soil Equation (USLE) an deutsche Verhältnisse. Die Methode ist in der DIN 19708:2005-02 und in der Methodendokumentation der Ad-hoc-AG Boden veröffentlicht. Für die Anwendung auf Bodenkarten wurde das Verfahren von der Bundesanstalt für Geowissenschaften und Rohstoffe (BGR) verändert. In die Karte fließen bodenkundliche Kennwerte (K-Faktor) aus der nutzungsdifferenzierten Bodenübersichtskarte von Deutschland 1:1.000.000 (BÜK1000N), morphologische Kennwerte (S-Faktor) aus dem DGM50 des Bundesamtes für Kartographie und Geodäsie (BKG) und klimatischen Kennwerte (R-Faktor) aus den Niederschlagsdaten des Deutschen Wetterdienstes (DWD) für den Zeitraum 1961–1990 ein. Die Ackerstandorte werden aus dem Landnutzungsdatensatz CORINE Land Cover von 2006 gewonnen."", ""service_type"": ""wms"", ""metadata_urls"": [""https://geoportal.bgr.de/smartfindersdi-csw/api?request=GetRecordById&service=CSW&version=2.0.2&outputSchema=http://www.isotc211.org/2005/gmd&elementSetName=full&id=876F61A9-36C0-4CDD-9FC1-C243685BC1E8""]}",spatial-extractor,2026-06-21 18:41:54.368 +0300
1021,02F23B5B-5FB8-48BA-ADDA-7ECA7481C4DE,https://services.bgr.de/wms/boden/humus1000ob/?,,,"{""id"": ""47709"", ""bbox"": [5.472023, 47.17469, 15.494728, 55.061726, ""EPSG:4326""], ""name"": ""0"", ""title"": ""HUMUS1000OB Version 2.0"", ""crs3857"": true, ""crs4326"": true, ""abstract"": ""Die Karte der Gehalte an organischer Substanz in Oberböden Deutschlands 1:1.000.000 visualisiert die Ergebnisse der deutschlandweiten Zusammenstellung von typischen Gehalten an organischer Substanz der Oberböden differenziert nach 15 Bodenausgangsgesteinsgruppen, der Landnutzung und vier Klimaregionen. Die Auswertung basiert auf mehr als 9000 Bodenprofilen, zu denen qualitätsgesicherte Daten zur organischen Substanz aus einem zwanzigjährigen Zeitraum vorlagen. Das methodische Vorgehen ist in dem Bericht 'Gehalte an organischer Substanz in Oberböden Deutschlands', BGR Archiv, Nr. 0127036 dokumentiert. Die in der Karte dargestellten Klassen entsprechen der Klasseneinteilung in der Bodenkundlichen Kartieranleitung (KA5), wobei die Klassen h2–h5 der KA5 jeweils in der Klassenmitte geteilt wurden. Damit gibt die Karte insbesondere in den Klassen geringer Gehalte ein differenzierteres Bild wider. Die Version 2.0 basiert auf den topographischen Grundlagen der Digitalen Topographischen Karte 1:1.000.000 (DTK1000-V) des Bundesamtes für Kartographie und Geodäsie, welche von der BGR in Teilen modifiziert wurde."", ""keywords"": [], ""layer_name"": ""0"", ""description"": ""Die Karte der Gehalte an organischer Substanz in Oberböden Deutschlands 1:1.000.000 visualisiert die Ergebnisse der deutschlandweiten Zusammenstellung von typischen Gehalten an organischer Substanz der Oberböden differenziert nach 15 Bodenausgangsgesteinsgruppen, der Landnutzung und vier Klimaregionen. Die Auswertung basiert auf mehr als 9000 Bodenprofilen, zu denen qualitätsgesicherte Daten zur organischen Substanz aus einem zwanzigjährigen Zeitraum vorlagen. Das methodische Vorgehen ist in dem Bericht 'Gehalte an organischer Substanz in Oberböden Deutschlands', BGR Archiv, Nr. 0127036 dokumentiert. Die in der Karte dargestellten Klassen entsprechen der Klasseneinteilung in der Bodenkundlichen Kartieranleitung (KA5), wobei die Klassen h2–h5 der KA5 jeweils in der Klassenmitte geteilt wurden. Damit gibt die Karte insbesondere in den Klassen geringer Gehalte ein differenzierteres Bild wider. Die Version 2.0 basiert auf den topographischen Grundlagen der Digitalen Topographischen Karte 1:1.000.000 (DTK1000-V) des Bundesamtes für Kartographie und Geodäsie, welche von der BGR in Teilen modifiziert wurde."", ""service_type"": ""wms"", ""metadata_urls"": [""https://geoportal.bgr.de/smartfindersdi-csw/api?request=GetRecordById&service=CSW&version=2.0.2&outputSchema=http://www.isotc211.org/2005/gmd&elementSetName=full&id=02F23B5B-5FB8-48BA-ADDA-7ECA7481C4DE""]}",spatial-extractor,2026-06-21 18:41:55.410 +0300
1023,https://registry.gdi-de.org/id/de.be.csw/b989994b-cde1-3584-9f30-4745ca0bb4c2,https://gdi.berlin.de/services/wms/ua_boden_nfk30_2020?request=GetCapabilities&service=WMS,,,"{""id"": ""48022"", ""bbox"": null, ""name"": ""NULL"", ""title"": ""Nutzbare Feldkapazität der Böden für Flachwurzler 2020 (Umweltatlas)"", ""crs3857"": null, ""crs4326"": null, ""abstract"": ""Darstellung der nutzbaren Feldkapazität für Flachwurzler auf Block- und Blockteilflächen-Basis, 1 : 5.000, Stand 2020."", ""keywords"": [], ""layer_name"": null, ""description"": ""Darstellungsdienst - Nutzbare Feldkapazität der Böden für Flachwurzler 2020 (Umweltatlas) (WMS)"", ""service_type"": ""wms"", ""metadata_urls"": []}",spatial-extractor,2026-06-21 18:41:57.279 +0300
1024,https://registry.gdi-de.org/id/de.be.csw/4ecf6704-5302-3739-a05e-fba86c741125,https://gdi.berlin.de/services/wms/ua_boden_bindung_2020?request=GetCapabilities&service=WMS,,,"{""id"": ""48024"", ""bbox"": null, ""name"": ""NULL"", ""title"": ""Bindungsstärke für Schwermetalle der Böden 2020 (Umweltatlas)"", ""crs3857"": null, ""crs4326"": null, ""abstract"": ""Bindungsstärke für Schwermetalle der Böden auf Block- und Blockteilflächen-Basis, 1 : 5.000, Stand 2020."", ""keywords"": [], ""layer_name"": null, ""description"": ""Darstellungsdienst - Bindungsstärke für Schwermetalle der Böden 2020 (Umweltatlas) (WMS)"", ""service_type"": ""wms"", ""metadata_urls"": []}",spatial-extractor,2026-06-21 18:41:57.948 +0300
1025,https://registry.gdi-de.org/id/de.be.csw/533fea38-6de0-3174-8339-b0acc7b8e564,https://gdi.berlin.de/services/wms/so_moore2015?request=GetCapabilities&service=WMS,,,"{""id"": ""48032"", ""bbox"": null, ""name"": ""NULL"", ""title"": ""Boden im INSPIRE-Datenmodell (Moore)"", ""crs3857"": null, ""crs4326"": null, ""abstract"": ""Die Moorgebiete, Moorteilflächen und Aufnahmepunkte beschreiben die Verbreitungsräume, Bodentypen mit Erhaltungszustand, Mächtigkeiten und Kohlenstoffvorräte von Mooren in Berlin im INSPIRE-Datenmodell."", ""keywords"": [], ""layer_name"": null, ""description"": ""Darstellungsdienst - Boden im INSPIRE-Datenmodell (Moore) (WMS)"", ""service_type"": ""wms"", ""metadata_urls"": []}",spatial-extractor,2026-06-21 18:42:00.936 +0300
1026,r_lombar:e6ff8f10-1ec7-426e-9ba9-93c3f4ade8d5,https://www.cartografia.servizirl.it/arcgis1/services/territorio/Aree_RME_TitoloIV_PAI/MapServer/WMSServer?request=GetCapabilities&service=WMS,,,"{""id"": ""48053"", ""bbox"": null, ""name"": ""NULL"", ""title"": ""Aree RME vigenti - WMS"", ""crs3857"": null, ""crs4326"": null, ""abstract"": ""WMS"", ""keywords"": [], ""layer_name"": null, ""description"": ""NULL"", ""service_type"": ""wms"", ""metadata_urls"": []}",spatial-extractor,2026-06-21 18:42:01.637 +0300
1027,https://registry.gdi-de.org/id/de.be.csw/05c1911d-88bd-3099-8b51-16213d772c5a,https://gdi.berlin.de/services/wms/ua_boden_humus_2020?request=GetCapabilities&service=WMS,,,"{""id"": ""48062"", ""bbox"": null, ""name"": ""NULL"", ""title"": ""Humusmenge der Böden 2020 (Umweltatlas)"", ""crs3857"": null, ""crs4326"": null, ""abstract"": ""Darstellung der Humusmenge der Böden auf Block- und Blockteilflächen-Basis, 1 : 5.000, Stand 2020."", ""keywords"": [], ""layer_name"": null, ""description"": ""Darstellungsdienst - Humusmenge der Böden 2020 (Umweltatlas) (WMS)"", ""service_type"": ""wms"", ""metadata_urls"": []}",spatial-extractor,2026-06-21 18:42:06.634 +0300
1028,https://registry.gdi-de.org/id/de.be.csw/7f95e9b8-0364-36aa-9bfc-292d5fb00fac,https://gdi.berlin.de/services/wms/ua_moore?request=GetCapabilities&service=WMS,,,"{""id"": ""48072"", ""bbox"": null, ""name"": ""NULL"", ""title"": ""Moore (Umweltatlas)"", ""crs3857"": null, ""crs4326"": null, ""abstract"": ""Darstellung der Berliner Moore, ihrer Bodentypen und bodenkundlichen Profilaufnahmen"", ""keywords"": [], ""layer_name"": null, ""description"": ""Darstellungsdienst - Moore (Umweltatlas) (WMS)"", ""service_type"": ""wms"", ""metadata_urls"": []}",spatial-extractor,2026-06-21 18:42:07.469 +0300
1029,https://registry.gdi-de.org/id/de.be.csw/f4885d1d-6f90-3589-b749-2c97cb21de21,https://gdi.berlin.de/services/wms/ua_boden_naehrstoff_2020?request=GetCapabilities&service=WMS,,,"{""id"": ""48075"", ""bbox"": null, ""name"": ""NULL"", ""title"": ""Nährstoffversorgung des Oberbodens (S-Wert) 2020 (Umweltatlas)"", ""crs3857"": null, ""crs4326"": null, ""abstract"": ""Nährstoffversorgung der Oberböden (0 - 3 dm, S-Wert) auf Block- und Blockteilflächen-Basis, 1 : 5.000, Stand 2020."", ""keywords"": [], ""layer_name"": null, ""description"": ""Darstellungsdienst - Nährstoffversorgung des Oberbodens (S-Wert) 2020 (Umweltatlas) (WMS)"", ""service_type"": ""wms"", ""metadata_urls"": []}",spatial-extractor,2026-06-21 18:42:08.191 +0300
1030,r_lombar:0a90d4fe-8ae7-4a22-a269-ec04a7d4b63d,https://www.cartografia.servizirl.it/arcgis5/services/PRA/PRA_Valanghe/MapServer/WMSServer?,,,"{""id"": ""48081"", ""bbox"": null, ""name"": ""NULL"", ""title"": ""Aree di Distacco Potenziale (PRA - Potential Release Areas) - WMS"", ""crs3857"": null, ""crs4326"": null, ""abstract"": ""WMS"", ""keywords"": [], ""layer_name"": null, ""description"": ""NULL"", ""service_type"": ""wms"", ""metadata_urls"": []}",spatial-extractor,2026-06-21 18:42:08.826 +0300
1031,https://registry.gdi-de.org/id/de.be.csw/7897d313-d4f4-3c0c-8977-28e4ba99e84d,https://gdi.berlin.de/services/wms/ua_boden_wasserversorgung_2020?request=GetCapabilities&service=WMS,,,"{""id"": ""48088"", ""bbox"": null, ""name"": ""NULL"", ""title"": ""Wasserversorgung der Böden 2020 (Umweltatlas)"", ""crs3857"": null, ""crs4326"": null, ""abstract"": ""Wasserversorgung der Böden  auf Block- und Blockteilflächen-Basis, 1 : 5.000, Stand 2020."", ""keywords"": [], ""layer_name"": null, ""description"": ""Darstellungsdienst - Wasserversorgung der Böden 2020 (Umweltatlas) (WMS)"", ""service_type"": ""wms"", ""metadata_urls"": []}",spatial-extractor,2026-06-21 18:42:14.637 +0300
1032,r_lombar:599a7674-a9a2-4543-9d5b-6d0e4904ab8a,https://www.cartografia.servizirl.it/arcgis1/services/territorio/Dissesti_puntiformi_Art9_PAI/MapServer/WMSServer?request=GetCapabilities&service=WMS,,,"{""id"": ""48091"", ""bbox"": null, ""name"": ""NULL"", ""title"": ""Dissesti puntuali - WMS"", ""crs3857"": null, ""crs4326"": null, ""abstract"": ""WMS"", ""keywords"": [], ""layer_name"": null, ""description"": ""NULL"", ""service_type"": ""wms"", ""metadata_urls"": []}",spatial-extractor,2026-06-21 18:42:15.258 +0300
1033,https://registry.gdi-de.org/id/de.be.csw/47dfc3ed-1b0a-3797-93e8-3b4a37337b0e,https://gdi.berlin.de/services/wms/ua_boden_lebensfkt_2020?request=GetCapabilities&service=WMS,,,"{""id"": ""48095"", ""bbox"": null, ""name"": ""NULL"", ""title"": ""Lebensraumfunktion für naturnahe und seltene Pflanzengesellschaften der Böden 2020 (Umweltatlas)"", ""crs3857"": null, ""crs4326"": null, ""abstract"": ""Darstellung der Lebensraumfunktion der Böden für naturnahe und seltene Pflanzengesellschaften der Böden auf Block- und Blockteilflächen-Basis, 1 : 5.000, Stand 2020."", ""keywords"": [], ""layer_name"": null, ""description"": ""Darstellungsdienst - Lebensraumfunktion für naturnahe und seltene Pflanzengesellschaften der Böden 2020 (Umweltatlas) (WMS)"", ""service_type"": ""wms"", ""metadata_urls"": []}",spatial-extractor,2026-06-21 18:42:19.419 +0300
1034,https://registry.gdi-de.org/id/de.be.csw/bc2da03a-8fb3-317e-a3d0-c4c6b73f7099,https://gdi.berlin.de/services/wms/ua_boden_corg_2020?request=GetCapabilities&service=WMS,,,"{""id"": ""48097"", ""bbox"": null, ""name"": ""NULL"", ""title"": ""Organischer Kohlenstoffvorrat der Böden 2020 (Umweltatlas)"", ""crs3857"": null, ""crs4326"": null, ""abstract"": ""Darstellung des organischen Kohlenstoffvorrats der Böden auf Basis der Block- und Teilblockflächen der ISU5, 1 : 5.000, Stand 2020."", ""keywords"": [], ""layer_name"": null, ""description"": ""Darstellungsdienst - Organischer Kohlenstoffvorrat der Böden 2020 (Umweltatlas) (WMS)"", ""service_type"": ""wms"", ""metadata_urls"": []}",spatial-extractor,2026-06-21 18:42:20.352 +0300
1035,https://registry.gdi-de.org/id/de.be.csw/bcfd52c5-a39a-3a28-81fe-7ff125e2f58f,https://gdi.berlin.de/services/wms/so_bokw2020?request=GetCapabilities&service=WMS,,,"{""id"": ""48101"", ""bbox"": null, ""name"": ""NULL"", ""title"": ""Boden im INSPIRE-Datenmodell (Bodenkundliche Kennwerte 2020)"", ""crs3857"": null, ""crs4326"": null, ""abstract"": ""Die Bodenkundlichen Kennwerte setzen sich zusammen aus verschiedenen bodenkundlichen Daten in Berlin im INSPIRE-Datenmodell."", ""keywords"": [], ""layer_name"": null, ""description"": ""Darstellungsdienst - Boden im INSPIRE-Datenmodell (Bodenkundliche Kennwerte 2020) (WMS)"", ""service_type"": ""wms"", ""metadata_urls"": []}",spatial-extractor,2026-06-21 18:42:22.368 +0300
1036,e25d6117-ff65-4f0c-a776-e31df6153b7b,https://geoservices.wallonie.be/geoserver/inspire_so/ows?service=WMS&version=1.3.0&request=GetCapabilities,,,"{""id"": ""48106"", ""bbox"": null, ""name"": ""INSPIRE Sols - Service de visualisation WMS"", ""title"": null, ""crs3857"": false, ""crs4326"": false, ""abstract"": null, ""keywords"": [], ""layer_name"": null, ""description"": ""Adresse de connexion au service de visualisation WMS-Inspire des couches de données du thème \""Sols\""."", ""service_type"": ""wms"", ""metadata_urls"": []}",spatial-extractor,2026-06-21 18:42:23.081 +0300
1037,https://registry.gdi-de.org/id/de.be.csw/79d91507-b5bd-3394-93ee-6a5e136267f9,https://gdi.berlin.de/services/wms/so_boka?request=GetCapabilities&service=WMS,,,"{""id"": ""48110"", ""bbox"": null, ""name"": ""NULL"", ""title"": ""Boden im INSPIRE-Datenmodell (Bodenkundliche Kartierungen)"", ""crs3857"": null, ""crs4326"": null, ""abstract"": ""Übersicht über die im Land Berlin durchgeführten bodenkundlichen Gutachten oder Kartierungen im INSPIRE-Datenmodell, bei denen Bodenprofile dokumentiert und/oder großmaßstäbliche Bodenkartierungen erarbeitet wurden."", ""keywords"": [], ""layer_name"": null, ""description"": ""Darstellungsdienst - Boden im INSPIRE-Datenmodell (Bodenkundliche Kartierungen) (WMS)"", ""service_type"": ""wms"", ""metadata_urls"": []}",spatial-extractor,2026-06-21 18:42:24.404 +0300
1038,https://registry.gdi-de.org/id/de.be.csw/1f37b418-d573-3eb9-9e0d-1ee6df5869a9,https://gdi.berlin.de/services/wms/so_bogeboa2020?request=GetCapabilities&service=WMS,,,"{""id"": ""48121"", ""bbox"": null, ""name"": ""NULL"", ""title"": ""Boden im INSPIRE-Datenmodell (Bodengesellschaften und Bodenarten 2020)"", ""crs3857"": null, ""crs4326"": null, ""abstract"": ""Die Bodengesellschaften und Bodenarten beschreiben die Verbreitungsräume von Bodengesellschaften, Bodenarten und Torfarten in Berlin im INSPIRE-Datenmodell."", ""keywords"": [], ""layer_name"": null, ""description"": ""Darstellungsdienst - Boden im INSPIRE-Datenmodell (Bodengesellschaften und Bodenarten 2020) (WMS)"", ""service_type"": ""wms"", ""metadata_urls"": []}",spatial-extractor,2026-06-21 18:42:27.023 +0300
1039,e6eb5062-9088-4ded-872b-62015f9e5442,https://gislocal.md/geoserver/apl/wms,,,"{""id"": ""48139"", ""bbox"": [28.76291816212899, 46.92673129954461, 28.970165861518478, 47.06815032172972, ""CRS:84""], ""name"": ""s0100_fill_soil"", ""title"": ""Umpluturi de sol mun. Chișinău"", ""crs3857"": false, ""crs4326"": true, ""abstract"": null, ""keywords"": [""features"", ""s0100_fill_soil""], ""layer_name"": ""s0100_fill_soil"", ""description"": ""Umpluturi de sol mun. Chișinău"", ""service_type"": ""wms"", ""metadata_urls"": []}",spatial-extractor,2026-06-21 18:42:28.937 +0300
1040,https://registry.gdi-de.org/id/de.be.csw/422bbec1-6aff-3066-8da6-b3ecf5236e22,https://gdi.berlin.de/services/wms/ua_boden_filter_2020?request=GetCapabilities&service=WMS,,,"{""id"": ""48161"", ""bbox"": null, ""name"": ""NULL"", ""title"": ""Filtervermögen der Böden (kf-Wert) 2020 (Umweltatlas)"", ""crs3857"": null, ""crs4326"": null, ""abstract"": ""Filtervermögen der Böden (kf-Wert) auf Block- und Blockteilflächen-Basis, 1 : 5.000, Stand 2020."", ""keywords"": [], ""layer_name"": null, ""description"": ""Darstellungsdienst - Filtervermögen der Böden (kf-Wert) 2020 (Umweltatlas) (WMS)"", ""service_type"": ""wms"", ""metadata_urls"": []}",spatial-extractor,2026-06-21 18:42:31.646 +0300
1041,https://registry.gdi-de.org/id/de.be.csw/fabeb1cf-8a09-3940-9f5c-652d60924e3f,https://gdi.berlin.de/services/wms/so_bofplhi2020?request=GetCapabilities&service=WMS,,,"{""id"": ""48183"", ""bbox"": null, ""name"": ""NULL"", ""title"": ""Boden im INSPIRE-Datenmodell (Bodenfunktionen und Planungshinweise 2020)"", ""crs3857"": null, ""crs4326"": null, ""abstract"": ""Die Bodenfunktionen und Planungshinweise setzen sich zusammen aus verschiedenen Bodenfunktionen und den sich daraus ableitenden Bewertungen der Schutzwürdigkeit in Berlin im INSPIRE-Datenmodell."", ""keywords"": [], ""layer_name"": null, ""description"": ""Darstellungsdienst - Boden im INSPIRE-Datenmodell (Bodenfunktionen und Planungshinweise 2020) (WMS)"", ""service_type"": ""wms"", ""metadata_urls"": []}",spatial-extractor,2026-06-21 18:42:33.246 +0300
1042,https://registry.gdi-de.org/id/de.be.csw/3c3d6dfc-b127-3c7d-971f-207ed5b9d206,https://gdi.berlin.de/services/wms/ua_boden_leist_2020?request=GetCapabilities&service=WMS,,,"{""id"": ""48192"", ""bbox"": null, ""name"": ""NULL"", ""title"": ""Leistungsfähigkeit der Böden 2020 (Umweltatlas)"", ""crs3857"": null, ""crs4326"": null, ""abstract"": ""Darstellung der Leistungsfähigkeit der Böden zur Erfüllung der natürlichen Bodenfunktion und der Archivfunktion auf Block- und Blockteilflächen-Basis, 1 : 5.000, Stand 2020."", ""keywords"": [], ""layer_name"": null, ""description"": ""Darstellungsdienst - Leistungsfähigkeit der Böden 2020 (Umweltatlas) (WMS)"", ""service_type"": ""wms"", ""metadata_urls"": []}",spatial-extractor,2026-06-21 18:42:35.269 +0300
1043,ESMAGRAMAINESMOVMASA20110616000,https://wms.mapama.gob.es/sig/Biodiversidad/INESMovimientosMasa,,,"{""error"": ""Could not open file with GDAL (unsupported format or inaccessible)""}",spatial-extractor,2026-06-21 18:42:37.207 +0300
1044,arls_031:m10581-cc-i10499,https://serviziogc.regione.fvg.it/geoserver/ERSA/wms?request=GetCapabilities&service=wms&version=1.3.0,,,"{""id"": ""48211"", ""bbox"": null, ""name"": ""NULL"", ""title"": ""GeoServer Web Map Service IRDAT FVG"", ""crs3857"": null, ""crs4326"": null, ""abstract"": ""Service for pubblication of the geographic informations of the region Friuli Venezia Giulia using the WFS OpenGIS standard."", ""keywords"": [], ""layer_name"": null, ""description"": ""NULL"", ""service_type"": ""wms"", ""metadata_urls"": []}",spatial-extractor,2026-06-21 18:42:38.237 +0300
1045,arls_031:m10581-cc-i10499,https://serviziogc.regione.fvg.it/geoserver/ERSA/wfs?request=GetCapabilities&service=wfs&version=2.0.0,,,"{""id"": ""48212"", ""bbox"": null, ""name"": ""NULL"", ""title"": null, ""schema"": null, ""crs3857"": false, ""crs4326"": false, ""abstract"": null, ""keywords"": [], ""layer_name"": null, ""description"": ""NULL"", ""service_type"": ""wfs"", ""metadata_urls"": []}",spatial-extractor,2026-06-21 18:42:39.432 +0300
1046,https://registry.gdi-de.org/id/de.be.csw/53647440-0bce-300d-88a2-e8a95a1c0891,https://gdi.berlin.de/services/wms/so_bofplhi2020?request=GetCapabilities&service=WMS,,,"{""id"": ""48231"", ""bbox"": null, ""name"": ""NULL"", ""title"": ""Boden im INSPIRE-Datenmodell (Bodenfunktionen und Planungshinweise 2020)"", ""crs3857"": null, ""crs4326"": null, ""abstract"": ""Die Bodenfunktionen und Planungshinweise setzen sich zusammen aus verschiedenen Bodenfunktionen und den sich daraus ableitenden Bewertungen der Schutzwürdigkeit in Berlin im INSPIRE-Datenmodell."", ""keywords"": [], ""layer_name"": null, ""description"": ""Darstellungsdienst - Boden im INSPIRE-Datenmodell (Bodenfunktionen und Planungshinweise 2020) (WMS)"", ""service_type"": ""wms"", ""metadata_urls"": []}",spatial-extractor,2026-06-21 18:42:43.809 +0300
1047,https://registry.gdi-de.org/id/de.be.csw/82fa2fef-6087-3cd3-b903-3c5a77edb1c2,https://gdi.berlin.de/services/wms/ua_boden_archivfkt_2020?request=GetCapabilities&service=WMS,,,"{""id"": ""48283"", ""bbox"": null, ""name"": ""NULL"", ""title"": ""Archivfunktion der Böden für die Naturgeschichte 2020 (Umweltatlas)"", ""crs3857"": null, ""crs4326"": null, ""abstract"": ""Darstellung der Archivfunktion der Böden für die Naturgeschichte auf Block- und Blockteilflächen-Basis, 1 : 5.000, Stand 2020."", ""keywords"": [], ""layer_name"": null, ""description"": ""Darstellungsdienst - Archivfunktion der Böden für die Naturgeschichte 2020 (Umweltatlas) (WMS)"", ""service_type"": ""wms"", ""metadata_urls"": []}",spatial-extractor,2026-06-21 18:42:45.807 +0300
1048,r_friuve:m4005-cc-i4087,https://serviziogc.regione.fvg.it/geoserver/CAR_GEO/wms?request=GetCapabilities&service=wms&version=1.3.0,,,"{""id"": ""48307"", ""bbox"": null, ""name"": ""NULL"", ""title"": ""GeoServer Web Map Service IRDAT FVG"", ""crs3857"": null, ""crs4326"": null, ""abstract"": ""Service for pubblication of the geographic informations of the region Friuli Venezia Giulia using the WFS OpenGIS standard."", ""keywords"": [], ""layer_name"": null, ""description"": ""NULL"", ""service_type"": ""wms"", ""metadata_urls"": []}",spatial-extractor,2026-06-21 18:42:46.466 +0300
1049,r_friuve:m4005-cc-i4087,https://serviziogc.regione.fvg.it/geoserver/CAR_GEO/wfs?request=GetCapabilities&service=wfs&version=2.0.0,,,"{""id"": ""48308"", ""bbox"": null, ""name"": ""NULL"", ""title"": null, ""schema"": null, ""crs3857"": false, ""crs4326"": false, ""abstract"": null, ""keywords"": [], ""layer_name"": null, ""description"": ""NULL"", ""service_type"": ""wfs"", ""metadata_urls"": []}",spatial-extractor,2026-06-21 18:42:47.532 +0300
1050,https://registry.gdi-de.org/id/de.be.csw/5f93b130-3802-3a3b-a1d7-4617cc011584,https://gdi.berlin.de/services/wms/ua_boden_bklov_2020?request=GetCapabilities&service=WMS,,,"{""id"": ""48324"", ""bbox"": null, ""name"": ""NULL"", ""title"": ""Kühlleistung der Böden ohne Berücksichtigung der Versiegelung 2020 (Umweltatlas)"", ""crs3857"": null, ""crs4326"": null, ""abstract"": ""Darstellung der Kühlleistung der Böden ohne Berücksichtigung der Versiegelung (Verdunstung und Kühlenergie) auf Grundlage der Bodeneigenschaften auf Block- und Blockteilflächen-Basis, 1 : 5.000, Stand 2020."", ""keywords"": [], ""layer_name"": null, ""description"": ""Darstellungsdienst - Kühlleistung der Böden ohne Berücksichtigung der Versiegelung 2020 (Umweltatlas) (WMS)"", ""service_type"": ""wms"", ""metadata_urls"": []}",spatial-extractor,2026-06-21 18:42:48.471 +0300
1051,874b2bf3-238e-478a-b03d-098e7eb529f3,https://www.dov.vlaanderen.be/geoserver-inspire/soilbody/wfs?,,,"{""error"": null}",spatial-extractor,2026-06-21 18:42:49.097 +0300
1052,874b2bf3-238e-478a-b03d-098e7eb529f3,https://www.dov.vlaanderen.be/geoserver-inspire/soilbody/wfs?service=WFS&version=2.0.0&request=GetFeature,,,"{""error"": null}",spatial-extractor,2026-06-21 18:42:53.031 +0300
1053,ESMAGRAMAWMSINESEROLAM20110616000,https://wms.mapama.gob.es/sig/Biodiversidad/INESErosionLaminarRaster,,,"{""error"": ""Could not open file with GDAL (unsupported format or inaccessible)""}",spatial-extractor,2026-06-21 18:42:54.406 +0300
1054,bd9e3350-eccc-4b0e-af08-fb39441a7b27,https://www.dov.vlaanderen.be/geoserver-inspire/biologicalparameter/wfs?,,,"{""error"": null}",spatial-extractor,2026-06-21 18:42:56.439 +0300
1055,bd9e3350-eccc-4b0e-af08-fb39441a7b27,https://www.dov.vlaanderen.be/geoserver-inspire/biologicalparameter/wfs?service=WFS&version=2.0.0&request=GetFeature,,,"{""error"": null}",spatial-extractor,2026-06-21 18:43:00.442 +0300
1056,https://registry.gdi-de.org/id/de.be.csw/9d7dc063-b29b-3735-a881-35d4958f473a,https://gdi.berlin.de/services/wms/bodenpunktdatenbank?request=GetCapabilities&service=WMS,,,"{""id"": ""48344"", ""bbox"": null, ""name"": ""NULL"", ""title"": ""Bodenpunktdatenbank"", ""crs3857"": null, ""crs4326"": null, ""abstract"": ""Bodenpunktdatenbestand des Landes Berlin bestehend aus punktuellen Untersuchungsergebnissen bodenkundlicher Aufnahmen ab 1971 durch Universitäten sowie Planungs- und Ingenieurbüros in Form von Bodenprofilaufnahmen und -darstellungen auf Grundlage der Bodenkundlichen Kartieranleitung KA5 sowie der Anleitung für die bodenkundliche Kartierung im Land Berlin."", ""keywords"": [], ""layer_name"": null, ""description"": ""Darstellungsdienst - Bodenpunktdatenbank (WMS)"", ""service_type"": ""wms"", ""metadata_urls"": []}",spatial-extractor,2026-06-21 18:43:02.778 +0300
1057,https://registry.gdi-de.org/id/de.be.csw/7c59bcbd-4086-3c87-a679-1cce480d054b,https://gdi.berlin.de/services/wms/ua_boden_bklmv_2020?request=GetCapabilities&service=WMS,,,"{""id"": ""48348"", ""bbox"": null, ""name"": ""NULL"", ""title"": ""Kühlleistung der Böden mit Berücksichtigung der Versiegelung 2020 (Umweltatlas)"", ""crs3857"": null, ""crs4326"": null, ""abstract"": ""Darstellung der Kühlleistung der Böden mit Berücksichtigung der Versiegelung (Verdunstung und Kühlenergie) auf Grundlage der Bodeneigenschaften auf Block- und Blockteilflächen-Basis, 1 : 5.000, Stand 2020."", ""keywords"": [], ""layer_name"": null, ""description"": ""Darstellungsdienst - Kühlleistung der Böden mit Berücksichtigung der Versiegelung 2020 (Umweltatlas) (WMS)"", ""service_type"": ""wms"", ""metadata_urls"": []}",spatial-extractor,2026-06-21 18:43:03.406 +0300
1058,r_piemon:90453476-6f0f-4f76-8f0e-0aa4452bddc9,https://gisserver.territorio.csi.it/geoserver/decsiraogc_idf_pop_seme/wms?,,,"{""id"": ""48363"", ""bbox"": [6.61635289764599, 44.12296460260081, 9.210325712539392, 46.34673497229297, ""CRS:84""], ""name"": ""PopSeme"", ""title"": ""Risorse genetiche forestali"", ""crs3857"": true, ""crs4326"": true, ""abstract"": null, ""keywords"": [], ""layer_name"": ""PopSeme"", ""description"": ""NULL"", ""service_type"": ""wms"", ""metadata_urls"": []}",spatial-extractor,2026-06-21 18:43:04.229 +0300
1059,r_piemon:90453476-6f0f-4f76-8f0e-0aa4452bddc9,https://gisserver.territorio.csi.it/geoserver/decsiraogc_idf_pop_seme/wfs?,,,"{""error"": null}",spatial-extractor,2026-06-21 18:43:04.886 +0300
1060,909fe1f8-4c85-46cb-b16f-c70f7981c01e,https://gislocal.md/geoserver/apl/wfs,,,"{""error"": null}",spatial-extractor,2026-06-21 18:43:06.743 +0300
1061,r_friuve:m3985-cc-i4001,https://serviziogc.regione.fvg.it/geoserver/CAR_GEO/wms?request=GetCapabilities&service=wms&version=1.3.0,,,"{""id"": ""48386"", ""bbox"": null, ""name"": ""NULL"", ""title"": ""GeoServer Web Map Service IRDAT FVG"", ""crs3857"": null, ""crs4326"": null, ""abstract"": ""Service for pubblication of the geographic informations of the region Friuli Venezia Giulia using the WFS OpenGIS standard."", ""keywords"": [], ""layer_name"": null, ""description"": ""NULL"", ""service_type"": ""wms"", ""metadata_urls"": []}",spatial-extractor,2026-06-21 18:43:08.221 +0300
1062,r_friuve:m3985-cc-i4001,https://serviziogc.regione.fvg.it/geoserver/CAR_GEO/wfs?request=GetCapabilities&service=wfs&version=2.0.0,,,"{""id"": ""48387"", ""bbox"": null, ""name"": ""NULL"", ""title"": null, ""schema"": null, ""crs3857"": false, ""crs4326"": false, ""abstract"": null, ""keywords"": [], ""layer_name"": null, ""description"": ""NULL"", ""service_type"": ""wfs"", ""metadata_urls"": []}",spatial-extractor,2026-06-21 18:43:09.103 +0300
1063,https://registry.gdi-de.org/id/de.be.csw/9906ef04-afe0-300e-ba93-b8387e304768,https://gdi.berlin.de/services/wms/ua_boden_bodplan_2020?request=GetCapabilities&service=WMS,,,"{""id"": ""48388"", ""bbox"": null, ""name"": ""NULL"", ""title"": ""Planungshinweise zum Bodenschutz 2020 (Umweltatlas)"", ""crs3857"": null, ""crs4326"": null, ""abstract"": ""Darstellung der unterschiedlichen Wertigkeit der Flächen hinsichtlich der Anforderungen des vorsorgenden Bodenschutzes auf Block- und Blockteilflächen-Basis, 1 : 5.000, Stand 2020."", ""keywords"": [], ""layer_name"": null, ""description"": ""Darstellungsdienst - Planungshinweise zum Bodenschutz 2020 (Umweltatlas) (WMS)"", ""service_type"": ""wms"", ""metadata_urls"": []}",spatial-extractor,2026-06-21 18:43:10.463 +0300
1064,https://registry.gdi-de.org/id/de.be.csw/b144655f-7cea-3867-bfe4-75fd2c07791f,https://gdi.berlin.de/services/wms/ua_bodenarten_2020?request=GetCapabilities&service=WMS,,,"{""id"": ""48402"", ""bbox"": null, ""name"": ""NULL"", ""title"": ""Bodenarten 2020 (Umweltatlas)"", ""crs3857"": null, ""crs4326"": null, ""abstract"": ""Bodenarten auf Block- und Blockteilflächen-Basis, 1 : 5.000, Stand 2020."", ""keywords"": [], ""layer_name"": null, ""description"": ""Darstellungsdienst - Bodenarten 2020 (Umweltatlas) (WMS)"", ""service_type"": ""wms"", ""metadata_urls"": []}",spatial-extractor,2026-06-21 18:43:11.124 +0300
1065,r_lombar:c90c42ea-bc38-4f33-aab6-0307dd34a99c,https://www.cartografia.servizirl.it/arcgis1/services/territorio/Dissesti_lineari_Art9_PAI/MapServer/WMSServer?request=GetCapabilities&service=WMS,,,"{""id"": ""48412"", ""bbox"": null, ""name"": ""NULL"", ""title"": ""Dissesti lineari - WMS"", ""crs3857"": null, ""crs4326"": null, ""abstract"": ""WMS"", ""keywords"": [], ""layer_name"": null, ""description"": ""NULL"", ""service_type"": ""wms"", ""metadata_urls"": []}",spatial-extractor,2026-06-21 18:43:12.063 +0300
1066,r_friuve:m3975-cc-i1479,https://serviziogc.regione.fvg.it/geoserver/CAR_GEO/wms?request=GetCapabilities&service=wms&version=1.3.0,,,"{""id"": ""48424"", ""bbox"": null, ""name"": ""NULL"", ""title"": ""GeoServer Web Map Service IRDAT FVG"", ""crs3857"": null, ""crs4326"": null, ""abstract"": ""Service for pubblication of the geographic informations of the region Friuli Venezia Giulia using the WFS OpenGIS standard."", ""keywords"": [], ""layer_name"": null, ""description"": ""NULL"", ""service_type"": ""wms"", ""metadata_urls"": []}",spatial-extractor,2026-06-21 18:43:14.850 +0300
1067,r_friuve:m3975-cc-i1479,https://serviziogc.regione.fvg.it/geoserver/CAR_GEO/wfs?request=GetCapabilities&service=wfs&version=2.0.0,,,"{""id"": ""48425"", ""bbox"": null, ""name"": ""NULL"", ""title"": null, ""schema"": null, ""crs3857"": false, ""crs4326"": false, ""abstract"": null, ""keywords"": [], ""layer_name"": null, ""description"": ""NULL"", ""service_type"": ""wfs"", ""metadata_urls"": []}",spatial-extractor,2026-06-21 18:43:15.726 +0300
1068,r_lombar:73d5ef45-6424-4d1a-9acc-2898f9c72b5d,https://www.cartografia.servizirl.it/expo/services/gpt/comuni_emergenza_sismica/MapServer/WMSServer?,,,"{""id"": ""48465"", ""bbox"": null, ""name"": ""NULL"", ""title"": ""Comuni emergenza sismica - WMS"", ""crs3857"": null, ""crs4326"": null, ""abstract"": ""WMS"", ""keywords"": [], ""layer_name"": null, ""description"": ""NULL"", ""service_type"": ""wms"", ""metadata_urls"": []}",spatial-extractor,2026-06-21 18:43:16.801 +0300
1069,r_lombar:22214824-4535-4d3d-bce6-e7ca4896b7d8,https://www.cartografia.servizirl.it/arcgis1/services/territorio/progetto_strategico_seveso/MapServer/WMSServer?,,,"{""id"": ""48435"", ""bbox"": null, ""name"": ""NULL"", ""title"": ""Progetto strategico del torrente Seveso - WMS"", ""crs3857"": null, ""crs4326"": null, ""abstract"": ""WMS"", ""keywords"": [], ""layer_name"": null, ""description"": ""NULL"", ""service_type"": ""wms"", ""metadata_urls"": []}",spatial-extractor,2026-06-21 18:43:18.306 +0300
1081,r_lombar:63cd7255-3955-469e-afbb-1f56e0933a5a,https://www.cartografia.servizirl.it/arcgis1/services/territorio/Microzonazione_sismica/MapServer/WMSServer?,,,"{""id"": ""48531"", ""bbox"": null, ""name"": ""NULL"", ""title"": ""Microzonazione sismica - WMS"", ""crs3857"": null, ""crs4326"": null, ""abstract"": ""WMS"", ""keywords"": [], ""layer_name"": null, ""description"": ""NULL"", ""service_type"": ""wms"", ""metadata_urls"": []}",spatial-extractor,2026-06-21 18:43:45.224 +0300
1070,https://registry.gdi-de.org/id/de.be.csw/8362c977-a6cc-36da-b434-e2de5ee823a6,https://gdi.berlin.de/services/wms/ua_boden_kf_2020?request=GetCapabilities&service=WMS,,,"{""id"": ""48436"", ""bbox"": null, ""name"": ""NULL"", ""title"": ""Gesättigte Wasserleitfähigkeit (kf-Wert) 2020 (Umweltatlas)"", ""crs3857"": null, ""crs4326"": null, ""abstract"": ""Darstellung der gesättigten Wasserleitfähigkeit der Böden (kf-Wert) bis in 1 m Tiefe auf Block- und Blockteilflächen-Basis, 1 : 5.000, Stand 2020."", ""keywords"": [], ""layer_name"": null, ""description"": ""Darstellungsdienst - Gesättigte Wasserleitfähigkeit (kf-Wert) der Böden 2020 (Umweltatlas) (WMS)"", ""service_type"": ""wms"", ""metadata_urls"": []}",spatial-extractor,2026-06-21 18:43:19.814 +0300
1071,https://registry.gdi-de.org/id/de.be.csw/20ad8cd6-d70f-3ae7-8254-49b1b2de2a06,https://gdi.berlin.de/services/wms/ua_bodenarten_2020?request=GetCapabilities&service=WMS,,,"{""id"": ""48478"", ""bbox"": null, ""name"": ""NULL"", ""title"": ""Bodenarten 2020 (Umweltatlas)"", ""crs3857"": null, ""crs4326"": null, ""abstract"": ""Bodenarten auf Block- und Blockteilflächen-Basis, 1 : 5.000, Stand 2020."", ""keywords"": [], ""layer_name"": null, ""description"": ""Darstellungsdienst - Bodenarten 2020 (Umweltatlas) (WMS)"", ""service_type"": ""wms"", ""metadata_urls"": []}",spatial-extractor,2026-06-21 18:43:20.609 +0300
1072,https://registry.gdi-de.org/id/de.be.csw/20ad8cd6-d70f-3ae7-8254-49b1b2de2a06,https://gdi.berlin.de/services/wms/ua_boden_nfk30_2020?request=GetCapabilities&service=WMS,,,"{""id"": ""48479"", ""bbox"": null, ""name"": ""NULL"", ""title"": ""Nutzbare Feldkapazität der Böden für Flachwurzler 2020 (Umweltatlas)"", ""crs3857"": null, ""crs4326"": null, ""abstract"": ""Darstellung der nutzbaren Feldkapazität für Flachwurzler auf Block- und Blockteilflächen-Basis, 1 : 5.000, Stand 2020."", ""keywords"": [], ""layer_name"": null, ""description"": ""Darstellungsdienst - Nutzbare Feldkapazität der Böden für Flachwurzler 2020 (Umweltatlas) (WMS)"", ""service_type"": ""wms"", ""metadata_urls"": []}",spatial-extractor,2026-06-21 18:43:22.368 +0300
1073,https://registry.gdi-de.org/id/de.be.csw/20ad8cd6-d70f-3ae7-8254-49b1b2de2a06,https://gdi.berlin.de/services/wms/ua_boden_nfkwe_2020?request=GetCapabilities&service=WMS,,,"{""id"": ""48480"", ""bbox"": null, ""name"": ""NULL"", ""title"": ""Nutzbare Feldkapazität der Böden des effektiven Wurzelraumes 2020 (Umweltatlas)"", ""crs3857"": null, ""crs4326"": null, ""abstract"": ""Darstellung der nutzbaren Feldkapazität des effektiven Wurzelraumes auf Block- und Blockteilflächen-Basis, 1 : 5.000, Stand 2020."", ""keywords"": [], ""layer_name"": null, ""description"": ""Darstellungsdienst - Nutzbare Feldkapazität der Böden des effektiven Wurzelraumes 2020 (Umweltatlas) (WMS)"", ""service_type"": ""wms"", ""metadata_urls"": []}",spatial-extractor,2026-06-21 18:43:23.024 +0300
1074,https://registry.gdi-de.org/id/de.be.csw/20ad8cd6-d70f-3ae7-8254-49b1b2de2a06,https://gdi.berlin.de/services/wms/ua_boden_humus_2020?request=GetCapabilities&service=WMS,,,"{""id"": ""48481"", ""bbox"": null, ""name"": ""NULL"", ""title"": ""Humusmenge der Böden 2020 (Umweltatlas)"", ""crs3857"": null, ""crs4326"": null, ""abstract"": ""Darstellung der Humusmenge der Böden auf Block- und Blockteilflächen-Basis, 1 : 5.000, Stand 2020."", ""keywords"": [], ""layer_name"": null, ""description"": ""Darstellungsdienst - Humusmenge der Böden 2020 (Umweltatlas) (WMS)"", ""service_type"": ""wms"", ""metadata_urls"": []}",spatial-extractor,2026-06-21 18:43:23.670 +0300
1075,https://registry.gdi-de.org/id/de.be.csw/20ad8cd6-d70f-3ae7-8254-49b1b2de2a06,https://gdi.berlin.de/services/wms/ua_boden_ph_2020?request=GetCapabilities&service=WMS,,,"{""id"": ""48482"", ""bbox"": null, ""name"": ""NULL"", ""title"": ""pH-Werte des Oberbodens 2020 (Umweltatlas)"", ""crs3857"": null, ""crs4326"": null, ""abstract"": ""Darstellung der pH-Werte des Oberbodens auf Block- und Blockteilflächen-Basis, 1 : 5.000, Stand 2020."", ""keywords"": [], ""layer_name"": null, ""description"": ""Darstellungsdienst - pH-Werte des Oberbodens 2020 (Umweltatlas) (WMS)"", ""service_type"": ""wms"", ""metadata_urls"": []}",spatial-extractor,2026-06-21 18:43:24.502 +0300
1076,https://registry.gdi-de.org/id/de.be.csw/20ad8cd6-d70f-3ae7-8254-49b1b2de2a06,https://gdi.berlin.de/services/wms/ua_boden_sumkat_2020?request=GetCapabilities&service=WMS,,,"{""id"": ""48483"", ""bbox"": null, ""name"": ""NULL"", ""title"": ""Summe austauschbarer basischer Kationen des Oberbodens (S-Wert) 2020 (Umweltatlas)"", ""crs3857"": null, ""crs4326"": null, ""abstract"": ""Darstellung der Summe austauschbarer basischer Kationen des Oberbodens (S-Wert, 0 - 3 dm) auf Block- und Blockteilflächen-Basis, 1 : 5.000, Stand 2020."", ""keywords"": [], ""layer_name"": null, ""description"": ""Darstellungsdienst - Summe austauschbarer basischer Kationen des Oberbodens (S-Wert) 2020 (Umweltatlas) (WMS)"", ""service_type"": ""wms"", ""metadata_urls"": []}",spatial-extractor,2026-06-21 18:43:25.131 +0300
1077,https://registry.gdi-de.org/id/de.be.csw/20ad8cd6-d70f-3ae7-8254-49b1b2de2a06,https://gdi.berlin.de/services/wms/ua_boden_kakeff_2020?request=GetCapabilities&service=WMS,,,"{""id"": ""48484"", ""bbox"": null, ""name"": ""NULL"", ""title"": ""Mittlere effektive Kationenaustauschkapazität (KAKeff) 2020 (Umweltatlas)"", ""crs3857"": null, ""crs4326"": null, ""abstract"": ""Darstellung des mittlere effektive Kationenaustauschkapazität (KAKeff) der Böden auf Block- und Blockteilflächen-Basis, 1 : 5.000, Stand 2015."", ""keywords"": [], ""layer_name"": null, ""description"": ""Darstellungsdienst - Mittlere effektive Kationenaustauschkapazität (KAKeff) der Böden 2020 (Umweltatlas) (WMS)"", ""service_type"": ""wms"", ""metadata_urls"": []}",spatial-extractor,2026-06-21 18:43:25.790 +0300
1078,https://registry.gdi-de.org/id/de.be.csw/20ad8cd6-d70f-3ae7-8254-49b1b2de2a06,https://gdi.berlin.de/services/wms/ua_boden_kf_2020?request=GetCapabilities&service=WMS,,,"{""id"": ""48485"", ""bbox"": null, ""name"": ""NULL"", ""title"": ""Gesättigte Wasserleitfähigkeit (kf-Wert) 2020 (Umweltatlas)"", ""crs3857"": null, ""crs4326"": null, ""abstract"": ""Darstellung der gesättigten Wasserleitfähigkeit der Böden (kf-Wert) bis in 1 m Tiefe auf Block- und Blockteilflächen-Basis, 1 : 5.000, Stand 2020."", ""keywords"": [], ""layer_name"": null, ""description"": ""Darstellungsdienst - Gesättigte Wasserleitfähigkeit (kf-Wert) der Böden 2020 (Umweltatlas) (WMS)"", ""service_type"": ""wms"", ""metadata_urls"": []}",spatial-extractor,2026-06-21 18:43:26.722 +0300
1079,https://registry.gdi-de.org/id/de.be.csw/20ad8cd6-d70f-3ae7-8254-49b1b2de2a06,https://gdi.berlin.de/services/wms/ua_boden_corg_2020?request=GetCapabilities&service=WMS,,,"{""id"": ""48486"", ""bbox"": null, ""name"": ""NULL"", ""title"": ""Organischer Kohlenstoffvorrat der Böden 2020 (Umweltatlas)"", ""crs3857"": null, ""crs4326"": null, ""abstract"": ""Darstellung des organischen Kohlenstoffvorrats der Böden auf Basis der Block- und Teilblockflächen der ISU5, 1 : 5.000, Stand 2020."", ""keywords"": [], ""layer_name"": null, ""description"": ""Darstellungsdienst - Organischer Kohlenstoffvorrat der Böden 2020 (Umweltatlas) (WMS)"", ""service_type"": ""wms"", ""metadata_urls"": []}",spatial-extractor,2026-06-21 18:43:27.391 +0300
1080,R_SARDEG:d56d4a44-c331-42d8-a995-efb940a3e915_resource,https://webgis.regione.sardegna.it/geoserver/ows?service=WMS&version=1.3.0&request=GetCapabilities,,,"{""id"": ""48514"", ""bbox"": null, ""name"": ""NULL"", ""title"": ""GeoServer Web Map Service"", ""crs3857"": null, ""crs4326"": null, ""abstract"": ""A compliant implementation of WMS plus most of the SLD extension (dynamic styling). Can also generate PDF, SVG, KML, GeoRSS"", ""keywords"": [], ""layer_name"": null, ""description"": ""NULL"", ""service_type"": ""wms"", ""metadata_urls"": []}",spatial-extractor,2026-06-21 18:43:41.522 +0300
1082,https://registry.gdi-de.org/id/de.be.csw/deb08fa8-2449-3fcc-85df-35f03e3f56f2,https://gdi.berlin.de/services/wms/mmk2004?request=GetCapabilities&service=WMS,,,"{""id"": ""48584"", ""bbox"": null, ""name"": ""NULL"", ""title"": ""Mittelmaßstäbige Landwirtschaftliche Standortkartierung (MMK)"", ""crs3857"": null, ""crs4326"": null, ""abstract"": ""Die Mittelmaßstäbige Landwirtschaftliche Standortkartierung wurde in der ehem. DDR in den 1970er Jahren als bodenkundliches Grundlagenwerk für die Landwirtschaft erarbeitet. In Berlin wurden nur die landwirtschaftlichen Flächen im Nordosten erfasst."", ""keywords"": [], ""layer_name"": null, ""description"": ""Darstellungsdienst - Mittelmaßstäbige Landwirtschaftliche Standortkartierung (MMK) (WMS)"", ""service_type"": ""wms"", ""metadata_urls"": []}",spatial-extractor,2026-06-21 18:43:50.436 +0300
1083,https://registry.gdi-de.org/id/de.be.csw/1f5a607c-0133-3f6d-b655-08f777f20ff2,https://gdi.berlin.de/services/wms/ua_boden_naturnaehe_2020?request=GetCapabilities&service=WMS,,,"{""id"": ""48591"", ""bbox"": null, ""name"": ""NULL"", ""title"": ""Naturnähe der Böden 2020 (Umweltatlas)"", ""crs3857"": null, ""crs4326"": null, ""abstract"": ""Naturnähe der Böden auf Block- und Blockteilflächen-Basis, 1 : 5.000, Stand 2020."", ""keywords"": [], ""layer_name"": null, ""description"": ""Darstellungsdienst - Naturnähe der Böden 2020 (Umweltatlas) (WMS)"", ""service_type"": ""wms"", ""metadata_urls"": []}",spatial-extractor,2026-06-21 18:43:51.224 +0300
1084,r_lombar:e6bcffe3-73de-4681-8e7e-3be5cb50c70a,https://www.cartografia.servizirl.it/arcgis4/services/caspita/BDGdS_view/MapServer/WMSServer?,,,"{""id"": ""48608"", ""bbox"": null, ""name"": ""NULL"", ""title"": ""Banca Dati Geologica del Sottosuolo - WMS"", ""crs3857"": null, ""crs4326"": null, ""abstract"": ""WMS"", ""keywords"": [], ""layer_name"": null, ""description"": ""NULL"", ""service_type"": ""wms"", ""metadata_urls"": []}",spatial-extractor,2026-06-21 18:43:51.868 +0300
1085,https://registry.gdi-de.org/id/de.be.csw/8cef0509-eb86-3fee-926f-96538d5f6b99,https://gdi.berlin.de/services/wms/ua_boden_austauschh_2020?request=GetCapabilities&service=WMS,,,"{""id"": ""48610"", ""bbox"": null, ""name"": ""NULL"", ""title"": ""Austauschhäufigkeit des Bodenwassers 2020 (Umweltatlas)"", ""crs3857"": null, ""crs4326"": null, ""abstract"": ""Austauschhäufigkeit des Bodenwassers auf Block- und Blockteilflächen-Basis, 1 : 5.000, Stand 2020."", ""keywords"": [], ""layer_name"": null, ""description"": ""Darstellungsdienst - Austauschhäufigkeit des Bodenwassers 2020 (Umweltatlas) (WMS)"", ""service_type"": ""wms"", ""metadata_urls"": []}",spatial-extractor,2026-06-21 18:43:54.032 +0300
1086,ESMAGRAMAINESEROCAU20110616000,https://wms.mapama.gob.es/sig/Biodiversidad/INESErosionCauces,,,"{""error"": ""Could not open file with GDAL (unsupported format or inaccessible)""}",spatial-extractor,2026-06-21 18:43:54.663 +0300
1087,46a5e845-54ac-47d4-af13-3aa49d26d91f,https://www.dov.vlaanderen.be/geoserver-inspire/chemicalparameter/wms?,,,"{""id"": ""48628"", ""bbox"": null, ""name"": ""chemicalparameter:chemicalParameter"", ""title"": null, ""crs3857"": false, ""crs4326"": false, ""abstract"": null, ""keywords"": [], ""layer_name"": null, ""description"": ""WMS-endpoint INSPIRE geharmoniseerd - Chemische parameter"", ""service_type"": ""wms"", ""metadata_urls"": []}",spatial-extractor,2026-06-21 18:43:56.434 +0300
1088,46a5e845-54ac-47d4-af13-3aa49d26d91f,https://www.dov.vlaanderen.be/geoserver-inspire/chemicalparameter/wms?SERVICE=WMS&version=1.3.0&request=GetCapabilities,,,"{""id"": ""48629"", ""bbox"": null, ""name"": ""chemicalparameter:chemicalParameter"", ""title"": null, ""crs3857"": false, ""crs4326"": false, ""abstract"": null, ""keywords"": [], ""layer_name"": null, ""description"": ""WMS-capabilities INSPIRE geharmoniseerd - Chemische parameter"", ""service_type"": ""wms"", ""metadata_urls"": []}",spatial-extractor,2026-06-21 18:43:57.178 +0300
1089,46a5e845-54ac-47d4-af13-3aa49d26d91f,https://www.dov.vlaanderen.be/geoserver-inspire/chemicalparameter/wms?SERVICE=WMS&version=1.3.0&request=GetMap,,,"{""id"": ""48630"", ""bbox"": null, ""name"": ""chemicalparameter:chemicalParameter"", ""title"": null, ""crs3857"": false, ""crs4326"": false, ""abstract"": null, ""keywords"": [], ""layer_name"": null, ""description"": ""WMS-map INSPIRE geharmoniseerd - Chemische parameter"", ""service_type"": ""wms"", ""metadata_urls"": []}",spatial-extractor,2026-06-21 18:43:58.055 +0300
1090,46a5e845-54ac-47d4-af13-3aa49d26d91f,https://www.dov.vlaanderen.be/geoserver-inspire/chemicalparameter/wfs?,,,"{""error"": null}",spatial-extractor,2026-06-21 18:43:58.721 +0300
1092,https://data.inspire.gv.at/431940bc-833f-4abb-84f5-95212fe6dc48,https://inspire.lfrz.gv.at/000602/wms?version=1.3.0&request=GetCapabilities,,,"{""id"": ""48645"", ""bbox"": [9.679, 46.457, 16.637, 49.046, ""CRS:84""], ""name"": ""BIOSOIL Austria (SITE)"", ""title"": ""General site information"", ""crs3857"": true, ""crs4326"": true, ""abstract"": ""General site information, registration, location and soil forming factors of the BIOSOIL plots of Austria."", ""keywords"": [""soil""], ""layer_name"": ""BIOSOIL Austria (SITE)"", ""description"": ""General site information"", ""service_type"": ""wms"", ""metadata_urls"": [""https://discovery.inspire.gv.at/at.lfrz.discoveryservices/srv/ger/csw?service=CSW&request=GetRecordById&version=2.0.2&outputSchema=http%3A%2F%2Fwww.isotc211.org%2F2005%2Fgmd&ElementSetName=full&id=431940bc-833f-4abb-84f5-95212fe6dc48""]}",spatial-extractor,2026-06-21 18:44:09.326 +0300
1093,https://data.inspire.gv.at/431940bc-833f-4abb-84f5-95212fe6dc48,https://gis.lfrz.gv.at/api/geodata/i000602/ogc/features/v1/,,,"{""id"": ""48649"", ""bbox"": null, ""name"": ""BIOSOIL Site - WFS"", ""title"": null, ""abstract"": null, ""layer_name"": null, ""description"": ""BIOSOIL Site - WFS"", ""service_type"": ""ogcapi""}",spatial-extractor,2026-06-21 18:44:09.757 +0300
1094,23500e89-b854-46ad-89a9-5b7604e19539,https://soluri.gov.md/en/default/wms/public,,,"{""id"": ""48650"", ""bbox"": [-3100140.0, -15002900.0, 1623640.0, 5002870.0, ""EPSG:4026""], ""name"": ""SolulAreal"", ""title"": ""Solul areal"", ""crs3857"": true, ""crs4326"": true, ""abstract"": ""Setul de date care conţine totalitatea (ansamblul) arealurilor actuale de sol pe suprafaţa terenurilor agricole ale R. Moldova, colectate în urma investigaţiilor pedologice, efectuate cu scopul obţinerii informaţiei despre starea terenurilor/solurilor, stabilirii fertilităţii potenţiale a solurilor, identificării terenurilor expuse la eroziune hidrică şi eoliană, inundaţii cauzate de ridicarea nivelului apelor subterane, supraumectare/înmlăştinire, salinizare secundară, desecare, poluare cu reziduuri industriale etc. Unitatea spaţială cea mai mică pentru ţinerea evidenţei se consideră arealul elementar de sol, caracterizat prin conţinut, geometria contururilor şi amplasarea în structura învelişului extern al solului. Criteriile de definire a diferitelor tipuri de soluri se stabilesc conform poziţiei aprobate în clasificator. Amplasamentul arealurilor de sol se determină pe baza caracteristicilor secţiunilor transversale ale solurilor, reliefului, diversităţii vegetaţiei şi altor elemente proeminente ale cadrului natural la faţa locului etc."", ""keywords"": [], ""layer_name"": ""SolulAreal"", ""description"": ""Solul areal"", ""service_type"": ""wms"", ""metadata_urls"": []}",spatial-extractor,2026-06-21 18:44:10.656 +0300
1091,r_vda:03754-DATA,https://geoservizi.regione.vda.it/geoserver/sctGeologia/wms?service=WMS&version=1.1.0&request=GetCapabilities,,,"{""error"": null}",spatial-extractor,2026-06-21 19:12:45.012 +0300
1096,ARLPA_TO:07.09.03,https://webgis.arpa.piemonte.it/server/services/rischi_naturali/PS_SqueeSAR_Radarsat/MapServer/WMSServer?request=GetCapabilities&service=WMS,,,"{""id"": ""48676"", ""bbox"": null, ""name"": ""NULL"", ""title"": ""Indagini radar interferometriche (campagna RADARSAT 2003-2009)"", ""crs3857"": null, ""crs4326"": null, ""abstract"": ""Dataset di punti relativi ai risultati della campagna di indagine effettuata tramite tecnologia radar-satellitare SqueeSAR sui dati di osservazione del satellite Radarsat. Orbite ascendenti e discendenti. Periodo di osservazione compreso tra il 2003 e il 2009."", ""keywords"": [], ""layer_name"": null, ""description"": ""NULL"", ""service_type"": ""wms"", ""metadata_urls"": []}",spatial-extractor,2026-06-21 18:44:14.734 +0300
1097,https://registry.gdi-de.org/id/de.be.csw/1d1e7b5d-4d86-3ad7-8570-5245b55b6b33,https://gdi.berlin.de/services/wms/forststandort?request=GetCapabilities&service=WMS,,,"{""id"": ""48677"", ""bbox"": null, ""name"": ""NULL"", ""title"": ""Forstliche Standorteinheiten"", ""crs3857"": null, ""crs4326"": null, ""abstract"": ""Ergebnisse der Standorterkundung nach dem Verfahren für die ostdeutschen Bundesländer (Kopp/Schwanecke) mit Stammstandortformen und Feinbodenformen."", ""keywords"": [], ""layer_name"": null, ""description"": ""Darstellungsdienst - Forstliche Standorteinheiten (WMS)"", ""service_type"": ""wms"", ""metadata_urls"": []}",spatial-extractor,2026-06-21 18:44:29.347 +0300
1098,8db3e658-b210-4796-82ac-e6a0a00d94b2,https://www.dov.vlaanderen.be/geoserver-inspire/phvalue/wms?,,,"{""id"": ""48757"", ""bbox"": null, ""name"": ""phvalue:pHValue"", ""title"": null, ""crs3857"": false, ""crs4326"": false, ""abstract"": null, ""keywords"": [], ""layer_name"": null, ""description"": ""WMS-endpoint INSPIRE geharmoniseerd - pHwaarde"", ""service_type"": ""wms"", ""metadata_urls"": []}",spatial-extractor,2026-06-21 18:44:31.253 +0300
1099,8db3e658-b210-4796-82ac-e6a0a00d94b2,https://www.dov.vlaanderen.be/geoserver-inspire/phvalue/wms?SERVICE=WMS&version=1.3.0&request=GetCapabilities,,,"{""id"": ""48758"", ""bbox"": null, ""name"": ""phvalue:pHValue"", ""title"": null, ""crs3857"": false, ""crs4326"": false, ""abstract"": null, ""keywords"": [], ""layer_name"": null, ""description"": ""WMS-capabilities INSPIRE geharmoniseerd - pHwaarde"", ""service_type"": ""wms"", ""metadata_urls"": []}",spatial-extractor,2026-06-21 18:44:32.106 +0300
1100,8db3e658-b210-4796-82ac-e6a0a00d94b2,https://www.dov.vlaanderen.be/geoserver-inspire/phvalue/wms?SERVICE=WMS&version=1.3.0&request=GetMap,,,"{""id"": ""48759"", ""bbox"": null, ""name"": ""phvalue:pHValue"", ""title"": null, ""crs3857"": false, ""crs4326"": false, ""abstract"": null, ""keywords"": [], ""layer_name"": null, ""description"": ""WMS-map INSPIRE geharmoniseerd - pHwaarde"", ""service_type"": ""wms"", ""metadata_urls"": []}",spatial-extractor,2026-06-21 18:44:32.862 +0300
1101,8db3e658-b210-4796-82ac-e6a0a00d94b2,https://www.dov.vlaanderen.be/geoserver-inspire/phvalue/wfs?,,,"{""error"": null}",spatial-extractor,2026-06-21 18:44:33.505 +0300
1102,ESMAGRAMAINESEROPOT20110616000,https://wms.mapama.gob.es/sig/Biodiversidad/INESErosionPotencial,,,"{""error"": ""Could not open file with GDAL (unsupported format or inaccessible)""}",spatial-extractor,2026-06-21 18:44:38.001 +0300
1103,"{d07c5dce-4a6e-4042-ac48-8b589c57d6d1},SO,SO.SoilBody,SO.ObservedSoilProfile",https://www.inspire-geoportal.lt/geoserver/so/wms?service=WMS&version=1.3.0&request=GetCapabilities,,,"{""id"": ""48784"", ""bbox"": [21.06344223022461, 53.90375522328503, 26.832435607910156, 56.44597247456006, ""CRS:84""], ""name"": ""SO.ObservedSoilProfile"", ""title"": ""Observed Soil Profile"", ""crs3857"": true, ""crs4326"": true, ""abstract"": ""Observed Soil Profile"", ""keywords"": [""features"", ""so.observedsoilprofile"", ""Observed soil profile"", ""Soil"", ""SO""], ""layer_name"": ""SO.ObservedSoilProfile"", ""description"": ""Observed Soil Profile"", ""service_type"": ""wms"", ""metadata_urls"": [""https://www.inspire-geoportal.lt/geonetwork/srv/eng/csw?service=CSW&request=GetRecordById&version=2.0.2&outputSchema=http://www.isotc211.org/2005/gmd&elementSetName=full&id=d07c5dce-4a6e-4042-ac48-8b589c57d6d1""]}",spatial-extractor,2026-06-21 18:44:40.447 +0300
1104,"SO.SoilBody.CNSW__SIGLES_20,3e6fd1ad-df77-4bb3-809d-30274dd09506",https://geoservices.wallonie.be/geoserver/inspire_so/ows?service=WMS&version=1.3.0&request=GetCapabilities,,,"{""id"": ""48788"", ""bbox"": null, ""name"": ""INSPIRE - Sols en Wallonie (BE) - Service de visualisation WMS"", ""title"": null, ""crs3857"": false, ""crs4326"": false, ""abstract"": null, ""keywords"": [], ""layer_name"": null, ""description"": ""NULL"", ""service_type"": ""wms"", ""metadata_urls"": []}",spatial-extractor,2026-06-21 18:44:41.287 +0300
1105,b1f7eac6-baed-4227-bedc-28bc67086299,https://gis.lfrz.gv.at/api/geodata/i000604/ogc/features/v1/,,,"{""id"": ""48804"", ""bbox"": null, ""name"": ""Agricultural Soil Map of Austria - Soil Reference Group Code from the World Reference Base (WRB Lev1) - WFS"", ""title"": null, ""abstract"": null, ""layer_name"": null, ""description"": ""Agricultural Soil Map of Austria - Soil Reference Group Code from the World Reference Base (WRB Lev1) - WFS"", ""service_type"": ""ogcapi""}",spatial-extractor,2026-06-21 18:44:42.550 +0300
1106,https://data.inspire.gv.at/517168bd-9e1b-4144-b6ed-388bd55f79b8,https://inspire.lfrz.gv.at/000602/wms?version=1.3.0&request=GetCapabilities,,,"{""id"": ""48810"", ""bbox"": [9.679, 46.457, 16.637, 49.046, ""CRS:84""], ""name"": ""BIOSOIL Austria (WRB-LEV1)"", ""title"": ""Soil reference group code (WRB-LEV1)"", ""crs3857"": true, ""crs4326"": true, ""abstract"": ""Soil reference group code of the STU from the World Reference Base (WRB) for Soil Resources for the BIOSOIL sites of Austria."", ""keywords"": [""soil"", ""WRB""], ""layer_name"": ""BIOSOIL Austria (WRB-LEV1)"", ""description"": ""Soil reference group code (WRB-LEV1)"", ""service_type"": ""wms"", ""metadata_urls"": [""https://discovery.inspire.gv.at/at.lfrz.discoveryservices/srv/ger/csw?service=CSW&request=GetRecordById&version=2.0.2&outputSchema=http%3A%2F%2Fwww.isotc211.org%2F2005%2Fgmd&ElementSetName=full&id=517168bd-9e1b-4144-b6ed-388bd55f79b8""]}",spatial-extractor,2026-06-21 18:44:43.337 +0300
1107,https://data.inspire.gv.at/517168bd-9e1b-4144-b6ed-388bd55f79b8,https://gis.lfrz.gv.at/api/geodata/i000602/ogc/features/v1/,,,"{""id"": ""48814"", ""bbox"": null, ""name"": ""BIOSOIL WRB-Lev1 - WFS"", ""title"": null, ""abstract"": null, ""layer_name"": null, ""description"": ""BIOSOIL WRB-Lev1 - WFS"", ""service_type"": ""ogcapi""}",spatial-extractor,2026-06-21 18:44:43.710 +0300
1108,00409c85-94da-475c-b58d-4fe9b448895d,https://www.dov.vlaanderen.be/geoserver-inspire/organiccarboncontent/wms?,,,"{""id"": ""48853"", ""bbox"": null, ""name"": ""organiccarboncontent:organicCarbonContent"", ""title"": null, ""crs3857"": false, ""crs4326"": false, ""abstract"": null, ""keywords"": [], ""layer_name"": null, ""description"": ""WMS-endpoint INSPIRE geharmoniseerd - Organische C-percentage"", ""service_type"": ""wms"", ""metadata_urls"": []}",spatial-extractor,2026-06-21 18:44:45.808 +0300
1109,00409c85-94da-475c-b58d-4fe9b448895d,https://www.dov.vlaanderen.be/geoserver-inspire/organiccarboncontent/wms?SERVICE=WMS&version=1.3.0&request=GetCapabilities,,,"{""id"": ""48854"", ""bbox"": null, ""name"": ""organiccarboncontent:organicCarbonContent"", ""title"": null, ""crs3857"": false, ""crs4326"": false, ""abstract"": null, ""keywords"": [], ""layer_name"": null, ""description"": ""WMS-capabilities INSPIRE geharmoniseerd - Organische C-percentage"", ""service_type"": ""wms"", ""metadata_urls"": []}",spatial-extractor,2026-06-21 18:44:46.504 +0300
1131,https://data.inspire.gv.at/68055a59-f963-4518-9c61-234710531ad1,https://inspire.lfrz.gv.at/009501/wms?version=1.3.0&request=GetCapabilities,,,"{""id"": ""48973"", ""bbox"": null, ""name"": ""inspire_feldstuecke_2022_2"", ""title"": null, ""crs3857"": false, ""crs4326"": false, ""abstract"": null, ""keywords"": [], ""layer_name"": null, ""description"": ""inspire_feldstuecke_2022_2"", ""service_type"": ""wms"", ""metadata_urls"": []}",spatial-extractor,2026-06-21 18:45:21.584 +0300
1110,00409c85-94da-475c-b58d-4fe9b448895d,https://www.dov.vlaanderen.be/geoserver-inspire/organiccarboncontent/wms?SERVICE=WMS&version=1.3.0&request=GetMap,,,"{""id"": ""48855"", ""bbox"": null, ""name"": ""organiccarboncontent:organicCarbonContent"", ""title"": null, ""crs3857"": false, ""crs4326"": false, ""abstract"": null, ""keywords"": [], ""layer_name"": null, ""description"": ""WMS-map INSPIRE geharmoniseerd - Organische C-percentage"", ""service_type"": ""wms"", ""metadata_urls"": []}",spatial-extractor,2026-06-21 18:44:47.393 +0300
1111,00409c85-94da-475c-b58d-4fe9b448895d,https://www.dov.vlaanderen.be/geoserver-inspire/organiccarboncontent/wfs?,,,"{""error"": null}",spatial-extractor,2026-06-21 18:44:48.032 +0300
1112,cmto:8ee5c19b-7cd7-482f-a329-3ab28e2eed9b,https://opengis.csi.it/ws/cmtogis/cmto-01/cmtowmsniger/wms_aree_dense_transizione_libere?,,,"{""error"": null}",spatial-extractor,2026-06-21 18:44:51.791 +0300
1113,r_friuve:m3999-cc-i1390,https://serviziogc.regione.fvg.it/geoserver/CAR_GEO/wms?request=GetCapabilities&service=wms&version=1.3.0,,,"{""id"": ""48906"", ""bbox"": null, ""name"": ""NULL"", ""title"": ""GeoServer Web Map Service IRDAT FVG"", ""crs3857"": null, ""crs4326"": null, ""abstract"": ""Service for pubblication of the geographic informations of the region Friuli Venezia Giulia using the WFS OpenGIS standard."", ""keywords"": [], ""layer_name"": null, ""description"": ""NULL"", ""service_type"": ""wms"", ""metadata_urls"": []}",spatial-extractor,2026-06-21 18:44:52.651 +0300
1114,r_friuve:m3999-cc-i1390,https://serviziogc.regione.fvg.it/geoserver/CAR_GEO/wfs?request=GetCapabilities&service=wfs&version=2.0.0,,,"{""id"": ""48907"", ""bbox"": null, ""name"": ""NULL"", ""title"": null, ""schema"": null, ""crs3857"": false, ""crs4326"": false, ""abstract"": null, ""keywords"": [], ""layer_name"": null, ""description"": ""NULL"", ""service_type"": ""wfs"", ""metadata_urls"": []}",spatial-extractor,2026-06-21 18:44:53.658 +0300
1115,R_SARDEG:78670d09-26d2-4443-85e2-f437784e4786,https://webgis.regione.sardegna.it/geoserverraster/ows?service=wms&version=1.3.0&request=GetCapabilities,,,"{""id"": ""48908"", ""bbox"": [8.123223861220302, 38.85752599648739, 9.838610883021294, 41.313801896461804, ""CRS:84""], ""name"": ""NULL"", ""title"": ""Mosaico DTM 1m altimetria"", ""crs3857"": true, ""crs4326"": true, ""abstract"": ""Il dato contiene le informazioni sull'altimetria derivanti dai DTM con passo 1m realizzati mediante volo LIDAR dall'Amministrazione regionale sulla fascia costiera e sui centri urbani, e dal Ministero dell’Ambiente e della Tutela del Territorio e del Mare oggi Ministero della Transizione ecologica (MATTM) su alcune aree critiche, sulle fasce fluviali principali e sulla Gallura (progetto PST-A)"", ""keywords"": [""DTM_1M_MOSAICO_ALTIMETRIA"", ""WCS"", ""GeoTIFF""], ""layer_name"": ""raster:DTM_1M_MOSAICO_ALTIMETRIA"", ""description"": ""NULL"", ""service_type"": ""wms"", ""metadata_urls"": [""https://webgis2.regione.sardegna.it/geonetwork/srv/ita/catalog.search#/metadata/R_SARDEG:78670d09-26d2-4443-85e2-f437784e4786""]}",spatial-extractor,2026-06-21 18:44:54.667 +0300
1116,R_SARDEG:5308d2cd-0943-4920-9c91-7010ae1fd5a9,https://webgis.regione.sardegna.it/geoserverraster/ows?service=wms&version=1.3.0&request=GetCapabilities,,,"{""id"": ""48913"", ""bbox"": [8.123223861220302, 38.85752599648739, 9.838610883021294, 41.313801896461804, ""CRS:84""], ""name"": ""NULL"", ""title"": ""Mosaico DTM 1m ombre"", ""crs3857"": true, ""crs4326"": true, ""abstract"": ""Il dato contiene le informazioni sulla ombreggiatura del Mosaico DTM 1m Altimetria ,realizzato a partire dai DTM con passo 1m da volo LIDAR dall'Amministrazione regionale sulla fascia costiera e sui centri urbani, e dal Ministero dell’Ambiente e della Tutela del Territorio e del Mare oggi Ministero della Transizione ecologica (MATTM) su alcune aree critiche, sulle fasce fluviali principali e sulla Gallura (progetto PST-A)"", ""keywords"": [""DTM_1M_MOSAICO_OMBRE"", ""WCS"", ""GeoTIFF""], ""layer_name"": ""raster:DTM_1M_MOSAICO_OMBRE"", ""description"": ""NULL"", ""service_type"": ""wms"", ""metadata_urls"": [""https://webgis2.regione.sardegna.it/geonetwork/srv/ita/catalog.search#/metadata/R_SARDEG:5308d2cd-0943-4920-9c91-7010ae1fd5a9""]}",spatial-extractor,2026-06-21 18:44:55.624 +0300
1117,https://data.inspire.gv.at/a1491e6d-c462-4340-a167-5c1aadaa635d,https://inspire.lfrz.gv.at/009501/wms?request=GetCapabilities&version=1.3.0,,,"{""id"": ""48915"", ""bbox"": [9.41602024475061, 46.36021225792016, 17.182869982739835, 49.02216373239621, ""CRS:84""], ""name"": ""inspire_hofstellen_2025-1"", ""title"": ""inspire_hofstellen_2025-1"", ""crs3857"": true, ""crs4326"": true, ""abstract"": ""Dieser Layer umfasst die Wirtschaftsgebäude der AntragstellerInnen, welche im Zuge der Förderabwicklung herangezogen werden. Unter Hofstelle ist das Wirtschaftsgebäude des Hauptbetriebes zu verstehen."", ""keywords"": [], ""layer_name"": ""inspire_hofstellen_2025-1"", ""description"": ""inspire_hofstellen_2025-1"", ""service_type"": ""wms"", ""metadata_urls"": [""https://discovery.inspire.gv.at/at.lfrz.discoveryservices/srv/ger/csw?service=CSW&request=GetRecordById&version=2.0.2&outputSchema=http%3A%2F%2Fwww.isotc211.org%2F2005%2Fgmd&ElementSetName=full&id=a1491e6d-c462-4340-a167-5c1aadaa635d""]}",spatial-extractor,2026-06-21 18:44:57.474 +0300
1118,https://data.inspire.gv.at/0095/f587df27-ef10-4a10-8b3a-7a84a5fd1b55,https://inspire.lfrz.gv.at/009501/wms?request=GetCapabilities&version=1.3.0,,,"{""id"": ""48922"", ""bbox"": [9.212353182968585, 46.08231048268711, 17.45260436230758, 49.298386740380934, ""CRS:84""], ""name"": ""inspire_hofstellen_2015"", ""title"": ""inspire_hofstellen_2015"", ""crs3857"": true, ""crs4326"": true, ""abstract"": ""Dieser Layer umfasst die Wirtschaftsgebäude der AntragstellerInnen, welche im Zuge der Förderabwicklung herangezogen werden. Unter Hofstelle ist das Wirtschaftsgebäude des Hauptbetriebes zu verstehen."", ""keywords"": [""Gebäude"", ""Bauernhof"", ""Landwirtschaft"", ""Landwirtschaftliche Anlagen"", ""Landwirtschaftliches Unternehmen""], ""layer_name"": ""inspire_hofstellen_2015"", ""description"": ""INVEKOS Hofstellen 2015"", ""service_type"": ""wms"", ""metadata_urls"": [""https://discovery.inspire.gv.at/at.lfrz.discoveryservices/srv/ger/csw?service=CSW&request=GetRecordById&version=2.0.2&outputSchema=http%3A%2F%2Fwww.isotc211.org%2F2005%2Fgmd&ElementSetName=full&id=f587df27-ef10-4a10-8b3a-7a84a5fd1b55""]}",spatial-extractor,2026-06-21 18:44:58.638 +0300
1119,https://registry.gdi-de.org/id/de.be.csw/d082b421-c99d-37d1-922b-e581725cfa71,https://gdi.berlin.de/services/wms/ua_boden_naturnaehe_2020?request=GetCapabilities&service=WMS,,,"{""id"": ""48924"", ""bbox"": null, ""name"": ""NULL"", ""title"": ""Naturnähe der Böden 2020 (Umweltatlas)"", ""crs3857"": null, ""crs4326"": null, ""abstract"": ""Naturnähe der Böden auf Block- und Blockteilflächen-Basis, 1 : 5.000, Stand 2020."", ""keywords"": [], ""layer_name"": null, ""description"": ""Darstellungsdienst - Naturnähe der Böden 2020 (Umweltatlas) (WMS)"", ""service_type"": ""wms"", ""metadata_urls"": []}",spatial-extractor,2026-06-21 18:44:59.142 +0300
1120,https://registry.gdi-de.org/id/de.be.csw/d082b421-c99d-37d1-922b-e581725cfa71,https://gdi.berlin.de/services/wms/ua_boden_austauschh_2020?request=GetCapabilities&service=WMS,,,"{""id"": ""48925"", ""bbox"": null, ""name"": ""NULL"", ""title"": ""Austauschhäufigkeit des Bodenwassers 2020 (Umweltatlas)"", ""crs3857"": null, ""crs4326"": null, ""abstract"": ""Austauschhäufigkeit des Bodenwassers auf Block- und Blockteilflächen-Basis, 1 : 5.000, Stand 2020."", ""keywords"": [], ""layer_name"": null, ""description"": ""Darstellungsdienst - Austauschhäufigkeit des Bodenwassers 2020 (Umweltatlas) (WMS)"", ""service_type"": ""wms"", ""metadata_urls"": []}",spatial-extractor,2026-06-21 18:44:59.786 +0300
1121,https://registry.gdi-de.org/id/de.be.csw/d082b421-c99d-37d1-922b-e581725cfa71,https://gdi.berlin.de/services/wms/ua_boden_schadstoff_2020?request=GetCapabilities&service=WMS,,,"{""id"": ""48926"", ""bbox"": null, ""name"": ""NULL"", ""title"": ""Nährstoffspeicher- / Schadstoffbindungsvermögen der Böden (KAKeff-Wert) 2020 (Umweltatlas)"", ""crs3857"": null, ""crs4326"": null, ""abstract"": ""Nährstoffspeicher-/Schadstoffbindungsvermögen der Böden (KAKeff-Wert) auf Block- und Blockteilflächen-Basis, 1 : 5.000, Stand 2020."", ""keywords"": [], ""layer_name"": null, ""description"": ""Darstellungsdienst - Nährstoffspeicher- / Schadstoffbindungsvermögen der Böden (KAKeff-Wert) 2020 (Umweltatlas) (WMS)"", ""service_type"": ""wms"", ""metadata_urls"": []}",spatial-extractor,2026-06-21 18:45:00.766 +0300
1122,https://registry.gdi-de.org/id/de.be.csw/d082b421-c99d-37d1-922b-e581725cfa71,https://gdi.berlin.de/services/wms/ua_boden_naehrstoff_2020?request=GetCapabilities&service=WMS,,,"{""id"": ""48927"", ""bbox"": null, ""name"": ""NULL"", ""title"": ""Nährstoffversorgung des Oberbodens (S-Wert) 2020 (Umweltatlas)"", ""crs3857"": null, ""crs4326"": null, ""abstract"": ""Nährstoffversorgung der Oberböden (0 - 3 dm, S-Wert) auf Block- und Blockteilflächen-Basis, 1 : 5.000, Stand 2020."", ""keywords"": [], ""layer_name"": null, ""description"": ""Darstellungsdienst - Nährstoffversorgung des Oberbodens (S-Wert) 2020 (Umweltatlas) (WMS)"", ""service_type"": ""wms"", ""metadata_urls"": []}",spatial-extractor,2026-06-21 18:45:01.416 +0300
1123,https://registry.gdi-de.org/id/de.be.csw/d082b421-c99d-37d1-922b-e581725cfa71,https://gdi.berlin.de/services/wms/ua_boden_wasserversorgung_2020?request=GetCapabilities&service=WMS,,,"{""id"": ""48928"", ""bbox"": null, ""name"": ""NULL"", ""title"": ""Wasserversorgung der Böden 2020 (Umweltatlas)"", ""crs3857"": null, ""crs4326"": null, ""abstract"": ""Wasserversorgung der Böden  auf Block- und Blockteilflächen-Basis, 1 : 5.000, Stand 2020."", ""keywords"": [], ""layer_name"": null, ""description"": ""Darstellungsdienst - Wasserversorgung der Böden 2020 (Umweltatlas) (WMS)"", ""service_type"": ""wms"", ""metadata_urls"": []}",spatial-extractor,2026-06-21 18:45:02.094 +0300
1124,https://registry.gdi-de.org/id/de.be.csw/d082b421-c99d-37d1-922b-e581725cfa71,https://gdi.berlin.de/services/wms/ua_boden_filter_2020?request=GetCapabilities&service=WMS,,,"{""id"": ""48929"", ""bbox"": null, ""name"": ""NULL"", ""title"": ""Filtervermögen der Böden (kf-Wert) 2020 (Umweltatlas)"", ""crs3857"": null, ""crs4326"": null, ""abstract"": ""Filtervermögen der Böden (kf-Wert) auf Block- und Blockteilflächen-Basis, 1 : 5.000, Stand 2020."", ""keywords"": [], ""layer_name"": null, ""description"": ""Darstellungsdienst - Filtervermögen der Böden (kf-Wert) 2020 (Umweltatlas) (WMS)"", ""service_type"": ""wms"", ""metadata_urls"": []}",spatial-extractor,2026-06-21 18:45:02.907 +0300
1125,https://registry.gdi-de.org/id/de.be.csw/d082b421-c99d-37d1-922b-e581725cfa71,https://gdi.berlin.de/services/wms/ua_boden_bindung_2020?request=GetCapabilities&service=WMS,,,"{""id"": ""48930"", ""bbox"": null, ""name"": ""NULL"", ""title"": ""Bindungsstärke für Schwermetalle der Böden 2020 (Umweltatlas)"", ""crs3857"": null, ""crs4326"": null, ""abstract"": ""Bindungsstärke für Schwermetalle der Böden auf Block- und Blockteilflächen-Basis, 1 : 5.000, Stand 2020."", ""keywords"": [], ""layer_name"": null, ""description"": ""Darstellungsdienst - Bindungsstärke für Schwermetalle der Böden 2020 (Umweltatlas) (WMS)"", ""service_type"": ""wms"", ""metadata_urls"": []}",spatial-extractor,2026-06-21 18:45:03.547 +0300
1126,https://registry.gdi-de.org/id/de.be.csw/d082b421-c99d-37d1-922b-e581725cfa71,https://gdi.berlin.de/services/wms/ua_boden_kohlenstoffpuffer_2020?request=GetCapabilities&service=WMS,,,"{""id"": ""48931"", ""bbox"": null, ""name"": ""NULL"", ""title"": ""Puffervermögen im organischen Kohlenstoffhaushalt der Böden 2020 (Umweltatlas)"", ""crs3857"": null, ""crs4326"": null, ""abstract"": ""Puffervermögen im organischen Kohlenstoffhaushalt der Böden auf Basis der Block- und Teilblockflächen der ISU5, 1 : 5.000, Stand 2020."", ""keywords"": [], ""layer_name"": null, ""description"": ""Darstellungsdienst - Puffervermögen im organischen Kohlenstoffhaushalt der Böden 2020 (Umweltatlas) (WMS)"", ""service_type"": ""wms"", ""metadata_urls"": []}",spatial-extractor,2026-06-21 18:45:04.201 +0300
1127,https://registry.gdi-de.org/id/de.be.csw/d082b421-c99d-37d1-922b-e581725cfa71,https://gdi.berlin.de/services/wms/ua_boden_seltenheit_2020?request=GetCapabilities&service=WMS,,,"{""id"": ""48932"", ""bbox"": null, ""name"": ""NULL"", ""title"": ""Regionale Seltenheit der Bodengesellschaften 2020 (Umweltatlas)"", ""crs3857"": null, ""crs4326"": null, ""abstract"": ""Regionale Seltenheit der Bodengesellschaften auf Block- und Blockteilflächen-Basis, 1 : 5.000, Stand 2020."", ""keywords"": [], ""layer_name"": null, ""description"": ""Darstellungsdienst - Regionale Seltenheit der Bodengesellschaften 2020 (Umweltatlas) (WMS)"", ""service_type"": ""wms"", ""metadata_urls"": []}",spatial-extractor,2026-06-21 18:45:05.123 +0300
1128,https://registry.gdi-de.org/id/de.be.csw/d082b421-c99d-37d1-922b-e581725cfa71,https://gdi.berlin.de/services/wms/ua_boden_eigenart_2020?request=GetCapabilities&service=WMS,,,"{""id"": ""48933"", ""bbox"": null, ""name"": ""NULL"", ""title"": ""Besondere naturräumliche Eigenart der Böden 2020 (Umweltatlas)"", ""crs3857"": null, ""crs4326"": null, ""abstract"": ""Besondere naturräumliche Eigenart der Böden auf Block- und Blockteilflächen-Basis, 1 : 5.000, Stand 2020."", ""keywords"": [], ""layer_name"": null, ""description"": ""Darstellungsdienst - Besondere naturräumliche Eigenart der Böden 2020 (Umweltatlas) (WMS)"", ""service_type"": ""wms"", ""metadata_urls"": []}",spatial-extractor,2026-06-21 18:45:05.787 +0300
1129,https://data.inspire.gv.at/0095/4de4d8fa-15a0-4d85-8b33-68c17c8bab78,https://inspire.lfrz.gv.at/009501/wms?request=GetCapabilities&version=1.3.0,,,"{""id"": ""48962"", ""bbox"": [9.212353182968585, 46.08231048268711, 17.45260436230758, 49.298386740380934, ""CRS:84""], ""name"": ""inspire_hofstellen_2016"", ""title"": ""inspire_hofstellen_2016"", ""crs3857"": true, ""crs4326"": true, ""abstract"": ""Dieser Layer umfasst die Wirtschaftsgebäude der AntragstellerInnen, welche im Zuge der Förderabwicklung herangezogen werden. Unter Hofstelle ist das Wirtschaftsgebäude des Hauptbetriebes zu verstehen."", ""keywords"": [""Gebäude"", ""Bauernhof"", ""Landwirtschaft"", ""Landwirtschaftliche Anlagen"", ""Landwirtschaftliches Unternehmen""], ""layer_name"": ""inspire_hofstellen_2016"", ""description"": ""INVEKOS Hofstellen 2016"", ""service_type"": ""wms"", ""metadata_urls"": [""https://discovery.inspire.gv.at/at.lfrz.discoveryservices/srv/ger/csw?service=CSW&request=GetRecordById&version=2.0.2&outputSchema=http%3A%2F%2Fwww.isotc211.org%2F2005%2Fgmd&ElementSetName=full&id=4de4d8fa-15a0-4d85-8b33-68c17c8bab78""]}",spatial-extractor,2026-06-21 18:45:20.596 +0300
1130,https://data.inspire.gv.at/951dfc5f-7303-46e1-9413-8d53986b006d,https://inspire.lfrz.gv.at/009501/wms?request=GetCapabilities&version=1.3.0,,,"{""id"": ""48968"", ""bbox"": [9.417024651398023, 46.36024405746746, 17.182869982739838, 49.02216388825376, ""CRS:84""], ""name"": ""inspire_hofstellen_2023-1"", ""title"": ""inspire_hofstellen_2023-1"", ""crs3857"": true, ""crs4326"": true, ""abstract"": ""Dieser Layer umfasst die Wirtschaftsgebäude der AntragstellerInnen, welche im Zuge der Förderabwicklung herangezogen werden. Unter Hofstelle ist das Wirtschaftsgebäude des Hauptbetriebes zu verstehen."", ""keywords"": [], ""layer_name"": ""inspire_hofstellen_2023-1"", ""description"": ""inspire_hofstellen_2023-1"", ""service_type"": ""wms"", ""metadata_urls"": [""https://discovery.inspire.gv.at/at.lfrz.discoveryservices/srv/ger/csw?service=CSW&request=GetRecordById&version=2.0.2&outputSchema=http%3A%2F%2Fwww.isotc211.org%2F2005%2Fgmd&ElementSetName=full&id=951dfc5f-7303-46e1-9413-8d53986b006d""]}",spatial-extractor,2026-06-21 18:45:21.096 +0300
1132,https://data.inspire.gv.at/0095/ba0baeb9-0652-4391-8619-806e7fb56a16,https://inspire.lfrz.gv.at/009501/wms?request=GetCapabilities&version=1.3.0,,,"{""id"": ""48983"", ""bbox"": [9.212353182968585, 46.08231048268711, 17.45260436230758, 49.298386740380934, ""CRS:84""], ""name"": ""inspire_hofstellen_2019"", ""title"": ""inspire_hofstellen_2019"", ""crs3857"": true, ""crs4326"": true, ""abstract"": ""Dieser Layer umfasst die Wirtschaftsgebäude der AntragstellerInnen, welche im Zuge der Förderabwicklung herangezogen werden. Unter Hofstelle ist das Wirtschaftsgebäude des Hauptbetriebes zu verstehen."", ""keywords"": [""Gebäude"", ""Bauernhof"", ""Landwirtschaft"", ""Landwirtschaftliche Anlagen"", ""Landwirtschaftliches Unternehmen""], ""layer_name"": ""inspire_hofstellen_2019"", ""description"": ""INVEKOS Hofstellen 2019"", ""service_type"": ""wms"", ""metadata_urls"": [""https://discovery.inspire.gv.at/at.lfrz.discoveryservices/srv/ger/csw?service=CSW&request=GetRecordById&version=2.0.2&outputSchema=http%3A%2F%2Fwww.isotc211.org%2F2005%2Fgmd&ElementSetName=full&id=ba0baeb9-0652-4391-8619-806e7fb56a16""]}",spatial-extractor,2026-06-21 18:45:22.428 +0300
1133,https://data.inspire.gv.at/8081e9c4-3f2e-4763-933b-ec3f3d0d83ee,https://inspire.lfrz.gv.at/009501/wms?request=GetCapabilities&version=1.3.0,,,"{""id"": ""48986"", ""bbox"": [9.417024651398023, 46.36024405746746, 17.18286998273984, 49.02216388825376, ""CRS:84""], ""name"": ""inspire_hofstellen_2021"", ""title"": ""inspire_hofstellen_2021"", ""crs3857"": true, ""crs4326"": true, ""abstract"": ""Dieser Layer umfasst die Wirtschaftsgebäude der AntragstellerInnen, welche im Zuge der Förderabwicklung herangezogen werden. Unter Hofstelle ist das Wirtschaftsgebäude des Hauptbetriebes zu verstehen."", ""keywords"": [""LPIS"", ""IACS"", ""INVEKOS""], ""layer_name"": ""inspire_hofstellen_2021"", ""description"": ""INVEKOS Hofstellen 2021"", ""service_type"": ""wms"", ""metadata_urls"": [""https://discovery.inspire.gv.at/at.lfrz.discoveryservices/srv/ger/csw?service=CSW&request=GetRecordById&version=2.0.2&outputSchema=http%3A%2F%2Fwww.isotc211.org%2F2005%2Fgmd&ElementSetName=full&id=8081e9c4-3f2e-4763-933b-ec3f3d0d83ee""]}",spatial-extractor,2026-06-21 18:45:22.951 +0300
1134,https://data.inspire.gv.at/0095/8fdd7264-c8d3-4810-b1b4-9b2bf73dc436,https://inspire.lfrz.gv.at/009501/wms?request=GetCapabilities&version=1.3.0,,,"{""id"": ""48993"", ""bbox"": [9.212353182968585, 46.08231048268711, 17.45260436230758, 49.298386740380934, ""CRS:84""], ""name"": ""inspire_hofstellen_2018"", ""title"": ""inspire_hofstellen_2018"", ""crs3857"": true, ""crs4326"": true, ""abstract"": ""Dieser Layer umfasst die Wirtschaftsgebäude der AntragstellerInnen, welche im Zuge der Förderabwicklung herangezogen werden. Unter Hofstelle ist das Wirtschaftsgebäude des Hauptbetriebes zu verstehen."", ""keywords"": [""Gebäude"", ""Bauernhof"", ""Landwirtschaft"", ""Landwirtschaftliche Anlagen"", ""Landwirtschaftliches Unternehmen""], ""layer_name"": ""inspire_hofstellen_2018"", ""description"": ""INVEKOS Hofstellen 2018"", ""service_type"": ""wms"", ""metadata_urls"": [""https://discovery.inspire.gv.at/at.lfrz.discoveryservices/srv/ger/csw?service=CSW&request=GetRecordById&version=2.0.2&outputSchema=http%3A%2F%2Fwww.isotc211.org%2F2005%2Fgmd&ElementSetName=full&id=8fdd7264-c8d3-4810-b1b4-9b2bf73dc436""]}",spatial-extractor,2026-06-21 18:45:23.416 +0300
1135,fd071af5-3753-4c51-a625-01b0c0cee9da,https://www.inspire-geoportal.lt/geoserver/so/wms?service=WMS&version=1.3.0&request=GetCapabilities,,,"{""id"": ""48995"", ""bbox"": [21.06344223022461, 53.90375522328503, 26.832435607910156, 56.44597247456006, ""CRS:84""], ""name"": ""SO.ObservedSoilProfile"", ""title"": ""Observed Soil Profile"", ""crs3857"": true, ""crs4326"": true, ""abstract"": ""Observed Soil Profile"", ""keywords"": [""features"", ""so.observedsoilprofile"", ""Observed soil profile"", ""Soil"", ""SO""], ""layer_name"": ""SO.ObservedSoilProfile"", ""description"": ""Observed Soil Profile"", ""service_type"": ""wms"", ""metadata_urls"": [""https://www.inspire-geoportal.lt/geonetwork/srv/eng/csw?service=CSW&request=GetRecordById&version=2.0.2&outputSchema=http://www.isotc211.org/2005/gmd&elementSetName=full&id=d07c5dce-4a6e-4042-ac48-8b589c57d6d1""]}",spatial-extractor,2026-06-21 18:45:23.874 +0300
1136,https://data.inspire.gv.at/08a352d6-d1cf-443a-9a6b-2f72cd7bc848,https://inspire.lfrz.gv.at/009501/wms?request=GetCapabilities&version=1.3.0,,,"{""id"": ""49000"", ""bbox"": [9.417024651398025, 46.36024405746747, 17.182869982739835, 49.02216388825376, ""CRS:84""], ""name"": ""inspire_hofstellen_2024-1"", ""title"": ""inspire_hofstellen_2024-1"", ""crs3857"": true, ""crs4326"": true, ""abstract"": ""Dieser Layer umfasst die Wirtschaftsgebäude der AntragstellerInnen, welche im Zuge der Förderabwicklung herangezogen werden. Unter Hofstelle ist das Wirtschaftsgebäude des Hauptbetriebes zu verstehen."", ""keywords"": [], ""layer_name"": ""inspire_hofstellen_2024-1"", ""description"": ""inspire_hofstellen_2024-1"", ""service_type"": ""wms"", ""metadata_urls"": [""https://discovery.inspire.gv.at/at.lfrz.discoveryservices/srv/ger/csw?service=CSW&request=GetRecordById&version=2.0.2&outputSchema=http%3A%2F%2Fwww.isotc211.org%2F2005%2Fgmd&ElementSetName=full&id=08a352d6-d1cf-443a-9a6b-2f72cd7bc848""]}",spatial-extractor,2026-06-21 18:45:24.647 +0300
1137,https://data.inspire.gv.at/c27097c7-41fc-43ea-8536-534141c9d505,https://inspire.lfrz.gv.at/009501/wms?version=1.3.0&request=GetCapabilities,,,"{""id"": ""49005"", ""bbox"": [9.212353182968585, 46.08231048268711, 17.45260436230758, 49.298386740380934, ""CRS:84""], ""name"": ""inspire_feldstuecke_2021"", ""title"": ""inspire_feldstuecke_2021"", ""crs3857"": true, ""crs4326"": true, ""abstract"": ""Der Layer umfasst alle von den AntragstellerInnen erfassten Feldstücken, welche als Grundlage der Förderabwicklung dienen. Ein Feldstück ist eine im Bundesgebiet gelegene, eindeutig abgrenzbare Bewirtschaftungseinheit eines Betriebsinhabers mit nur einer Nutzungsart gemäß § 16 der Verordnung des zuständigen Bundesministeriums mit horizontalen Regeln für den Bereich der Gemeinsamen Agrarpolitik (Horizontale GAP-Verordnung) StF: BGBl. II Nr. 100/2015, die im Geographischen Informationssystem (GIS) als Polygon digitalisiert ist und aus Schlägen besteht."", ""keywords"": [""INVEKOS"", ""LPIS"", ""IACS""], ""layer_name"": ""inspire_feldstuecke_2021"", ""description"": ""INVEKOS Feldstücke 2021"", ""service_type"": ""wms"", ""metadata_urls"": [""https://discovery.inspire.gv.at/at.lfrz.discoveryservices/srv/ger/csw?service=CSW&request=GetRecordById&version=2.0.2&outputSchema=http%3A%2F%2Fwww.isotc211.org%2F2005%2Fgmd&ElementSetName=full&id=c27097c7-41fc-43ea-8536-534141c9d505""]}",spatial-extractor,2026-06-21 18:45:25.109 +0300
1138,https://data.inspire.gv.at/4f35a25a-9295-43c6-aa30-696d03e2ebed,https://inspire.lfrz.gv.at/009501/wms?request=GetCapabilities&version=1.3.0,,,"{""id"": ""49010"", ""bbox"": null, ""name"": ""inspire_hofstellen_2022_2"", ""title"": null, ""crs3857"": false, ""crs4326"": false, ""abstract"": null, ""keywords"": [], ""layer_name"": null, ""description"": ""inspire_hofstellen_2022_2"", ""service_type"": ""wms"", ""metadata_urls"": []}",spatial-extractor,2026-06-21 18:45:25.596 +0300
1139,6c7ae489-8a11-45af-9352-f6b9ad05414b,https://www.dov.vlaanderen.be/geoserver/wfs?,,,"{""error"": null}",spatial-extractor,2026-06-21 18:45:26.131 +0300
1140,6c7ae489-8a11-45af-9352-f6b9ad05414b,https://www.dov.vlaanderen.be/geoserver/wfs?service=WFS&version=1.1.0&request=GetCapabilities,,,"{""id"": ""49031"", ""bbox"": null, ""name"": ""INSPIRE Downloaddienst Databank Ondergrond Vlaanderen"", ""title"": null, ""schema"": null, ""crs3857"": false, ""crs4326"": false, ""abstract"": null, ""keywords"": [], ""layer_name"": null, ""description"": ""INSPIRE Downloaddienst Databank Ondergrond Vlaanderen"", ""service_type"": ""wfs"", ""metadata_urls"": []}",spatial-extractor,2026-06-21 18:45:31.455 +0300
1141,6c7ae489-8a11-45af-9352-f6b9ad05414b,https://www.dov.vlaanderen.be/geoserver/wfs?service=WFS&version=1.1.0&request=DescribeFeatureType,,,"{""id"": ""49032"", ""bbox"": null, ""name"": ""INSPIRE Downloaddienst Databank Ondergrond Vlaanderen"", ""title"": null, ""schema"": null, ""crs3857"": false, ""crs4326"": false, ""abstract"": null, ""keywords"": [], ""layer_name"": null, ""description"": ""INSPIRE Downloaddienst Databank Ondergrond Vlaanderen"", ""service_type"": ""wfs"", ""metadata_urls"": []}",spatial-extractor,2026-06-21 18:45:33.876 +0300
1142,6c7ae489-8a11-45af-9352-f6b9ad05414b,https://www.dov.vlaanderen.be/geoserver/wfs?service=WFS&version=1.1.0&request=GetFeature,,,"{""id"": ""49033"", ""bbox"": null, ""name"": ""INSPIRE Downloaddienst Databank Ondergrond Vlaanderen"", ""title"": null, ""schema"": null, ""crs3857"": false, ""crs4326"": false, ""abstract"": null, ""keywords"": [], ""layer_name"": null, ""description"": ""INSPIRE Downloaddienst Databank Ondergrond Vlaanderen"", ""service_type"": ""wfs"", ""metadata_urls"": []}",spatial-extractor,2026-06-21 18:45:38.083 +0300
1143,6c7ae489-8a11-45af-9352-f6b9ad05414b,https://www.dov.vlaanderen.be/geoserver/wfs?service=WFS&version=1.1.0&request=GetGmlObject,,,"{""id"": ""49034"", ""bbox"": null, ""name"": ""INSPIRE Downloaddienst Databank Ondergrond Vlaanderen"", ""title"": null, ""schema"": null, ""crs3857"": false, ""crs4326"": false, ""abstract"": null, ""keywords"": [], ""layer_name"": null, ""description"": ""INSPIRE Downloaddienst Databank Ondergrond Vlaanderen"", ""service_type"": ""wfs"", ""metadata_urls"": []}",spatial-extractor,2026-06-21 18:45:40.989 +0300
1144,https://data.inspire.gv.at/ee6181dd-ffa0-4658-b5dd-025958cf6d05,https://inspire.lfrz.gv.at/009501/wms?request=GetCapabilities&version=1.3.0,,,"{""id"": ""49036"", ""bbox"": [9.417024651398023, 46.36024405746746, 17.18286998273984, 49.02216388825376, ""CRS:84""], ""name"": ""inspire_hofstellen_2022"", ""title"": ""inspire_hofstellen_2022"", ""crs3857"": true, ""crs4326"": true, ""abstract"": ""Dieser Layer umfasst die Wirtschaftsgebäude der AntragstellerInnen, welche im Zuge der Förderabwicklung herangezogen werden. Unter Hofstelle ist das Wirtschaftsgebäude des Hauptbetriebes zu verstehen."", ""keywords"": [""INVEKOS"", ""LPIS"", ""IACS""], ""layer_name"": ""inspire_hofstellen_2022"", ""description"": ""inspire_hofstellen_2022"", ""service_type"": ""wms"", ""metadata_urls"": [""https://discovery.inspire.gv.at/at.lfrz.discoveryservices/srv/ger/csw?service=CSW&request=GetRecordById&version=2.0.2&outputSchema=http%3A%2F%2Fwww.isotc211.org%2F2005%2Fgmd&ElementSetName=full&id=ee6181dd-ffa0-4658-b5dd-025958cf6d05""]}",spatial-extractor,2026-06-21 18:45:44.801 +0300
1145,4d283c4d-ddfc-4d27-b679-7d5881e66f85,https://inspire.lfrz.gv.at/000604/wms?version=1.3.0&request=GetCapabilities,,,"{""id"": ""49041"", ""bbox"": [9.513914191140248, 46.30048140381362, 17.28852676698014, 49.129908596103235, ""CRS:84""], ""name"": ""Agricultural Soil Map of Austria - Soil characteristic Water Permeability"", ""title"": ""Agricultural Soil Map of Austria - Soil characteristic Water Permeability"", ""crs3857"": true, ""crs4326"": true, ""abstract"": ""Bodeneigenschaft Durchlaessigkeit"", ""keywords"": [""BFW"", ""Soil"", ""Boden"", ""Bodeneigenschaft"", ""Water Permeability"", ""Soil characteristic""], ""layer_name"": ""Agricultural Soil Map of Austria - Soil characteristic Water Permeability"", ""description"": ""Agricultural Soil Map of Austria - Soil characteristic Water Permeability"", ""service_type"": ""wms"", ""metadata_urls"": [""https://discovery.inspire.gv.at/at.lfrz.discoveryservices/srv/ger/csw?service=CSW&request=GetRecordById&version=2.0.2&outputSchema=http://www.isotc211.org/2005/gmd&ElementSetName=full&id=4d283c4d-ddfc-4d27-b679-7d5881e66f85""]}",spatial-extractor,2026-06-21 18:45:45.303 +0300
1146,4d283c4d-ddfc-4d27-b679-7d5881e66f85,https://gis.lfrz.gv.at/api/geodata/i000604/ogc/features/v1/,,,"{""id"": ""49045"", ""bbox"": null, ""name"": ""Agricultural Soil Map of Austria - Water Permeability - WFS"", ""title"": null, ""abstract"": null, ""layer_name"": null, ""description"": ""Agricultural Soil Map of Austria - Water Permeability - WFS"", ""service_type"": ""ogcapi""}",spatial-extractor,2026-06-21 18:45:46.011 +0300
1147,http://paikkatiedot.fi/so/1000836,https://avoin.metsakeskus.fi/rajapinnat/v1/gridcell/ows?,,,"{""error"": ""Could not open file with GDAL (unsupported format or inaccessible)""}",spatial-extractor,2026-06-21 18:45:46.616 +0300
1148,ESMAGRAMAINESEROLAM20110616000,https://wms.mapama.gob.es/sig/Biodiversidad/INESErosionLaminarRaster,,,"{""error"": ""Could not open file with GDAL (unsupported format or inaccessible)""}",spatial-extractor,2026-06-21 18:45:47.592 +0300
1149,https://data.inspire.gv.at/b78613e2-f6dc-4b9f-901c-dfe13122dd54,https://inspire.lfrz.gv.at/009501/wms?version=1.3.0&request=GetCapabilities,,,"{""id"": ""49058"", ""bbox"": [9.405290334050319, 46.3458780728679, 17.232237933779302, 49.02992317964396, ""CRS:84""], ""name"": ""inspire_feldstuecke_2023-1"", ""title"": ""inspire_feldstuecke_2023-1"", ""crs3857"": true, ""crs4326"": true, ""abstract"": ""Der Layer umfasst alle von den AntragstellerInnen erfassten Feldstücken, welche als Grundlage der Förderabwicklung dienen. Ein Feldstück ist eine im Bundesgebiet gelegene, eindeutig abgrenzbare Bewirtschaftungseinheit eines Betriebsinhabers mit nur einer Nutzungsart gemäß § 16 der Verordnung des zuständigen Bundesministeriums mit horizontalen Regeln für den Bereich der Gemeinsamen Agrarpolitik (Horizontale GAP-Verordnung) StF: BGBl. II Nr. 100/2015, die im Geographischen Informationssystem (GIS) als Polygon digitalisiert ist und aus Schlägen besteht."", ""keywords"": [], ""layer_name"": ""inspire_feldstuecke_2023-1"", ""description"": ""inspire_feldstuecke_2023-1"", ""service_type"": ""wms"", ""metadata_urls"": [""https://discovery.inspire.gv.at/at.lfrz.discoveryservices/srv/ger/csw?service=CSW&request=GetRecordById&version=2.0.2&outputSchema=http%3A%2F%2Fwww.isotc211.org%2F2005%2Fgmd&ElementSetName=full&id=b78613e2-f6dc-4b9f-901c-dfe13122dd54""]}",spatial-extractor,2026-06-21 18:45:48.651 +0300
1150,"INSPIRE_SIGEC_PARC_AGRI_ANON__2018,b0691bd7-2b15-4717-94f9-dcffc28d0627",https://geoservices.wallonie.be/geoserver/inspire_lc/ows?service=WMS&version=1.3.0&request=GetCapabilities,,,"{""id"": ""49063"", ""bbox"": null, ""name"": ""INSPIRE- Occupation des terres en Wallonie (BE) - Service de visualisation WMS"", ""title"": null, ""crs3857"": false, ""crs4326"": false, ""abstract"": null, ""keywords"": [], ""layer_name"": null, ""description"": ""Ce service de visualisation WMS-INSPIRE permet de consulter la série de couches de données conforme au thème INSPIRE \""Occupation des terres\""."", ""service_type"": ""wms"", ""metadata_urls"": []}",spatial-extractor,2026-06-21 18:45:49.176 +0300
1169,"INSPIRE_SIGEC_PARC_AGRI_ANON__2019,1b15175c-9465-4613-8e15-44918e77ab22",https://geoservices.wallonie.be/geoserver/inspire_lc/ows?service=WMS&version=1.3.0&request=GetCapabilities,,,"{""id"": ""49190"", ""bbox"": null, ""name"": ""INSPIRE- Occupation des terres en Wallonie (BE) - Service de visualisation WMS"", ""title"": null, ""crs3857"": false, ""crs4326"": false, ""abstract"": null, ""keywords"": [], ""layer_name"": null, ""description"": ""Ce service de visualisation WMS-INSPIRE permet de consulter la série de couches de données conforme au thème INSPIRE \""Occupation des terres\""."", ""service_type"": ""wms"", ""metadata_urls"": []}",spatial-extractor,2026-06-21 18:46:08.563 +0300
1221,https://www.dov.vlaanderen.be/dataset/127c3b51-d606-47f8-8c35-df7301b35ca2,https://www.dov.vlaanderen.be/geoserver/organische_koolstof/wcs?SERVICE=WCS&version=2.0.1&request=GetCapabilities,,,"{""id"": ""56727"", ""bbox"": null, ""name"": ""organische_koolstof:carbon_40"", ""title"": null, ""abstract"": null, ""keywords"": [], ""layer_name"": null, ""description"": ""WCS-capabilities Soil Organic Carbon Stock Maps for Belgium: mean (40 m grid)"", ""service_type"": ""wcs"", ""metadata_urls"": []}",spatial-extractor,2026-06-21 18:47:29.901 +0300
1151,https://data.inspire.gv.at/0095/97725be7-e74d-4340-847a-178ae0d4f524,https://inspire.lfrz.gv.at/009501/wms?version=1.3.0&request=GetCapabilities,,,"{""id"": ""49073"", ""bbox"": [9.212353182968585, 46.08231048268711, 17.45260436230758, 49.298386740380934, ""CRS:84""], ""name"": ""inspire_schlaege_2015_point"", ""title"": ""inspire_schlaege_2015_point"", ""crs3857"": true, ""crs4326"": true, ""abstract"": ""Dieser Layer umfasst alle von den AntragstellerInnen erfassten Schlagnutzungen, welche als Grundlage der Förderabwicklung dienen. Ein Schlag ist eine zusammenhängende Fläche eines Feldstücks, die für eine Vegetationsperiode mit nur einer Kultur (Schlagnutzungsart) und einheitlicher Bewirtschaftungsauflage bzw. als ein Landschaftselementetyp gemäß Anlage 1 der Verordnung des zuständigen Bundesministeriums mit horizontalen Regeln für den Bereich der Gemeinsamen Agrarpolitik (Horizontale GAP-Verordnung) StF: BGBl. II Nr. 100/2015 bewirtschaftet oder aber lediglich in gutem landwirtschaftlichen und ökologischen Zustand gemäß Art. 94 der Verordnung (EU) Nr. 1306/2013 erhalten wird und im GIS als Polygon oder als Punkt digitalisiert ist."", ""keywords"": [], ""layer_name"": ""inspire_schlaege_2015_point"", ""description"": ""INVEKOS Schläge 2015 (Point)"", ""service_type"": ""wms"", ""metadata_urls"": [""https://discovery.inspire.gv.at/at.lfrz.discoveryservices/srv/ger/csw?service=CSW&request=GetRecordById&version=2.0.2&outputSchema=http://www.isotc211.org/2005/gmd&ElementSetName=full&id=97725be7-e74d-4340-847a-178ae0d4f524""]}",spatial-extractor,2026-06-21 18:45:50.231 +0300
1152,"LU_ExistingLandUse_SIGEC2024,c4b05636-ad49-46ad-b38b-3b53b61f9759",https://geoservices.wallonie.be/geoserver/inspire_lu/ows?service=WMS&version=1.3.0&request=GetCapabilities,,,"{""id"": ""49079"", ""bbox"": null, ""name"": ""INSPIRE - Usage des sols en Wallonie (BE) - Service de visualisation WMS"", ""title"": null, ""crs3857"": false, ""crs4326"": false, ""abstract"": null, ""keywords"": [], ""layer_name"": null, ""description"": ""NULL"", ""service_type"": ""wms"", ""metadata_urls"": []}",spatial-extractor,2026-06-21 18:45:50.740 +0300
1153,https://data.inspire.gv.at/0095/6d1524bc-f610-486a-be54-ba5c956af068,https://inspire.lfrz.gv.at/009501/wms?version=1.3.0&request=GetCapabilities,,,"{""id"": ""49086"", ""bbox"": [9.212353182968585, 46.08231048268711, 17.45260436230758, 49.298386740380934, ""CRS:84""], ""name"": ""inspire_referenzen_2018_point"", ""title"": ""inspire_referenzen_2018_point"", ""crs3857"": true, ""crs4326"": true, ""abstract"": ""Der Layer umfasst alle von der Zahlstelle Agrarmarkt Austria festgelegte Referenzparzellen und erfasste Landschaftselemente (Landschaftselementelayers) im Sinne des Art. 5 der Verordnung (EU) Nr. 640/2014 und Verordnung des zuständigen Bundesministeriums mit horizontalen Regeln für den Bereich der Gemeinsamen Agrarpolitik (Horizontale GAP-Verordnung) StF: BGBl. II Nr. 100/2015 Referenzparzelle: ist der physische Block, der als eindeutig nach außen abgrenzbar (zB Wald, Straßen, Gewässer) und durch in der Natur erkennbare, zusammenhängende landwirtschaftlich genutzte Flächen gebildet wird. Landschaftselementelayer: Layer mit den im GIS als Punkt oder Polygon gemäß den Definitionen laut Anlage 1 der Horizontale GAP-Verordnung digitalisierten Landschaftselementen, die sich auf Referenzflächen befinden, an eine solche unmittelbar angrenzen oder in einem Abstand von höchstens 5 m zu einer Referenzfläche liegen."", ""keywords"": [], ""layer_name"": ""inspire_referenzen_2018_point"", ""description"": ""INVEKOS Referenzen 2018 (Point)"", ""service_type"": ""wms"", ""metadata_urls"": [""https://discovery.inspire.gv.at/at.lfrz.discoveryservices/srv/ger/csw?service=CSW&request=GetRecordById&version=2.0.2&outputSchema=http://www.isotc211.org/2005/gmd&ElementSetName=full&id=6d1524bc-f610-486a-be54-ba5c956af068""]}",spatial-extractor,2026-06-21 18:45:51.697 +0300
1154,https://data.inspire.gv.at/e499eacb-df06-4a6a-8175-b9745eeeadc4,https://inspire.lfrz.gv.at/009501/wms?version=1.3.0&request=GetCapabilities,,,"{""id"": ""49169"", ""bbox"": [9.212353182968581, 46.08231048268711, 17.452604362307575, 49.298386740380934, ""CRS:84""], ""name"": ""inspire_schlaege_2020_polygon"", ""title"": ""inspire_schlaege_2020_polygon"", ""crs3857"": true, ""crs4326"": true, ""abstract"": ""Dieser Layer umfasst alle von den AntragstellerInnen erfassten Schlagnutzungen, welche als Grundlage der Förderabwicklung dienen. Ein Schlag ist eine zusammenhängende Fläche eines Feldstücks, die für eine Vegetationsperiode mit nur einer Kultur (Schlagnutzungsart) und einheitlicher Bewirtschaftungsauflage bzw. als ein Landschaftselementetyp gemäß Anlage 1 der Verordnung des zuständigen Bundesministeriums mit horizontalen Regeln für den Bereich der Gemeinsamen Agrarpolitik (Horizontale GAP-Verordnung) StF: BGBl. II Nr. 100/2015 bewirtschaftet oder aber lediglich in gutem landwirtschaftlichen und ökologischen Zustand gemäß Art. 94 der Verordnung (EU) Nr. 1306/2013 erhalten wird und im GIS als Polygon oder als Punkt digitalisiert ist."", ""keywords"": [""Bodennutzung"", ""Landwirtschaftliche Nutzung"", ""Nutzung der landwirtschaftlichen Fläche""], ""layer_name"": ""inspire_schlaege_2020_polygon"", ""description"": ""INVEKOS Schläge 2020 (Polygon)"", ""service_type"": ""wms"", ""metadata_urls"": [""https://discovery.inspire.gv.at/at.lfrz.discoveryservices/srv/ger/csw?service=CSW&request=GetRecordById&version=2.0.2&outputSchema=http%3A%2F%2Fwww.isotc211.org%2F2005%2Fgmd&ElementSetName=full&id=e499eacb-df06-4a6a-8175-b9745eeeadc4""]}",spatial-extractor,2026-06-21 18:45:52.452 +0300
1155,https://data.inspire.gv.at/7175d2af-d188-4ec2-b079-d4c0e5417f77,https://inspire.lfrz.gv.at/009501/wms?version=1.3.0&request=GetCapabilities,,,"{""id"": ""49094"", ""bbox"": [9.406563886760875, 46.35029480991183, 17.217982433587952, 49.029157645814074, ""CRS:84""], ""name"": ""inspire_schlaege_2023-2_point"", ""title"": ""inspire_schlaege_2023-2_point"", ""crs3857"": true, ""crs4326"": true, ""abstract"": ""Dieser Layer umfasst alle von den AntragstellerInnen erfassten Schlagnutzungen, welche als Grundlage der Förderabwicklung dienen. Ein Schlag ist eine zusammenhängende Fläche eines Feldstücks, die für eine Vegetationsperiode mit nur einer Kultur (Schlagnutzungsart) und einheitlicher Bewirtschaftungsauflage bzw. als ein Landschaftselementetyp gemäß Anlage 1 der Verordnung des zuständigen Bundesministeriums mit horizontalen Regeln für den Bereich der Gemeinsamen Agrarpolitik (Horizontale GAP-Verordnung) StF: BGBl. II Nr. 100/2015 bewirtschaftet oder aber lediglich in gutem landwirtschaftlichen und ökologischen Zustand gemäß Art. 94 der Verordnung (EU) Nr. 1306/2013 erhalten wird und im GIS als Polygon oder als Punkt digitalisiert ist."", ""keywords"": [], ""layer_name"": ""inspire_schlaege_2023-2_point"", ""description"": ""inspire_schlaege_2023-2_point"", ""service_type"": ""wms"", ""metadata_urls"": [""https://discovery.inspire.gv.at/at.lfrz.discoveryservices/srv/ger/csw?service=CSW&request=GetRecordById&version=2.0.2&outputSchema=http%3A%2F%2Fwww.isotc211.org%2F2005%2Fgmd&ElementSetName=full&id=7175d2af-d188-4ec2-b079-d4c0e5417f77""]}",spatial-extractor,2026-06-21 18:45:52.938 +0300
1156,"INSPIRE_SIGEC_PARC_AGRI_ANON__2017,2f225125-1309-45b3-804c-204f62808f48",https://geoservices.wallonie.be/geoserver/inspire_lc/ows?service=WMS&version=1.3.0&request=GetCapabilities,,,"{""id"": ""49102"", ""bbox"": null, ""name"": ""INSPIRE- Occupation des terres en Wallonie (BE) - Service de visualisation WMS"", ""title"": null, ""crs3857"": false, ""crs4326"": false, ""abstract"": null, ""keywords"": [], ""layer_name"": null, ""description"": ""Ce service de visualisation WMS-INSPIRE permet de consulter la série de couches de données conforme au thème INSPIRE \""Occupation des terres\""."", ""service_type"": ""wms"", ""metadata_urls"": []}",spatial-extractor,2026-06-21 18:45:53.446 +0300
1157,https://data.inspire.gv.at/b037d48d-06f3-4af2-ac48-ae07e7ca1e00,https://inspire.lfrz.gv.at/009501/wms?version=1.3.0&request=GetCapabilities,,,"{""id"": ""49108"", ""bbox"": [9.406563886760875, 46.35029480991183, 17.215557900587502, 49.029157393076325, ""CRS:84""], ""name"": ""inspire_schlaege_2024-2_point"", ""title"": ""inspire_schlaege_2024-2_point"", ""crs3857"": true, ""crs4326"": true, ""abstract"": ""Dieser Layer umfasst alle von den AntragstellerInnen erfassten Schlagnutzungen, welche als Grundlage der Förderabwicklung dienen. Ein Schlag ist eine zusammenhängende Fläche eines Feldstücks, die für eine Vegetationsperiode mit nur einer Kultur (Schlagnutzungsart) und einheitlicher Bewirtschaftungsauflage bzw. als ein Landschaftselementetyp gemäß Anlage 1 der Verordnung des zuständigen Bundesministeriums mit horizontalen Regeln für den Bereich der Gemeinsamen Agrarpolitik (Horizontale GAP-Verordnung) StF: BGBl. II Nr. 100/2015 bewirtschaftet oder aber lediglich in gutem landwirtschaftlichen und ökologischen Zustand gemäß Art. 94 der Verordnung (EU) Nr. 1306/2013 erhalten wird und im GIS als Polygon oder als Punkt digitalisiert ist."", ""keywords"": [], ""layer_name"": ""inspire_schlaege_2024-2_point"", ""description"": ""inspire_schlaege_2024-2_point"", ""service_type"": ""wms"", ""metadata_urls"": [""https://discovery.inspire.gv.at/at.lfrz.discoveryservices/srv/ger/csw?service=CSW&request=GetRecordById&version=2.0.2&outputSchema=http%3A%2F%2Fwww.isotc211.org%2F2005%2Fgmd&ElementSetName=full&id=b037d48d-06f3-4af2-ac48-ae07e7ca1e00""]}",spatial-extractor,2026-06-21 18:45:54.500 +0300
1158,"INSPIRE_SIGEC_PARC_AGRI_ANON__2015,82a3db7f-092c-4e9a-a97e-b92b31eeafe1",https://geoservices.wallonie.be/geoserver/inspire_lc/ows?service=WMS&version=1.3.0&request=GetCapabilities,,,"{""id"": ""49116"", ""bbox"": null, ""name"": ""Service de visualisation WMS - Inspire"", ""title"": null, ""crs3857"": false, ""crs4326"": false, ""abstract"": null, ""keywords"": [], ""layer_name"": null, ""description"": ""Ce service de visualisation WMS-INSPIRE permet de consulter la série de couches de données conforme au thème INSPIRE \""Occupation des terres\""."", ""service_type"": ""wms"", ""metadata_urls"": []}",spatial-extractor,2026-06-21 18:45:55.296 +0300
1159,https://data.inspire.gv.at/bbd8ee1b-76a1-451f-88ef-84e9c7a1faaf,https://inspire.lfrz.gv.at/009501/wms?version=1.3.0&request=GetCapabilities,,,"{""id"": ""49121"", ""bbox"": [9.406563886760875, 46.35029480991183, 17.215557900587502, 49.029157393076325, ""CRS:84""], ""name"": ""inspire_schlaege_2024-1_point"", ""title"": ""inspire_schlaege_2024-1_point"", ""crs3857"": true, ""crs4326"": true, ""abstract"": ""Dieser Layer umfasst alle von den AntragstellerInnen erfassten Schlagnutzungen, welche als Grundlage der Förderabwicklung dienen. Ein Schlag ist eine zusammenhängende Fläche eines Feldstücks, die für eine Vegetationsperiode mit nur einer Kultur (Schlagnutzungsart) und einheitlicher Bewirtschaftungsauflage bzw. als ein Landschaftselementetyp gemäß Anlage 1 der Verordnung des zuständigen Bundesministeriums mit horizontalen Regeln für den Bereich der Gemeinsamen Agrarpolitik (Horizontale GAP-Verordnung) StF: BGBl. II Nr. 100/2015 bewirtschaftet oder aber lediglich in gutem landwirtschaftlichen und ökologischen Zustand gemäß Art. 94 der Verordnung (EU) Nr. 1306/2013 erhalten wird und im GIS als Polygon oder als Punkt digitalisiert ist."", ""keywords"": [], ""layer_name"": ""inspire_schlaege_2024-1_point"", ""description"": ""inspire_schlaege_2024-1_point"", ""service_type"": ""wms"", ""metadata_urls"": [""https://discovery.inspire.gv.at/at.lfrz.discoveryservices/srv/ger/csw?service=CSW&request=GetRecordById&version=2.0.2&outputSchema=http%3A%2F%2Fwww.isotc211.org%2F2005%2Fgmd&ElementSetName=full&id=bbd8ee1b-76a1-451f-88ef-84e9c7a1faaf""]}",spatial-extractor,2026-06-21 18:45:56.216 +0300
1160,https://data.inspire.gv.at/0095/c2412b1f-b77d-435a-b76a-d56f4609266e,https://inspire.lfrz.gv.at/009501/wms?version=1.3.0&request=GetCapabilities,,,"{""id"": ""49132"", ""bbox"": [9.212353182968585, 46.08231048268711, 17.45260436230758, 49.298386740380934, ""CRS:84""], ""name"": ""inspire_feldstuecke_2019"", ""title"": ""inspire_feldstuecke_2019"", ""crs3857"": true, ""crs4326"": true, ""abstract"": ""Der Layer umfasst alle von den AntragstellerInnen erfassten Feldstücken, welche als Grundlage der Förderabwicklung dienen. Ein Feldstück ist eine im Bundesgebiet gelegene, eindeutig abgrenzbare Bewirtschaftungseinheit eines Betriebsinhabers mit nur einer Nutzungsart gemäß § 16 der Verordnung des zuständigen Bundesministeriums mit horizontalen Regeln für den Bereich der Gemeinsamen Agrarpolitik (Horizontale GAP-Verordnung) StF: BGBl. II Nr. 100/2015, die im Geographischen Informationssystem (GIS) als Polygon digitalisiert ist und aus Schlägen besteht."", ""keywords"": [""Bodennutzung"", ""Flurstücke/Grundstücke (Katasterparzellen)"", ""Landwirtschaftliche Nutzung"", ""Nutzung der landwirtschaftlichen Fläche""], ""layer_name"": ""inspire_feldstuecke_2019"", ""description"": ""INVEKOS Feldstücke 2019"", ""service_type"": ""wms"", ""metadata_urls"": [""https://discovery.inspire.gv.at/at.lfrz.discoveryservices/srv/ger/csw?service=CSW&request=GetRecordById&version=2.0.2&outputSchema=http%3A%2F%2Fwww.isotc211.org%2F2005%2Fgmd&ElementSetName=full&id=c2412b1f-b77d-435a-b76a-d56f4609266e""]}",spatial-extractor,2026-06-21 18:46:03.731 +0300
1161,https://data.inspire.gv.at/0095/bdddeedb-5381-43cd-8c48-88a946ae2d0b,https://inspire.lfrz.gv.at/009501/wms?version=1.3.0&request=GetCapabilities,,,"{""id"": ""49139"", ""bbox"": [9.406528989424798, 46.36583800700145, 17.21801690784526, 49.02961218147889, ""CRS:84""], ""name"": ""inspire_schlaege_2018_point"", ""title"": ""inspire_schlaege_2018_point"", ""crs3857"": true, ""crs4326"": true, ""abstract"": ""Dieser Layer umfasst alle von den AntragstellerInnen erfassten Schlagnutzungen, welche als Grundlage der Förderabwicklung dienen. Ein Schlag ist eine zusammenhängende Fläche eines Feldstücks, die für eine Vegetationsperiode mit nur einer Kultur (Schlagnutzungsart) und einheitlicher Bewirtschaftungsauflage bzw. als ein Landschaftselementetyp gemäß Anlage 1 der Verordnung des zuständigen Bundesministeriums mit horizontalen Regeln für den Bereich der Gemeinsamen Agrarpolitik (Horizontale GAP-Verordnung) StF: BGBl. II Nr. 100/2015 bewirtschaftet oder aber lediglich in gutem landwirtschaftlichen und ökologischen Zustand gemäß Art. 94 der Verordnung (EU) Nr. 1306/2013 erhalten wird und im GIS als Polygon oder als Punkt digitalisiert ist."", ""keywords"": [], ""layer_name"": ""inspire_schlaege_2018_point"", ""description"": ""INVEKOS Schläge 2018 (Point)"", ""service_type"": ""wms"", ""metadata_urls"": [""https://discovery.inspire.gv.at/at.lfrz.discoveryservices/srv/ger/csw?service=CSW&request=GetRecordById&version=2.0.2&outputSchema=http://www.isotc211.org/2005/gmd&ElementSetName=full&id=bdddeedb-5381-43cd-8c48-88a946ae2d0b""]}",spatial-extractor,2026-06-21 18:46:04.231 +0300
1202,https://registry.gdi-de.org/id/de.be.csw/a84c212a-a92b-3439-abee-31254223455f,https://gdi.berlin.de/services/wms/bodenkundliche_kartierungen?request=GetCapabilities&service=WMS,,,"{""id"": ""56635"", ""bbox"": null, ""name"": ""NULL"", ""title"": ""Bodenkundliche Kartierungen - Übersicht"", ""crs3857"": null, ""crs4326"": null, ""abstract"": ""Übersicht über die im Land Berlin durchgeführten bodenkundlichen Gutachten oder Kartierungen bei denen Bodenprofile dokumentiert und/oder großmaßstäbliche Bodenkartierungen erarbeitet wurden."", ""keywords"": [], ""layer_name"": null, ""description"": ""Darstellungsdienst - Bodenkundliche Kartierungen - Übersicht (WMS)"", ""service_type"": ""wms"", ""metadata_urls"": []}",spatial-extractor,2026-06-21 18:47:00.114 +0300
1222,https://www.dov.vlaanderen.be/dataset/127c3b51-d606-47f8-8c35-df7301b35ca2,https://www.dov.vlaanderen.be/geoserver/organische_koolstof/wcs?SERVICE=WCS&version=2.0.1&request=GetCoverage,,,"{""error"": null}",spatial-extractor,2026-06-21 18:47:31.591 +0300
1162,https://data.inspire.gv.at/0095/546e3dff-8a23-482a-814e-b1fb3dde5562,https://inspire.lfrz.gv.at/009501/wms?version=1.3.0&request=GetCapabilities,,,"{""id"": ""49146"", ""bbox"": [9.212353182968585, 46.08231048268711, 17.45260436230758, 49.298386740380934, ""CRS:84""], ""name"": ""inspire_feldstuecke_2015"", ""title"": ""inspire_feldstuecke_2015"", ""crs3857"": true, ""crs4326"": true, ""abstract"": ""Der Layer umfasst alle von den AntragstellerInnen erfassten Feldstücken, welche als Grundlage der Förderabwicklung dienen. Ein Feldstück ist eine im Bundesgebiet gelegene, eindeutig abgrenzbare Bewirtschaftungseinheit eines Betriebsinhabers mit nur einer Nutzungsart gemäß § 16 der Verordnung des zuständigen Bundesministeriums mit horizontalen Regeln für den Bereich der Gemeinsamen Agrarpolitik (Horizontale GAP-Verordnung) StF: BGBl. II Nr. 100/2015, die im Geographischen Informationssystem (GIS) als Polygon digitalisiert ist und aus Schlägen besteht."", ""keywords"": [""Bodennutzung"", ""Flurstücke/Grundstücke (Katasterparzellen)"", ""Landwirtschaftliche Nutzung"", ""Nutzung der landwirtschaftlichen Fläche""], ""layer_name"": ""inspire_feldstuecke_2015"", ""description"": ""inspire_feldstuecke_2015"", ""service_type"": ""wms"", ""metadata_urls"": [""https://discovery.inspire.gv.at/at.lfrz.discoveryservices/srv/ger/csw?service=CSW&request=GetRecordById&version=2.0.2&outputSchema=http%3A%2F%2Fwww.isotc211.org%2F2005%2Fgmd&ElementSetName=full&id=546e3dff-8a23-482a-814e-b1fb3dde5562""]}",spatial-extractor,2026-06-21 18:46:04.723 +0300
1163,https://data.inspire.gv.at/76e56152-abca-4611-b88a-6ee7d48f9a61,https://inspire.lfrz.gv.at/009501/wms?version=1.3.0&request=GetCapabilities,,,"{""id"": ""49149"", ""bbox"": null, ""name"": ""inspire_schlaege_2022_2_point"", ""title"": null, ""crs3857"": false, ""crs4326"": false, ""abstract"": null, ""keywords"": [], ""layer_name"": null, ""description"": ""inspire_schlaege_2022_2_point"", ""service_type"": ""wms"", ""metadata_urls"": []}",spatial-extractor,2026-06-21 18:46:05.254 +0300
1164,https://data.inspire.gv.at/88ae1d46-12f9-43a6-99f3-c3c09b9425fc,https://inspire.lfrz.gv.at/009501/wms?request=GetCapabilities&version=1.3.0,,,"{""id"": ""49158"", ""bbox"": [9.417024651398023, 46.36024405746746, 17.182869982739838, 49.02216388825376, ""CRS:84""], ""name"": ""inspire_hofstellen_2023-2"", ""title"": ""inspire_hofstellen_2023-2"", ""crs3857"": true, ""crs4326"": true, ""abstract"": ""Dieser Layer umfasst die Wirtschaftsgebäude der AntragstellerInnen, welche im Zuge der Förderabwicklung herangezogen werden. Unter Hofstelle ist das Wirtschaftsgebäude des Hauptbetriebes zu verstehen."", ""keywords"": [], ""layer_name"": ""inspire_hofstellen_2023-2"", ""description"": ""inspire_hofstellen_2023-2"", ""service_type"": ""wms"", ""metadata_urls"": [""https://discovery.inspire.gv.at/at.lfrz.discoveryservices/srv/ger/csw?service=CSW&request=GetRecordById&version=2.0.2&outputSchema=http%3A%2F%2Fwww.isotc211.org%2F2005%2Fgmd&ElementSetName=full&id=88ae1d46-12f9-43a6-99f3-c3c09b9425fc""]}",spatial-extractor,2026-06-21 18:46:05.770 +0300
1165,https://data.inspire.gv.at/5f147bb9-7fe5-41ba-a91e-0a3595c8335e,https://inspire.lfrz.gv.at/009501/wms?version=1.3.0&request=GetCapabilities,,,"{""id"": ""49163"", ""bbox"": [9.405290334050319, 46.3458780728679, 17.232237933779302, 49.02992317964396, ""CRS:84""], ""name"": ""inspire_feldstuecke_2023-2"", ""title"": ""inspire_feldstuecke_2023-2"", ""crs3857"": true, ""crs4326"": true, ""abstract"": ""Der Layer umfasst alle von den AntragstellerInnen erfassten Feldstücken, welche als Grundlage der Förderabwicklung dienen. Ein Feldstück ist eine im Bundesgebiet gelegene, eindeutig abgrenzbare Bewirtschaftungseinheit eines Betriebsinhabers mit nur einer Nutzungsart gemäß § 16 der Verordnung des zuständigen Bundesministeriums mit horizontalen Regeln für den Bereich der Gemeinsamen Agrarpolitik (Horizontale GAP-Verordnung) StF: BGBl. II Nr. 100/2015, die im Geographischen Informationssystem (GIS) als Polygon digitalisiert ist und aus Schlägen besteht."", ""keywords"": [], ""layer_name"": ""inspire_feldstuecke_2023-2"", ""description"": ""inspire_feldstuecke_2023-2"", ""service_type"": ""wms"", ""metadata_urls"": [""https://discovery.inspire.gv.at/at.lfrz.discoveryservices/srv/ger/csw?service=CSW&request=GetRecordById&version=2.0.2&outputSchema=http%3A%2F%2Fwww.isotc211.org%2F2005%2Fgmd&ElementSetName=full&id=5f147bb9-7fe5-41ba-a91e-0a3595c8335e""]}",spatial-extractor,2026-06-21 18:46:06.260 +0300
1166,https://data.inspire.gv.at/0095/f77c993f-f70f-4c88-9b6c-582429b48405,https://inspire.lfrz.gv.at/009501/wms?version=1.3.0&request=GetCapabilities,,,"{""id"": ""49179"", ""bbox"": [9.212353182968585, 46.08231048268711, 17.45260436230758, 49.298386740380934, ""CRS:84""], ""name"": ""inspire_feldstuecke_2017"", ""title"": ""inspire_feldstuecke_2017"", ""crs3857"": true, ""crs4326"": true, ""abstract"": ""Der Layer umfasst alle von den AntragstellerInnen erfassten Feldstücken, welche als Grundlage der Förderabwicklung dienen. Ein Feldstück ist eine im Bundesgebiet gelegene, eindeutig abgrenzbare Bewirtschaftungseinheit eines Betriebsinhabers mit nur einer Nutzungsart gemäß § 16 der Verordnung des zuständigen Bundesministeriums mit horizontalen Regeln für den Bereich der Gemeinsamen Agrarpolitik (Horizontale GAP-Verordnung) StF: BGBl. II Nr. 100/2015, die im Geographischen Informationssystem (GIS) als Polygon digitalisiert ist und aus Schlägen besteht."", ""keywords"": [""Bodennutzung"", ""Flurstücke/Grundstücke (Katasterparzellen)"", ""Landwirtschaftliche Nutzung"", ""Nutzung der landwirtschaftlichen Fläche""], ""layer_name"": ""inspire_feldstuecke_2017"", ""description"": ""INVEKOS Feldstücke 2017"", ""service_type"": ""wms"", ""metadata_urls"": [""https://discovery.inspire.gv.at/at.lfrz.discoveryservices/srv/ger/csw?service=CSW&request=GetRecordById&version=2.0.2&outputSchema=http%3A%2F%2Fwww.isotc211.org%2F2005%2Fgmd&ElementSetName=full&id=f77c993f-f70f-4c88-9b6c-582429b48405""]}",spatial-extractor,2026-06-21 18:46:06.722 +0300
1167,https://data.inspire.gv.at/90c91343-a573-4cf2-a5d9-09ccd97f13cf,https://inspire.lfrz.gv.at/009501/wms?request=GetCapabilities&version=1.3.0,,,"{""id"": ""49182"", ""bbox"": [9.417024651398025, 46.36024405746747, 17.182869982739835, 49.02216388825376, ""CRS:84""], ""name"": ""inspire_hofstellen_2024-2"", ""title"": ""inspire_hofstellen_2024-2"", ""crs3857"": true, ""crs4326"": true, ""abstract"": ""Dieser Layer umfasst die Wirtschaftsgebäude der AntragstellerInnen, welche im Zuge der Förderabwicklung herangezogen werden. Unter Hofstelle ist das Wirtschaftsgebäude des Hauptbetriebes zu verstehen."", ""keywords"": [], ""layer_name"": ""inspire_hofstellen_2024-2"", ""description"": ""inspire_hofstellen_2024-2"", ""service_type"": ""wms"", ""metadata_urls"": [""https://discovery.inspire.gv.at/at.lfrz.discoveryservices/srv/ger/csw?service=CSW&request=GetRecordById&version=2.0.2&outputSchema=http%3A%2F%2Fwww.isotc211.org%2F2005%2Fgmd&ElementSetName=full&id=90c91343-a573-4cf2-a5d9-09ccd97f13cf""]}",spatial-extractor,2026-06-21 18:46:07.431 +0300
1168,https://registry.gdi-de.org/id/de.be.csw/10f8e25e-217d-34dd-b6e5-e4b1c70be8a5,https://gdi.berlin.de/services/wms/so_bogeboa2020?request=GetCapabilities&service=WMS,,,"{""id"": ""49187"", ""bbox"": null, ""name"": ""NULL"", ""title"": ""Boden im INSPIRE-Datenmodell (Bodengesellschaften und Bodenarten 2020)"", ""crs3857"": null, ""crs4326"": null, ""abstract"": ""Die Bodengesellschaften und Bodenarten beschreiben die Verbreitungsräume von Bodengesellschaften, Bodenarten und Torfarten in Berlin im INSPIRE-Datenmodell."", ""keywords"": [], ""layer_name"": null, ""description"": ""Darstellungsdienst - Boden im INSPIRE-Datenmodell (Bodengesellschaften und Bodenarten 2020) (WMS)"", ""service_type"": ""wms"", ""metadata_urls"": []}",spatial-extractor,2026-06-21 18:46:07.936 +0300
1223,https://www.dov.vlaanderen.be/dataset/127c3b51-d606-47f8-8c35-df7301b35ca2,https://www.dov.vlaanderen.be/geoserver/organische_koolstof/wcs?,,,"{""error"": null}",spatial-extractor,2026-06-21 18:47:33.607 +0300
1170,https://data.inspire.gv.at/cf1600b1-56c5-45b6-95ee-1e7a9714acdf,https://inspire.lfrz.gv.at/009501/wms?version=1.3.0&request=GetCapabilities,,,"{""id"": ""49196"", ""bbox"": [9.406563886760875, 46.35029480991183, 17.217982433587952, 49.029157645814074, ""CRS:84""], ""name"": ""inspire_schlaege_2023-1_point"", ""title"": ""inspire_schlaege_2023-1_point"", ""crs3857"": true, ""crs4326"": true, ""abstract"": ""Dieser Layer umfasst alle von den AntragstellerInnen erfassten Schlagnutzungen, welche als Grundlage der Förderabwicklung dienen. Ein Schlag ist eine zusammenhängende Fläche eines Feldstücks, die für eine Vegetationsperiode mit nur einer Kultur (Schlagnutzungsart) und einheitlicher Bewirtschaftungsauflage bzw. als ein Landschaftselementetyp gemäß Anlage 1 der Verordnung des zuständigen Bundesministeriums mit horizontalen Regeln für den Bereich der Gemeinsamen Agrarpolitik (Horizontale GAP-Verordnung) StF: BGBl. II Nr. 100/2015 bewirtschaftet oder aber lediglich in gutem landwirtschaftlichen und ökologischen Zustand gemäß Art. 94 der Verordnung (EU) Nr. 1306/2013 erhalten wird und im GIS als Polygon oder als Punkt digitalisiert ist."", ""keywords"": [], ""layer_name"": ""inspire_schlaege_2023-1_point"", ""description"": ""inspire_schlaege_2023-1_point"", ""service_type"": ""wms"", ""metadata_urls"": [""https://discovery.inspire.gv.at/at.lfrz.discoveryservices/srv/ger/csw?service=CSW&request=GetRecordById&version=2.0.2&outputSchema=http%3A%2F%2Fwww.isotc211.org%2F2005%2Fgmd&ElementSetName=full&id=cf1600b1-56c5-45b6-95ee-1e7a9714acdf""]}",spatial-extractor,2026-06-21 18:46:09.586 +0300
1171,https://data.inspire.gv.at/89e7d5e0-385f-40b2-9e42-fb3bb29e52a9,https://inspire.lfrz.gv.at/009501/wms?version=1.3.0&request=GetCapabilities,,,"{""id"": ""49205"", ""bbox"": [9.212353182968585, 46.08231048268711, 17.45260436230758, 49.298386740380934, ""CRS:84""], ""name"": ""inspire_schlaege_2021_point"", ""title"": ""inspire_schlaege_2021_point"", ""crs3857"": true, ""crs4326"": true, ""abstract"": ""Dieser Layer umfasst alle von den AntragstellerInnen erfassten Schlagnutzungen, welche als Grundlage der Förderabwicklung dienen. Ein Schlag ist eine zusammenhängende Fläche eines Feldstücks, die für eine Vegetationsperiode mit nur einer Kultur (Schlagnutzungsart) und einheitlicher Bewirtschaftungsauflage bzw. als ein Landschaftselementetyp gemäß Anlage 1 der Verordnung des zuständigen Bundesministeriums mit horizontalen Regeln für den Bereich der Gemeinsamen Agrarpolitik (Horizontale GAP-Verordnung) StF: BGBl. II Nr. 100/2015 bewirtschaftet oder aber lediglich in gutem landwirtschaftlichen und ökologischen Zustand gemäß Art. 94 der Verordnung (EU) Nr. 1306/2013 erhalten wird und im GIS als Polygon oder als Punkt digitalisiert ist."", ""keywords"": [""INVEKOS"", ""IACS"", ""LPIS""], ""layer_name"": ""inspire_schlaege_2021_point"", ""description"": ""INVEKOS Schläge 2021 (Point)"", ""service_type"": ""wms"", ""metadata_urls"": [""https://discovery.inspire.gv.at/at.lfrz.discoveryservices/srv/ger/csw?service=CSW&request=GetRecordById&version=2.0.2&outputSchema=http%3A%2F%2Fwww.isotc211.org%2F2005%2Fgmd&ElementSetName=full&id=89e7d5e0-385f-40b2-9e42-fb3bb29e52a9""]}",spatial-extractor,2026-06-21 18:46:10.052 +0300
1172,"INSPIRE_LU_ExistingLandUse_SIGEC2020,7e19a17e-8b1c-4c3c-a6a8-0443b59eeca7",https://geoservices.wallonie.be/geoserver/inspire_lu/ows?service=WMS&version=1.3.0&request=GetCapabilities,,,"{""id"": ""49215"", ""bbox"": null, ""name"": ""INSPIRE - Usage des sols en Wallonie (BE) - Service de visualisation WMS"", ""title"": null, ""crs3857"": false, ""crs4326"": false, ""abstract"": null, ""keywords"": [], ""layer_name"": null, ""description"": ""NULL"", ""service_type"": ""wms"", ""metadata_urls"": []}",spatial-extractor,2026-06-21 18:46:10.530 +0300
1173,"INSPIRE_SIGEC_PARC_AGRI_ANON__2015,b7f2f896-5983-46dd-bed6-c43e15613efb",https://geoservices.wallonie.be/geoserver/inspire_lc/ows?service=WMS&version=1.3.0&request=GetCapabilities,,,"{""id"": ""49218"", ""bbox"": null, ""name"": ""Service de visualisation WMS - Inspire"", ""title"": null, ""crs3857"": false, ""crs4326"": false, ""abstract"": null, ""keywords"": [], ""layer_name"": null, ""description"": ""Ce service de visualisation WMS-INSPIRE permet de consulter la série de couches de données conforme au thème INSPIRE \""Occupation des terres\""."", ""service_type"": ""wms"", ""metadata_urls"": []}",spatial-extractor,2026-06-21 18:46:12.053 +0300
1174,"LU_ExistingLandUse_SIGEC2015,c55781da-dc96-4a8d-9e2e-c6c0e778e25f",https://geoservices.wallonie.be/geoserver/inspire_lu/ows?service=WMS&version=1.3.0&request=GetCapabilities,,,"{""id"": ""49224"", ""bbox"": null, ""name"": ""INSPIRE - Usage des sols en Wallonie (BE) - Service de visualisation WMS"", ""title"": null, ""crs3857"": false, ""crs4326"": false, ""abstract"": null, ""keywords"": [], ""layer_name"": null, ""description"": ""NULL"", ""service_type"": ""wms"", ""metadata_urls"": []}",spatial-extractor,2026-06-21 18:46:12.989 +0300
1175,https://data.inspire.gv.at/762116b3-ef95-479a-8a50-50e42da2092e,https://inspire.lfrz.gv.at/009501/wms?version=1.3.0&request=GetCapabilities,,,"{""id"": ""49227"", ""bbox"": [9.212353182968585, 46.08231048268711, 17.45260436230758, 49.298386740380934, ""CRS:84""], ""name"": ""inspire_feldstuecke_2020"", ""title"": ""inspire_feldstuecke_2020"", ""crs3857"": true, ""crs4326"": true, ""abstract"": ""Der Layer umfasst alle von den AntragstellerInnen erfassten Feldstücken, welche als Grundlage der Förderabwicklung dienen. Ein Feldstück ist eine im Bundesgebiet gelegene, eindeutig abgrenzbare Bewirtschaftungseinheit eines Betriebsinhabers mit nur einer Nutzungsart gemäß § 16 der Verordnung des zuständigen Bundesministeriums mit horizontalen Regeln für den Bereich der Gemeinsamen Agrarpolitik (Horizontale GAP-Verordnung) StF: BGBl. II Nr. 100/2015, die im Geographischen Informationssystem (GIS) als Polygon digitalisiert ist und aus Schlägen besteht."", ""keywords"": [""Bodennutzung"", ""Landwirtschaftliche Nutzung"", ""Nutzung der landwirtschaftlichen Fläche"", ""Flurstücke/Grundstücke (Katasterparzellen)""], ""layer_name"": ""inspire_feldstuecke_2020"", ""description"": ""INVEKOS Feldstücke 2020"", ""service_type"": ""wms"", ""metadata_urls"": [""https://discovery.inspire.gv.at/at.lfrz.discoveryservices/srv/ger/csw?service=CSW&request=GetRecordById&version=2.0.2&outputSchema=http%3A%2F%2Fwww.isotc211.org%2F2005%2Fgmd&ElementSetName=full&id=762116b3-ef95-479a-8a50-50e42da2092e""]}",spatial-extractor,2026-06-21 18:46:14.049 +0300
1176,"/LC_AgriculturalArea_LPIS_2022,d752fab9-4560-4a32-9da6-227b51fca867",https://geoservices.wallonie.be/geoserver/inspire_lc/ows?service=WMS&version=1.3.0&request=GetCapabilities,,,"{""id"": ""49231"", ""bbox"": null, ""name"": ""INSPIRE- Occupation des terres en Wallonie (BE) - Service de visualisation WMS"", ""title"": null, ""crs3857"": false, ""crs4326"": false, ""abstract"": null, ""keywords"": [], ""layer_name"": null, ""description"": ""Ce service de visualisation WMS-INSPIRE permet de consulter la série de couches de données conforme au thème INSPIRE \""Occupation des terres\""."", ""service_type"": ""wms"", ""metadata_urls"": []}",spatial-extractor,2026-06-21 18:46:14.582 +0300
1203,https://registry.gdi-de.org/id/de.be.csw/2435d0e9-e7f9-32d2-8a28-0e9c99a799f0,https://gdi.berlin.de/services/wms/ua_boden_kakeff_2020?request=GetCapabilities&service=WMS,,,"{""id"": ""56643"", ""bbox"": null, ""name"": ""NULL"", ""title"": ""Mittlere effektive Kationenaustauschkapazität (KAKeff) 2020 (Umweltatlas)"", ""crs3857"": null, ""crs4326"": null, ""abstract"": ""Darstellung des mittlere effektive Kationenaustauschkapazität (KAKeff) der Böden auf Block- und Blockteilflächen-Basis, 1 : 5.000, Stand 2015."", ""keywords"": [], ""layer_name"": null, ""description"": ""Darstellungsdienst - Mittlere effektive Kationenaustauschkapazität (KAKeff) der Böden 2020 (Umweltatlas) (WMS)"", ""service_type"": ""wms"", ""metadata_urls"": []}",spatial-extractor,2026-06-21 18:47:05.657 +0300
1177,https://data.inspire.gv.at/ce83d9d5-9dd8-4094-bd3b-345cde487bc7,https://inspire.lfrz.gv.at/009501/wms?version=1.3.0&request=GetCapabilities,,,"{""id"": ""49237"", ""bbox"": [9.406430103965574, 46.35029167261794, 17.231844975890883, 49.02961337687206, ""CRS:84""], ""name"": ""inspire_referenzen_2025-1_point"", ""title"": ""inspire_referenzen_2025-1_point"", ""crs3857"": true, ""crs4326"": true, ""abstract"": ""Der Layer umfasst alle von der Zahlstelle Agrarmarkt Austria festgelegte Referenzparzellen und erfasste Landschaftselemente (Landschaftselementelayers) im Sinne des Art. 5 der Verordnung (EU) Nr. 640/2014 und Verordnung des zuständigen Bundesministeriums mit horizontalen Regeln für den Bereich der Gemeinsamen Agrarpolitik (Horizontale GAP-Verordnung) StF: BGBl. II Nr. 100/2015 Referenzparzelle: ist der physische Block, der als eindeutig nach außen abgrenzbar (zB Wald, Straßen, Gewässer) und durch in der Natur erkennbare, zusammenhängende landwirtschaftlich genutzte Flächen gebildet wird. Landschaftselementelayer: Layer mit den im GIS als Punkt oder Polygon gemäß den Definitionen laut Anlage 1 der Horizontale GAP-Verordnung digitalisierten Landschaftselementen, die sich auf Referenzflächen befinden, an eine solche unmittelbar angrenzen oder in einem Abstand von höchstens 5 m zu einer Referenzfläche liegen."", ""keywords"": [], ""layer_name"": ""inspire_referenzen_2025-1_point"", ""description"": ""inspire_referenzen_2025-1_point"", ""service_type"": ""wms"", ""metadata_urls"": [""https://discovery.inspire.gv.at/at.lfrz.discoveryservices/srv/ger/csw?service=CSW&request=GetRecordById&version=2.0.2&outputSchema=http%3A%2F%2Fwww.isotc211.org%2F2005%2Fgmd&ElementSetName=full&id=ce83d9d5-9dd8-4094-bd3b-345cde487bc7""]}",spatial-extractor,2026-06-21 18:46:15.520 +0300
1178,https://data.inspire.gv.at/b2bd27c3-ccd9-4e5a-98ce-28deab1266f5,https://inspire.lfrz.gv.at/009501/wms?version=1.3.0&request=GetCapabilities,,,"{""id"": ""49257"", ""bbox"": [9.406563886760875, 46.35029480991183, 17.215557900587502, 49.029157393076325, ""CRS:84""], ""name"": ""inspire_schlaege_2025-1_point"", ""title"": ""inspire_schlaege_2025-1_point"", ""crs3857"": true, ""crs4326"": true, ""abstract"": ""Dieser Layer umfasst alle von den AntragstellerInnen erfassten Schlagnutzungen, welche als Grundlage der Förderabwicklung dienen. Ein Schlag ist eine zusammenhängende Fläche eines Feldstücks, die für eine Vegetationsperiode mit nur einer Kultur (Schlagnutzungsart) und einheitlicher Bewirtschaftungsauflage bzw. als ein Landschaftselementetyp gemäß Anlage 1 der Verordnung des zuständigen Bundesministeriums mit horizontalen Regeln für den Bereich der Gemeinsamen Agrarpolitik (Horizontale GAP-Verordnung) StF: BGBl. II Nr. 100/2015 bewirtschaftet oder aber lediglich in gutem landwirtschaftlichen und ökologischen Zustand gemäß Art. 94 der Verordnung (EU) Nr. 1306/2013 erhalten wird und im GIS als Polygon oder als Punkt digitalisiert ist."", ""keywords"": [], ""layer_name"": ""inspire_schlaege_2025-1_point"", ""description"": ""inspire_schlaege_2025-1_point"", ""service_type"": ""wms"", ""metadata_urls"": [""https://discovery.inspire.gv.at/at.lfrz.discoveryservices/srv/ger/csw?service=CSW&request=GetRecordById&version=2.0.2&outputSchema=http%3A%2F%2Fwww.isotc211.org%2F2005%2Fgmd&ElementSetName=full&id=b2bd27c3-ccd9-4e5a-98ce-28deab1266f5""]}",spatial-extractor,2026-06-21 18:46:16.033 +0300
1179,"LU_ExistingLandUse_SIGEC2021,a34c3c16-5ec5-41c6-839b-d1a587b52fa2",https://geoservices.wallonie.be/geoserver/inspire_lu/ows?service=WMS&version=1.3.0&request=GetCapabilities,,,"{""id"": ""49267"", ""bbox"": null, ""name"": ""INSPIRE - Usage des sols en Wallonie (BE) - Service de visualisation WMS"", ""title"": null, ""crs3857"": false, ""crs4326"": false, ""abstract"": null, ""keywords"": [], ""layer_name"": null, ""description"": ""NULL"", ""service_type"": ""wms"", ""metadata_urls"": []}",spatial-extractor,2026-06-21 18:46:16.496 +0300
1180,"LU_ExistingLandUse_SIGEC2017,14952d61-ec09-455a-ac6b-805aa03ff297",https://geoservices.wallonie.be/geoserver/inspire_lu/ows?service=WMS&version=1.3.0&request=GetCapabilities,,,"{""id"": ""49272"", ""bbox"": null, ""name"": ""INSPIRE - Usage des sols en Wallonie (BE) - Service de visualisation WMS"", ""title"": null, ""crs3857"": false, ""crs4326"": false, ""abstract"": null, ""keywords"": [], ""layer_name"": null, ""description"": ""NULL"", ""service_type"": ""wms"", ""metadata_urls"": []}",spatial-extractor,2026-06-21 18:46:17.429 +0300
1181,https://data.inspire.gv.at/0095/b6134075-0fb5-4278-bbbd-2cf48a776d2d,https://inspire.lfrz.gv.at/009501/wms?version=1.3.0&request=GetCapabilities,,,"{""id"": ""49277"", ""bbox"": [9.212353182968585, 46.08231048268711, 17.45260436230758, 49.298386740380934, ""CRS:84""], ""name"": ""inspire_feldstuecke_2018"", ""title"": ""inspire_feldstuecke_2018"", ""crs3857"": true, ""crs4326"": true, ""abstract"": ""Der Layer umfasst alle von den AntragstellerInnen erfassten Feldstücken, welche als Grundlage der Förderabwicklung dienen. Ein Feldstück ist eine im Bundesgebiet gelegene, eindeutig abgrenzbare Bewirtschaftungseinheit eines Betriebsinhabers mit nur einer Nutzungsart gemäß § 16 der Verordnung des zuständigen Bundesministeriums mit horizontalen Regeln für den Bereich der Gemeinsamen Agrarpolitik (Horizontale GAP-Verordnung) StF: BGBl. II Nr. 100/2015, die im Geographischen Informationssystem (GIS) als Polygon digitalisiert ist und aus Schlägen besteht."", ""keywords"": [""Bodennutzung"", ""Flurstücke/Grundstücke (Katasterparzellen)"", ""Landwirtschaftliche Nutzung"", ""Nutzung der landwirtschaftlichen Fläche""], ""layer_name"": ""inspire_feldstuecke_2018"", ""description"": ""INVEKOS Feldstücke 2018"", ""service_type"": ""wms"", ""metadata_urls"": [""https://discovery.inspire.gv.at/at.lfrz.discoveryservices/srv/ger/csw?service=CSW&request=GetRecordById&version=2.0.2&outputSchema=http%3A%2F%2Fwww.isotc211.org%2F2005%2Fgmd&ElementSetName=full&id=b6134075-0fb5-4278-bbbd-2cf48a776d2d""]}",spatial-extractor,2026-06-21 18:46:18.523 +0300
1182,"INSPIRE_SIGEC_PARC_AGRI_ANON__2020,1aecd74a-e1a7-498c-b749-f0a256ba2834",https://geoservices.wallonie.be/geoserver/inspire_lc/ows?service=WMS&version=1.3.0&request=GetCapabilities,,,"{""id"": ""49279"", ""bbox"": null, ""name"": ""INSPIRE- Occupation des terres en Wallonie (BE) - Service de visualisation WMS"", ""title"": null, ""crs3857"": false, ""crs4326"": false, ""abstract"": null, ""keywords"": [], ""layer_name"": null, ""description"": ""Ce service de visualisation WMS-INSPIRE permet de consulter la série de couches de données conforme au thème INSPIRE \""Occupation des terres\""."", ""service_type"": ""wms"", ""metadata_urls"": []}",spatial-extractor,2026-06-21 18:46:19.009 +0300
1183,"INSPIRE_LU_ExistingLandUse_SIGEC2018,2f747a5b-0278-43b7-91a6-d3b2d2b52323",https://geoservices.wallonie.be/geoserver/inspire_lu/ows?service=WMS&version=1.3.0&request=GetCapabilities,,,"{""id"": ""49288"", ""bbox"": null, ""name"": ""INSPIRE - Usage des sols en Wallonie (BE) - Service de visualisation WMS"", ""title"": null, ""crs3857"": false, ""crs4326"": false, ""abstract"": null, ""keywords"": [], ""layer_name"": null, ""description"": ""NULL"", ""service_type"": ""wms"", ""metadata_urls"": []}",spatial-extractor,2026-06-21 18:46:20.310 +0300
1204,3315c83b-cbf2-4941-902e-8962476d0a5f,https://gislocal.md/geoserver/apl/wms,,,"{""id"": ""56652"", ""bbox"": [28.744069421322177, 46.92025132873904, 28.973708566210952, 47.080166476678855, ""CRS:84""], ""name"": ""s0100_seismic_zones"", ""title"": ""Zone Seismice mun. Chișinău"", ""crs3857"": false, ""crs4326"": true, ""abstract"": null, ""keywords"": [""features"", ""s0100_seismic_zones""], ""layer_name"": ""s0100_seismic_zones"", ""description"": ""Zone Seismice mun. Chișinău"", ""service_type"": ""wms"", ""metadata_urls"": []}",spatial-extractor,2026-06-21 18:47:07.521 +0300
1224,ESMAGRAMAWMSINESEROCAU20110616000,https://wms.mapama.gob.es/sig/Biodiversidad/INESErosionCauces,,,"{""error"": ""Could not open file with GDAL (unsupported format or inaccessible)""}",spatial-extractor,2026-06-21 18:47:35.808 +0300
1184,faee466f-27c1-44c9-bcb8-3c2bec8b1116,https://services.bgr.de/wms/boden/physgru1000/?,,,"{""id"": ""56440"", ""bbox"": [5.432722, 46.98339, 15.655428, 55.067148, ""EPSG:4326""], ""name"": ""0"", ""title"": ""PhysGru1000_250 Version 1.0"", ""crs3857"": true, ""crs4326"": true, ""abstract"": ""Die Karte der physiologischen Gründigkeit der Böden in Deutschland gibt einen Überblick über die Mächtigkeit des durchwurzelbaren Raumes unterhalb der Erdoberfläche in Dezimeter. Die physiologische Gründigkeit beschreibt die Durchwurzelbarkeit des Bodens. Sie wird durch festes Gestein, verfestigte Bänke und Horizonte sowie von anstehendem Grundwasser begrenzt. Die Karte basiert auf der Auswertung der nutzungsdifferenzierten Bodenübersichtskarte 1:1.000.000 (BUEK1000N) und zeigt den metrischen Wert der Gründigkeit in klassifizierter Form an. Die Methode ist aus der Bodenkundlichen Kartieranleitung (KA5) abgeleitet und im MethodenWIKI des FISBo BGR dokumentiert. Zur nutzungsabhängigen Differenzierung der Profildaten werden die Landnutzungsdaten aus CORINE Land Cover 2006 genutzt."", ""keywords"": [], ""layer_name"": ""0"", ""description"": ""Die Karte der physiologischen Gründigkeit der Böden in Deutschland gibt einen Überblick über die Mächtigkeit des durchwurzelbaren Raumes unterhalb der Erdoberfläche in Dezimeter. Die physiologische Gründigkeit beschreibt die Durchwurzelbarkeit des Bodens. Sie wird durch festes Gestein, verfestigte Bänke und Horizonte sowie von anstehendem Grundwasser begrenzt. Die Karte basiert auf der Auswertung der nutzungsdifferenzierten Bodenübersichtskarte 1:1.000.000 (BUEK1000N) und zeigt den metrischen Wert der Gründigkeit in klassifizierter Form an. Die Methode ist aus der Bodenkundlichen Kartieranleitung (KA5) abgeleitet und im MethodenWIKI des FISBo BGR dokumentiert. Zur nutzungsabhängigen Differenzierung der Profildaten werden die Landnutzungsdaten aus CORINE Land Cover 2006 genutzt."", ""service_type"": ""wms"", ""metadata_urls"": [""https://geoportal.bgr.de/smartfindersdi-csw/api?request=GetRecordById&service=CSW&version=2.0.2&outputSchema=http://www.isotc211.org/2005/gmd&elementSetName=full&id=faee466f-27c1-44c9-bcb8-3c2bec8b1116""]}",spatial-extractor,2026-06-21 18:46:21.245 +0300
1185,r_lombar:b0d7df16-b9d0-49bb-ba32-e3604df79c1f,https://www.cartografia.servizirl.it/arcgis1/services/territorio/Pericolosita_sismica_locale_linee/MapServer/WMSServer?request=GetCapabilities&service=WMS,,,"{""id"": ""56501"", ""bbox"": null, ""name"": ""NULL"", ""title"": ""Pericolosità sismica locale - Linee - WMS"", ""crs3857"": null, ""crs4326"": null, ""abstract"": ""WMS"", ""keywords"": [], ""layer_name"": null, ""description"": ""NULL"", ""service_type"": ""wms"", ""metadata_urls"": []}",spatial-extractor,2026-06-21 18:46:22.424 +0300
1186,r_lombar:b0d7df16-b9d0-49bb-ba32-e3604df79c1f,https://www.cartografia.servizirl.it/arcgis1/services/territorio/Pericolosita_sismica_locale_linee/MapServer/WFSServer?request=GetCapabilities&service=WFS,,,"{""id"": ""56503"", ""bbox"": null, ""name"": ""NULL"", ""title"": null, ""schema"": null, ""crs3857"": false, ""crs4326"": false, ""abstract"": null, ""keywords"": [], ""layer_name"": null, ""description"": ""NULL"", ""service_type"": ""wfs"", ""metadata_urls"": []}",spatial-extractor,2026-06-21 18:46:23.717 +0300
1187,e4bea75c-9785-4460-9425-b97465885ee4,https://www.dov.vlaanderen.be/geoserver-inspire/phvalue/wfs?,,,"{""error"": null}",spatial-extractor,2026-06-21 18:46:24.944 +0300
1188,e4bea75c-9785-4460-9425-b97465885ee4,https://www.dov.vlaanderen.be/geoserver-inspire/phvalue/wfs?service=WFS&version=2.0.0&request=GetFeature,,,"{""error"": null}",spatial-extractor,2026-06-21 18:46:29.814 +0300
1189,c593b63e-3762-425b-b233-f0efa90d028c,https://www.dov.vlaanderen.be/geoserver-inspire/soilsite/wfs?,,,"{""error"": null}",spatial-extractor,2026-06-21 18:46:31.355 +0300
1190,c593b63e-3762-425b-b233-f0efa90d028c,https://www.dov.vlaanderen.be/geoserver-inspire/soilsite/wfs?service=WFS&version=2.0.0&request=GetFeature,,,"{""error"": null}",spatial-extractor,2026-06-21 18:46:36.100 +0300
1192,r_piemon:19a03f12-06ad-4f24-bb2a-3d3fe7008d07,https://gisserver.territorio.csi.it/geoserver/decsiraogc_geo_pop_seme/wms?,,,"{""id"": ""56575"", ""bbox"": [6.602914325914654, 44.11171258195143, 9.223345948925926, 46.357733081429814, ""CRS:84""], ""name"": ""MappaPopolamentiSeme"", ""title"": ""Mappa Popolamenti da seme"", ""crs3857"": true, ""crs4326"": true, ""abstract"": null, ""keywords"": [""features"", ""decsira_geo_mappa_pop_seme""], ""layer_name"": ""MappaPopolamentiSeme"", ""description"": ""NULL"", ""service_type"": ""wms"", ""metadata_urls"": []}",spatial-extractor,2026-06-21 18:46:38.944 +0300
1193,r_piemon:19a03f12-06ad-4f24-bb2a-3d3fe7008d07,https://gisserver.territorio.csi.it/geoserver/decsiraogc_geo_pop_seme/wfs?service=WFS&version=1.0.0&request=getCapabilities,,,"{""id"": ""56576"", ""bbox"": null, ""name"": ""Risorse genetiche forestali - Mappa"", ""title"": null, ""schema"": null, ""crs3857"": false, ""crs4326"": false, ""abstract"": null, ""keywords"": [], ""layer_name"": null, ""description"": ""NULL"", ""service_type"": ""wfs"", ""metadata_urls"": []}",spatial-extractor,2026-06-21 18:46:40.432 +0300
1194,fe262fab-a89f-41ff-84f2-039aca845795,https://www.dov.vlaanderen.be/geoserver-inspire/physicalparameter/wfs?,,,"{""error"": null}",spatial-extractor,2026-06-21 18:46:41.103 +0300
1195,fe262fab-a89f-41ff-84f2-039aca845795,https://www.dov.vlaanderen.be/geoserver-inspire/physicalparameter/wfs?service=WFS&version=2.0.0&request=GetFeature,,,"{""error"": null}",spatial-extractor,2026-06-21 18:46:44.645 +0300
1196,r_friuve:m3979-cc-i1486,https://serviziogc.regione.fvg.it/geoserver/CAR_GEO/wms?request=GetCapabilities&service=wms&version=1.3.0,,,"{""id"": ""56587"", ""bbox"": null, ""name"": ""NULL"", ""title"": ""GeoServer Web Map Service IRDAT FVG"", ""crs3857"": null, ""crs4326"": null, ""abstract"": ""Service for pubblication of the geographic informations of the region Friuli Venezia Giulia using the WFS OpenGIS standard."", ""keywords"": [], ""layer_name"": null, ""description"": ""NULL"", ""service_type"": ""wms"", ""metadata_urls"": []}",spatial-extractor,2026-06-21 18:46:46.948 +0300
1197,r_friuve:m3979-cc-i1486,https://serviziogc.regione.fvg.it/geoserver/CAR_GEO/wfs?request=GetCapabilities&service=wfs&version=2.0.0,,,"{""id"": ""56588"", ""bbox"": null, ""name"": ""NULL"", ""title"": null, ""schema"": null, ""crs3857"": false, ""crs4326"": false, ""abstract"": null, ""keywords"": [], ""layer_name"": null, ""description"": ""NULL"", ""service_type"": ""wfs"", ""metadata_urls"": []}",spatial-extractor,2026-06-21 18:46:48.095 +0300
1198,329b35a2-df6b-4317-bc82-a10fa4ec9b0b,https://www.dov.vlaanderen.be/geoserver-inspire/organiccarboncontent/wfs?,,,"{""error"": null}",spatial-extractor,2026-06-21 18:46:49.091 +0300
1199,329b35a2-df6b-4317-bc82-a10fa4ec9b0b,https://www.dov.vlaanderen.be/geoserver-inspire/organiccarboncontent/wfs?service=WFS&version=2.0.0&request=GetFeature,,,"{""error"": null}",spatial-extractor,2026-06-21 18:46:52.845 +0300
1200,https://registry.geology.cz/id/NGMD-GEOCR50_PED-SDE-WMS,https://mapy.geology.cz/arcgis/services/Pudy/pudni_typy50/MapServer/WmsServer?SERVICE=WMS&REQUEST=GetCapabilities,,,"{""id"": ""56615"", ""bbox"": null, ""name"": ""INSPIRE prohlížecí služba (CS)"", ""title"": null, ""crs3857"": false, ""crs4326"": false, ""abstract"": null, ""keywords"": [], ""layer_name"": null, ""description"": ""NULL"", ""service_type"": ""wms"", ""metadata_urls"": []}",spatial-extractor,2026-06-21 18:46:54.213 +0300
1201,7d2a00fb-2df8-4827-83eb-42aa447fe2e3,https://inspire.geoportaal.ee/geoserver/SO_pinnas/wms?service=WMS&version=1.3.0&request=GetCapabilities,,,"{""id"": ""56616"", ""bbox"": null, ""name"": ""https://inspire.geoportaal.ee/geoserver/SO_pinnas/wms?"", ""title"": null, ""crs3857"": false, ""crs4326"": false, ""abstract"": null, ""keywords"": [], ""layer_name"": null, ""description"": ""Andmed INSPIRE andmemudelil."", ""service_type"": ""wms"", ""metadata_urls"": []}",spatial-extractor,2026-06-21 18:46:55.253 +0300
1218,https://www.dov.vlaanderen.be/dataset/127c3b51-d606-47f8-8c35-df7301b35ca2,https://www.dov.vlaanderen.be/geoserver/organische_koolstof/wms?SERVICE=WMS&version=1.3.0&request=GetCapabilities,,,"{""id"": ""56723"", ""bbox"": [2.523964636359352, 49.48428532976214, 6.458202921273839, 51.51446381540252, ""CRS:84""], ""name"": ""carbon_40"", ""title"": ""Soil Organic Carbon Stock Maps for Belgium: mean (40 m grid)"", ""crs3857"": true, ""crs4326"": true, ""abstract"": ""The Belgian soil organic carbon (SOC) stock map for topsoils (0-30 cm) at the resolution of 40m x 40m was composed of 2 regional SOC stock maps. For the regional maps a different approach was used for agricultural land as compared to forest. The maps are based on digital soil mapping approaches using empirical models calibrated to predict the SOC stock and using covariates that are available at a sufficient resolution at the regional scale. All maps are strongly dependent on the Belgian Soil Map (texture and drainage parameters). The regional maps were compiled at a fine resolution (10m x 10m grid cells for Flanders and 40m x 40m grid cells for Wallonia). Next they were joined (40m x 40m grid cells). The regional maps for Flanders were scaled up tot the 40m x 40m grid of Wallonia.  \r\nGiven the different origin of the individual maps, the uncertainty varies between maps. For instance, a map of the 90% confidence interval of the SOC stocks was produced for agricultural soils in Wallonia based on a Monte Carlo Approach taking into account both the measurement and the model uncertainties. For Flemish forest soils, spatial and analytical uncertainties were taken into account using bootstrapping techniques. For Flemish agricultural soils, the uncertainty reported is the model uncertainty on point estimates for each data point, in which the estimated model parameters are simulated 1000 times as being independent normal distributed variables using their model estimation and standard error as distribution parameters. No additional uncertainty is taken into account for the conversion functions that use the stochastic variables \""bulk density\"". The metadata are available and allow assessing the uncertainties of the stock estimates in the different component maps.\r\nThe SOC stock map (resolution of 40m x 40m) is the first comprehensive map for Belgium integrating grasslands, croplands and forests. Based on this map another SOC stock map at a resolution of 1km x 1km in the coordinate reference system WGS84 was created."", ""keywords"": [""Bodem"", ""ondergrond"", ""landbouw"", ""koolstof"", ""totaal aan organische koolstof"", ""grasland"", ""akker"", ""bos"", ""bos"", ""Regionaal"", ""Herbruikbaar"", ""Kosteloos"", ""Vlaamse Open data"", ""Toegevoegd GDI-Vl"", ""Metadata GDI-Vl-conform"", ""Metadata INSPIRE-conform"", ""Lijst M&R INSPIRE"", ""DOV"", ""Vlaanderen"", ""Ondergrond"", ""Databank Ondergrond Vlaanderen"", ""Departement Omgeving"", ""Aardobservatie en milieu"", ""Bodem"", ""HVD"", ""DOV_EXPERTISE@Bodem""], ""layer_name"": ""carbon_40"", ""description"": ""WMS-capabilities Soil Organic Carbon Stock Maps for Belgium: mean (40 m grid)"", ""service_type"": ""wms"", ""metadata_urls"": [""https://www.dov.vlaanderen.be/geonetwork#/metadata/bf8c35ad-ab45-4084-b1e1-3042c66204aa"", ""https://www.dov.vlaanderen.be/geonetwork/srv/dut/csw?Service=CSW&Request=GetRecordById&Version=2.0.2&outputSchema=http://www.isotc211.org/2005/gmd&elementSetName=full&id=bf8c35ad-ab45-4084-b1e1-3042c66204aa""]}",spatial-extractor,2026-06-21 18:47:27.505 +0300
1219,https://www.dov.vlaanderen.be/dataset/127c3b51-d606-47f8-8c35-df7301b35ca2,https://www.dov.vlaanderen.be/geoserver/organische_koolstof/wms?SERVICE=WMS&version=1.3.0&request=GetMap,,,"{""id"": ""56725"", ""bbox"": [2.523964636359352, 49.48428532976214, 6.458202921273839, 51.51446381540252, ""CRS:84""], ""name"": ""carbon_40"", ""title"": ""Soil Organic Carbon Stock Maps for Belgium: mean (40 m grid)"", ""crs3857"": true, ""crs4326"": true, ""abstract"": ""The Belgian soil organic carbon (SOC) stock map for topsoils (0-30 cm) at the resolution of 40m x 40m was composed of 2 regional SOC stock maps. For the regional maps a different approach was used for agricultural land as compared to forest. The maps are based on digital soil mapping approaches using empirical models calibrated to predict the SOC stock and using covariates that are available at a sufficient resolution at the regional scale. All maps are strongly dependent on the Belgian Soil Map (texture and drainage parameters). The regional maps were compiled at a fine resolution (10m x 10m grid cells for Flanders and 40m x 40m grid cells for Wallonia). Next they were joined (40m x 40m grid cells). The regional maps for Flanders were scaled up tot the 40m x 40m grid of Wallonia.  \r\nGiven the different origin of the individual maps, the uncertainty varies between maps. For instance, a map of the 90% confidence interval of the SOC stocks was produced for agricultural soils in Wallonia based on a Monte Carlo Approach taking into account both the measurement and the model uncertainties. For Flemish forest soils, spatial and analytical uncertainties were taken into account using bootstrapping techniques. For Flemish agricultural soils, the uncertainty reported is the model uncertainty on point estimates for each data point, in which the estimated model parameters are simulated 1000 times as being independent normal distributed variables using their model estimation and standard error as distribution parameters. No additional uncertainty is taken into account for the conversion functions that use the stochastic variables \""bulk density\"". The metadata are available and allow assessing the uncertainties of the stock estimates in the different component maps.\r\nThe SOC stock map (resolution of 40m x 40m) is the first comprehensive map for Belgium integrating grasslands, croplands and forests. Based on this map another SOC stock map at a resolution of 1km x 1km in the coordinate reference system WGS84 was created."", ""keywords"": [""Bodem"", ""ondergrond"", ""landbouw"", ""koolstof"", ""totaal aan organische koolstof"", ""grasland"", ""akker"", ""bos"", ""bos"", ""Regionaal"", ""Herbruikbaar"", ""Kosteloos"", ""Vlaamse Open data"", ""Toegevoegd GDI-Vl"", ""Metadata GDI-Vl-conform"", ""Metadata INSPIRE-conform"", ""Lijst M&R INSPIRE"", ""DOV"", ""Vlaanderen"", ""Ondergrond"", ""Databank Ondergrond Vlaanderen"", ""Departement Omgeving"", ""Aardobservatie en milieu"", ""Bodem"", ""HVD"", ""DOV_EXPERTISE@Bodem""], ""layer_name"": ""carbon_40"", ""description"": ""WMS-map Soil Organic Carbon Stock Maps for Belgium: mean (40 m grid)"", ""service_type"": ""wms"", ""metadata_urls"": [""https://www.dov.vlaanderen.be/geonetwork#/metadata/bf8c35ad-ab45-4084-b1e1-3042c66204aa"", ""https://www.dov.vlaanderen.be/geonetwork/srv/dut/csw?Service=CSW&Request=GetRecordById&Version=2.0.2&outputSchema=http://www.isotc211.org/2005/gmd&elementSetName=full&id=bf8c35ad-ab45-4084-b1e1-3042c66204aa""]}",spatial-extractor,2026-06-21 18:47:28.540 +0300
1205,https://registry.gdi-de.org/id/de.be.csw/4d174111-4c4f-3935-998a-4d16a330695f,https://gdi.berlin.de/services/wms/ua_boden_nfkwe_2020?request=GetCapabilities&service=WMS,,,"{""id"": ""56666"", ""bbox"": null, ""name"": ""NULL"", ""title"": ""Nutzbare Feldkapazität der Böden des effektiven Wurzelraumes 2020 (Umweltatlas)"", ""crs3857"": null, ""crs4326"": null, ""abstract"": ""Darstellung der nutzbaren Feldkapazität des effektiven Wurzelraumes auf Block- und Blockteilflächen-Basis, 1 : 5.000, Stand 2020."", ""keywords"": [], ""layer_name"": null, ""description"": ""Darstellungsdienst - Nutzbare Feldkapazität der Böden des effektiven Wurzelraumes 2020 (Umweltatlas) (WMS)"", ""service_type"": ""wms"", ""metadata_urls"": []}",spatial-extractor,2026-06-21 18:47:10.216 +0300
1206,https://registry.gdi-de.org/id/de.be.csw/31381c4e-6552-3e70-8893-49636afc8aca,https://gdi.berlin.de/services/wms/ua_boden_regelfkt_2020?request=GetCapabilities&service=WMS,,,"{""id"": ""56670"", ""bbox"": null, ""name"": ""NULL"", ""title"": ""Regelungsfunktion für den Wasserhaushalt der Böden 2020 (Umweltatlas)"", ""crs3857"": null, ""crs4326"": null, ""abstract"": ""Darstellung der Regelungsfunktion für den Wasserhaushalt der Böden auf Block- und Blockteilflächen-Basis, 1 : 5.000, Stand 2020."", ""keywords"": [], ""layer_name"": null, ""description"": ""Darstellungsdienst - Regelungsfunktion für den Wasserhaushalt der Böden 2020 (Umweltatlas) (WMS)"", ""service_type"": ""wms"", ""metadata_urls"": []}",spatial-extractor,2026-06-21 18:47:12.929 +0300
1207,https://registry.gdi-de.org/id/de.be.csw/f1090666-6381-32f8-9a01-b3750af1f8a0,https://gdi.berlin.de/services/wms/mmk2004?request=GetCapabilities&service=WMS,,,"{""id"": ""56674"", ""bbox"": null, ""name"": ""NULL"", ""title"": ""Mittelmaßstäbige Landwirtschaftliche Standortkartierung (MMK)"", ""crs3857"": null, ""crs4326"": null, ""abstract"": ""Die Mittelmaßstäbige Landwirtschaftliche Standortkartierung wurde in der ehem. DDR in den 1970er Jahren als bodenkundliches Grundlagenwerk für die Landwirtschaft erarbeitet. In Berlin wurden nur die landwirtschaftlichen Flächen im Nordosten erfasst."", ""keywords"": [], ""layer_name"": null, ""description"": ""Darstellungsdienst - Mittelmaßstäbige Landwirtschaftliche Standortkartierung (MMK) (WMS)"", ""service_type"": ""wms"", ""metadata_urls"": []}",spatial-extractor,2026-06-21 18:47:13.723 +0300
1209,https://registry.gdi-de.org/id/de.be.csw/7e472e4b-36a1-34fc-adbb-aeadd6cfa238,https://gdi.berlin.de/services/wms/ua_boden_kohlenstoffpuffer_2020?request=GetCapabilities&service=WMS,,,"{""id"": ""56688"", ""bbox"": null, ""name"": ""NULL"", ""title"": ""Puffervermögen im organischen Kohlenstoffhaushalt der Böden 2020 (Umweltatlas)"", ""crs3857"": null, ""crs4326"": null, ""abstract"": ""Puffervermögen im organischen Kohlenstoffhaushalt der Böden auf Basis der Block- und Teilblockflächen der ISU5, 1 : 5.000, Stand 2020."", ""keywords"": [], ""layer_name"": null, ""description"": ""Darstellungsdienst - Puffervermögen im organischen Kohlenstoffhaushalt der Böden 2020 (Umweltatlas) (WMS)"", ""service_type"": ""wms"", ""metadata_urls"": []}",spatial-extractor,2026-06-21 18:47:18.719 +0300
1210,http://www.lgl-bw.de/68953e74-cc0f-11ea-815e-005056865142,https://owsproxy.lgl-bw.de/owsproxy/ows/WMS_INSP_BW_Boden_ALKIS?,,,"{""id"": ""56693"", ""bbox"": null, ""name"": ""INSPIRE-WMS BW Boden ALKIS"", ""title"": null, ""crs3857"": false, ""crs4326"": false, ""abstract"": null, ""keywords"": [], ""layer_name"": null, ""description"": ""NULL"", ""service_type"": ""wms"", ""metadata_urls"": []}",spatial-extractor,2026-06-21 18:47:20.490 +0300
1211,3ef63e0d-591a-4047-a2c4-339546ed2bd7,https://inspire.lfrz.gv.at/000604/wms?version=1.3.0&request=GetCapabilities,,,"{""id"": ""56697"", ""bbox"": [9.513914191140248, 46.30048140381362, 17.28852676698014, 49.129908596103235, ""CRS:84""], ""name"": ""Agricultural Soil Map of Austria - Soil characteristic Humus Form"", ""title"": ""Agricultural Soil Map of Austria - Soil characteristic Humus Form"", ""crs3857"": true, ""crs4326"": true, ""abstract"": ""Bodeneigenschaft Humusform"", ""keywords"": [], ""layer_name"": ""Agricultural Soil Map of Austria - Soil characteristic Humus Form"", ""description"": ""Agricultural Soil Map of Austria - Soil characteristic Humus Form"", ""service_type"": ""wms"", ""metadata_urls"": [""https://discovery.inspire.gv.at/at.lfrz.discoveryservices/srv/ger/csw?service=CSW&request=GetRecordById&version=2.0.2&outputSchema=http://www.isotc211.org/2005/gmd&ElementSetName=full&id=3ef63e0d-591a-4047-a2c4-339546ed2bd7""]}",spatial-extractor,2026-06-21 18:47:21.789 +0300
1212,3ef63e0d-591a-4047-a2c4-339546ed2bd7,https://gis.lfrz.gv.at/api/geodata/i000604/ogc/features/v1/,,,"{""id"": ""56700"", ""bbox"": null, ""name"": ""Agricultural Soil Map of Austria - Humus Form - WFS"", ""title"": null, ""abstract"": null, ""layer_name"": null, ""description"": ""Agricultural Soil Map of Austria - Humus Form - WFS"", ""service_type"": ""ogcapi""}",spatial-extractor,2026-06-21 18:47:22.391 +0300
1213,r_friuve:m3976-cc-i1481,https://serviziogc.regione.fvg.it/geoserver/CAR_GEO/wfs?request=GetCapabilities&service=wfs&version=2.0.0,,,"{""id"": ""56710"", ""bbox"": null, ""name"": ""NULL"", ""title"": null, ""schema"": null, ""crs3857"": false, ""crs4326"": false, ""abstract"": null, ""keywords"": [], ""layer_name"": null, ""description"": ""NULL"", ""service_type"": ""wfs"", ""metadata_urls"": []}",spatial-extractor,2026-06-21 18:47:23.109 +0300
1214,r_friuve:m3976-cc-i1481,https://serviziogc.regione.fvg.it/geoserver/CAR_GEO/wms?request=GetCapabilities&service=wms&version=1.3.0,,,"{""id"": ""56711"", ""bbox"": null, ""name"": ""NULL"", ""title"": ""GeoServer Web Map Service IRDAT FVG"", ""crs3857"": null, ""crs4326"": null, ""abstract"": ""Service for pubblication of the geographic informations of the region Friuli Venezia Giulia using the WFS OpenGIS standard."", ""keywords"": [], ""layer_name"": null, ""description"": ""NULL"", ""service_type"": ""wms"", ""metadata_urls"": []}",spatial-extractor,2026-06-21 18:47:24.100 +0300
1215,ESMAGRAMAWMSINESEROPOT20110616000,https://wms.mapama.gob.es/sig/Biodiversidad/INESErosionPotencial,,,"{""error"": ""Could not open file with GDAL (unsupported format or inaccessible)""}",spatial-extractor,2026-06-21 18:47:25.159 +0300
1216,9eb263f1-2fa8-4647-9ff9-295b332e93cc,https://inspire.lfrz.gv.at/000604/wms?version=1.3.0&request=GetCapabilities,,,"{""id"": ""56718"", ""bbox"": [9.513914191140248, 46.30048140381362, 17.28852676698014, 49.129908596103235, ""CRS:84""], ""name"": ""Agricultural Soil Map of Austria - Soil characteristic Soil Depth"", ""title"": ""Agricultural Soil Map of Austria - Soil characteristic Soil Depth"", ""crs3857"": true, ""crs4326"": true, ""abstract"": ""Bodeneigenschaft Gruendigkeit"", ""keywords"": [""BFW"", ""Soil"", ""Boden"", ""Bodeneigenschaft"", ""Gründigkeit"", ""Soil Depth"", ""Soil characteristic""], ""layer_name"": ""Agricultural Soil Map of Austria - Soil characteristic Soil Depth"", ""description"": ""Agricultural Soil Map of Austria - Soil characteristic Soil Depth"", ""service_type"": ""wms"", ""metadata_urls"": [""https://discovery.inspire.gv.at/at.lfrz.discoveryservices/srv/ger/csw?service=CSW&request=GetRecordById&version=2.0.2&outputSchema=http://www.isotc211.org/2005/gmd&ElementSetName=full&id=9eb263f1-2fa8-4647-9ff9-295b332e93cc""]}",spatial-extractor,2026-06-21 18:47:26.062 +0300
1217,9eb263f1-2fa8-4647-9ff9-295b332e93cc,https://gis.lfrz.gv.at/api/geodata/i000604/ogc/features/v1/,,,"{""id"": ""56722"", ""bbox"": null, ""name"": ""Agricultural Soil Map of Austria - Soil Depth - WFS"", ""title"": null, ""abstract"": null, ""layer_name"": null, ""description"": ""Agricultural Soil Map of Austria - Soil Depth - WFS"", ""service_type"": ""ogcapi""}",spatial-extractor,2026-06-21 18:47:26.758 +0300
1225,r_friuve:m3881-cc-i1449,https://serviziogc.regione.fvg.it/geoserver/CAR_GEO/wfs?request=GetCapabilities&service=wfs&version=2.0.0,,,"{""id"": ""56749"", ""bbox"": null, ""name"": ""NULL"", ""title"": null, ""schema"": null, ""crs3857"": false, ""crs4326"": false, ""abstract"": null, ""keywords"": [], ""layer_name"": null, ""description"": ""NULL"", ""service_type"": ""wfs"", ""metadata_urls"": []}",spatial-extractor,2026-06-21 18:47:36.773 +0300
1226,r_friuve:m3881-cc-i1449,https://serviziogc.regione.fvg.it/geoserver/CAR_GEO/wms?request=GetCapabilities&service=wms&version=1.3.0,,,"{""id"": ""56750"", ""bbox"": null, ""name"": ""NULL"", ""title"": ""GeoServer Web Map Service IRDAT FVG"", ""crs3857"": null, ""crs4326"": null, ""abstract"": ""Service for pubblication of the geographic informations of the region Friuli Venezia Giulia using the WFS OpenGIS standard."", ""keywords"": [], ""layer_name"": null, ""description"": ""NULL"", ""service_type"": ""wms"", ""metadata_urls"": []}",spatial-extractor,2026-06-21 18:47:37.853 +0300
1227,ESMAGRAMAWMSINESEOLICA20110616000,https://wms.mapama.gob.es/sig/Biodiversidad/INESErosionEolica,,,"{""error"": ""Could not open file with GDAL (unsupported format or inaccessible)""}",spatial-extractor,2026-06-21 18:47:38.711 +0300
1228,https://registry.gdi-de.org/id/de.be.csw/162bcd8a-767e-39c5-a9d7-4e1aefc48fdd,https://gdi.berlin.de/services/wms/ua_bodengesellschaften_2020?request=GetCapabilities&service=WMS,,,"{""id"": ""56785"", ""bbox"": null, ""name"": ""NULL"", ""title"": ""Bodengesellschaften 2020 (Umweltatlas)"", ""crs3857"": null, ""crs4326"": null, ""abstract"": ""Darstellung von insgesamt 78 Bodengesellschaften unversiegelter Böden, Konzeptkarte ermittelt aus Bodenuntersuchungen und Nutzungsarten auf Block- und Blockteilflächen-Basis, 1 : 5.000, Stand 2020."", ""keywords"": [], ""layer_name"": null, ""description"": ""Darstellungsdienst - Bodengesellschaften 2020 (Umweltatlas) (WMS)"", ""service_type"": ""wms"", ""metadata_urls"": []}",spatial-extractor,2026-06-21 18:47:40.133 +0300
1229,r_lombar:89fd2121-9e9e-48e0-9007-e15ce23c4231,https://www.cartografia.servizirl.it/arcgis1/services/territorio/Dissesti_poligonali_Art9_TitoloIV_PAI/MapServer/WMSServer?request=GetCapabilities&service=WMS,,,"{""id"": ""56795"", ""bbox"": null, ""name"": ""NULL"", ""title"": ""Dissesti poligonali - WMS"", ""crs3857"": null, ""crs4326"": null, ""abstract"": ""WMS"", ""keywords"": [], ""layer_name"": null, ""description"": ""NULL"", ""service_type"": ""wms"", ""metadata_urls"": []}",spatial-extractor,2026-06-21 18:47:43.054 +0300
1230,20497e23-38f5-442b-b001-bdf181b1028e,https://wms.nibio.no/cgi-bin/jordsmonn?SERVICE=WMS&VERSION=1.3.0&REQUEST=GetCapabilities,,,"{""id"": ""56805"", ""bbox"": null, ""name"": ""NULL"", ""title"": ""WMS for Jordsmonndata fra NIBIO"", ""crs3857"": null, ""crs4326"": null, ""abstract"": ""WMS for Jordsmonndata fra NIBIO"", ""keywords"": [], ""layer_name"": null, ""description"": ""NULL"", ""service_type"": ""wms"", ""metadata_urls"": []}",spatial-extractor,2026-06-21 18:47:46.323 +0300
1231,https://registry.geology.cz/inspire/SO-soilBody,https://mapy.geology.cz/arcgis/services/Pudy/pudni_typy50/MapServer/WmsServer?SERVICE=WMS&REQUEST=GetCapabilities,,,"{""id"": ""56816"", ""bbox"": null, ""name"": ""INSPIRE prohlížecí služba (CS)"", ""title"": null, ""crs3857"": false, ""crs4326"": false, ""abstract"": null, ""keywords"": [], ""layer_name"": null, ""description"": ""NULL"", ""service_type"": ""wms"", ""metadata_urls"": []}",spatial-extractor,2026-06-21 18:47:47.239 +0300
1232,https://www.dov.vlaanderen.be/dataset/80b78280-2182-4031-ad24-2b717f110ef5,https://www.dov.vlaanderen.be/geoserver/organische_koolstof/wms?SERVICE=WMS&version=1.3.0&request=GetCapabilities,,,"{""id"": ""56843"", ""bbox"": [2.53862, 49.48526, 6.40387, 51.50544, ""CRS:84""], ""name"": ""carbon_1000"", ""title"": ""Soil Organic Carbon Stock Maps for Belgium: mean (1 km grid)"", ""crs3857"": true, ""crs4326"": true, ""abstract"": ""The Belgian soil organic carbon (SOC) stock map for topsoils (0-30 cm) was composed of 2 regional SOC stock maps. For the regional maps a different approach was used for agricultural land as compared to forest. The maps are based on digital soil mapping approaches using empirical models calibrated to predict the SOC stock and using covariates that are available at a sufficient resolution at the regional scale. All maps are strongly dependent on the Belgian Soil Map (texture and drainage parameters). The regional maps were compiled at a finer resolution (10m x 10m and 40m x 40m grid cells). Next they were joined (40m x 40m grid cells) and finally scaled up to the required 1 by 1 km grid cells. This was done using the following tools: block statistics (mean), mosaic to new raster (mean), project to raster, block statistics (mean), resample (nearest neighbour) and project raster.\r\nGiven the different origin of the individual maps, the uncertainty varies between maps. For instance, a map of the 90% confidence interval of the SOC stocks was produced for agricultural soils in Wallonia based on a Monte Carlo Approach taking into account both the measurement and the model uncertainties. For Flemish forest soils, spatial and analytical uncertainties were taken into account using bootstrapping techniques. For Flemish agricultural soils, the uncertainty reported is the model uncertainty on point estimates for each data point, in which the estimated model parameters are simulated 1000 times as being independent normal distributed variables using their model estimation and standard error as distribution parameters. No additional uncertainty is taken into account for the conversion functions that use the stochastic variables \""bulk density\"".\r\nThe SOC stock maps are the first comprehensive map for Belgium integrating grasslands, croplands and forests. There are two versions of the SOC stock maps for Belgium: 1) resolution of 40m x 40m in the coordinate reference system Lambert72 and 2) resolution of 1km x 1km in the coordinate reference system WGS84. The metadata are available and allow assessing the uncertainties of the stock estimates in the different component maps."", ""keywords"": [""Bodem"", ""ondergrond"", ""landbouw"", ""koolstof"", ""totaal aan organische koolstof"", ""grasland"", ""akker"", ""bos"", ""bos"", ""Regionaal"", ""Herbruikbaar"", ""Kosteloos"", ""Vlaamse Open data"", ""Toegevoegd GDI-Vl"", ""Metadata GDI-Vl-conform"", ""Metadata INSPIRE-conform"", ""Lijst M&R INSPIRE"", ""DOV"", ""Vlaanderen"", ""Ondergrond"", ""Databank Ondergrond Vlaanderen"", ""Departement Omgeving"", ""Aardobservatie en milieu"", ""Bodem"", ""HVD""], ""layer_name"": ""carbon_1000"", ""description"": ""WMS-capabilities Soil Organic Carbon Stock Maps for Belgium: mean (1 km grid)"", ""service_type"": ""wms"", ""metadata_urls"": [""https://www.dov.vlaanderen.be/geonetwork#/metadata/37aaa10d-50bd-431e-b924-209c2e88b9d7"", ""https://www.dov.vlaanderen.be/geonetwork/srv/dut/csw?Service=CSW&Request=GetRecordById&Version=2.0.2&outputSchema=http://www.isotc211.org/2005/gmd&elementSetName=full&id=37aaa10d-50bd-431e-b924-209c2e88b9d7""]}",spatial-extractor,2026-06-21 18:47:50.828 +0300
1233,https://www.dov.vlaanderen.be/dataset/80b78280-2182-4031-ad24-2b717f110ef5,https://www.dov.vlaanderen.be/geoserver/organische_koolstof/wms?SERVICE=WMS&version=1.3.0&request=GetMap,,,"{""id"": ""56845"", ""bbox"": [2.53862, 49.48526, 6.40387, 51.50544, ""CRS:84""], ""name"": ""carbon_1000"", ""title"": ""Soil Organic Carbon Stock Maps for Belgium: mean (1 km grid)"", ""crs3857"": true, ""crs4326"": true, ""abstract"": ""The Belgian soil organic carbon (SOC) stock map for topsoils (0-30 cm) was composed of 2 regional SOC stock maps. For the regional maps a different approach was used for agricultural land as compared to forest. The maps are based on digital soil mapping approaches using empirical models calibrated to predict the SOC stock and using covariates that are available at a sufficient resolution at the regional scale. All maps are strongly dependent on the Belgian Soil Map (texture and drainage parameters). The regional maps were compiled at a finer resolution (10m x 10m and 40m x 40m grid cells). Next they were joined (40m x 40m grid cells) and finally scaled up to the required 1 by 1 km grid cells. This was done using the following tools: block statistics (mean), mosaic to new raster (mean), project to raster, block statistics (mean), resample (nearest neighbour) and project raster.\r\nGiven the different origin of the individual maps, the uncertainty varies between maps. For instance, a map of the 90% confidence interval of the SOC stocks was produced for agricultural soils in Wallonia based on a Monte Carlo Approach taking into account both the measurement and the model uncertainties. For Flemish forest soils, spatial and analytical uncertainties were taken into account using bootstrapping techniques. For Flemish agricultural soils, the uncertainty reported is the model uncertainty on point estimates for each data point, in which the estimated model parameters are simulated 1000 times as being independent normal distributed variables using their model estimation and standard error as distribution parameters. No additional uncertainty is taken into account for the conversion functions that use the stochastic variables \""bulk density\"".\r\nThe SOC stock maps are the first comprehensive map for Belgium integrating grasslands, croplands and forests. There are two versions of the SOC stock maps for Belgium: 1) resolution of 40m x 40m in the coordinate reference system Lambert72 and 2) resolution of 1km x 1km in the coordinate reference system WGS84. The metadata are available and allow assessing the uncertainties of the stock estimates in the different component maps."", ""keywords"": [""Bodem"", ""ondergrond"", ""landbouw"", ""koolstof"", ""totaal aan organische koolstof"", ""grasland"", ""akker"", ""bos"", ""bos"", ""Regionaal"", ""Herbruikbaar"", ""Kosteloos"", ""Vlaamse Open data"", ""Toegevoegd GDI-Vl"", ""Metadata GDI-Vl-conform"", ""Metadata INSPIRE-conform"", ""Lijst M&R INSPIRE"", ""DOV"", ""Vlaanderen"", ""Ondergrond"", ""Databank Ondergrond Vlaanderen"", ""Departement Omgeving"", ""Aardobservatie en milieu"", ""Bodem"", ""HVD""], ""layer_name"": ""carbon_1000"", ""description"": ""WMS-map Soil Organic Carbon Stock Maps for Belgium: mean (1 km grid)"", ""service_type"": ""wms"", ""metadata_urls"": [""https://www.dov.vlaanderen.be/geonetwork#/metadata/37aaa10d-50bd-431e-b924-209c2e88b9d7"", ""https://www.dov.vlaanderen.be/geonetwork/srv/dut/csw?Service=CSW&Request=GetRecordById&Version=2.0.2&outputSchema=http://www.isotc211.org/2005/gmd&elementSetName=full&id=37aaa10d-50bd-431e-b924-209c2e88b9d7""]}",spatial-extractor,2026-06-21 18:47:51.561 +0300
1234,https://www.dov.vlaanderen.be/dataset/80b78280-2182-4031-ad24-2b717f110ef5,https://www.dov.vlaanderen.be/geoserver/organische_koolstof/wms?,,,"{""id"": ""56846"", ""bbox"": [2.53862, 49.48526, 6.40387, 51.50544, ""CRS:84""], ""name"": ""carbon_1000"", ""title"": ""Soil Organic Carbon Stock Maps for Belgium: mean (1 km grid)"", ""crs3857"": true, ""crs4326"": true, ""abstract"": ""The Belgian soil organic carbon (SOC) stock map for topsoils (0-30 cm) was composed of 2 regional SOC stock maps. For the regional maps a different approach was used for agricultural land as compared to forest. The maps are based on digital soil mapping approaches using empirical models calibrated to predict the SOC stock and using covariates that are available at a sufficient resolution at the regional scale. All maps are strongly dependent on the Belgian Soil Map (texture and drainage parameters). The regional maps were compiled at a finer resolution (10m x 10m and 40m x 40m grid cells). Next they were joined (40m x 40m grid cells) and finally scaled up to the required 1 by 1 km grid cells. This was done using the following tools: block statistics (mean), mosaic to new raster (mean), project to raster, block statistics (mean), resample (nearest neighbour) and project raster.\r\nGiven the different origin of the individual maps, the uncertainty varies between maps. For instance, a map of the 90% confidence interval of the SOC stocks was produced for agricultural soils in Wallonia based on a Monte Carlo Approach taking into account both the measurement and the model uncertainties. For Flemish forest soils, spatial and analytical uncertainties were taken into account using bootstrapping techniques. For Flemish agricultural soils, the uncertainty reported is the model uncertainty on point estimates for each data point, in which the estimated model parameters are simulated 1000 times as being independent normal distributed variables using their model estimation and standard error as distribution parameters. No additional uncertainty is taken into account for the conversion functions that use the stochastic variables \""bulk density\"".\r\nThe SOC stock maps are the first comprehensive map for Belgium integrating grasslands, croplands and forests. There are two versions of the SOC stock maps for Belgium: 1) resolution of 40m x 40m in the coordinate reference system Lambert72 and 2) resolution of 1km x 1km in the coordinate reference system WGS84. The metadata are available and allow assessing the uncertainties of the stock estimates in the different component maps."", ""keywords"": [""Bodem"", ""ondergrond"", ""landbouw"", ""koolstof"", ""totaal aan organische koolstof"", ""grasland"", ""akker"", ""bos"", ""bos"", ""Regionaal"", ""Herbruikbaar"", ""Kosteloos"", ""Vlaamse Open data"", ""Toegevoegd GDI-Vl"", ""Metadata GDI-Vl-conform"", ""Metadata INSPIRE-conform"", ""Lijst M&R INSPIRE"", ""DOV"", ""Vlaanderen"", ""Ondergrond"", ""Databank Ondergrond Vlaanderen"", ""Departement Omgeving"", ""Aardobservatie en milieu"", ""Bodem"", ""HVD""], ""layer_name"": ""carbon_1000"", ""description"": ""WMS-endpoint Soil Organic Carbon Stock Maps for Belgium: mean (1 km grid)"", ""service_type"": ""wms"", ""metadata_urls"": [""https://www.dov.vlaanderen.be/geonetwork#/metadata/37aaa10d-50bd-431e-b924-209c2e88b9d7"", ""https://www.dov.vlaanderen.be/geonetwork/srv/dut/csw?Service=CSW&Request=GetRecordById&Version=2.0.2&outputSchema=http://www.isotc211.org/2005/gmd&elementSetName=full&id=37aaa10d-50bd-431e-b924-209c2e88b9d7""]}",spatial-extractor,2026-06-21 18:47:53.148 +0300
1235,https://www.dov.vlaanderen.be/dataset/80b78280-2182-4031-ad24-2b717f110ef5,https://www.dov.vlaanderen.be/geoserver/organische_koolstof/wcs?SERVICE=WCS&version=2.0.1&request=GetCapabilities,,,"{""id"": ""56847"", ""bbox"": null, ""name"": ""organische_koolstof:carbon_1000"", ""title"": null, ""abstract"": null, ""keywords"": [], ""layer_name"": null, ""description"": ""WCS-capabilities Soil Organic Carbon Stock Maps for Belgium: mean (1 km grid)"", ""service_type"": ""wcs"", ""metadata_urls"": []}",spatial-extractor,2026-06-21 18:47:53.762 +0300
1236,https://www.dov.vlaanderen.be/dataset/80b78280-2182-4031-ad24-2b717f110ef5,https://www.dov.vlaanderen.be/geoserver/organische_koolstof/wcs?SERVICE=WCS&version=2.0.1&request=GetCoverage,,,"{""error"": null}",spatial-extractor,2026-06-21 18:47:55.566 +0300
1237,https://www.dov.vlaanderen.be/dataset/80b78280-2182-4031-ad24-2b717f110ef5,https://www.dov.vlaanderen.be/geoserver/organische_koolstof/wcs?,,,"{""error"": null}",spatial-extractor,2026-06-21 18:47:57.354 +0300
1238,arlpa_to:07.02.11,https://webgis.arpa.piemonte.it/ags/services/geologia/geoitinerario_valle_cervo/MapServer/WMSServer?request=GetCapabilities&service=WMS,,,"{""id"": ""56884"", ""bbox"": null, ""name"": ""NULL"", ""title"": ""geologia_geoitinerario_valle_cervo"", ""crs3857"": null, ""crs4326"": null, ""abstract"": ""WMS"", ""keywords"": [], ""layer_name"": null, ""description"": ""NULL"", ""service_type"": ""wms"", ""metadata_urls"": []}",spatial-extractor,2026-06-21 18:47:59.023 +0300
1239,7f2a17d7-0aed-4f30-9805-eca33234df05,https://inspire.lfrz.gv.at/000604/wms?version=1.3.0&request=GetCapabilities,,,"{""id"": ""56886"", ""bbox"": [9.513914191140248, 46.30048140381362, 17.28852676698014, 49.129908596103235, ""CRS:84""], ""name"": ""Agricultural Soil Map of Austria - Soil characteristic Water Conditions"", ""title"": ""Agricultural Soil Map of Austria - Soil characteristic Water Conditions"", ""crs3857"": true, ""crs4326"": true, ""abstract"": ""Bodeneigenschaft Wasserverhaeltnisse"", ""keywords"": [""Boden"", ""Bodeneigenschaft"", ""Soil"", ""Soil characteristic""], ""layer_name"": ""Agricultural Soil Map of Austria - Soil characteristic Water Conditions"", ""description"": ""Agricultural Soil Map of Austria - Soil characteristic Water Conditions"", ""service_type"": ""wms"", ""metadata_urls"": [""https://discovery.inspire.gv.at/at.lfrz.discoveryservices/srv/ger/csw?service=CSW&request=GetRecordById&version=2.0.2&outputSchema=http://www.isotc211.org/2005/gmd&ElementSetName=full&id=7f2a17d7-0aed-4f30-9805-eca33234df05""]}",spatial-extractor,2026-06-21 18:48:01.190 +0300
1240,7f2a17d7-0aed-4f30-9805-eca33234df05,https://gis.lfrz.gv.at/api/geodata/i000604/ogc/features/v1/,,,"{""id"": ""56890"", ""bbox"": null, ""name"": ""Agricultural Soil Map of Austria - Water Conditions - WFS"", ""title"": null, ""abstract"": null, ""layer_name"": null, ""description"": ""Agricultural Soil Map of Austria - Water Conditions - WFS"", ""service_type"": ""ogcapi""}",spatial-extractor,2026-06-21 18:48:01.672 +0300
1241,https://www.dov.vlaanderen.be/dataset/a8e9cd7a-42ad-4330-983a-6f185194bfed,https://www.dov.vlaanderen.be/geoserver-inspire/soilbody/wfs?,,,"{""error"": null}",spatial-extractor,2026-06-21 18:48:02.321 +0300
1249,920dbf25-9ed2-471b-96ad-1183e8146ec6,https://www.mercator.vlaanderen.be/raadpleegdienstenmercatorpubliek/ows?SERVICE=WMS&service=WMS&request=GetCapabilities,,,"{""id"": ""56952"", ""bbox"": null, ""name"": ""Capabilities van de raadpleegdienst van MercatorNet"", ""title"": null, ""crs3857"": false, ""crs4326"": false, ""abstract"": null, ""keywords"": [], ""layer_name"": null, ""description"": ""NULL"", ""service_type"": ""wms"", ""metadata_urls"": []}",spatial-extractor,2026-06-21 18:48:22.044 +0300
1242,https://www.dov.vlaanderen.be/dataset/a8e9cd7a-42ad-4330-983a-6f185194bfed,https://www.dov.vlaanderen.be/geoserver-inspire/soilbody/wms?SERVICE=WMS&version=1.3.0&request=GetCapabilities,,,"{""id"": ""56901"", ""bbox"": [2.545426845550537, 50.68752670288086, 5.911116600036621, 51.505165100097656, ""CRS:84""], ""name"": ""SoilBody"", ""title"": ""INSPIRE geharmoniseerd - WRB Soil Units 40k Vlaanderen"", ""crs3857"": true, ""crs4326"": true, ""abstract"": ""Op basis van de resultaten van een intensieve bodemkartering gedurende de jaren ’50 tot ’70 werd de Belgische bodemkaart opgesteld. Deze Belgische bodemkaart steunt op het Belgische bodemclassificatiesysteem. Het is een nationaal systeem dat uitsluitend voor de Belgische bodems werd opgesteld. Voor het Vlaamse Gewest werd deze bodemkaart daarom omgezet naar WRB-2014, de 3de editie van het internationaal bodemclassificatiesysteem World Reference Base. Het veld ‘Soil Unit’ geeft de standaard bodemnaam volgens WRB. Door het gebruik van ‘Reference Soil Groups' (gekleurde vlakken) en ‘Principal Qualifiers’ (bruin omlijnde polygonen met labels) kan de belangrijkste informatie uit de bodemkaart van België vertaald worden naar het WRB-systeem. Informatie over textuur, drainage, bodemmorfologie en chemische bodemvruchtbaarheid is weerhouden in 4 groepen van Supplementary Qualifiers. Het veld ‘Belgisch bodemtype’ is overgenomen van de oorspronkelijk bodemkaart. De vertaling werd gedaan per bodemdistrict aangegeven in het veld ‘Belgisch_bodemdistrict’."", ""keywords"": [""Bodem"", ""ondergrond"", ""Regionaal"", ""Herbruikbaar"", ""Kosteloos"", ""Vlaamse Open data"", ""Toegevoegd GDI-Vl"", ""Metadata GDI-Vl-conform"", ""Metadata INSPIRE-conform"", ""Lijst M&R INSPIRE"", ""DOV"", ""Vlaanderen"", ""Ondergrond"", ""Databank Ondergrond Vlaanderen"", ""Departement Omgeving"", ""Reference Soil Group"", ""Principal Qualifiers"", ""Aardobservatie en milieu"", ""Bodem"", ""HVD""], ""layer_name"": ""SoilBody"", ""description"": ""WMS-capabilities INSPIRE geharmoniseerd - WRB Soil Units 40k Vlaanderen"", ""service_type"": ""wms"", ""metadata_urls"": [""https://www.dov.vlaanderen.be/geonetwork#/metadata/23234dff-a8a9-4d70-a44e-f065454d38f0"", ""https://www.dov.vlaanderen.be/geonetwork/srv/dut/csw?Service=CSW&Request=GetRecordById&Version=2.0.2&outputSchema=http://www.isotc211.org/2005/gmd&elementSetName=full&id=23234dff-a8a9-4d70-a44e-f065454d38f0""]}",spatial-extractor,2026-06-21 18:48:05.958 +0300
1243,https://www.dov.vlaanderen.be/dataset/a8e9cd7a-42ad-4330-983a-6f185194bfed,https://www.dov.vlaanderen.be/geoserver-inspire/soilbody/wms?SERVICE=WMS&version=1.3.0&request=GetMap,,,"{""id"": ""56903"", ""bbox"": [2.545426845550537, 50.68752670288086, 5.911116600036621, 51.505165100097656, ""CRS:84""], ""name"": ""SoilBody"", ""title"": ""INSPIRE geharmoniseerd - WRB Soil Units 40k Vlaanderen"", ""crs3857"": true, ""crs4326"": true, ""abstract"": ""Op basis van de resultaten van een intensieve bodemkartering gedurende de jaren ’50 tot ’70 werd de Belgische bodemkaart opgesteld. Deze Belgische bodemkaart steunt op het Belgische bodemclassificatiesysteem. Het is een nationaal systeem dat uitsluitend voor de Belgische bodems werd opgesteld. Voor het Vlaamse Gewest werd deze bodemkaart daarom omgezet naar WRB-2014, de 3de editie van het internationaal bodemclassificatiesysteem World Reference Base. Het veld ‘Soil Unit’ geeft de standaard bodemnaam volgens WRB. Door het gebruik van ‘Reference Soil Groups' (gekleurde vlakken) en ‘Principal Qualifiers’ (bruin omlijnde polygonen met labels) kan de belangrijkste informatie uit de bodemkaart van België vertaald worden naar het WRB-systeem. Informatie over textuur, drainage, bodemmorfologie en chemische bodemvruchtbaarheid is weerhouden in 4 groepen van Supplementary Qualifiers. Het veld ‘Belgisch bodemtype’ is overgenomen van de oorspronkelijk bodemkaart. De vertaling werd gedaan per bodemdistrict aangegeven in het veld ‘Belgisch_bodemdistrict’."", ""keywords"": [""Bodem"", ""ondergrond"", ""Regionaal"", ""Herbruikbaar"", ""Kosteloos"", ""Vlaamse Open data"", ""Toegevoegd GDI-Vl"", ""Metadata GDI-Vl-conform"", ""Metadata INSPIRE-conform"", ""Lijst M&R INSPIRE"", ""DOV"", ""Vlaanderen"", ""Ondergrond"", ""Databank Ondergrond Vlaanderen"", ""Departement Omgeving"", ""Reference Soil Group"", ""Principal Qualifiers"", ""Aardobservatie en milieu"", ""Bodem"", ""HVD""], ""layer_name"": ""SoilBody"", ""description"": ""WMS-map INSPIRE geharmoniseerd - WRB Soil Units 40k Vlaanderen"", ""service_type"": ""wms"", ""metadata_urls"": [""https://www.dov.vlaanderen.be/geonetwork#/metadata/23234dff-a8a9-4d70-a44e-f065454d38f0"", ""https://www.dov.vlaanderen.be/geonetwork/srv/dut/csw?Service=CSW&Request=GetRecordById&Version=2.0.2&outputSchema=http://www.isotc211.org/2005/gmd&elementSetName=full&id=23234dff-a8a9-4d70-a44e-f065454d38f0""]}",spatial-extractor,2026-06-21 18:48:06.681 +0300
1244,https://www.dov.vlaanderen.be/dataset/a8e9cd7a-42ad-4330-983a-6f185194bfed,https://www.dov.vlaanderen.be/geoserver-inspire/soilbody/wms?,,,"{""id"": ""56904"", ""bbox"": [2.545426845550537, 50.68752670288086, 5.911116600036621, 51.505165100097656, ""CRS:84""], ""name"": ""SoilBody"", ""title"": ""INSPIRE geharmoniseerd - WRB Soil Units 40k Vlaanderen"", ""crs3857"": true, ""crs4326"": true, ""abstract"": ""Op basis van de resultaten van een intensieve bodemkartering gedurende de jaren ’50 tot ’70 werd de Belgische bodemkaart opgesteld. Deze Belgische bodemkaart steunt op het Belgische bodemclassificatiesysteem. Het is een nationaal systeem dat uitsluitend voor de Belgische bodems werd opgesteld. Voor het Vlaamse Gewest werd deze bodemkaart daarom omgezet naar WRB-2014, de 3de editie van het internationaal bodemclassificatiesysteem World Reference Base. Het veld ‘Soil Unit’ geeft de standaard bodemnaam volgens WRB. Door het gebruik van ‘Reference Soil Groups' (gekleurde vlakken) en ‘Principal Qualifiers’ (bruin omlijnde polygonen met labels) kan de belangrijkste informatie uit de bodemkaart van België vertaald worden naar het WRB-systeem. Informatie over textuur, drainage, bodemmorfologie en chemische bodemvruchtbaarheid is weerhouden in 4 groepen van Supplementary Qualifiers. Het veld ‘Belgisch bodemtype’ is overgenomen van de oorspronkelijk bodemkaart. De vertaling werd gedaan per bodemdistrict aangegeven in het veld ‘Belgisch_bodemdistrict’."", ""keywords"": [""Bodem"", ""ondergrond"", ""Regionaal"", ""Herbruikbaar"", ""Kosteloos"", ""Vlaamse Open data"", ""Toegevoegd GDI-Vl"", ""Metadata GDI-Vl-conform"", ""Metadata INSPIRE-conform"", ""Lijst M&R INSPIRE"", ""DOV"", ""Vlaanderen"", ""Ondergrond"", ""Databank Ondergrond Vlaanderen"", ""Departement Omgeving"", ""Reference Soil Group"", ""Principal Qualifiers"", ""Aardobservatie en milieu"", ""Bodem"", ""HVD""], ""layer_name"": ""SoilBody"", ""description"": ""WMS-endpoint INSPIRE geharmoniseerd - WRB Soil Units 40k Vlaanderen"", ""service_type"": ""wms"", ""metadata_urls"": [""https://www.dov.vlaanderen.be/geonetwork#/metadata/23234dff-a8a9-4d70-a44e-f065454d38f0"", ""https://www.dov.vlaanderen.be/geonetwork/srv/dut/csw?Service=CSW&Request=GetRecordById&Version=2.0.2&outputSchema=http://www.isotc211.org/2005/gmd&elementSetName=full&id=23234dff-a8a9-4d70-a44e-f065454d38f0""]}",spatial-extractor,2026-06-21 18:48:08.335 +0300
1245,226f7d26-71bf-4fbd-a1f9-c8510aeddd8a,https://gis.lfrz.gv.at/api/geodata/i000604/ogc/features/v1/,,,"{""id"": ""56925"", ""bbox"": null, ""name"": ""Agricultural Soil Map of Austria - Textural Class (JRC) - WFS"", ""title"": null, ""abstract"": null, ""layer_name"": null, ""description"": ""Agricultural Soil Map of Austria - Textural Class (JRC) - WFS"", ""service_type"": ""ogcapi""}",spatial-extractor,2026-06-21 18:48:12.174 +0300
1246,arlpa_to:07.06.08_11,https://webgis.arpa.piemonte.it/server/services/suolo/aree_omo_cr_ni_co_v/MapServer/WMSServer?request=GetCapabilities&service=WMS,,,"{""id"": ""56934"", ""bbox"": null, ""name"": ""NULL"", ""title"": ""Mappa delle concentrazioni di cromo, nichel, cobalto e vanadio nei suoli della pianura piemontese – aggiornamento 05/2026"", ""crs3857"": null, ""crs4326"": null, ""abstract"": ""WMS"", ""keywords"": [], ""layer_name"": null, ""description"": ""NULL"", ""service_type"": ""wms"", ""metadata_urls"": []}",spatial-extractor,2026-06-21 18:48:12.965 +0300
1247,"SO.SoilThemeCoverage.COT__TENEURS_1949_1972,ce58c3ed-03d5-43da-b5cf-376e8faf351c",https://geoservices.wallonie.be/geoserver/inspire_so/ows?service=WMS&version=1.3.0&request=GetCapabilities,,,"{""id"": ""56938"", ""bbox"": null, ""name"": ""INSPIRE - Sols en Wallonie (BE) - Service de visualisation WMS"", ""title"": null, ""crs3857"": false, ""crs4326"": false, ""abstract"": null, ""keywords"": [], ""layer_name"": null, ""description"": ""NULL"", ""service_type"": ""wms"", ""metadata_urls"": []}",spatial-extractor,2026-06-21 18:48:20.497 +0300
1248,https://registry.gdi-de.org/id/de.be.csw/61b89356-8443-38aa-8d24-32ad6292b065,https://gdi.berlin.de/services/wms/so_mmk2004?request=GetCapabilities&service=WMS,,,"{""id"": ""56948"", ""bbox"": null, ""name"": ""NULL"", ""title"": ""Boden im INSPIRE-Datenmodell (Mittelmaßstäbige Landwirtschaftliche Standortkartierung MMK)"", ""crs3857"": null, ""crs4326"": null, ""abstract"": ""Die vorliegende Mittelmaßstäbige Landwirtschaftliche Standortkartierung (MMK) ist ein bodenkundliches Grundlagenwerk für die Landwirtschaft aus den 1970er Jahren für das nordöstliche Berlin im INSPIRE-Datenmodell."", ""keywords"": [], ""layer_name"": null, ""description"": ""Darstellungsdienst - Boden im INSPIRE-Datenmodell (Mittelmaßstäbige Landwirtschaftliche Standortkartierung MMK) (WMS)"", ""service_type"": ""wms"", ""metadata_urls"": []}",spatial-extractor,2026-06-21 18:48:21.428 +0300
1250,https://registry.gdi-de.org/id/de.be.csw/05fc75f6-13ac-3339-acce-500bf10238a0,https://gdi.berlin.de/services/wms/ua_moore?request=GetCapabilities&service=WMS,,,"{""id"": ""56953"", ""bbox"": null, ""name"": ""NULL"", ""title"": ""Moore (Umweltatlas)"", ""crs3857"": null, ""crs4326"": null, ""abstract"": ""Darstellung der Berliner Moore, ihrer Bodentypen und bodenkundlichen Profilaufnahmen"", ""keywords"": [], ""layer_name"": null, ""description"": ""Darstellungsdienst - Moore (Umweltatlas) (WMS)"", ""service_type"": ""wms"", ""metadata_urls"": []}",spatial-extractor,2026-06-21 18:48:24.340 +0300
1251,https://registry.gdi-de.org/id/de.be.csw/05fc75f6-13ac-3339-acce-500bf10238a0,https://gdi.berlin.de/services/wfs/ua_moore?request=GetCapabilities&service=WFS,,,"{""id"": ""56954"", ""bbox"": null, ""name"": ""NULL"", ""title"": null, ""schema"": null, ""crs3857"": false, ""crs4326"": false, ""abstract"": null, ""keywords"": [], ""layer_name"": null, ""description"": ""Downloaddienst - Moore (Umweltatlas) (WFS)"", ""service_type"": ""wfs"", ""metadata_urls"": []}",spatial-extractor,2026-06-21 18:48:25.137 +0300
1252,r_friuve:m3974-cc-i1478,https://serviziogc.regione.fvg.it/geoserver/CAR_GEO/wms?request=GetCapabilities&service=wms&version=1.3.0,,,"{""id"": ""56982"", ""bbox"": null, ""name"": ""NULL"", ""title"": ""GeoServer Web Map Service IRDAT FVG"", ""crs3857"": null, ""crs4326"": null, ""abstract"": ""Service for pubblication of the geographic informations of the region Friuli Venezia Giulia using the WFS OpenGIS standard."", ""keywords"": [], ""layer_name"": null, ""description"": ""NULL"", ""service_type"": ""wms"", ""metadata_urls"": []}",spatial-extractor,2026-06-21 18:48:25.900 +0300
1253,r_friuve:m3974-cc-i1478,https://serviziogc.regione.fvg.it/geoserver/CAR_GEO/wfs?request=GetCapabilities&service=wfs&version=2.0.0,,,"{""id"": ""56983"", ""bbox"": null, ""name"": ""NULL"", ""title"": null, ""schema"": null, ""crs3857"": false, ""crs4326"": false, ""abstract"": null, ""keywords"": [], ""layer_name"": null, ""description"": ""NULL"", ""service_type"": ""wfs"", ""metadata_urls"": []}",spatial-extractor,2026-06-21 18:48:26.771 +0300
1254,"SO.SoilThemeCoverage.COT__TENEURS_2015_2019,7f867379-ebb2-4dbb-8d3d-7e6c9734b48d",https://geoservices.wallonie.be/geoserver/inspire_so/ows?service=WMS&version=1.3.0&request=GetCapabilities,,,"{""id"": ""57025"", ""bbox"": null, ""name"": ""INSPIRE - Sols en Wallonie (BE) - Service de visualisation WMS"", ""title"": null, ""crs3857"": false, ""crs4326"": false, ""abstract"": null, ""keywords"": [], ""layer_name"": null, ""description"": ""NULL"", ""service_type"": ""wms"", ""metadata_urls"": []}",spatial-extractor,2026-06-21 18:48:27.611 +0300
1255,"SO.SoilThemeCoverage.COT__CV_TENEURS_2004_2014,8279ac41-903a-4196-8d5c-8fa836c949ea",https://geoservices.wallonie.be/geoserver/inspire_so/ows?service=WMS&version=1.3.0&request=GetCapabilities,,,"{""id"": ""57033"", ""bbox"": null, ""name"": ""INSPIRE - Sols en Wallonie (BE) - Service de visualisation WMS"", ""title"": null, ""crs3857"": false, ""crs4326"": false, ""abstract"": null, ""keywords"": [], ""layer_name"": null, ""description"": ""Ce service de visualisation WMS-INSPIRE permet de consulter la série de couches de données conforme au thème INSPIRE \""Sols\""."", ""service_type"": ""wms"", ""metadata_urls"": []}",spatial-extractor,2026-06-21 18:48:28.528 +0300
1256,r_vda:02963-DATA,https://geoservizi.regione.vda.it/geoserver/sctAmbiti/wms?service=WMS&version=1.1.0&request=GetCapabilities,,,"{""error"": null}",spatial-extractor,2026-06-21 18:48:29.515 +0300
1257,https://registry.gdi-de.org/id/de.be.csw/5258a51e-3e60-370d-bc4e-fb9c4e530d41,https://gdi.berlin.de/services/wms/so_moore2015?request=GetCapabilities&service=WMS,,,"{""id"": ""57045"", ""bbox"": null, ""name"": ""NULL"", ""title"": ""Boden im INSPIRE-Datenmodell (Moore)"", ""crs3857"": null, ""crs4326"": null, ""abstract"": ""Die Moorgebiete, Moorteilflächen und Aufnahmepunkte beschreiben die Verbreitungsräume, Bodentypen mit Erhaltungszustand, Mächtigkeiten und Kohlenstoffvorräte von Mooren in Berlin im INSPIRE-Datenmodell."", ""keywords"": [], ""layer_name"": null, ""description"": ""Darstellungsdienst - Boden im INSPIRE-Datenmodell (Moore) (WMS)"", ""service_type"": ""wms"", ""metadata_urls"": []}",spatial-extractor,2026-06-21 18:48:30.640 +0300
1258,"SO.SoilThemeCoverage.COT__CV_TENEURS_1949_1972,b2d711b3-2d3d-425c-b838-f3275fb62fc7",https://geoservices.wallonie.be/geoserver/inspire_so/ows?service=WMS&version=1.3.0&request=GetCapabilities,,,"{""id"": ""57070"", ""bbox"": null, ""name"": ""INSPIRE - Sols en Wallonie (BE) - Service de visualisation WMS"", ""title"": null, ""crs3857"": false, ""crs4326"": false, ""abstract"": null, ""keywords"": [], ""layer_name"": null, ""description"": ""Ce service de visualisation WMS-INSPIRE permet de consulter la série de couches de données conforme au thème INSPIRE \""Sols\""."", ""service_type"": ""wms"", ""metadata_urls"": []}",spatial-extractor,2026-06-21 18:48:32.276 +0300
1313,955d50d9-6d7d-45f5-b027-88ce00e0ce98,"https://geo.api.vlaanderen.be/ALV/wms?SERVICE=WMS&REQUEST=GetMap&FORMAT=image/png&TRANSPARENT=TRUE&STYLES=default&VERSION=1.3.0&LAYERS=LbGebrPerc2023&WIDTH=2048&HEIGHT=721&CRS=EPSG:3857&BBOX=458534.445757238,6634055.556412904,481465.554242762,6640944.443587096",,,"{""id"": ""57460"", ""bbox"": [2.5285590957857376, 49.484441286393235, 6.457602714635808, 51.505491548376874], ""name"": ""LbGebrPerc2023"", ""title"": ""Landbouwgebruikspercelen LV, 2023"", ""crs3857"": true, ""crs4326"": true, ""abstract"": ""Overzicht van de percelen die in landbouwgebruik zijn op de uiterste indieningsdatum van de verzamelaanvraag van 2023. De inventaris omvat ondermeer ook poelen, houtkanten en landbouwproductiefaciliteiten (erven met stallen en gebouwen)."", ""keywords"": [""land parcel identification system"", ""landbouw"", ""landbouwproductiefaciliteiten""], ""layer_name"": ""LbGebrPerc2023"", ""description"": ""Landbouwgebruikspercelen LV, 2023"", ""service_type"": ""wms"", ""metadata_urls"": [""https://metadata.vlaanderen.be/srv/dut/catalog.search#/metadata/a778c84d-b30d-47bd-8d9e-cac96180095a"", ""https://metadata.vlaanderen.be/srv/dut/csw?request=GetRecordById&service=CSW&constraintLanguage=CQL_TEXT&version=2.0.2&resultType=results&ElementSetName=full&typenames=csw:Record&id=a778c84d-b30d-47bd-8d9e-cac96180095a&OUTPUTSCHEMA=http://www.isotc211.org/2005/gmd""]}",spatial-extractor,2026-06-21 18:56:55.907 +0300
1259,e0d264ad-8786-4309-9b39-08f8281da2e9,https://wms.inspire.geoportail.lu/geoserver/so/wms?service=WMS&version=1.3.0&request=GetCapabilities,,,"{""error"": ""Could not open file with GDAL (unsupported format or inaccessible)""}",spatial-extractor,2026-06-21 18:55:30.733 +0300
1274,r_friuve:m3966-cc-i1467,https://serviziogc.regione.fvg.it/geoserver/CAR_GEO/wms?request=GetCapabilities&service=wms&version=1.3.0,,,"{""id"": ""57104"", ""bbox"": null, ""name"": ""NULL"", ""title"": ""GeoServer Web Map Service IRDAT FVG"", ""crs3857"": null, ""crs4326"": null, ""abstract"": ""Service for pubblication of the geographic informations of the region Friuli Venezia Giulia using the WFS OpenGIS standard."", ""keywords"": [], ""layer_name"": null, ""description"": ""NULL"", ""service_type"": ""wms"", ""metadata_urls"": []}",spatial-extractor,2026-06-21 18:56:01.511 +0300
1275,r_friuve:m3966-cc-i1467,https://serviziogc.regione.fvg.it/geoserver/CAR_GEO/wfs?request=GetCapabilities&service=wfs&version=2.0.0,,,"{""id"": ""57105"", ""bbox"": null, ""name"": ""NULL"", ""title"": null, ""schema"": null, ""crs3857"": false, ""crs4326"": false, ""abstract"": null, ""keywords"": [], ""layer_name"": null, ""description"": ""NULL"", ""service_type"": ""wfs"", ""metadata_urls"": []}",spatial-extractor,2026-06-21 18:56:02.404 +0300
1268,e0d264ad-8786-4309-9b39-08f8281da2e9,https://wms.inspire.geoportail.lu/geoserver/so/wms?SERVICE=WMS&service=WMS&version=1.3.0&request=GetCapabilities,,,"{""error"": ""Could not open file with GDAL (unsupported format or inaccessible)""}",spatial-extractor,2026-06-21 18:52:56.610 +0300
1276,dc1bb0b8-2341-4556-a205-9a04d5629c6f,https://gis.lfrz.gv.at/api/geodata/i000604/ogc/features/v1/,,,"{""id"": ""57123"", ""bbox"": null, ""name"": ""Agricultural Soil Map of Austria - Texture (FAO) - WFS"", ""title"": null, ""abstract"": null, ""layer_name"": null, ""description"": ""Agricultural Soil Map of Austria - Texture (FAO) - WFS"", ""service_type"": ""ogcapi""}",spatial-extractor,2026-06-21 18:56:04.441 +0300
1277,https://data.inspire.gv.at/542cfb9d-9fad-4164-a1f5-2c32e7c564f2,https://inspire.lfrz.gv.at/009501/wms?request=GetCapabilities&version=1.3.0,,,"{""id"": ""57142"", ""bbox"": [9.212353182968585, 46.08231048268711, 17.45260436230758, 49.298386740380934, ""CRS:84""], ""name"": ""inspire_hofstellen_2020"", ""title"": ""inspire_hofstellen_2020"", ""crs3857"": true, ""crs4326"": true, ""abstract"": ""Dieser Layer umfasst die Wirtschaftsgebäude der AntragstellerInnen, welche im Zuge der Förderabwicklung herangezogen werden. Unter Hofstelle ist das Wirtschaftsgebäude des Hauptbetriebes zu verstehen."", ""keywords"": [""Gebäude"", ""Bauernhof"", ""Landwirtschaft"", ""Landwirtschaftliche Anlagen"", ""Landwirtschaftliches Unternehmen""], ""layer_name"": ""inspire_hofstellen_2020"", ""description"": ""INVEKOS Hofstellen 2020"", ""service_type"": ""wms"", ""metadata_urls"": [""https://discovery.inspire.gv.at/at.lfrz.discoveryservices/srv/ger/csw?service=CSW&request=GetRecordById&version=2.0.2&outputSchema=http%3A%2F%2Fwww.isotc211.org%2F2005%2Fgmd&ElementSetName=full&id=542cfb9d-9fad-4164-a1f5-2c32e7c564f2""]}",spatial-extractor,2026-06-21 18:56:06.077 +0300
1278,https://data.inspire.gv.at/0095/8b3ae28f-bf2f-4647-9d38-76f448124b89,https://inspire.lfrz.gv.at/009501/wms?request=GetCapabilities&version=1.3.0,,,"{""id"": ""57160"", ""bbox"": [9.212353182968585, 46.08231048268711, 17.45260436230758, 49.298386740380934, ""CRS:84""], ""name"": ""inspire_hofstellen_2017"", ""title"": ""inspire_hofstellen_2017"", ""crs3857"": true, ""crs4326"": true, ""abstract"": ""Dieser Layer umfasst die Wirtschaftsgebäude der AntragstellerInnen, welche im Zuge der Förderabwicklung herangezogen werden. Unter Hofstelle ist das Wirtschaftsgebäude des Hauptbetriebes zu verstehen."", ""keywords"": [""Gebäude"", ""Bauernhof"", ""Landwirtschaft"", ""Landwirtschaftliche Anlagen"", ""Landwirtschaftliches Unternehmen""], ""layer_name"": ""inspire_hofstellen_2017"", ""description"": ""INVEKOS Hofstellen 2017"", ""service_type"": ""wms"", ""metadata_urls"": [""https://discovery.inspire.gv.at/at.lfrz.discoveryservices/srv/ger/csw?service=CSW&request=GetRecordById&version=2.0.2&outputSchema=http%3A%2F%2Fwww.isotc211.org%2F2005%2Fgmd&ElementSetName=full&id=8b3ae28f-bf2f-4647-9d38-76f448124b89""]}",spatial-extractor,2026-06-21 18:56:06.565 +0300
1279,https://data.inspire.gv.at/0095/1a9a1ebc-73ad-4faf-8611-73a755d3735c,https://inspire.lfrz.gv.at/009501/wms?version=1.3.0&request=GetCapabilities,,,"{""id"": ""57168"", ""bbox"": [9.212353182968585, 46.08231048268711, 17.45260436230758, 49.298386740380934, ""CRS:84""], ""name"": ""inspire_schlaege_2016_point"", ""title"": ""inspire_schlaege_2016_point"", ""crs3857"": true, ""crs4326"": true, ""abstract"": ""Dieser Layer umfasst alle von den AntragstellerInnen erfassten Schlagnutzungen, welche als Grundlage der Förderabwicklung dienen. Ein Schlag ist eine zusammenhängende Fläche eines Feldstücks, die für eine Vegetationsperiode mit nur einer Kultur (Schlagnutzungsart) und einheitlicher Bewirtschaftungsauflage bzw. als ein Landschaftselementetyp gemäß Anlage 1 der Verordnung des zuständigen Bundesministeriums mit horizontalen Regeln für den Bereich der Gemeinsamen Agrarpolitik (Horizontale GAP-Verordnung) StF: BGBl. II Nr. 100/2015 bewirtschaftet oder aber lediglich in gutem landwirtschaftlichen und ökologischen Zustand gemäß Art. 94 der Verordnung (EU) Nr. 1306/2013 erhalten wird und im GIS als Polygon oder als Punkt digitalisiert ist."", ""keywords"": [], ""layer_name"": ""inspire_schlaege_2016_point"", ""description"": ""INVEKOS Schläge 2016 (Point)"", ""service_type"": ""wms"", ""metadata_urls"": [""https://discovery.inspire.gv.at/at.lfrz.discoveryservices/srv/ger/csw?service=CSW&request=GetRecordById&version=2.0.2&outputSchema=http://www.isotc211.org/2005/gmd&ElementSetName=full&id=1a9a1ebc-73ad-4faf-8611-73a755d3735c""]}",spatial-extractor,2026-06-21 18:56:07.027 +0300
1280,https://data.inspire.gv.at/d982e28a-6715-4576-89f3-280d7f20ec0a,https://inspire.lfrz.gv.at/009501/wms?version=1.3.0&request=GetCapabilities,,,"{""id"": ""57173"", ""bbox"": [9.406430103965574, 46.35029167261794, 17.231844975890883, 49.02961337687206, ""CRS:84""], ""name"": ""inspire_referenzen_2024-2_point"", ""title"": ""inspire_referenzen_2024-2_point"", ""crs3857"": true, ""crs4326"": true, ""abstract"": ""Der Layer umfasst alle von der Zahlstelle Agrarmarkt Austria festgelegte Referenzparzellen und erfasste Landschaftselemente (Landschaftselementelayers) im Sinne des Art. 5 der Verordnung (EU) Nr. 640/2014 und Verordnung des zuständigen Bundesministeriums mit horizontalen Regeln für den Bereich der Gemeinsamen Agrarpolitik (Horizontale GAP-Verordnung) StF: BGBl. II Nr. 100/2015 Referenzparzelle: ist der physische Block, der als eindeutig nach außen abgrenzbar (zB Wald, Straßen, Gewässer) und durch in der Natur erkennbare, zusammenhängende landwirtschaftlich genutzte Flächen gebildet wird. Landschaftselementelayer: Layer mit den im GIS als Punkt oder Polygon gemäß den Definitionen laut Anlage 1 der Horizontale GAP-Verordnung digitalisierten Landschaftselementen, die sich auf Referenzflächen befinden, an eine solche unmittelbar angrenzen oder in einem Abstand von höchstens 5 m zu einer Referenzfläche liegen."", ""keywords"": [], ""layer_name"": ""inspire_referenzen_2024-2_point"", ""description"": ""inspire_referenzen_2024-2_point"", ""service_type"": ""wms"", ""metadata_urls"": [""https://discovery.inspire.gv.at/at.lfrz.discoveryservices/srv/ger/csw?service=CSW&request=GetRecordById&version=2.0.2&outputSchema=http%3A%2F%2Fwww.isotc211.org%2F2005%2Fgmd&ElementSetName=full&id=d982e28a-6715-4576-89f3-280d7f20ec0a""]}",spatial-extractor,2026-06-21 18:56:07.693 +0300
1281,https://data.inspire.gv.at/560558dc-59a8-455c-9374-e2c39b9abda2,https://inspire.lfrz.gv.at/009501/wms?version=1.3.0&request=GetCapabilities,,,"{""id"": ""57182"", ""bbox"": [9.405290334050319, 46.34587807286791, 17.232237933779302, 49.029923179643966, ""CRS:84""], ""name"": ""inspire_feldstuecke_2024-2"", ""title"": ""inspire_feldstuecke_2024-2"", ""crs3857"": true, ""crs4326"": true, ""abstract"": ""Der Layer umfasst alle von den AntragstellerInnen erfassten Feldstücken, welche als Grundlage der Förderabwicklung dienen. Ein Feldstück ist eine im Bundesgebiet gelegene, eindeutig abgrenzbare Bewirtschaftungseinheit eines Betriebsinhabers mit nur einer Nutzungsart gemäß § 16 der Verordnung des zuständigen Bundesministeriums mit horizontalen Regeln für den Bereich der Gemeinsamen Agrarpolitik (Horizontale GAP-Verordnung) StF: BGBl. II Nr. 100/2015, die im Geographischen Informationssystem (GIS) als Polygon digitalisiert ist und aus Schlägen besteht."", ""keywords"": [], ""layer_name"": ""inspire_feldstuecke_2024-2"", ""description"": ""inspire_feldstuecke_2024-2"", ""service_type"": ""wms"", ""metadata_urls"": [""https://discovery.inspire.gv.at/at.lfrz.discoveryservices/srv/ger/csw?service=CSW&request=GetRecordById&version=2.0.2&outputSchema=http%3A%2F%2Fwww.isotc211.org%2F2005%2Fgmd&ElementSetName=full&id=560558dc-59a8-455c-9374-e2c39b9abda2""]}",spatial-extractor,2026-06-21 18:56:08.169 +0300
1323,a97f1e11-9538-42d8-b501-2b64a303ba1d,http://epub.sjv.se/inspire/inspire/ows?service=WMS&request=GetCapabilities&layer=arslager_skifte,,,"{""id"": ""57531"", ""bbox"": null, ""name"": ""Jordbruksverkets visningstjänst (WMS)"", ""title"": null, ""crs3857"": false, ""crs4326"": false, ""abstract"": null, ""keywords"": [], ""layer_name"": null, ""description"": ""Jordbruksverkets visningstjänst (WMS)"", ""service_type"": ""wms"", ""metadata_urls"": []}",spatial-extractor,2026-06-21 18:57:13.481 +0300
1282,https://data.inspire.gv.at/0095/5a7739f5-866f-4f8a-91c6-8898a1ce52b2,https://inspire.lfrz.gv.at/009501/wms?version=1.3.0&request=GetCapabilities,,,"{""id"": ""57191"", ""bbox"": [9.406528989424798, 46.36583800700145, 17.21801690784526, 49.02961218147889, ""CRS:84""], ""name"": ""inspire_schlaege_2019_point"", ""title"": ""inspire_schlaege_2019_point"", ""crs3857"": true, ""crs4326"": true, ""abstract"": ""Dieser Layer umfasst alle von den AntragstellerInnen erfassten Schlagnutzungen, welche als Grundlage der Förderabwicklung dienen. Ein Schlag ist eine zusammenhängende Fläche eines Feldstücks, die für eine Vegetationsperiode mit nur einer Kultur (Schlagnutzungsart) und einheitlicher Bewirtschaftungsauflage bzw. als ein Landschaftselementetyp gemäß Anlage 1 der Verordnung des zuständigen Bundesministeriums mit horizontalen Regeln für den Bereich der Gemeinsamen Agrarpolitik (Horizontale GAP-Verordnung) StF: BGBl. II Nr. 100/2015 bewirtschaftet oder aber lediglich in gutem landwirtschaftlichen und ökologischen Zustand gemäß Art. 94 der Verordnung (EU) Nr. 1306/2013 erhalten wird und im GIS als Polygon oder als Punkt digitalisiert ist."", ""keywords"": [], ""layer_name"": ""inspire_schlaege_2019_point"", ""description"": ""INVEKOS Schläge 2019 (Point)"", ""service_type"": ""wms"", ""metadata_urls"": [""https://discovery.inspire.gv.at/at.lfrz.discoveryservices/srv/ger/csw?service=CSW&request=GetRecordById&version=2.0.2&outputSchema=http://www.isotc211.org/2005/gmd&ElementSetName=full&id=5a7739f5-866f-4f8a-91c6-8898a1ce52b2""]}",spatial-extractor,2026-06-21 18:56:08.633 +0300
1283,https://data.inspire.gv.at/e3d8c747-4717-4190-ba03-6f805a22bf3b,https://inspire.lfrz.gv.at/009501/wms?version=1.3.0&request=GetCapabilities,,,"{""id"": ""57196"", ""bbox"": [9.406430103965574, 46.35029167261794, 17.231844975890883, 49.02961337687205, ""CRS:84""], ""name"": ""inspire_referenzen_2022_point"", ""title"": ""inspire_referenzen_2022_point"", ""crs3857"": true, ""crs4326"": true, ""abstract"": ""Der Layer umfasst alle von der Zahlstelle Agrarmarkt Austria festgelegte Referenzparzellen und erfasste Landschaftselemente (Landschaftselementelayers) im Sinne des Art. 5 der Verordnung (EU) Nr. 640/2014 und Verordnung des zuständigen Bundesministeriums mit horizontalen Regeln für den Bereich der Gemeinsamen Agrarpolitik (Horizontale GAP-Verordnung) StF: BGBl. II Nr. 100/2015 Referenzparzelle: ist der physische Block, der als eindeutig nach außen abgrenzbar (zB Wald, Straßen, Gewässer) und durch in der Natur erkennbare, zusammenhängende landwirtschaftlich genutzte Flächen gebildet wird. Landschaftselementelayer: Layer mit den im GIS als Punkt oder Polygon gemäß den Definitionen laut Anlage 1 der Horizontale GAP-Verordnung digitalisierten Landschaftselementen, die sich auf Referenzflächen befinden, an eine solche unmittelbar angrenzen oder in einem Abstand von höchstens 5 m zu einer Referenzfläche liegen."", ""keywords"": [""IACS"", ""INVEKOS"", ""LPIS""], ""layer_name"": ""inspire_referenzen_2022_point"", ""description"": ""inspire_referenzen_2022_point"", ""service_type"": ""wms"", ""metadata_urls"": [""https://discovery.inspire.gv.at/at.lfrz.discoveryservices/srv/ger/csw?service=CSW&request=GetRecordById&version=2.0.2&outputSchema=http%3A%2F%2Fwww.isotc211.org%2F2005%2Fgmd&ElementSetName=full&id=e3d8c747-4717-4190-ba03-6f805a22bf3b""]}",spatial-extractor,2026-06-21 18:56:09.145 +0300
1284,https://data.inspire.gv.at/7d636728-bcf3-4f07-9f4a-3fe8ce8c8fce,https://inspire.lfrz.gv.at/009501/wms?version=1.3.0&request=GetCapabilities,,,"{""id"": ""57205"", ""bbox"": [9.212353182968585, 46.08231048268711, 17.45260436230758, 49.298386740380934, ""CRS:84""], ""name"": ""inspire_feldstuecke_2022"", ""title"": ""inspire_feldstuecke_2022"", ""crs3857"": true, ""crs4326"": true, ""abstract"": ""Der Layer umfasst alle von den AntragstellerInnen erfassten Feldstücken, welche als Grundlage der Förderabwicklung dienen. Ein Feldstück ist eine im Bundesgebiet gelegene, eindeutig abgrenzbare Bewirtschaftungseinheit eines Betriebsinhabers mit nur einer Nutzungsart gemäß § 16 der Verordnung des zuständigen Bundesministeriums mit horizontalen Regeln für den Bereich der Gemeinsamen Agrarpolitik (Horizontale GAP-Verordnung) StF: BGBl. II Nr. 100/2015, die im Geographischen Informationssystem (GIS) als Polygon digitalisiert ist und aus Schlägen besteht."", ""keywords"": [""IACS"", ""INVEKOS"", ""LPIS""], ""layer_name"": ""inspire_feldstuecke_2022"", ""description"": ""inspire_feldstuecke_2022"", ""service_type"": ""wms"", ""metadata_urls"": [""https://discovery.inspire.gv.at/at.lfrz.discoveryservices/srv/ger/csw?service=CSW&request=GetRecordById&version=2.0.2&outputSchema=http%3A%2F%2Fwww.isotc211.org%2F2005%2Fgmd&ElementSetName=full&id=7d636728-bcf3-4f07-9f4a-3fe8ce8c8fce""]}",spatial-extractor,2026-06-21 18:56:09.888 +0300
1285,https://data.inspire.gv.at/9028e056-22f4-46de-bb6b-66225fed8058,https://inspire.lfrz.gv.at/009501/wms?version=1.3.0&request=GetCapabilities,,,"{""id"": ""57210"", ""bbox"": [9.406430103965574, 46.35029167261794, 17.231844975890883, 49.02961337687205, ""CRS:84""], ""name"": ""inspire_referenzen_2023-1_point"", ""title"": ""inspire_referenzen_2023-1_point"", ""crs3857"": true, ""crs4326"": true, ""abstract"": ""Der Layer umfasst alle von der Zahlstelle Agrarmarkt Austria festgelegte Referenzparzellen und erfasste Landschaftselemente (Landschaftselementelayers) im Sinne des Art. 5 der Verordnung (EU) Nr. 640/2014 und Verordnung des zuständigen Bundesministeriums mit horizontalen Regeln für den Bereich der Gemeinsamen Agrarpolitik (Horizontale GAP-Verordnung) StF: BGBl. II Nr. 100/2015 Referenzparzelle: ist der physische Block, der als eindeutig nach außen abgrenzbar (zB Wald, Straßen, Gewässer) und durch in der Natur erkennbare, zusammenhängende landwirtschaftlich genutzte Flächen gebildet wird. Landschaftselementelayer: Layer mit den im GIS als Punkt oder Polygon gemäß den Definitionen laut Anlage 1 der Horizontale GAP-Verordnung digitalisierten Landschaftselementen, die sich auf Referenzflächen befinden, an eine solche unmittelbar angrenzen oder in einem Abstand von höchstens 5 m zu einer Referenzfläche liegen."", ""keywords"": [], ""layer_name"": ""inspire_referenzen_2023-1_point"", ""description"": ""inspire_referenzen_2023-1_point"", ""service_type"": ""wms"", ""metadata_urls"": [""https://discovery.inspire.gv.at/at.lfrz.discoveryservices/srv/ger/csw?service=CSW&request=GetRecordById&version=2.0.2&outputSchema=http%3A%2F%2Fwww.isotc211.org%2F2005%2Fgmd&ElementSetName=full&id=9028e056-22f4-46de-bb6b-66225fed8058""]}",spatial-extractor,2026-06-21 18:56:10.363 +0300
1314,"LC_landscapeFeature_LPIS_2024,694b0e28-4d23-4879-be00-7e1489344b8e",https://geoservices.wallonie.be/geoserver/inspire_lc/ows?service=WMS&version=1.3.0&request=GetCapabilities,,,"{""id"": ""57463"", ""bbox"": null, ""name"": ""INSPIRE- Occupation des terres en Wallonie (BE) - Service de visualisation WMS"", ""title"": null, ""crs3857"": false, ""crs4326"": false, ""abstract"": null, ""keywords"": [], ""layer_name"": null, ""description"": ""Ce service de visualisation WMS-INSPIRE permet de consulter la série de couches de données conforme au thème INSPIRE \""Occupation des terres\""."", ""service_type"": ""wms"", ""metadata_urls"": []}",spatial-extractor,2026-06-21 18:56:59.763 +0300
1315,GSAA.EFA,https://kls.pria.ee/geoserver/inspire_gsaa/wms,,,"{""id"": ""57485"", ""bbox"": [20.100786540955884, 57.44973890996587, 28.509024378467785, 60.06548397644702, ""CRS:84""], ""name"": ""WMS teenuse getCapabilities"", ""title"": ""Geospatial Aid Application Estonia EFA"", ""crs3857"": true, ""crs4326"": true, ""abstract"": ""PRIA Ökoalad"", ""keywords"": [""features"", ""LU.GSAA.EFA""], ""layer_name"": ""LU.GSAA.EFA"", ""description"": ""NULL"", ""service_type"": ""wms"", ""metadata_urls"": [""https://metadata.geoportaal.ee/geonetwork/srv/est/xml.metadata.get?uuid=d49036ca-edcb-4929-8353-e1791ed97bd3""]}",spatial-extractor,2026-06-21 18:57:02.615 +0300
1286,https://data.inspire.gv.at/0095/1653d49b-ac76-4efc-b03f-38a5df768f41,https://inspire.lfrz.gv.at/009501/wms?version=1.3.0&request=GetCapabilities,,,"{""id"": ""57221"", ""bbox"": [9.212353182968585, 46.08231048268711, 17.45260436230758, 49.298386740380934, ""CRS:84""], ""name"": ""inspire_feldstuecke_2016"", ""title"": ""inspire_feldstuecke_2016"", ""crs3857"": true, ""crs4326"": true, ""abstract"": ""Der Layer umfasst alle von den AntragstellerInnen erfassten Feldstücken, welche als Grundlage der Förderabwicklung dienen. Ein Feldstück ist eine im Bundesgebiet gelegene, eindeutig abgrenzbare Bewirtschaftungseinheit eines Betriebsinhabers mit nur einer Nutzungsart gemäß § 16 der Verordnung des zuständigen Bundesministeriums mit horizontalen Regeln für den Bereich der Gemeinsamen Agrarpolitik (Horizontale GAP-Verordnung) StF: BGBl. II Nr. 100/2015, die im Geographischen Informationssystem (GIS) als Polygon digitalisiert ist und aus Schlägen besteht."", ""keywords"": [""Bodennutzung"", ""Flurstücke/Grundstücke (Katasterparzellen)"", ""Landwirtschaftliche Nutzung"", ""Nutzung der landwirtschaftlichen Fläche""], ""layer_name"": ""inspire_feldstuecke_2016"", ""description"": ""INVEKOS Feldstücke 2016"", ""service_type"": ""wms"", ""metadata_urls"": [""https://discovery.inspire.gv.at/at.lfrz.discoveryservices/srv/ger/csw?service=CSW&request=GetRecordById&version=2.0.2&outputSchema=http%3A%2F%2Fwww.isotc211.org%2F2005%2Fgmd&ElementSetName=full&id=1653d49b-ac76-4efc-b03f-38a5df768f41""]}",spatial-extractor,2026-06-21 18:56:10.847 +0300
1287,LPIS.LANDSCAPE_ELEMENTS,https://kls.pria.ee/geoserver/inspire_lpis/wms?service=WMS&request=GetCapabilities,,,"{""id"": ""57233"", ""bbox"": [20.100786540955884, 57.44973890996587, 28.509024378467785, 60.06548397644702, ""CRS:84""], ""name"": ""WMS teenuse getCapabilities"", ""title"": ""Land Parcel Identification System Estonia Landscape elements"", ""crs3857"": true, ""crs4326"": true, ""abstract"": ""PRIA Maastikuelemendid"", ""keywords"": [""features"", ""LC.LPIS.LANDSCAPE_ELEMENTS""], ""layer_name"": ""LC.LPIS.LANDSCAPE_ELEMENTS"", ""description"": ""NULL"", ""service_type"": ""wms"", ""metadata_urls"": [""https://metadata.geoportaal.ee/geonetwork/srv/est/xml.metadata.get?uuid=120973d8-7443-4091-906b-c0a9a11713c3""]}",spatial-extractor,2026-06-21 18:56:12.883 +0300
1288,1234567,https://inspire.ruokavirasto-awsa.com/geoserver/wfs?request=getcapabilities,,,"{""id"": ""57501"", ""bbox"": null, ""name"": ""NULL"", ""title"": null, ""schema"": null, ""crs3857"": false, ""crs4326"": false, ""abstract"": null, ""keywords"": [], ""layer_name"": null, ""description"": ""NULL"", ""service_type"": ""wfs"", ""metadata_urls"": []}",spatial-extractor,2026-06-21 18:56:14.059 +0300
1289,https://data.inspire.gv.at/f2342aad-cce7-4da7-a44e-b0a691a06739,https://inspire.lfrz.gv.at/009501/wms?version=1.3.0&request=GetCapabilities,,,"{""id"": ""57244"", ""bbox"": [9.406430103965574, 46.35029167261794, 17.231844975890883, 49.02961337687205, ""CRS:84""], ""name"": ""inspire_referenzen_2023-2_point"", ""title"": ""inspire_referenzen_2023-2_point"", ""crs3857"": true, ""crs4326"": true, ""abstract"": ""Der Layer umfasst alle von der Zahlstelle Agrarmarkt Austria festgelegte Referenzparzellen und erfasste Landschaftselemente (Landschaftselementelayers) im Sinne des Art. 5 der Verordnung (EU) Nr. 640/2014 und Verordnung des zuständigen Bundesministeriums mit horizontalen Regeln für den Bereich der Gemeinsamen Agrarpolitik (Horizontale GAP-Verordnung) StF: BGBl. II Nr. 100/2015 Referenzparzelle: ist der physische Block, der als eindeutig nach außen abgrenzbar (zB Wald, Straßen, Gewässer) und durch in der Natur erkennbare, zusammenhängende landwirtschaftlich genutzte Flächen gebildet wird. Landschaftselementelayer: Layer mit den im GIS als Punkt oder Polygon gemäß den Definitionen laut Anlage 1 der Horizontale GAP-Verordnung digitalisierten Landschaftselementen, die sich auf Referenzflächen befinden, an eine solche unmittelbar angrenzen oder in einem Abstand von höchstens 5 m zu einer Referenzfläche liegen."", ""keywords"": [], ""layer_name"": ""inspire_referenzen_2023-2_point"", ""description"": ""inspire_referenzen_2023-2_point"", ""service_type"": ""wms"", ""metadata_urls"": [""https://discovery.inspire.gv.at/at.lfrz.discoveryservices/srv/ger/csw?service=CSW&request=GetRecordById&version=2.0.2&outputSchema=http%3A%2F%2Fwww.isotc211.org%2F2005%2Fgmd&ElementSetName=full&id=f2342aad-cce7-4da7-a44e-b0a691a06739""]}",spatial-extractor,2026-06-21 18:56:14.824 +0300
1290,LPIS.REFERENCE_PARCELS,https://kls.pria.ee/geoserver/inspire_lpis/wms?service=WMS&request=GetCapabilities,,,"{""id"": ""57253"", ""bbox"": [21.592806309665995, 57.45329504791562, 28.2754939840628, 59.8515811675627, ""CRS:84""], ""name"": ""WMS teenuse getCapabilities"", ""title"": ""Land Parcel Identification System Estonia Reference parcels"", ""crs3857"": true, ""crs4326"": true, ""abstract"": ""PRIA Põllumassiivid"", ""keywords"": [""features"", ""LC.LPIS""], ""layer_name"": ""LC.LPIS.REFERENCE_PARCELS"", ""description"": ""NULL"", ""service_type"": ""wms"", ""metadata_urls"": [""https://metadata.geoportaal.ee/geonetwork/srv/est/xml.metadata.get?uuid=8a4572d5-1b5b-4b32-8332-996d4c49b2aa""]}",spatial-extractor,2026-06-21 18:56:17.758 +0300
1291,https://data.inspire.gv.at/9db8a0c3-e92a-4df4-9d55-8210e326a7ed,https://inspire.lfrz.gv.at/009501/wms?version=1.3.0&request=GetCapabilities,,,"{""id"": ""57256"", ""bbox"": [9.212353182968585, 46.08231048268711, 17.45260436230758, 49.298386740380934, ""CRS:84""], ""name"": ""inspire_referenzen_2021_point"", ""title"": ""inspire_referenzen_2021_point"", ""crs3857"": true, ""crs4326"": true, ""abstract"": ""Der Layer umfasst alle von der Zahlstelle Agrarmarkt Austria festgelegte Referenzparzellen und erfasste Landschaftselemente (Landschaftselementelayers) im Sinne des Art. 5 der Verordnung (EU) Nr. 640/2014 und Verordnung des zuständigen Bundesministeriums mit horizontalen Regeln für den Bereich der Gemeinsamen Agrarpolitik (Horizontale GAP-Verordnung) StF: BGBl. II Nr. 100/2015 Referenzparzelle: ist der physische Block, der als eindeutig nach außen abgrenzbar (zB Wald, Straßen, Gewässer) und durch in der Natur erkennbare, zusammenhängende landwirtschaftlich genutzte Flächen gebildet wird. Landschaftselementelayer: Layer mit den im GIS als Punkt oder Polygon gemäß den Definitionen laut Anlage 1 der Horizontale GAP-Verordnung digitalisierten Landschaftselementen, die sich auf Referenzflächen befinden, an eine solche unmittelbar angrenzen oder in einem Abstand von höchstens 5 m zu einer Referenzfläche liegen."", ""keywords"": [""INVEKOS"", ""LPIS"", ""IACS""], ""layer_name"": ""inspire_referenzen_2021_point"", ""description"": ""INVEKOS Referenzen 2021 (Point)"", ""service_type"": ""wms"", ""metadata_urls"": [""https://discovery.inspire.gv.at/at.lfrz.discoveryservices/srv/ger/csw?service=CSW&request=GetRecordById&version=2.0.2&outputSchema=http%3A%2F%2Fwww.isotc211.org%2F2005%2Fgmd&ElementSetName=full&id=9db8a0c3-e92a-4df4-9d55-8210e326a7ed""]}",spatial-extractor,2026-06-21 18:56:19.027 +0300
1316,GSAA.AGRICULTURAL_PARCELS,https://kls.pria.ee/geoserver/inspire_gsaa/wms?service=WMS&request=GetCapabilities,,,"{""id"": ""57491"", ""bbox"": [21.592806309665995, 57.45329504791562, 28.2754939840628, 59.8515811675627, ""CRS:84""], ""name"": ""WMS teenuse getCapabilities"", ""title"": ""Geospatial Aid Application Estonia Agricultural parcels"", ""crs3857"": true, ""crs4326"": true, ""abstract"": ""PRIA Põllud"", ""keywords"": [""features"", ""LU.GSAA""], ""layer_name"": ""LU.GSAA.AGRICULTURAL_PARCELS"", ""description"": ""NULL"", ""service_type"": ""wms"", ""metadata_urls"": [""https://metadata.geoportaal.ee/geonetwork/srv/est/xml.metadata.get?uuid=2fa494d3-3f1d-4f76-9866-bedd005cada6""]}",spatial-extractor,2026-06-21 18:57:05.508 +0300
1317,0a75022a-1cbc-eb27-14cf-b66354d9f549,https://www.geoportal.hessen.de/mapbender/php/wms.php?inspire=1&layer_id=60008&withChilds=1&REQUEST=GetCapabilities&SERVICE=WMS,,,"{""error"": ""Could not open file with GDAL (unsupported format or inaccessible)""}",spatial-extractor,2026-06-21 18:57:06.616 +0300
1292,https://data.inspire.gv.at/0095/904df4b4-e315-45b4-bf72-19f4dd0aafbd,https://inspire.lfrz.gv.at/009501/wms?version=1.3.0&request=GetCapabilities,,,"{""id"": ""57273"", ""bbox"": [9.406430103965574, 46.35029167261794, 17.21801690784526, 49.029612171414726, ""CRS:84""], ""name"": ""inspire_referenzen_2017_point"", ""title"": ""inspire_referenzen_2017_point"", ""crs3857"": true, ""crs4326"": true, ""abstract"": ""Der Layer umfasst alle von der Zahlstelle Agrarmarkt Austria festgelegte Referenzparzellen und erfasste Landschaftselemente (Landschaftselementelayers) im Sinne des Art. 5 der Verordnung (EU) Nr. 640/2014 und Verordnung des zuständigen Bundesministeriums mit horizontalen Regeln für den Bereich der Gemeinsamen Agrarpolitik (Horizontale GAP-Verordnung) StF: BGBl. II Nr. 100/2015 Referenzparzelle: ist der physische Block, der als eindeutig nach außen abgrenzbar (zB Wald, Straßen, Gewässer) und durch in der Natur erkennbare, zusammenhängende landwirtschaftlich genutzte Flächen gebildet wird. Landschaftselementelayer: Layer mit den im GIS als Punkt oder Polygon gemäß den Definitionen laut Anlage 1 der Horizontale GAP-Verordnung digitalisierten Landschaftselementen, die sich auf Referenzflächen befinden, an eine solche unmittelbar angrenzen oder in einem Abstand von höchstens 5 m zu einer Referenzfläche liegen."", ""keywords"": [], ""layer_name"": ""inspire_referenzen_2017_point"", ""description"": ""INVEKOS Referenzen 2017 (Point)"", ""service_type"": ""wms"", ""metadata_urls"": [""https://discovery.inspire.gv.at/at.lfrz.discoveryservices/srv/ger/csw?service=CSW&request=GetRecordById&version=2.0.2&outputSchema=http://www.isotc211.org/2005/gmd&ElementSetName=full&id=904df4b4-e315-45b4-bf72-19f4dd0aafbd""]}",spatial-extractor,2026-06-21 18:56:19.650 +0300
1293,"7e22910f-0b5c-41ae-b06f-5cfa83666c3f,AF,AF.Site,AF.AgriculturalHolding",https://www.inspire-geoportal.lt/geoserver/af/wms?service=WMS&version=1.3.0&request=GetCapabilities,,,"{""id"": ""57289"", ""bbox"": [21.061717987060543, 53.90254214955603, 26.83526611328125, 56.447002442820306, ""CRS:84""], ""name"": ""AF.AgriculturalHolding"", ""title"": ""Agricultural Holding"", ""crs3857"": true, ""crs4326"": false, ""abstract"": ""Agricultural Holding"", ""keywords"": [""features"", ""af.holding"", ""AF""], ""layer_name"": ""AF.AgriculturalHolding"", ""description"": ""Agricultural Holding"", ""service_type"": ""wms"", ""metadata_urls"": [""https://www.inspire-geoportal.lt/geonetwork/srv/eng/csw?service=CSW&request=GetRecordById&version=2.0.2&outputSchema=http://www.isotc211.org/2005/gmd&elementSetName=full&id=7e22910f-0b5c-41ae-b06f-5cfa83666c3f""]}",spatial-extractor,2026-06-21 18:56:20.499 +0300
1294,https://data.inspire.gv.at/d76f8f0a-55a4-4b11-afea-fed43fa27b49,https://inspire.lfrz.gv.at/009501/wms?version=1.3.0&request=GetCapabilities,,,"{""id"": ""57294"", ""bbox"": [9.405290334050319, 46.34587807286791, 17.232237933779302, 49.029923179643966, ""CRS:84""], ""name"": ""inspire_feldstuecke_2025-1"", ""title"": ""inspire_feldstuecke_2025-1"", ""crs3857"": true, ""crs4326"": true, ""abstract"": ""Der Layer umfasst alle von den AntragstellerInnen erfassten Feldstücken, welche als Grundlage der Förderabwicklung dienen. Ein Feldstück ist eine im Bundesgebiet gelegene, eindeutig abgrenzbare Bewirtschaftungseinheit eines Betriebsinhabers mit nur einer Nutzungsart gemäß § 16 der Verordnung des zuständigen Bundesministeriums mit horizontalen Regeln für den Bereich der Gemeinsamen Agrarpolitik (Horizontale GAP-Verordnung) StF: BGBl. II Nr. 100/2015, die im Geographischen Informationssystem (GIS) als Polygon digitalisiert ist und aus Schlägen besteht."", ""keywords"": [], ""layer_name"": ""inspire_feldstuecke_2025-1"", ""description"": ""inspire_feldstuecke_2025-1"", ""service_type"": ""wms"", ""metadata_urls"": [""https://discovery.inspire.gv.at/at.lfrz.discoveryservices/srv/ger/csw?service=CSW&request=GetRecordById&version=2.0.2&outputSchema=http%3A%2F%2Fwww.isotc211.org%2F2005%2Fgmd&ElementSetName=full&id=d76f8f0a-55a4-4b11-afea-fed43fa27b49""]}",spatial-extractor,2026-06-21 18:56:21.106 +0300
1295,https://hub.agrigis.cz/ID_DatoveSady/EcologicalFocusAreaId/CZ-48133981-LPIS-EFA,https://geoportal.gov.cz/web/guest/map?wmc=http%3A//geoportal.gov.cz/php/wmc/data/678e50ce-f8bc-4bf6-a536-32c575c0a8017c.wmc&wmcaction=overwrite,,,"{""error"": null}",spatial-extractor,2026-06-21 18:56:21.654 +0300
1296,https://hub.agrigis.cz/ID_DatoveSady/EcologicalFocusAreaId/CZ-48133981-LPIS-EFA,https://gis.cenia.cz/geoserver/mze_lpis/wms?SERVICE=WMS&request=GETCapabilities,,,"{""id"": ""57314"", ""bbox"": null, ""name"": ""NULL"", ""title"": ""LPIS České republiky (WMS)"", ""crs3857"": null, ""crs4326"": null, ""abstract"": ""Prohlížecí služba (WMS), která zobrazuje hranice Referenční parcely, Zemědělské plochy, Ekologicky významného prvku a Krajinného prvku."", ""keywords"": [], ""layer_name"": null, ""description"": ""NULL"", ""service_type"": ""wms"", ""metadata_urls"": []}",spatial-extractor,2026-06-21 18:56:25.515 +0300
1297,https://hub.agrigis.cz/ID_DatoveSady/EcologicalFocusAreaId/CZ-48133981-LPIS-EFA,https://gis.cenia.cz/geoserver/mze_lpis/wfs?service=WFS&request=GetCapabilities,,,"{""id"": ""57315"", ""bbox"": null, ""name"": ""NULL"", ""title"": null, ""schema"": null, ""crs3857"": false, ""crs4326"": false, ""abstract"": null, ""keywords"": [], ""layer_name"": null, ""description"": ""NULL"", ""service_type"": ""wfs"", ""metadata_urls"": []}",spatial-extractor,2026-06-21 18:56:26.149 +0300
1301,https://data.inspire.gv.at/73e6acd7-2d81-417b-b2fa-8a4d1bae65c9,https://inspire.lfrz.gv.at/009501/wms?version=1.3.0&request=GetCapabilities,,,"{""id"": ""57345"", ""bbox"": [9.212353182968585, 46.08231048268711, 17.45260436230758, 49.298386740380934, ""CRS:84""], ""name"": ""inspire_referenzen_2020_point"", ""title"": ""inspire_referenzen_2020_point"", ""crs3857"": true, ""crs4326"": true, ""abstract"": ""Der Layer umfasst alle von der Zahlstelle Agrarmarkt Austria festgelegte Referenzparzellen und erfasste Landschaftselemente (Landschaftselementelayers) im Sinne des Art. 5 der Verordnung (EU) Nr. 640/2014 und Verordnung des zuständigen Bundesministeriums mit horizontalen Regeln für den Bereich der Gemeinsamen Agrarpolitik (Horizontale GAP-Verordnung) StF: BGBl. II Nr. 100/2015 Referenzparzelle: ist der physische Block, der als eindeutig nach außen abgrenzbar (zB Wald, Straßen, Gewässer) und durch in der Natur erkennbare, zusammenhängende landwirtschaftlich genutzte Flächen gebildet wird. Landschaftselementelayer: Layer mit den im GIS als Punkt oder Polygon gemäß den Definitionen laut Anlage 1 der Horizontale GAP-Verordnung digitalisierten Landschaftselementen, die sich auf Referenzflächen befinden, an eine solche unmittelbar angrenzen oder in einem Abstand von höchstens 5 m zu einer Referenzfläche liegen."", ""keywords"": [""INVEKOS"", ""Bodennutzung""], ""layer_name"": ""inspire_referenzen_2020_point"", ""description"": ""INVEKOS Referenzen 2020 (Point)"", ""service_type"": ""wms"", ""metadata_urls"": [""https://discovery.inspire.gv.at/at.lfrz.discoveryservices/srv/ger/csw?service=CSW&request=GetRecordById&version=2.0.2&outputSchema=http%3A%2F%2Fwww.isotc211.org%2F2005%2Fgmd&ElementSetName=full&id=73e6acd7-2d81-417b-b2fa-8a4d1bae65c9""]}",spatial-extractor,2026-06-21 18:56:32.791 +0300
1318,1234567,https://inspire.ruokavirasto-awsa.com/geoserver/wms?request=getcapabilities,,,"{""id"": ""57500"", ""bbox"": null, ""name"": ""NULL"", ""title"": ""Finnish Food Authority - INSPIRE WMS"", ""crs3857"": null, ""crs4326"": null, ""abstract"": ""A compliant implementation of WMS service."", ""keywords"": [], ""layer_name"": null, ""description"": ""NULL"", ""service_type"": ""wms"", ""metadata_urls"": []}",spatial-extractor,2026-06-21 18:57:08.578 +0300
1302,https://data.inspire.gv.at/9feabade-987d-4faa-9780-e6bbaefd4e48,https://inspire.lfrz.gv.at/009501/wms?version=1.3.0&request=GetCapabilities,,,"{""id"": ""57354"", ""bbox"": [9.406430103965574, 46.35029167261794, 17.231844975890883, 49.02961337687206, ""CRS:84""], ""name"": ""inspire_referenzen_2024-1_point"", ""title"": ""inspire_referenzen_2024-1_point"", ""crs3857"": true, ""crs4326"": true, ""abstract"": ""Der Layer umfasst alle von der Zahlstelle Agrarmarkt Austria festgelegte Referenzparzellen und erfasste Landschaftselemente (Landschaftselementelayers) im Sinne des Art. 5 der Verordnung (EU) Nr. 640/2014 und Verordnung des zuständigen Bundesministeriums mit horizontalen Regeln für den Bereich der Gemeinsamen Agrarpolitik (Horizontale GAP-Verordnung) StF: BGBl. II Nr. 100/2015 Referenzparzelle: ist der physische Block, der als eindeutig nach außen abgrenzbar (zB Wald, Straßen, Gewässer) und durch in der Natur erkennbare, zusammenhängende landwirtschaftlich genutzte Flächen gebildet wird. Landschaftselementelayer: Layer mit den im GIS als Punkt oder Polygon gemäß den Definitionen laut Anlage 1 der Horizontale GAP-Verordnung digitalisierten Landschaftselementen, die sich auf Referenzflächen befinden, an eine solche unmittelbar angrenzen oder in einem Abstand von höchstens 5 m zu einer Referenzfläche liegen."", ""keywords"": [], ""layer_name"": ""inspire_referenzen_2024-1_point"", ""description"": ""inspire_referenzen_2024-1_point"", ""service_type"": ""wms"", ""metadata_urls"": [""https://discovery.inspire.gv.at/at.lfrz.discoveryservices/srv/ger/csw?service=CSW&request=GetRecordById&version=2.0.2&outputSchema=http%3A%2F%2Fwww.isotc211.org%2F2005%2Fgmd&ElementSetName=full&id=9feabade-987d-4faa-9780-e6bbaefd4e48""]}",spatial-extractor,2026-06-21 18:56:34.461 +0300
1303,https://data.inspire.gv.at/29f7bb6b-749f-4485-8da9-4e21ec67a22b,https://inspire.lfrz.gv.at/009501/wms?version=1.3.0&request=GetCapabilities,,,"{""id"": ""57363"", ""bbox"": null, ""name"": ""inspire_referenzen_2022_2_point"", ""title"": null, ""crs3857"": false, ""crs4326"": false, ""abstract"": null, ""keywords"": [], ""layer_name"": null, ""description"": ""inspire_referenzen_2022_2_point"", ""service_type"": ""wms"", ""metadata_urls"": []}",spatial-extractor,2026-06-21 18:56:34.986 +0300
1304,8ef36099-1166-787c-a600-0b80bf757b1f,https://www.geoportal.hessen.de/mapbender/php/wms.php?inspire=1&layer_id=58448&withChilds=1&REQUEST=GetCapabilities&SERVICE=WMS,,,"{""error"": ""Could not open file with GDAL (unsupported format or inaccessible)""}",spatial-extractor,2026-06-21 18:56:35.628 +0300
1305,NTA_m344-ec2b-4449-bfe6-087cd3d22ac8,https://inspire.lechnerkozpont.hu/geoserver/LU.NGMHU/wms?SERVICE=WMS&version=1.3.0&request=GetCapabilities,,,"{""id"": ""57414"", ""bbox"": null, ""name"": ""LU.NGMHU:LandUse2023"", ""title"": null, ""crs3857"": false, ""crs4326"": false, ""abstract"": null, ""keywords"": [], ""layer_name"": null, ""description"": ""ngmhu2023_crs23700"", ""service_type"": ""wms"", ""metadata_urls"": []}",spatial-extractor,2026-06-21 18:56:38.352 +0300
1306,714a55b9-46ad-4c73-90a9-8ef3d00762d8,https://geo.api.vlaanderen.be/ALV/wms?request=GetCapabilities&version=1.3.0&service=wms,,,"{""id"": ""57417"", ""bbox"": null, ""name"": ""NULL"", ""title"": ""WMS Departement Landbouw en Visserij"", ""crs3857"": null, ""crs4326"": null, ""abstract"": ""Web Map Service met data van het Departement voor Landbouw en Visserij."", ""keywords"": [], ""layer_name"": null, ""description"": ""WMS Departement Landbouw en Visserij"", ""service_type"": ""wms"", ""metadata_urls"": []}",spatial-extractor,2026-06-21 18:56:40.167 +0300
1307,714a55b9-46ad-4c73-90a9-8ef3d00762d8,"https://geo.api.vlaanderen.be/ALV/wms?SERVICE=WMS&REQUEST=GetMap&FORMAT=image/png&TRANSPARENT=TRUE&STYLES=default&VERSION=1.3.0&LAYERS=LbGebrPerc2022&WIDTH=2048&HEIGHT=721&CRS=EPSG:3857&BBOX=458534.445757238,6634055.556412904,481465.554242762,6640944.443587096",,,"{""id"": ""57418"", ""bbox"": [2.5285590957857376, 49.484441286393235, 6.457602714635808, 51.505491548376874], ""name"": ""LbGebrPerc2024"", ""title"": ""Landbouwgebruikspercelen LV, 2024"", ""crs3857"": true, ""crs4326"": true, ""abstract"": ""Overzicht van de percelen die in landbouwgebruik zijn op de uiterste indieningsdatum van de verzamelaanvraag van 2024. De inventaris omvat ondermeer ook poelen, houtkanten en landbouwproductiefaciliteiten (erven met stallen en gebouwen)."", ""keywords"": [""land parcel identification system"", ""landbouw"", ""landbouwproductiefaciliteiten""], ""layer_name"": ""LbGebrPerc2024"", ""description"": ""Landbouwgebruikspercelen LV, 2024"", ""service_type"": ""wms"", ""metadata_urls"": [""https://metadata.vlaanderen.be/srv/dut/catalog.search#/metadata/e68b0395-0f83-4de4-b22e-aa8151edcba7"", ""https://metadata.vlaanderen.be/srv/dut/csw?request=GetRecordById&service=CSW&constraintLanguage=CQL_TEXT&version=2.0.2&resultType=results&ElementSetName=full&typenames=csw:Record&id=e68b0395-0f83-4de4-b22e-aa8151edcba7&OUTPUTSCHEMA=http://www.isotc211.org/2005/gmd""]}",spatial-extractor,2026-06-21 18:56:41.070 +0300
1308,30768419-3145-336c-1d16-a54eb6eed5a2,https://www.geoportal.hessen.de/mapbender/php/wms.php?inspire=1&layer_id=60198&withChilds=1&REQUEST=GetCapabilities&SERVICE=WMS,,,"{""error"": ""Could not open file with GDAL (unsupported format or inaccessible)""}",spatial-extractor,2026-06-21 18:56:46.946 +0300
1309,d0c019a0-5239-46ea-ae23-518f8ac6c086,https://ipi.eprostor.gov.si/wms-si-gurs-ins/SI.MKGP.GERK/ows?service=wms&version=1.3.0&request=GetCapabilities,,,"{""id"": ""57425"", ""bbox"": [13.156452347013044, 45.4003353414981, 16.64681574383942, 46.898964415098156, ""CRS:84""], ""name"": ""RKG_BLOK_GERK"", ""title"": ""RKG_BLOK_GERK"", ""crs3857"": true, ""crs4326"": true, ""abstract"": null, ""keywords"": [""features"", ""INS_LCV_MKGP_GERK""], ""layer_name"": ""RKG_BLOK_GERK"", ""description"": ""RKG_BLOK_GERK"", ""service_type"": ""wms"", ""metadata_urls"": []}",spatial-extractor,2026-06-21 18:56:48.831 +0300
1310,http://www.lgl-bw.de/903d622c-845c-11ee-87fc-00505699ce57,https://owsproxy.lgl-bw.de/owsproxy/ows/WMS_INSP_BW_Bodenbedeckung_LandwParzellenIS_2022?,,,"{""id"": ""57437"", ""bbox"": null, ""name"": ""INSPIRE-WMS BW Bodenbedeckung System zur Identifizierung landwirtschaftlicher Parzellen 2022"", ""title"": null, ""crs3857"": false, ""crs4326"": false, ""abstract"": null, ""keywords"": [], ""layer_name"": null, ""description"": ""NULL"", ""service_type"": ""wms"", ""metadata_urls"": []}",spatial-extractor,2026-06-21 18:56:49.858 +0300
1311,75391928-8e98-3bb2-d341-99133a1cb7b5,https://www.geoportal.hessen.de/mapbender/php/wms.php?inspire=1&layer_id=60026&withChilds=1&REQUEST=GetCapabilities&SERVICE=WMS,,,"{""error"": ""Could not open file with GDAL (unsupported format or inaccessible)""}",spatial-extractor,2026-06-21 18:56:51.566 +0300
1312,95dc0834-ca9c-d9af-e8af-a135d87fe4a7,https://www.geoportal.hessen.de/mapbender/php/wms.php?inspire=1&layer_id=60025&withChilds=1&REQUEST=GetCapabilities&SERVICE=WMS,,,"{""error"": ""Could not open file with GDAL (unsupported format or inaccessible)""}",spatial-extractor,2026-06-21 18:56:53.908 +0300
1319,https://hub.agrigis.cz/ID_Sluzby/CZ-00020478-LPIS-WFS,https://gis.cenia.cz/geoserver/mze_lpis/wfs?service=WFS&request=GetCapabilities,,,"{""id"": ""57511"", ""bbox"": null, ""name"": ""NULL"", ""title"": null, ""schema"": null, ""crs3857"": false, ""crs4326"": false, ""abstract"": null, ""keywords"": [], ""layer_name"": null, ""description"": ""NULL"", ""service_type"": ""wfs"", ""metadata_urls"": []}",spatial-extractor,2026-06-21 18:57:09.847 +0300
1324,a97f1e11-9538-42d8-b501-2b64a303ba1d,http://epub.sjv.se/inspire/inspire/ows?service=WFS&request=GetCapabilities&TYPENAMES=senaste_arslager_skifte,,,"{""id"": ""57532"", ""bbox"": null, ""name"": ""Jordbruksverkets nedladdningstjänst (WFS)"", ""title"": null, ""schema"": null, ""crs3857"": false, ""crs4326"": false, ""abstract"": null, ""keywords"": [], ""layer_name"": null, ""description"": ""Jordbruksverkets nedladdningstjänst (WFS)"", ""service_type"": ""wfs"", ""metadata_urls"": []}",spatial-extractor,2026-06-21 18:57:14.141 +0300
1325,"LU_ExistingLandUse_SIGEC2016,abc1cc4b-1b0e-44d5-8afc-53173d8f17f2",https://geoservices.wallonie.be/geoserver/inspire_lu/ows?service=WMS&version=1.3.0&request=GetCapabilities,,,"{""id"": ""57540"", ""bbox"": null, ""name"": ""INSPIRE - Usage des sols en Wallonie (BE) - Service de visualisation WMS"", ""title"": null, ""crs3857"": false, ""crs4326"": false, ""abstract"": null, ""keywords"": [], ""layer_name"": null, ""description"": ""NULL"", ""service_type"": ""wms"", ""metadata_urls"": []}",spatial-extractor,2026-06-21 18:57:14.586 +0300
1326,"INSPIRE_LU_ExistingLandUse_SIGEC2019,634a8d37-c061-4309-863e-83c58db6048b",https://geoservices.wallonie.be/geoserver/inspire_lu/ows?service=WMS&version=1.3.0&request=GetCapabilities,,,"{""id"": ""57550"", ""bbox"": null, ""name"": ""INSPIRE - Usage des sols en Wallonie (BE) - Service de visualisation WMS"", ""title"": null, ""crs3857"": false, ""crs4326"": false, ""abstract"": null, ""keywords"": [], ""layer_name"": null, ""description"": ""NULL"", ""service_type"": ""wms"", ""metadata_urls"": []}",spatial-extractor,2026-06-21 18:57:16.324 +0300
1327,"LU_ExistingLandUse_SIGEC2022,2a0d9be0-ac3d-443e-9db0-a7cfb0f128e2",https://geoservices.wallonie.be/geoserver/inspire_lu/ows?service=WMS&version=1.3.0&request=GetCapabilities,,,"{""id"": ""57558"", ""bbox"": null, ""name"": ""INSPIRE - Usage des sols en Wallonie (BE) - Service de visualisation WMS"", ""title"": null, ""crs3857"": false, ""crs4326"": false, ""abstract"": null, ""keywords"": [], ""layer_name"": null, ""description"": ""NULL"", ""service_type"": ""wms"", ""metadata_urls"": []}",spatial-extractor,2026-06-21 18:57:17.743 +0300
1328,r_friuve:m4001-cc-i1392,https://serviziogc.regione.fvg.it/geoserver/CAR_GEO/wms?request=GetCapabilities&service=wms&version=1.3.0,,,"{""id"": ""68872"", ""bbox"": null, ""name"": ""NULL"", ""title"": ""GeoServer Web Map Service IRDAT FVG"", ""crs3857"": null, ""crs4326"": null, ""abstract"": ""Service for pubblication of the geographic informations of the region Friuli Venezia Giulia using the WFS OpenGIS standard."", ""keywords"": [], ""layer_name"": null, ""description"": ""NULL"", ""service_type"": ""wms"", ""metadata_urls"": []}",spatial-extractor,2026-06-21 18:57:24.245 +0300
1329,r_friuve:m4001-cc-i1392,https://serviziogc.regione.fvg.it/geoserver/CAR_GEO/wfs?request=GetCapabilities&service=wfs&version=2.0.0,,,"{""id"": ""68873"", ""bbox"": null, ""name"": ""NULL"", ""title"": null, ""schema"": null, ""crs3857"": false, ""crs4326"": false, ""abstract"": null, ""keywords"": [], ""layer_name"": null, ""description"": ""NULL"", ""service_type"": ""wfs"", ""metadata_urls"": []}",spatial-extractor,2026-06-21 18:57:25.139 +0300
1330,https://data.inspire.gv.at/b0ab02b4-f172-41fb-ade8-cc3c46b322df,https://inspire.lfrz.gv.at/000806/wms?version=1.3.0&request=GetCapabilities,,,"{""id"": ""68902"", ""bbox"": [9.41, 46.358, 17.181, 49.011, ""CRS:84""], ""name"": ""BORIS_2018"", ""title"": ""BORIS_2018"", ""crs3857"": true, ""crs4326"": true, ""abstract"": ""Das Bodeninformationssystem BORIS stellt harmonisierte Bodenqualitätsdaten zu physikalischen, chemischen und biologischen Bodenkennwerten inklusive Information zu Standorten und Bodenprobenahmestellen sowie Profilen bereit. Es stehen Daten für über 10000 Standorte für ganz Österreich zur Verfügung."", ""keywords"": [""Boden""], ""layer_name"": ""BORIS_2018"", ""description"": ""BORIS_2018"", ""service_type"": ""wms"", ""metadata_urls"": [""https://data.inspire.gv.at/b0ab02b4-f172-41fb-ade8-cc3c46b322df""]}",spatial-extractor,2026-06-21 18:57:31.457 +0300
1331,https://data.inspire.gv.at/b0ab02b4-f172-41fb-ade8-cc3c46b322df,https://haleconnect.com/ows/services/org.224.7bb653af-d47e-4231-9496-1e6552cacaa3_wfs?SERVICE=WFS&REQUEST=GetCapabilities&VERSION=2.0.0,,,"{""error"": ""Could not open file with GDAL (unsupported format or inaccessible)""}",spatial-extractor,2026-06-21 18:57:32.128 +0300
1208,r_vda:03755-DATA,https://geoservizi.regione.vda.it/geoserver/sctGeologia/wms?service=WMS&version=1.1.0&request=GetCapabilities,,,"{""error"": null}",spatial-extractor,2026-06-21 19:12:55.390 +0300
1332,https://data.inspire.gv.at/b0ab02b4-f172-41fb-ade8-cc3c46b322df,https://haleconnect.com/ows/services/org.224.7bb653af-d47e-4231-9496-1e6552cacaa3_wms?SERVICE=WMS&REQUEST=GetCapabilities&VERSION=1.3.0,,,"{""error"": ""Could not open file with GDAL (unsupported format or inaccessible)""}",spatial-extractor,2026-06-21 18:57:33.186 +0300
1336,https://data.inspire.gv.at/0095/d09ee341-ed3a-4e48-bb7d-73c7861cb94c,https://inspire.lfrz.gv.at/009501/wms?version=1.3.0&request=GetCapabilities,,,"{""id"": ""69039"", ""bbox"": [9.212353182968585, 46.08231048268711, 17.45260436230758, 49.298386740380934, ""CRS:84""], ""name"": ""inspire_schlaege_2017_point"", ""title"": ""inspire_schlaege_2017_point"", ""crs3857"": true, ""crs4326"": true, ""abstract"": ""Dieser Layer umfasst alle von den AntragstellerInnen erfassten Schlagnutzungen, welche als Grundlage der Förderabwicklung dienen. Ein Schlag ist eine zusammenhängende Fläche eines Feldstücks, die für eine Vegetationsperiode mit nur einer Kultur (Schlagnutzungsart) und einheitlicher Bewirtschaftungsauflage bzw. als ein Landschaftselementetyp gemäß Anlage 1 der Verordnung des zuständigen Bundesministeriums mit horizontalen Regeln für den Bereich der Gemeinsamen Agrarpolitik (Horizontale GAP-Verordnung) StF: BGBl. II Nr. 100/2015 bewirtschaftet oder aber lediglich in gutem landwirtschaftlichen und ökologischen Zustand gemäß Art. 94 der Verordnung (EU) Nr. 1306/2013 erhalten wird und im GIS als Polygon oder als Punkt digitalisiert ist."", ""keywords"": [], ""layer_name"": ""inspire_schlaege_2017_point"", ""description"": ""INVEKOS Schläge 2017 (Point)"", ""service_type"": ""wms"", ""metadata_urls"": [""https://discovery.inspire.gv.at/at.lfrz.discoveryservices/srv/ger/csw?service=CSW&request=GetRecordById&version=2.0.2&outputSchema=http://www.isotc211.org/2005/gmd&ElementSetName=full&id=d09ee341-ed3a-4e48-bb7d-73c7861cb94c""]}",spatial-extractor,2026-06-21 18:57:33.431 +0300
1337,https://hub.agrigis.cz/ID_DatoveSady/LandscapeFeatureId/CZ-48133981-LPIS-LF,https://geoportal.gov.cz/web/guest/map?wmc=http%3A//geoportal.gov.cz/php/wmc/data/678e50ce-f8bc-4bf6-a536-32c575c0a8017c.wmc&wmcaction=overwrite,,,"{""error"": null}",spatial-extractor,2026-06-21 18:57:34.114 +0300
1338,https://hub.agrigis.cz/ID_DatoveSady/LandscapeFeatureId/CZ-48133981-LPIS-LF,https://gis.cenia.cz/geoserver/mze_lpis/wms?SERVICE=WMS&request=GETCapabilities,,,"{""id"": ""69096"", ""bbox"": null, ""name"": ""NULL"", ""title"": ""LPIS České republiky (WMS)"", ""crs3857"": null, ""crs4326"": null, ""abstract"": ""Prohlížecí služba (WMS), která zobrazuje hranice Referenční parcely, Zemědělské plochy, Ekologicky významného prvku a Krajinného prvku."", ""keywords"": [], ""layer_name"": null, ""description"": ""NULL"", ""service_type"": ""wms"", ""metadata_urls"": []}",spatial-extractor,2026-06-21 18:57:38.319 +0300
1339,https://hub.agrigis.cz/ID_DatoveSady/LandscapeFeatureId/CZ-48133981-LPIS-LF,https://gis.cenia.cz/geoserver/mze_lpis/wfs?service=WFS&request=GetCapabilities,,,"{""id"": ""69097"", ""bbox"": null, ""name"": ""NULL"", ""title"": null, ""schema"": null, ""crs3857"": false, ""crs4326"": false, ""abstract"": null, ""keywords"": [], ""layer_name"": null, ""description"": ""NULL"", ""service_type"": ""wfs"", ""metadata_urls"": []}",spatial-extractor,2026-06-21 18:57:38.827 +0300
1340,https://registry.gdi-de.org/id/de.be.csw/a9cd5bc4-0381-3178-bbfa-0ba4460ce6ce,https://gdi.berlin.de/services/wms/bodenpunktdatenbank?request=GetCapabilities&service=WMS,,,"{""id"": ""69113"", ""bbox"": null, ""name"": ""NULL"", ""title"": ""Bodenpunktdatenbank"", ""crs3857"": null, ""crs4326"": null, ""abstract"": ""Bodenpunktdatenbestand des Landes Berlin bestehend aus punktuellen Untersuchungsergebnissen bodenkundlicher Aufnahmen ab 1971 durch Universitäten sowie Planungs- und Ingenieurbüros in Form von Bodenprofilaufnahmen und -darstellungen auf Grundlage der Bodenkundlichen Kartieranleitung KA5 sowie der Anleitung für die bodenkundliche Kartierung im Land Berlin."", ""keywords"": [], ""layer_name"": null, ""description"": ""Darstellungsdienst - Bodenpunktdatenbank (WMS)"", ""service_type"": ""wms"", ""metadata_urls"": []}",spatial-extractor,2026-06-21 18:57:39.313 +0300
1341,cf720f7a-c359-1be6-3624-7e978ca1b7b7,https://www.geoportal.hessen.de/mapbender/php/wms.php?inspire=1&layer_id=60830&withChilds=1&REQUEST=GetCapabilities&SERVICE=WMS,,,"{""error"": ""Could not open file with GDAL (unsupported format or inaccessible)""}",spatial-extractor,2026-06-21 18:57:46.257 +0300
1342,m_amte:299FN3:5b4b7378-cf04-41cf-be82-b7f0e100cbe8,http://wms.pcn.minambiente.it/ogc?map=/ms_ogc/WMS_v1.3/Vettoriali/Accelerazioni_Confronto_ERS_ENVISAT_Ascending.map&service=wms&request=getCapabilities&version=1.3.0,,,"{""id"": ""69179"", ""bbox"": null, ""name"": ""NULL"", ""title"": ""Prodotti interferometrici - Confronto ERS ENVISAT ascending"", ""crs3857"": null, ""crs4326"": null, ""abstract"": ""Le mappe di accelerazioni derivate sono state elaborate a partire da dati satellitari SAR ERS (periodo elaborato va dal 1992 al 2000)  ed ENVISAT (periodo elaborato va dal 2003 al 2008). Le due serie di dati differiscono per un intervallo di circa quattro anni. Allo scopo di avere una migliore discriminazione delle aree soggette a movimenti anomali, per la determinazione del rischio idrogeologico, si è deciso di elaborare delle ''misure di accelerazioni derivate''. Dalle velocità medie ottenute dalle elaborazioni di dati ERS ed ENVISAT, sono state individuate le aree presenti in entrambe le serie di dati e con la stessa geometria: ERS ascendente con ENVISAT ascendente. All'interno di queste aree sono stati effettuati dei confronti tra le velocità stimate nell'intervallo di tempo 1992-2000 con dati ERS e quelle stimate nell'intervallo temporale 2003-2008 con dati ENVISAT: il risultato di questi confronti è un indice della variazione delle velocità stimate nei due intervalli di tempo. Le ''misure di accelerazioni derivate'' fornite sono due, una relativa alla geometria di osservazione ascendente e l'altra relativa alla geometria di osservazione discendente. Ciascuna misura contiene gli indici di variazione delle velocità relative ai punti individuati e misurati dalle elaborazioni ERS ed ENVISAT all'interno di determinate aree. Il risultato del confronto consiste di due mappe rappresentative della differenza di velocità media misurata nell'intervallo temporale 1992-2000 con dati ERS, e 2003-2008 con dati ENVISAT. Le differenze si riferiscono ad aree di estensione di 100 m x 100 m per una copertura complessiva di quasi 100.000 kmq in entrambe le geometrie. Il confronto si riferisce ad oltre dieci milioni di PS complessivi tra ERS ed ENVISAT. Risoluzione 100 metri."", ""keywords"": [], ""layer_name"": null, ""description"": ""NULL"", ""service_type"": ""wms"", ""metadata_urls"": []}",spatial-extractor,2026-06-21 18:57:49.264 +0300
1343,https://registry.gdi-de.org/id/de.be.csw/452ed8f4-6eff-39b6-884d-b952cf54fab8,https://gdi.berlin.de/services/wms/ua_boden_sumkat_2020?request=GetCapabilities&service=WMS,,,"{""id"": ""69183"", ""bbox"": null, ""name"": ""NULL"", ""title"": ""Summe austauschbarer basischer Kationen des Oberbodens (S-Wert) 2020 (Umweltatlas)"", ""crs3857"": null, ""crs4326"": null, ""abstract"": ""Darstellung der Summe austauschbarer basischer Kationen des Oberbodens (S-Wert, 0 - 3 dm) auf Block- und Blockteilflächen-Basis, 1 : 5.000, Stand 2020."", ""keywords"": [], ""layer_name"": null, ""description"": ""Darstellungsdienst - Summe austauschbarer basischer Kationen des Oberbodens (S-Wert) 2020 (Umweltatlas) (WMS)"", ""service_type"": ""wms"", ""metadata_urls"": []}",spatial-extractor,2026-06-21 18:57:49.593 +0300
1344,https://metadata.geo.llv.li/28afb448-1dc6-4c48-a025-1a144c0e36f6,https://service.geo.llv.li/wmsli/service?service=WMS&language=ger&request=GetCapabilities,,,"{""id"": ""69198"", ""bbox"": null, ""name"": ""li.au.wa.thermische_grundwassernutzung|"", ""title"": null, ""crs3857"": false, ""crs4326"": false, ""abstract"": null, ""keywords"": [], ""layer_name"": null, ""description"": ""OGC WMS Service der Liechtensteinischen Landesverwaltung"", ""service_type"": ""wms"", ""metadata_urls"": []}",spatial-extractor,2026-06-21 18:57:50.475 +0300
1345,"LU_ExistingLandUse_SIGEC2023,7ba2cb90-a5d0-46f6-9502-481a25951e55",https://geoservices.wallonie.be/geoserver/inspire_lu/ows?service=WMS&version=1.3.0&request=GetCapabilities,,,"{""id"": ""69215"", ""bbox"": null, ""name"": ""INSPIRE - Usage des sols en Wallonie (BE) - Service de visualisation WMS"", ""title"": null, ""crs3857"": false, ""crs4326"": false, ""abstract"": null, ""keywords"": [], ""layer_name"": null, ""description"": ""NULL"", ""service_type"": ""wms"", ""metadata_urls"": []}",spatial-extractor,2026-06-21 18:57:51.519 +0300
1346,recordsed960299-a147-4c1a-bc57-41ff83a2264f,https://service.pdok.nl/tno/bro-bodemkaart/wms/v1_0?request=getCapabilities&service=WMS,,,"{""id"": ""69218"", ""bbox"": null, ""name"": ""BRO - Bodemkaart (SGM) WMS"", ""title"": null, ""crs3857"": false, ""crs4326"": false, ""abstract"": null, ""keywords"": [], ""layer_name"": null, ""description"": ""BRO - Bodemkaart (SGM) WMS"", ""service_type"": ""wms"", ""metadata_urls"": []}",spatial-extractor,2026-06-21 18:57:53.577 +0300
1347,r_liguri:D.2281.VS,https://geoservizi.regione.liguria.it/geoserver/M2281/wms?version=1.3.0&request=getcapabilities,,,"{""id"": ""69233"", ""bbox"": null, ""name"": ""NULL"", ""title"": ""Diminuzione di biomassa vegetale 2016-2019"", ""crs3857"": null, ""crs4326"": null, ""abstract"": ""Copertura: Intera copertura regionale - Origine:"", ""keywords"": [], ""layer_name"": null, ""description"": ""NULL"", ""service_type"": ""wms"", ""metadata_urls"": []}",spatial-extractor,2026-06-21 18:57:55.097 +0300
1349,https://hub.agrigis.cz/ID_DatoveSady/AgriculturalParcelId/CZ-48133981-IACS-GSA,https://gis.cenia.cz/geoserver/mze_gsa/wms?SERVICE=WMS&request=GETCapabilities,,,"{""id"": ""69246"", ""bbox"": null, ""name"": ""NULL"", ""title"": ""Geoprostorová žádost České republiky (WMS)"", ""crs3857"": null, ""crs4326"": null, ""abstract"": ""Prohlížecí služba (WMS), která zobrazuje hranice zemědělských parcel (GSAA) České republiky."", ""keywords"": [], ""layer_name"": null, ""description"": ""NULL"", ""service_type"": ""wms"", ""metadata_urls"": []}",spatial-extractor,2026-06-21 18:58:00.271 +0300
1348,https://hub.agrigis.cz/ID_DatoveSady/AgriculturalParcelId/CZ-48133981-IACS-GSA,https://geoportal.gov.cz/web/guest/map?wmc=http%3A//geoportal.gov.cz/php/wmc/data/678e51f1-afb0-42e6-a1db-32c65ac0a8017c.wmc&wmcaction=overwrite,,,"{""error"": null}",spatial-extractor,2026-06-21 18:58:01.404 +0300
1352,5856173c-e58d-4b4c-8f9b-046ee1f20c1c,https://service.pdok.nl/rvo/potentieel-warmte-koude-opslagsystemen/wfs/v1_0?request=getcapabilities&service=WFS,,,"{""id"": ""69261"", ""bbox"": null, ""name"": ""NULL"", ""title"": null, ""schema"": null, ""crs3857"": false, ""crs4326"": false, ""abstract"": null, ""keywords"": [], ""layer_name"": null, ""description"": ""NULL"", ""service_type"": ""wfs"", ""metadata_urls"": []}",spatial-extractor,2026-06-21 18:58:10.752 +0300
1095,https://registry.gdi-de.org/id/de.th.csw/613EC54D-F759-4F0F-A00B-55A307F43015,https://www.geoproxy.geoportal-th.de/geoproxy/services/bodengeologie?SERVICE=WMS&REQUEST=GetCapabilities&VERSION=1.3.0,,,"{""error"": ""Could not open file with GDAL (unsupported format or inaccessible)""}",spatial-extractor,2026-06-21 19:13:11.349 +0300
1353,https://data.inspire.gv.at/3ee31e14-a6ac-4fc6-913a-1a83995aec5a,https://inspire.lfrz.gv.at/009501/wms?version=1.3.0&request=GetCapabilities,,,"{""id"": ""69281"", ""bbox"": [9.406528989424798, 46.36583800700145, 17.21801690784526, 49.02961218147889, ""CRS:84""], ""name"": ""inspire_schlaege_2022_point"", ""title"": ""inspire_schlaege_2022_point"", ""crs3857"": true, ""crs4326"": true, ""abstract"": ""Dieser Layer umfasst alle von den AntragstellerInnen erfassten Schlagnutzungen, welche als Grundlage der Förderabwicklung dienen. Ein Schlag ist eine zusammenhängende Fläche eines Feldstücks, die für eine Vegetationsperiode mit nur einer Kultur (Schlagnutzungsart) und einheitlicher Bewirtschaftungsauflage bzw. als ein Landschaftselementetyp gemäß Anlage 1 der Verordnung des zuständigen Bundesministeriums mit horizontalen Regeln für den Bereich der Gemeinsamen Agrarpolitik (Horizontale GAP-Verordnung) StF: BGBl. II Nr. 100/2015 bewirtschaftet oder aber lediglich in gutem landwirtschaftlichen und ökologischen Zustand gemäß Art. 94 der Verordnung (EU) Nr. 1306/2013 erhalten wird und im GIS als Polygon oder als Punkt digitalisiert ist."", ""keywords"": [], ""layer_name"": ""inspire_schlaege_2022_point"", ""description"": ""inspire_schlaege_2022_point"", ""service_type"": ""wms"", ""metadata_urls"": [""https://discovery.inspire.gv.at/at.lfrz.discoveryservices/srv/ger/csw?service=CSW&request=GetRecordById&version=2.0.2&outputSchema=http%3A%2F%2Fwww.isotc211.org%2F2005%2Fgmd&ElementSetName=full&id=3ee31e14-a6ac-4fc6-913a-1a83995aec5a""]}",spatial-extractor,2026-06-21 18:58:11.351 +0300
1354,http://id.igeo.pt/cdg/35821c18-cea8-47c4-bde0-4580d6808c11,https://geoservices.madeira.gov.pt/geoserver/SO_CARTASOLOS/wms?VERSION=1.3.0&service=WMS&REQUEST=GetCapabilities,,,"{""id"": ""69291"", ""bbox"": null, ""name"": ""NULL"", ""title"": ""Serviço de Visualização da Carta de Solos da Ilha da Madeira"", ""crs3857"": null, ""crs4326"": null, ""abstract"": ""Serviço de Visualização da Carta de Solos da Ilha da Madeira"", ""keywords"": [], ""layer_name"": null, ""description"": ""NULL"", ""service_type"": ""wms"", ""metadata_urls"": []}",spatial-extractor,2026-06-21 18:58:12.179 +0300
1355,743b6984-4465-efe5-d617-581b1b46d05f,https://www.geoportal.hessen.de/mapbender/php/wms.php?inspire=1&layer_id=58449&withChilds=1&REQUEST=GetCapabilities&SERVICE=WMS,,,"{""error"": ""Could not open file with GDAL (unsupported format or inaccessible)""}",spatial-extractor,2026-06-21 18:58:13.090 +0300
1356,https://registry.gdi-de.org/id/de.be.csw/f926ced5-762b-35a1-8ac6-c8147e1581b6,https://gdi.berlin.de/services/wms/ua_versickerung_2022?request=GetCapabilities&service=WMS,,,"{""id"": ""69305"", ""bbox"": null, ""name"": ""NULL"", ""title"": ""Wasserhaushalt 2022 - Versickerung aus Niederschlägen (Umweltatlas)"", ""crs3857"": null, ""crs4326"": null, ""abstract"": ""Wasserhaushaltsgröße \""Versickerung aus Niederschlägen\"" einschl. Eingangsparameter aus dem Modell ABIMO (Sachstand 2022) auf Grundlage der Karte Informationssystem Stadt und Umwelt (ISU5) - Raumbezug - 2020. Teil der Ergebnisse des Forschungsprojekts „AMAREX – Anpassung des Managements von Regenwasser an Extremereignisse“."", ""keywords"": [], ""layer_name"": null, ""description"": ""Darstellungsdienst - Wasserhaushalt 2022 - Versickerung aus Niederschlägen (Umweltatlas) (WMS)"", ""service_type"": ""wms"", ""metadata_urls"": []}",spatial-extractor,2026-06-21 18:58:14.977 +0300
1357,87ddc90d-f7b6-08ee-d575-a029c759c469,https://www.geoportal.hessen.de/mapbender/php/wms.php?inspire=1&layer_id=58450&withChilds=1&REQUEST=GetCapabilities&SERVICE=WMS,,,"{""error"": ""Could not open file with GDAL (unsupported format or inaccessible)""}",spatial-extractor,2026-06-21 18:58:15.652 +0300
1358,https://registry.gdi-de.org/id/de.be.csw/0f13a6e6-3e3f-32f6-af9b-b5179d479363,https://gdi.berlin.de/services/wms/ua_boden_ph_2020?request=GetCapabilities&service=WMS,,,"{""id"": ""69340"", ""bbox"": null, ""name"": ""NULL"", ""title"": ""pH-Werte des Oberbodens 2020 (Umweltatlas)"", ""crs3857"": null, ""crs4326"": null, ""abstract"": ""Darstellung der pH-Werte des Oberbodens auf Block- und Blockteilflächen-Basis, 1 : 5.000, Stand 2020."", ""keywords"": [], ""layer_name"": null, ""description"": ""Darstellungsdienst - pH-Werte des Oberbodens 2020 (Umweltatlas) (WMS)"", ""service_type"": ""wms"", ""metadata_urls"": []}",spatial-extractor,2026-06-21 18:58:18.878 +0300
1359,https://registry.gdi-de.org/id/de.be.csw/e9c465d4-3a7c-39fe-b725-43f86a1256b0,https://gdi.berlin.de/services/wms/so_krbwbof2020?request=GetCapabilities&service=WMS,,,"{""id"": ""69370"", ""bbox"": null, ""name"": ""NULL"", ""title"": ""Boden im INSPIRE-Datenmodell (Kriterien zur Bewertung der Bodenfunktionen 2020)"", ""crs3857"": null, ""crs4326"": null, ""abstract"": ""Die Kriterien zur Bewertung der Bodenfunktionen setzen sich zusammen aus verschiedenen Parametern zur Ableitung der Bodenfunktionen in Berlin im INSPIRE-Datenmodell."", ""keywords"": [], ""layer_name"": null, ""description"": ""Darstellungsdienst - Boden im INSPIRE-Datenmodell (Kriterien zur Bewertung der Bodenfunktionen 2020) (WMS)"", ""service_type"": ""wms"", ""metadata_urls"": []}",spatial-extractor,2026-06-21 18:58:19.528 +0300
1360,https://data.inspire.gv.at/0095/c2721bd8-b021-4eb4-913a-0d4fac5e372c,https://inspire.lfrz.gv.at/009501/wms?version=1.3.0&request=GetCapabilities,,,"{""id"": ""69392"", ""bbox"": [9.212353182968585, 46.08231048268711, 17.45260436230758, 49.298386740380934, ""CRS:84""], ""name"": ""inspire_referenzen_2016_point"", ""title"": ""inspire_referenzen_2016_point"", ""crs3857"": true, ""crs4326"": true, ""abstract"": ""Der Layer umfasst alle von der Zahlstelle Agrarmarkt Austria festgelegte Referenzparzellen und erfasste Landschaftselemente (Landschaftselementelayers) im Sinne des Art. 5 der Verordnung (EU) Nr. 640/2014 und Verordnung des zuständigen Bundesministeriums mit horizontalen Regeln für den Bereich der Gemeinsamen Agrarpolitik (Horizontale GAP-Verordnung) StF: BGBl. II Nr. 100/2015 Referenzparzelle: ist der physische Block, der als eindeutig nach außen abgrenzbar (zB Wald, Straßen, Gewässer) und durch in der Natur erkennbare, zusammenhängende landwirtschaftlich genutzte Flächen gebildet wird. Landschaftselementelayer: Layer mit den im GIS als Punkt oder Polygon gemäß den Definitionen laut Anlage 1 der Horizontale GAP-Verordnung digitalisierten Landschaftselementen, die sich auf Referenzflächen befinden, an eine solche unmittelbar angrenzen oder in einem Abstand von höchstens 5 m zu einer Referenzfläche liegen."", ""keywords"": [], ""layer_name"": ""inspire_referenzen_2016_point"", ""description"": ""INVEKOS Referenzen 2016 (Point)"", ""service_type"": ""wms"", ""metadata_urls"": [""https://discovery.inspire.gv.at/at.lfrz.discoveryservices/srv/ger/csw?service=CSW&request=GetRecordById&version=2.0.2&outputSchema=http://www.isotc211.org/2005/gmd&ElementSetName=full&id=c2721bd8-b021-4eb4-913a-0d4fac5e372c""]}",spatial-extractor,2026-06-21 18:58:20.507 +0300
1361,https://registry.gdi-de.org/id/de.th.csw/5a06b2a1-13ad-43f3-b39f-8a52cd4b6b19,https://www.geoproxy.geoportal-th.de/geoproxy/services/agrar/feldblock,,,"{""error"": ""Could not open file with GDAL (unsupported format or inaccessible)""}",spatial-extractor,2026-06-21 18:58:22.966 +0300
1363,https://registry.gdi-de.org/id/de.be.csw/d30758db-bc5a-3085-9c5c-e73396f024e4,https://gdi.berlin.de/services/wms/so_bokw2020?request=GetCapabilities&service=WMS,,,"{""id"": ""69473"", ""bbox"": null, ""name"": ""NULL"", ""title"": ""Boden im INSPIRE-Datenmodell (Bodenkundliche Kennwerte 2020)"", ""crs3857"": null, ""crs4326"": null, ""abstract"": ""Die Bodenkundlichen Kennwerte setzen sich zusammen aus verschiedenen bodenkundlichen Daten in Berlin im INSPIRE-Datenmodell."", ""keywords"": [], ""layer_name"": null, ""description"": ""Darstellungsdienst - Boden im INSPIRE-Datenmodell (Bodenkundliche Kennwerte 2020) (WMS)"", ""service_type"": ""wms"", ""metadata_urls"": []}",spatial-extractor,2026-06-21 18:58:24.587 +0300
1364,b434b52d-6c42-482f-b9ea-afaa57419f2f,https://gis.lfrz.gv.at/api/geodata/i000604/ogc/features/v1/,,,"{""id"": ""69491"", ""bbox"": null, ""name"": ""Agricultural Soil Map of Austria - Full Soil Code from the World Reference Base (WRB Full) - WFS"", ""title"": null, ""abstract"": null, ""layer_name"": null, ""description"": ""Agricultural Soil Map of Austria - Full Soil Code from the World Reference Base (WRB Full) - WFS"", ""service_type"": ""ogcapi""}",spatial-extractor,2026-06-21 18:58:25.297 +0300
1365,https://registry.gdi-de.org/id/de.bund.thuenen/1c3507ce-6631-4175-b8dd-6444fa3e9472,https://inspire.thuenen.de/geoserver/bze1_wald/ows?service=WMS&version=1.3.0&request=GetCapabilities,,,"{""id"": ""69505"", ""bbox"": null, ""name"": ""Darstellungsdienst Erste Bodenzustandserhebung im Wald (BZE Wald I)"", ""title"": null, ""crs3857"": false, ""crs4326"": false, ""abstract"": null, ""keywords"": [], ""layer_name"": null, ""description"": ""GetCapabilities-Dokument (Selbstbeschreibung des Dienstes)"", ""service_type"": ""wms"", ""metadata_urls"": []}",spatial-extractor,2026-06-21 18:58:26.290 +0300
1366,https://registry.gdi-de.org/id/de.bund.thuenen/1c3507ce-6631-4175-b8dd-6444fa3e9472,https://inspire.thuenen.de/geoserver/bze1_wald/ows?service=WFS&version=2.0.0&request=GetCapabilities&srsName=EPSG:3857,,,"{""id"": ""69507"", ""bbox"": null, ""name"": ""Downloaddienst Erste Bodenzustandserhebung im Wald (BZE Wald I)"", ""title"": null, ""schema"": null, ""crs3857"": false, ""crs4326"": false, ""abstract"": null, ""keywords"": [], ""layer_name"": null, ""description"": ""GetCapabilities-Dokument (Selbstbeschreibung des Dienstes)"", ""service_type"": ""wfs"", ""metadata_urls"": []}",spatial-extractor,2026-06-21 18:58:27.373 +0300
1367,https://data.inspire.gv.at/0095/c5d236f0-6db3-42ec-8d7f-8cc87e179dae,https://inspire.lfrz.gv.at/009501/wms?version=1.3.0&request=GetCapabilities,,,"{""id"": ""69524"", ""bbox"": [9.212353182968585, 46.08231048268711, 17.45260436230758, 49.298386740380934, ""CRS:84""], ""name"": ""inspire_referenzen_2019_point"", ""title"": ""inspire_referenzen_2019_point"", ""crs3857"": true, ""crs4326"": true, ""abstract"": ""Der Layer umfasst alle von der Zahlstelle Agrarmarkt Austria festgelegte Referenzparzellen und erfasste Landschaftselemente (Landschaftselementelayers) im Sinne des Art. 5 der Verordnung (EU) Nr. 640/2014 und Verordnung des zuständigen Bundesministeriums mit horizontalen Regeln für den Bereich der Gemeinsamen Agrarpolitik (Horizontale GAP-Verordnung) StF: BGBl. II Nr. 100/2015 Referenzparzelle: ist der physische Block, der als eindeutig nach außen abgrenzbar (zB Wald, Straßen, Gewässer) und durch in der Natur erkennbare, zusammenhängende landwirtschaftlich genutzte Flächen gebildet wird. Landschaftselementelayer: Layer mit den im GIS als Punkt oder Polygon gemäß den Definitionen laut Anlage 1 der Horizontale GAP-Verordnung digitalisierten Landschaftselementen, die sich auf Referenzflächen befinden, an eine solche unmittelbar angrenzen oder in einem Abstand von höchstens 5 m zu einer Referenzfläche liegen."", ""keywords"": [], ""layer_name"": ""inspire_referenzen_2019_point"", ""description"": ""INVEKOS Referenzen 2019 (Point)"", ""service_type"": ""wms"", ""metadata_urls"": [""https://discovery.inspire.gv.at/at.lfrz.discoveryservices/srv/ger/csw?service=CSW&request=GetRecordById&version=2.0.2&outputSchema=http://www.isotc211.org/2005/gmd&ElementSetName=full&id=c5d236f0-6db3-42ec-8d7f-8cc87e179dae""]}",spatial-extractor,2026-06-21 18:58:28.699 +0300
1368,https://data.inspire.gv.at/33078dd6-05e0-4263-a464-f35bd1607ecd,https://inspire.lfrz.gv.at/009501/wms?version=1.3.0&request=GetCapabilities,,,"{""id"": ""69557"", ""bbox"": [9.405290334050319, 46.34587807286791, 17.232237933779302, 49.029923179643966, ""CRS:84""], ""name"": ""inspire_feldstuecke_2024-1"", ""title"": ""inspire_feldstuecke_2024-1"", ""crs3857"": true, ""crs4326"": true, ""abstract"": ""Der Layer umfasst alle von den AntragstellerInnen erfassten Feldstücken, welche als Grundlage der Förderabwicklung dienen. Ein Feldstück ist eine im Bundesgebiet gelegene, eindeutig abgrenzbare Bewirtschaftungseinheit eines Betriebsinhabers mit nur einer Nutzungsart gemäß § 16 der Verordnung des zuständigen Bundesministeriums mit horizontalen Regeln für den Bereich der Gemeinsamen Agrarpolitik (Horizontale GAP-Verordnung) StF: BGBl. II Nr. 100/2015, die im Geographischen Informationssystem (GIS) als Polygon digitalisiert ist und aus Schlägen besteht."", ""keywords"": [], ""layer_name"": ""inspire_feldstuecke_2024-1"", ""description"": ""inspire_feldstuecke_2024-1"", ""service_type"": ""wms"", ""metadata_urls"": [""https://discovery.inspire.gv.at/at.lfrz.discoveryservices/srv/ger/csw?service=CSW&request=GetRecordById&version=2.0.2&outputSchema=http%3A%2F%2Fwww.isotc211.org%2F2005%2Fgmd&ElementSetName=full&id=33078dd6-05e0-4263-a464-f35bd1607ecd""]}",spatial-extractor,2026-06-21 18:58:29.192 +0300
1369,https://registry.gdi-de.org/id/de.th.csw/D872F2D6-60BC-11D6-B67D-00E0290F5BA0,https://www.geoproxy.geoportal-th.de/geoproxy/services/agrar/feldblock,,,"{""error"": ""Could not open file with GDAL (unsupported format or inaccessible)""}",spatial-extractor,2026-06-21 18:58:29.664 +0300
1370,csw,https://service.pdok.nl/tno/bro-wandonderzoek/wms/v1_0?request=getcapabilities&service=WMS,,,"{""id"": ""69697"", ""bbox"": [50.65, 2.3, 56.05, 7.85, ""EPSG:4258""], ""name"": ""BRO SFR kenset"", ""title"": ""Wandonderzoek"", ""crs3857"": true, ""crs4326"": true, ""abstract"": ""Wandonderzoek onderzoekt de bodemkundige opbouw van de ondergrond door een ontgraving. Dit onderzoek wordt voornamelijk ingezet om de toepassing van de bodem te kunnen beoordelen voor landbouw of natuurbeheer."", ""keywords"": [""wandonderzoek""], ""layer_name"": ""wandonderzoek"", ""description"": ""NULL"", ""service_type"": ""wms"", ""metadata_urls"": [""https://www.nationaalgeoregister.nl/geonetwork/srv/dut/csw?service=CSW&version=2.0.2&request=GetRecordById&outputschema=http://www.isotc211.org/2005/gmd&elementsetname=full&id=83b0dfa4-09f3-4d2e-b6a8-9388627b68dc""]}",spatial-extractor,2026-06-21 18:58:31.501 +0300
1371,csw,https://service.pdok.nl/tno/bro-bodemkundig-booronderzoek/wms/v1_0?Service=WMS&Request=GetCapabilities,,,"{""id"": ""69700"", ""bbox"": [250000.0, -25000.0, 725000.0, 280000.0, ""EPSG:4258""], ""name"": ""BRO BHR-P kenset"", ""title"": ""BHR kenset"", ""crs3857"": true, ""crs4326"": true, ""abstract"": ""Bodemkundig booronderzoek omvat de gegevens die voortkomen uit een bodemkundig georienteerde boring. In veel gevallen bestaat het bodemkundig booronderzoek uit niet meer dan een boormonsterprofiel. In het meest uitgebreide geval omvat het booronderzoek ook de resultaten van boormonsteronderzoek en boorgatmeetgegevens. Het boormonsterprofiel komt tot stand door de samenstelling van de monsters uit een booronderzoek macroscopisch te beschrijven."", ""keywords"": [""grondonderzoek"", ""bodemonderzoek"", ""booronderzoek"", ""bodemkundig boormonsterprofiel"", ""boormonsterprofiel""], ""layer_name"": ""bhr_kenset"", ""description"": ""NULL"", ""service_type"": ""wms"", ""metadata_urls"": [""https://www.nationaalgeoregister.nl/geonetwork/srv/dut/csw?service=CSW&version=2.0.2&request=GetRecordById&outputschema=http://www.isotc211.org/2005/gmd&elementsetname=full&id=562127a6-0381-46b3-9ed7-10e61ec5ecb5""]}",spatial-extractor,2026-06-21 18:58:32.128 +0300
1372,csw,https://service.pdok.nl/bzk/bodem/bro-wandonderzoek/wms/v1_0?Service=WMS&Request=GetCapabilities,,,"{""id"": ""69703"", ""bbox"": [50.71447164, 2.35417303, 55.66948102, 7.5553525, ""EPSG:4258""], ""name"": ""SO.ObservedSoilProfile"", ""title"": ""BRO - Wandonderzoek (SFR) - Bodem (INSPIRE geharmoniseerd)"", ""crs3857"": true, ""crs4326"": true, ""abstract"": ""Wandonderzoek onderzoekt de bodemkundige opbouw van de ondergrond door een ontgraving. Dit onderzoek wordt voornamelijk ingezet om de toepassing van de bodem te kunnen beoordelen voor landbouw of natuurbeheer."", ""keywords"": [""Bodem"", ""Nationaal"", ""Wandonderzoek"", ""SFR""], ""layer_name"": ""SO.SoilSite"", ""description"": ""NULL"", ""service_type"": ""wms"", ""metadata_urls"": [""https://www.nationaalgeoregister.nl/geonetwork/srv/dut/csw?service=CSW&version=2.0.2&request=GetRecordById&outputschema=http://www.isotc211.org/2005/gmd&elementsetname=full&id=7400a9d7-7bf1-48da-8d81-a38e75723ea5""]}",spatial-extractor,2026-06-21 18:58:35.524 +0300
1373,https://registry.gdi-de.org/id/de.be.csw/4394e709-ce2b-3937-b209-283de93c380d,https://gdi.berlin.de/services/wms/ua_boden_eigenart_2020?request=GetCapabilities&service=WMS,,,"{""id"": ""69762"", ""bbox"": null, ""name"": ""NULL"", ""title"": ""Besondere naturräumliche Eigenart der Böden 2020 (Umweltatlas)"", ""crs3857"": null, ""crs4326"": null, ""abstract"": ""Besondere naturräumliche Eigenart der Böden auf Block- und Blockteilflächen-Basis, 1 : 5.000, Stand 2020."", ""keywords"": [], ""layer_name"": null, ""description"": ""Darstellungsdienst - Besondere naturräumliche Eigenart der Böden 2020 (Umweltatlas) (WMS)"", ""service_type"": ""wms"", ""metadata_urls"": []}",spatial-extractor,2026-06-21 18:58:41.134 +0300
580,r_lombar:e6bcffe3-73de-4681-8e7e-3be5cb50c70a,https://www.cartografia.servizirl.it/arcgis1/services/territorio/caspita/MapServer/WMSServer?,,,"{""error"": null}",spatial-extractor,2026-06-21 18:58:42.863 +0300
1375,2926a277-0208-40e7-b0ba-eb6adf37935e,https://www.dov.vlaanderen.be/geoserver/wcs?,,,"{""error"": null}",spatial-extractor,2026-06-21 18:58:43.897 +0300
1376,2926a277-0208-40e7-b0ba-eb6adf37935e,https://www.dov.vlaanderen.be/geoserver/wcs?SERVICE=WCS&version=2.0.1&request=GetCapabilities,,,"{""id"": ""69835"", ""bbox"": null, ""name"": ""INSPIRE Downloaddienst (WCS) Databank Ondergrond Vlaanderen"", ""title"": null, ""abstract"": null, ""keywords"": [], ""layer_name"": null, ""description"": ""INSPIRE Downloaddienst (WCS) Databank Ondergrond Vlaanderen"", ""service_type"": ""wcs"", ""metadata_urls"": []}",spatial-extractor,2026-06-21 18:58:47.742 +0300
1377,2926a277-0208-40e7-b0ba-eb6adf37935e,https://www.dov.vlaanderen.be/geoserver/wcs?SERVICE=WCS&version=2.0.1&request=DescribeCoverage,,,"{""error"": null}",spatial-extractor,2026-06-21 19:00:03.625 +0300
1378,2926a277-0208-40e7-b0ba-eb6adf37935e,https://www.dov.vlaanderen.be/geoserver/wcs?SERVICE=WCS&version=2.0.1&request=GetCoverage,,,"{""error"": null}",spatial-extractor,2026-06-21 19:01:08.809 +0300
1379,0086CC52-6F67-4393-99BE-7D3AB1B84160,https://services.bgr.de/wms/boden/buek5000/?,,,"{""id"": ""69981"", ""bbox"": [5.463222, 47.173077, 15.484886, 55.07415, ""EPSG:4326""], ""name"": ""0"", ""title"": ""BÜK5000 Version 3.0"", ""crs3857"": true, ""crs4326"": true, ""abstract"": ""Die hier vorliegende Bodenübersichtskarte im Maßstab 1:5.000.000 (BÜK5000) wurde durch eine weitere inhaltliche und räumliche Zusammenfassung aus den Legendeneinheiten der BÜK1000N abgeleitet. Diese Zusammenfassung orientierte sich an den Angaben zu den Bodenausgangsgesteinen und führte zu 20 bodenkundlichen (23) Legendeneinheiten mit Kartenpolygonen von mindestens 64 Quadratkilometern Größe."", ""keywords"": [], ""layer_name"": ""0"", ""description"": ""Die hier vorliegende Bodenübersichtskarte im Maßstab 1:5.000.000 (BÜK5000) wurde durch eine weitere inhaltliche und räumliche Zusammenfassung aus den Legendeneinheiten der BÜK1000N abgeleitet. Diese Zusammenfassung orientierte sich an den Angaben zu den Bodenausgangsgesteinen und führte zu 20 bodenkundlichen (23) Legendeneinheiten mit Kartenpolygonen von mindestens 64 Quadratkilometern Größe."", ""service_type"": ""wms"", ""metadata_urls"": [""https://geoportal.bgr.de/smartfindersdi-csw/api?request=GetRecordById&service=CSW&version=2.0.2&outputSchema=http://www.isotc211.org/2005/gmd&elementSetName=full&id=0086CC52-6F67-4393-99BE-7D3AB1B84160""]}",spatial-extractor,2026-06-21 19:01:11.087 +0300
797,1a16f815-5452-4ed9-94e4-1e25c5191e01,https://io.apps.fao.org/gismgr/api/v1/RICCAR/ETARP/wms?VERSION=1.1.1,,,"{""error"": null}",spatial-extractor,2026-06-21 19:01:24.739 +0300
1387,https://registry.gdi-de.org/id/de.be.csw/c40389f2-f121-3216-88ab-342b1151cba3,https://gdi.berlin.de/services/wms/so_mmk2004?request=GetCapabilities&service=WMS,,,"{""id"": ""77833"", ""bbox"": null, ""name"": ""NULL"", ""title"": ""Boden im INSPIRE-Datenmodell (Mittelmaßstäbige Landwirtschaftliche Standortkartierung MMK)"", ""crs3857"": null, ""crs4326"": null, ""abstract"": ""Die vorliegende Mittelmaßstäbige Landwirtschaftliche Standortkartierung (MMK) ist ein bodenkundliches Grundlagenwerk für die Landwirtschaft aus den 1970er Jahren für das nordöstliche Berlin im INSPIRE-Datenmodell."", ""keywords"": [], ""layer_name"": null, ""description"": ""Darstellungsdienst - Boden im INSPIRE-Datenmodell (Mittelmaßstäbige Landwirtschaftliche Standortkartierung MMK) (WMS)"", ""service_type"": ""wms"", ""metadata_urls"": []}",spatial-extractor,2026-06-21 19:01:27.773 +0300
1388,https://hub.agrigis.cz/ID_DatoveSady/ReferenceParcelId/CZ-48133981-LPIS-RP,https://geoportal.gov.cz/web/guest/map?wmc=http%3A//geoportal.gov.cz/php/wmc/data/678e50ce-f8bc-4bf6-a536-32c575c0a8017c.wmc&wmcaction=overwrite,,,"{""error"": null}",spatial-extractor,2026-06-21 19:01:31.470 +0300
1389,https://hub.agrigis.cz/ID_DatoveSady/ReferenceParcelId/CZ-48133981-LPIS-RP,https://gis.cenia.cz/geoserver/mze_lpis/wms?SERVICE=WMS&request=GETCapabilities,,,"{""id"": ""77952"", ""bbox"": null, ""name"": ""NULL"", ""title"": ""LPIS České republiky (WMS)"", ""crs3857"": null, ""crs4326"": null, ""abstract"": ""Prohlížecí služba (WMS), která zobrazuje hranice Referenční parcely, Zemědělské plochy, Ekologicky významného prvku a Krajinného prvku."", ""keywords"": [], ""layer_name"": null, ""description"": ""NULL"", ""service_type"": ""wms"", ""metadata_urls"": []}",spatial-extractor,2026-06-21 19:01:38.742 +0300
1390,https://hub.agrigis.cz/ID_DatoveSady/ReferenceParcelId/CZ-48133981-LPIS-RP,https://gis.cenia.cz/geoserver/mze_lpis/wfs?service=WFS&request=GetCapabilities,,,"{""id"": ""77953"", ""bbox"": null, ""name"": ""NULL"", ""title"": null, ""schema"": null, ""crs3857"": false, ""crs4326"": false, ""abstract"": null, ""keywords"": [], ""layer_name"": null, ""description"": ""NULL"", ""service_type"": ""wfs"", ""metadata_urls"": []}",spatial-extractor,2026-06-21 19:01:40.439 +0300
1391,"LC_landscapeFeature_SIGEC_LPIS_2023,e0df2619-0999-45f6-9f6c-3d241415c624",https://geoservices.wallonie.be/geoserver/inspire_lc/ows?service=WMS&version=1.3.0&request=GetCapabilities,,,"{""id"": ""78024"", ""bbox"": null, ""name"": ""INSPIRE- Occupation des terres en Wallonie (BE) - Service de visualisation WMS"", ""title"": null, ""crs3857"": false, ""crs4326"": false, ""abstract"": null, ""keywords"": [], ""layer_name"": null, ""description"": ""Ce service de visualisation WMS-INSPIRE permet de consulter la série de couches de données conforme au thème INSPIRE \""Occupation des terres\""."", ""service_type"": ""wms"", ""metadata_urls"": []}",spatial-extractor,2026-06-21 19:01:40.962 +0300
1392,1c9b43c3-064d-40c3-aa7c-879b7376ef6f,https://service.pdok.nl/rvo/potentieel-warmte-koude-opslagsystemen/wms/v1_0?request=getcapabilities&service=WMS,,,"{""id"": ""85730"", ""bbox"": null, ""name"": ""NULL"", ""title"": ""Potentieel koude en warmte uit open en gesloten WKO systemen (GJ/ha.jaar) WMS"", ""crs3857"": null, ""crs4326"": null, ""abstract"": ""Deze kaart is een weergave van het potentieel aan koude/warmte in GJ/(ha.jaar) dat uit open en gesloten WKO systemen gehaald kan worden."", ""keywords"": [], ""layer_name"": null, ""description"": ""NULL"", ""service_type"": ""wms"", ""metadata_urls"": []}",spatial-extractor,2026-06-21 19:01:43.166 +0300
1398,fceb610a-5d35-4a0c-a74b-3117b30b1533,https://service.pdok.nl/tno/bro-wandonderzoek/wms/v1_0?request=getcapabilities&service=WMS,,,"{""id"": ""110982"", ""bbox"": null, ""name"": ""NULL"", ""title"": ""BRO Wandonderzoek - bodemkunde (SFR) WMS"", ""crs3857"": null, ""crs4326"": null, ""abstract"": ""Wandonderzoek onderzoekt de bodemkundige opbouw van de ondergrond door een ontgraving. Dit onderzoek wordt voornamelijk ingezet om de toepassing van de bodem te kunnen beoordelen voor landbouw of natuurbeheer."", ""keywords"": [], ""layer_name"": null, ""description"": ""NULL"", ""service_type"": ""wms"", ""metadata_urls"": []}",spatial-extractor,2026-06-21 19:01:51.241 +0300
1400,bc4277fe-7d0b-4d5e-9782-cccb1753f5f5,https://service.pdok.nl/tno/bro-wandonderzoek-geharmoniseerd/wms/v1_0?Service=WMS&Request=GetCapabilities,,,"{""id"": ""122363"", ""bbox"": null, ""name"": ""NULL"", ""title"": ""BRO - Wandonderzoek (SFR) - Bodem (INSPIRE geharmoniseerd) WMS"", ""crs3857"": null, ""crs4326"": null, ""abstract"": ""Wandonderzoek onderzoekt de bodemkundige opbouw van de ondergrond door een ontgraving. Dit onderzoek wordt voornamelijk ingezet om de toepassing van de bodem te kunnen beoordelen voor landbouw of natuurbeheer."", ""keywords"": [], ""layer_name"": null, ""description"": ""NULL"", ""service_type"": ""wms"", ""metadata_urls"": []}",spatial-extractor,2026-06-21 19:02:00.132 +0300
1401,57af3675-efc5-453b-bd66-c9be4a4a0c16,https://service.pdok.nl/tno/bro-bodemkundig-booronderzoek-bodem-geharmoniseerd/wms/v1_0?request=GetCapabilities&service=WMS,,,"{""id"": ""122370"", ""bbox"": null, ""name"": ""NULL"", ""title"": ""BRO - Bodemkundig booronderzoek (BHR-P) - Bodem (INSPIRE geharmoniseerd)"", ""crs3857"": null, ""crs4326"": null, ""abstract"": ""Deze dataset bevat de naar INSPIRE thema Bodem geharmoniseerde gegevens over een bodemkundig booronderzoek, die voortkomen uit een bodemkundig georienteerde boring. In veel gevallen bestaat het bodemkundig booronderzoek uit niet meer dan een boormonsterprofiel. In het meest uitgebreide geval omvat het booronderzoek ook de resultaten van boormonsteronderzoek en boorgatmeetgegevens. Het boormonsterprofiel komt tot stand door de samenstelling van de monsters uit een booronderzoek macroscopisch te beschrijven."", ""keywords"": [], ""layer_name"": null, ""description"": ""NULL"", ""service_type"": ""wms"", ""metadata_urls"": []}",spatial-extractor,2026-06-21 19:02:02.128 +0300
1191,http://paikkatiedot.fi/so/1000835,https://avoin.metsakeskus.fi/rajapinnat/v1/stand/ows?,,,"{""error"": ""Could not open file with GDAL (unsupported format or inaccessible)""}",spatial-extractor,2026-06-21 19:12:43.407 +0300
431,"eea_r_3035_100_m_fga2-s-2009_p_2009-2016_v01_r00,DAT-222-en",https://land.discomap.eea.europa.eu/arcgis/services/Fragmentation/Fragmentation_2009_mesh_density/ImageServer/WMSServer?request=GetCapabilities&service=WMS,,,"{""error"": null}",spatial-extractor,2026-06-21 19:13:05.814 +0300
