id,source_id,record_id,name,format,url,description,loaded_at
599,7051,10.2909/05cbf86d-0168-47f5-9384-18c84b14f59c,NULL,OGC:WMS,https://bio.discomap.eea.europa.eu/arcgis/services/EUNIS/Mosaic_Vegetated/ImageServer/WMSServer?request=GetCapabilities&service=WMS,NULL,2026-06-22 09:51:35.527 +0300
1506,16352,10.2909/05cbf86d-0168-47f5-9384-18c84b14f59c,NULL,OGC:WMS,https://bio.discomap.eea.europa.eu/arcgis/services/EUNIS/Mosaic_Vegetated/ImageServer/WMSServer?request=GetCapabilities&service=WMS,NULL,2026-06-22 09:51:35.527 +0300
1587,27765,10.2909/05cbf86d-0168-47f5-9384-18c84b14f59c,NULL,OGC:WMS,https://bio.discomap.eea.europa.eu/arcgis/services/EUNIS/Mosaic_Vegetated/ImageServer/WMSServer?request=GetCapabilities&service=WMS,NULL,2026-06-22 09:51:35.527 +0300
1930,47984,10.2909/05cbf86d-0168-47f5-9384-18c84b14f59c,NULL,OGC:WMS,https://bio.discomap.eea.europa.eu/arcgis/services/EUNIS/Mosaic_Vegetated/ImageServer/WMSServer?request=GetCapabilities&service=WMS,NULL,2026-06-22 09:51:35.527 +0300
2539,70230,10.2909/05cbf86d-0168-47f5-9384-18c84b14f59c,NULL,OGC:WMS,https://bio.discomap.eea.europa.eu/arcgis/services/EUNIS/Mosaic_Vegetated/ImageServer/WMSServer?request=GetCapabilities&service=WMS,NULL,2026-06-22 09:51:35.527 +0300
2570,77535,10.2909/05cbf86d-0168-47f5-9384-18c84b14f59c,NULL,OGC:WMS,https://bio.discomap.eea.europa.eu/arcgis/services/EUNIS/Mosaic_Vegetated/ImageServer/WMSServer?request=GetCapabilities&service=WMS,NULL,2026-06-22 09:51:35.527 +0300
2640,123043,10.2909/05cbf86d-0168-47f5-9384-18c84b14f59c,NULL,OGC:WMS,https://bio.discomap.eea.europa.eu/arcgis/services/EUNIS/Mosaic_Vegetated/ImageServer/WMSServer?request=GetCapabilities&service=WMS,NULL,2026-06-22 09:51:35.527 +0300
2644,126716,10.2909/05cbf86d-0168-47f5-9384-18c84b14f59c,NULL,OGC:WMS,https://bio.discomap.eea.europa.eu/arcgis/services/EUNIS/Mosaic_Vegetated/ImageServer/WMSServer?request=GetCapabilities&service=WMS,NULL,2026-06-22 09:51:35.527 +0300
2697,137171,10.2909/05cbf86d-0168-47f5-9384-18c84b14f59c,NULL,OGC:WMS,https://bio.discomap.eea.europa.eu/arcgis/services/EUNIS/Mosaic_Vegetated/ImageServer/WMSServer?request=GetCapabilities&service=WMS,NULL,2026-06-22 09:51:35.527 +0300
2703,138170,10.2909/05cbf86d-0168-47f5-9384-18c84b14f59c,NULL,OGC:WMS,https://bio.discomap.eea.europa.eu/arcgis/services/EUNIS/Mosaic_Vegetated/ImageServer/WMSServer?request=GetCapabilities&service=WMS,NULL,2026-06-22 09:51:35.527 +0300
2741,147598,10.2909/05cbf86d-0168-47f5-9384-18c84b14f59c,NULL,OGC:WMS,https://bio.discomap.eea.europa.eu/arcgis/services/EUNIS/Mosaic_Vegetated/ImageServer/WMSServer?request=GetCapabilities&service=WMS,NULL,2026-06-22 09:51:35.527 +0300
2745,148591,10.2909/05cbf86d-0168-47f5-9384-18c84b14f59c,NULL,OGC:WMS,https://bio.discomap.eea.europa.eu/arcgis/services/EUNIS/Mosaic_Vegetated/ImageServer/WMSServer?request=GetCapabilities&service=WMS,NULL,2026-06-22 09:51:35.527 +0300
2807,160956,10.2909/05cbf86d-0168-47f5-9384-18c84b14f59c,NULL,OGC:WMS,https://bio.discomap.eea.europa.eu/arcgis/services/EUNIS/Mosaic_Vegetated/ImageServer/WMSServer?request=GetCapabilities&service=WMS,NULL,2026-06-22 09:51:35.527 +0300
2812,161932,10.2909/05cbf86d-0168-47f5-9384-18c84b14f59c,NULL,OGC:WMS,https://bio.discomap.eea.europa.eu/arcgis/services/EUNIS/Mosaic_Vegetated/ImageServer/WMSServer?request=GetCapabilities&service=WMS,NULL,2026-06-22 09:51:35.527 +0300
2852,168622,10.2909/05cbf86d-0168-47f5-9384-18c84b14f59c,NULL,OGC:WMS,https://bio.discomap.eea.europa.eu/arcgis/services/EUNIS/Mosaic_Vegetated/ImageServer/WMSServer?request=GetCapabilities&service=WMS,NULL,2026-06-22 09:51:35.527 +0300
2855,169679,10.2909/05cbf86d-0168-47f5-9384-18c84b14f59c,NULL,OGC:WMS,https://bio.discomap.eea.europa.eu/arcgis/services/EUNIS/Mosaic_Vegetated/ImageServer/WMSServer?request=GetCapabilities&service=WMS,NULL,2026-06-22 09:51:35.527 +0300
2900,181248,10.2909/05cbf86d-0168-47f5-9384-18c84b14f59c,NULL,OGC:WMS,https://bio.discomap.eea.europa.eu/arcgis/services/EUNIS/Mosaic_Vegetated/ImageServer/WMSServer?request=GetCapabilities&service=WMS,NULL,2026-06-22 09:51:35.527 +0300
2904,182339,10.2909/05cbf86d-0168-47f5-9384-18c84b14f59c,NULL,OGC:WMS,https://bio.discomap.eea.europa.eu/arcgis/services/EUNIS/Mosaic_Vegetated/ImageServer/WMSServer?request=GetCapabilities&service=WMS,NULL,2026-06-22 09:51:35.527 +0300
2967,195184,10.2909/05cbf86d-0168-47f5-9384-18c84b14f59c,NULL,OGC:WMS,https://bio.discomap.eea.europa.eu/arcgis/services/EUNIS/Mosaic_Vegetated/ImageServer/WMSServer?request=GetCapabilities&service=WMS,NULL,2026-06-22 09:51:35.527 +0300
2974,195876,10.2909/05cbf86d-0168-47f5-9384-18c84b14f59c,NULL,OGC:WMS,https://bio.discomap.eea.europa.eu/arcgis/services/EUNIS/Mosaic_Vegetated/ImageServer/WMSServer?request=GetCapabilities&service=WMS,NULL,2026-06-22 09:51:35.527 +0300
3043,210549,10.2909/05cbf86d-0168-47f5-9384-18c84b14f59c,NULL,OGC:WMS,https://bio.discomap.eea.europa.eu/arcgis/services/EUNIS/Mosaic_Vegetated/ImageServer/WMSServer?request=GetCapabilities&service=WMS,NULL,2026-06-22 09:51:35.527 +0300
3048,211531,10.2909/05cbf86d-0168-47f5-9384-18c84b14f59c,NULL,OGC:WMS,https://bio.discomap.eea.europa.eu/arcgis/services/EUNIS/Mosaic_Vegetated/ImageServer/WMSServer?request=GetCapabilities&service=WMS,NULL,2026-06-22 09:51:35.527 +0300
3070,215150,10.2909/05cbf86d-0168-47f5-9384-18c84b14f59c,NULL,OGC:WMS,https://bio.discomap.eea.europa.eu/arcgis/services/EUNIS/Mosaic_Vegetated/ImageServer/WMSServer?request=GetCapabilities&service=WMS,NULL,2026-06-22 09:51:35.527 +0300
3072,216227,10.2909/05cbf86d-0168-47f5-9384-18c84b14f59c,NULL,OGC:WMS,https://bio.discomap.eea.europa.eu/arcgis/services/EUNIS/Mosaic_Vegetated/ImageServer/WMSServer?request=GetCapabilities&service=WMS,NULL,2026-06-22 09:51:35.527 +0300
3134,229286,10.2909/05cbf86d-0168-47f5-9384-18c84b14f59c,NULL,OGC:WMS,https://bio.discomap.eea.europa.eu/arcgis/services/EUNIS/Mosaic_Vegetated/ImageServer/WMSServer?request=GetCapabilities&service=WMS,NULL,2026-06-22 09:51:35.527 +0300
3137,230367,10.2909/05cbf86d-0168-47f5-9384-18c84b14f59c,NULL,OGC:WMS,https://bio.discomap.eea.europa.eu/arcgis/services/EUNIS/Mosaic_Vegetated/ImageServer/WMSServer?request=GetCapabilities&service=WMS,NULL,2026-06-22 09:51:35.527 +0300
3199,243731,10.2909/05cbf86d-0168-47f5-9384-18c84b14f59c,NULL,OGC:WMS,https://bio.discomap.eea.europa.eu/arcgis/services/EUNIS/Mosaic_Vegetated/ImageServer/WMSServer?request=GetCapabilities&service=WMS,NULL,2026-06-22 09:51:35.527 +0300
3202,244631,10.2909/05cbf86d-0168-47f5-9384-18c84b14f59c,NULL,OGC:WMS,https://bio.discomap.eea.europa.eu/arcgis/services/EUNIS/Mosaic_Vegetated/ImageServer/WMSServer?request=GetCapabilities&service=WMS,NULL,2026-06-22 09:51:35.527 +0300
3237,249991,10.2909/05cbf86d-0168-47f5-9384-18c84b14f59c,NULL,OGC:WMS,https://bio.discomap.eea.europa.eu/arcgis/services/EUNIS/Mosaic_Vegetated/ImageServer/WMSServer?request=GetCapabilities&service=WMS,NULL,2026-06-22 09:51:35.527 +0300
3245,252277,10.2909/05cbf86d-0168-47f5-9384-18c84b14f59c,NULL,OGC:WMS,https://bio.discomap.eea.europa.eu/arcgis/services/EUNIS/Mosaic_Vegetated/ImageServer/WMSServer?request=GetCapabilities&service=WMS,NULL,2026-06-22 09:51:35.527 +0300
3298,266914,10.2909/05cbf86d-0168-47f5-9384-18c84b14f59c,NULL,OGC:WMS,https://bio.discomap.eea.europa.eu/arcgis/services/EUNIS/Mosaic_Vegetated/ImageServer/WMSServer?request=GetCapabilities&service=WMS,NULL,2026-06-22 09:51:35.527 +0300
3306,269693,10.2909/05cbf86d-0168-47f5-9384-18c84b14f59c,NULL,OGC:WMS,https://bio.discomap.eea.europa.eu/arcgis/services/EUNIS/Mosaic_Vegetated/ImageServer/WMSServer?request=GetCapabilities&service=WMS,NULL,2026-06-22 09:51:35.527 +0300
3360,281985,10.2909/05cbf86d-0168-47f5-9384-18c84b14f59c,NULL,OGC:WMS,https://bio.discomap.eea.europa.eu/arcgis/services/EUNIS/Mosaic_Vegetated/ImageServer/WMSServer?request=GetCapabilities&service=WMS,NULL,2026-06-22 09:51:35.527 +0300
3368,284745,10.2909/05cbf86d-0168-47f5-9384-18c84b14f59c,NULL,OGC:WMS,https://bio.discomap.eea.europa.eu/arcgis/services/EUNIS/Mosaic_Vegetated/ImageServer/WMSServer?request=GetCapabilities&service=WMS,NULL,2026-06-22 09:51:35.527 +0300
3431,297850,10.2909/05cbf86d-0168-47f5-9384-18c84b14f59c,NULL,OGC:WMS,https://bio.discomap.eea.europa.eu/arcgis/services/EUNIS/Mosaic_Vegetated/ImageServer/WMSServer?request=GetCapabilities&service=WMS,NULL,2026-06-22 09:51:35.527 +0300
3439,300619,10.2909/05cbf86d-0168-47f5-9384-18c84b14f59c,NULL,OGC:WMS,https://bio.discomap.eea.europa.eu/arcgis/services/EUNIS/Mosaic_Vegetated/ImageServer/WMSServer?request=GetCapabilities&service=WMS,NULL,2026-06-22 09:51:35.527 +0300
3500,313667,10.2909/05cbf86d-0168-47f5-9384-18c84b14f59c,NULL,OGC:WMS,https://bio.discomap.eea.europa.eu/arcgis/services/EUNIS/Mosaic_Vegetated/ImageServer/WMSServer?request=GetCapabilities&service=WMS,NULL,2026-06-22 09:51:35.527 +0300
3508,316449,10.2909/05cbf86d-0168-47f5-9384-18c84b14f59c,NULL,OGC:WMS,https://bio.discomap.eea.europa.eu/arcgis/services/EUNIS/Mosaic_Vegetated/ImageServer/WMSServer?request=GetCapabilities&service=WMS,NULL,2026-06-22 09:51:35.527 +0300
3571,329409,10.2909/05cbf86d-0168-47f5-9384-18c84b14f59c,NULL,OGC:WMS,https://bio.discomap.eea.europa.eu/arcgis/services/EUNIS/Mosaic_Vegetated/ImageServer/WMSServer?request=GetCapabilities&service=WMS,NULL,2026-06-22 09:51:35.527 +0300
3579,332187,10.2909/05cbf86d-0168-47f5-9384-18c84b14f59c,NULL,OGC:WMS,https://bio.discomap.eea.europa.eu/arcgis/services/EUNIS/Mosaic_Vegetated/ImageServer/WMSServer?request=GetCapabilities&service=WMS,NULL,2026-06-22 09:51:35.527 +0300
3643,345325,10.2909/05cbf86d-0168-47f5-9384-18c84b14f59c,NULL,OGC:WMS,https://bio.discomap.eea.europa.eu/arcgis/services/EUNIS/Mosaic_Vegetated/ImageServer/WMSServer?request=GetCapabilities&service=WMS,NULL,2026-06-22 09:51:35.527 +0300
3651,347400,10.2909/05cbf86d-0168-47f5-9384-18c84b14f59c,NULL,OGC:WMS,https://bio.discomap.eea.europa.eu/arcgis/services/EUNIS/Mosaic_Vegetated/ImageServer/WMSServer?request=GetCapabilities&service=WMS,NULL,2026-06-22 09:51:35.527 +0300
3684,356105,10.2909/05cbf86d-0168-47f5-9384-18c84b14f59c,NULL,OGC:WMS,https://bio.discomap.eea.europa.eu/arcgis/services/EUNIS/Mosaic_Vegetated/ImageServer/WMSServer?request=GetCapabilities&service=WMS,NULL,2026-06-22 09:51:35.527 +0300
3688,356565,10.2909/05cbf86d-0168-47f5-9384-18c84b14f59c,NULL,OGC:WMS,https://bio.discomap.eea.europa.eu/arcgis/services/EUNIS/Mosaic_Vegetated/ImageServer/WMSServer?request=GetCapabilities&service=WMS,NULL,2026-06-22 09:51:35.527 +0300
3706,359645,10.2909/05cbf86d-0168-47f5-9384-18c84b14f59c,NULL,OGC:WMS,https://bio.discomap.eea.europa.eu/arcgis/services/EUNIS/Mosaic_Vegetated/ImageServer/WMSServer?request=GetCapabilities&service=WMS,NULL,2026-06-22 09:51:35.527 +0300
3712,363004,10.2909/05cbf86d-0168-47f5-9384-18c84b14f59c,NULL,OGC:WMS,https://bio.discomap.eea.europa.eu/arcgis/services/EUNIS/Mosaic_Vegetated/ImageServer/WMSServer?request=GetCapabilities&service=WMS,NULL,2026-06-22 09:51:35.527 +0300
3762,373084,10.2909/05cbf86d-0168-47f5-9384-18c84b14f59c,NULL,OGC:WMS,https://bio.discomap.eea.europa.eu/arcgis/services/EUNIS/Mosaic_Vegetated/ImageServer/WMSServer?request=GetCapabilities&service=WMS,NULL,2026-06-22 09:51:35.527 +0300
3769,376516,10.2909/05cbf86d-0168-47f5-9384-18c84b14f59c,NULL,OGC:WMS,https://bio.discomap.eea.europa.eu/arcgis/services/EUNIS/Mosaic_Vegetated/ImageServer/WMSServer?request=GetCapabilities&service=WMS,NULL,2026-06-22 09:51:35.527 +0300
3815,386208,10.2909/05cbf86d-0168-47f5-9384-18c84b14f59c,NULL,OGC:WMS,https://bio.discomap.eea.europa.eu/arcgis/services/EUNIS/Mosaic_Vegetated/ImageServer/WMSServer?request=GetCapabilities&service=WMS,NULL,2026-06-22 09:51:35.527 +0300
3822,389632,10.2909/05cbf86d-0168-47f5-9384-18c84b14f59c,NULL,OGC:WMS,https://bio.discomap.eea.europa.eu/arcgis/services/EUNIS/Mosaic_Vegetated/ImageServer/WMSServer?request=GetCapabilities&service=WMS,NULL,2026-06-22 09:51:35.527 +0300
3872,401350,10.2909/05cbf86d-0168-47f5-9384-18c84b14f59c,NULL,OGC:WMS,https://bio.discomap.eea.europa.eu/arcgis/services/EUNIS/Mosaic_Vegetated/ImageServer/WMSServer?request=GetCapabilities&service=WMS,NULL,2026-06-22 09:51:35.527 +0300
3879,404766,10.2909/05cbf86d-0168-47f5-9384-18c84b14f59c,NULL,OGC:WMS,https://bio.discomap.eea.europa.eu/arcgis/services/EUNIS/Mosaic_Vegetated/ImageServer/WMSServer?request=GetCapabilities&service=WMS,NULL,2026-06-22 09:51:35.527 +0300
3884,405258,10.2909/05cbf86d-0168-47f5-9384-18c84b14f59c,NULL,OGC:WMS,https://bio.discomap.eea.europa.eu/arcgis/services/EUNIS/Mosaic_Vegetated/ImageServer/WMSServer?request=GetCapabilities&service=WMS,NULL,2026-06-22 09:51:35.527 +0300
3893,406415,10.2909/05cbf86d-0168-47f5-9384-18c84b14f59c,NULL,OGC:WMS,https://bio.discomap.eea.europa.eu/arcgis/services/EUNIS/Mosaic_Vegetated/ImageServer/WMSServer?request=GetCapabilities&service=WMS,NULL,2026-06-22 09:51:35.527 +0300
3908,409223,10.2909/05cbf86d-0168-47f5-9384-18c84b14f59c,NULL,OGC:WMS,https://bio.discomap.eea.europa.eu/arcgis/services/EUNIS/Mosaic_Vegetated/ImageServer/WMSServer?request=GetCapabilities&service=WMS,NULL,2026-06-22 09:51:35.527 +0300
3914,412942,10.2909/05cbf86d-0168-47f5-9384-18c84b14f59c,NULL,OGC:WMS,https://bio.discomap.eea.europa.eu/arcgis/services/EUNIS/Mosaic_Vegetated/ImageServer/WMSServer?request=GetCapabilities&service=WMS,NULL,2026-06-22 09:51:35.527 +0300
3927,415674,10.2909/05cbf86d-0168-47f5-9384-18c84b14f59c,NULL,OGC:WMS,https://bio.discomap.eea.europa.eu/arcgis/services/EUNIS/Mosaic_Vegetated/ImageServer/WMSServer?request=GetCapabilities&service=WMS,NULL,2026-06-22 09:51:35.527 +0300
3936,419371,10.2909/05cbf86d-0168-47f5-9384-18c84b14f59c,NULL,OGC:WMS,https://bio.discomap.eea.europa.eu/arcgis/services/EUNIS/Mosaic_Vegetated/ImageServer/WMSServer?request=GetCapabilities&service=WMS,NULL,2026-06-22 09:51:35.527 +0300
3948,422199,10.2909/05cbf86d-0168-47f5-9384-18c84b14f59c,NULL,OGC:WMS,https://bio.discomap.eea.europa.eu/arcgis/services/EUNIS/Mosaic_Vegetated/ImageServer/WMSServer?request=GetCapabilities&service=WMS,NULL,2026-06-22 09:51:35.527 +0300
3954,425884,10.2909/05cbf86d-0168-47f5-9384-18c84b14f59c,NULL,OGC:WMS,https://bio.discomap.eea.europa.eu/arcgis/services/EUNIS/Mosaic_Vegetated/ImageServer/WMSServer?request=GetCapabilities&service=WMS,NULL,2026-06-22 09:51:35.527 +0300
3996,434626,10.2909/05cbf86d-0168-47f5-9384-18c84b14f59c,NULL,OGC:WMS,https://bio.discomap.eea.europa.eu/arcgis/services/EUNIS/Mosaic_Vegetated/ImageServer/WMSServer?request=GetCapabilities&service=WMS,NULL,2026-06-22 09:51:35.527 +0300
4001,438318,10.2909/05cbf86d-0168-47f5-9384-18c84b14f59c,NULL,OGC:WMS,https://bio.discomap.eea.europa.eu/arcgis/services/EUNIS/Mosaic_Vegetated/ImageServer/WMSServer?request=GetCapabilities&service=WMS,NULL,2026-06-22 09:51:35.527 +0300
4043,447085,10.2909/05cbf86d-0168-47f5-9384-18c84b14f59c,NULL,OGC:WMS,https://bio.discomap.eea.europa.eu/arcgis/services/EUNIS/Mosaic_Vegetated/ImageServer/WMSServer?request=GetCapabilities&service=WMS,NULL,2026-06-22 09:51:35.527 +0300
4047,451255,10.2909/05cbf86d-0168-47f5-9384-18c84b14f59c,NULL,OGC:WMS,https://bio.discomap.eea.europa.eu/arcgis/services/EUNIS/Mosaic_Vegetated/ImageServer/WMSServer?request=GetCapabilities&service=WMS,NULL,2026-06-22 09:51:35.527 +0300
4058,453896,10.2909/05cbf86d-0168-47f5-9384-18c84b14f59c,NULL,OGC:WMS,https://bio.discomap.eea.europa.eu/arcgis/services/EUNIS/Mosaic_Vegetated/ImageServer/WMSServer?request=GetCapabilities&service=WMS,NULL,2026-06-22 09:51:35.527 +0300
4064,457545,10.2909/05cbf86d-0168-47f5-9384-18c84b14f59c,NULL,OGC:WMS,https://bio.discomap.eea.europa.eu/arcgis/services/EUNIS/Mosaic_Vegetated/ImageServer/WMSServer?request=GetCapabilities&service=WMS,NULL,2026-06-22 09:51:35.527 +0300
4074,460420,10.2909/05cbf86d-0168-47f5-9384-18c84b14f59c,NULL,OGC:WMS,https://bio.discomap.eea.europa.eu/arcgis/services/EUNIS/Mosaic_Vegetated/ImageServer/WMSServer?request=GetCapabilities&service=WMS,NULL,2026-06-22 09:51:35.527 +0300
4080,464175,10.2909/05cbf86d-0168-47f5-9384-18c84b14f59c,NULL,OGC:WMS,https://bio.discomap.eea.europa.eu/arcgis/services/EUNIS/Mosaic_Vegetated/ImageServer/WMSServer?request=GetCapabilities&service=WMS,NULL,2026-06-22 09:51:35.527 +0300
4091,467078,10.2909/05cbf86d-0168-47f5-9384-18c84b14f59c,NULL,OGC:WMS,https://bio.discomap.eea.europa.eu/arcgis/services/EUNIS/Mosaic_Vegetated/ImageServer/WMSServer?request=GetCapabilities&service=WMS,NULL,2026-06-22 09:51:35.527 +0300
4098,470818,10.2909/05cbf86d-0168-47f5-9384-18c84b14f59c,NULL,OGC:WMS,https://bio.discomap.eea.europa.eu/arcgis/services/EUNIS/Mosaic_Vegetated/ImageServer/WMSServer?request=GetCapabilities&service=WMS,NULL,2026-06-22 09:51:35.527 +0300
4137,479520,10.2909/05cbf86d-0168-47f5-9384-18c84b14f59c,NULL,OGC:WMS,https://bio.discomap.eea.europa.eu/arcgis/services/EUNIS/Mosaic_Vegetated/ImageServer/WMSServer?request=GetCapabilities&service=WMS,NULL,2026-06-22 09:51:35.527 +0300
4142,483267,10.2909/05cbf86d-0168-47f5-9384-18c84b14f59c,NULL,OGC:WMS,https://bio.discomap.eea.europa.eu/arcgis/services/EUNIS/Mosaic_Vegetated/ImageServer/WMSServer?request=GetCapabilities&service=WMS,NULL,2026-06-22 09:51:35.527 +0300
4153,486127,10.2909/05cbf86d-0168-47f5-9384-18c84b14f59c,NULL,OGC:WMS,https://bio.discomap.eea.europa.eu/arcgis/services/EUNIS/Mosaic_Vegetated/ImageServer/WMSServer?request=GetCapabilities&service=WMS,NULL,2026-06-22 09:51:35.527 +0300
4160,489877,10.2909/05cbf86d-0168-47f5-9384-18c84b14f59c,NULL,OGC:WMS,https://bio.discomap.eea.europa.eu/arcgis/services/EUNIS/Mosaic_Vegetated/ImageServer/WMSServer?request=GetCapabilities&service=WMS,NULL,2026-06-22 09:51:35.527 +0300
4170,492767,10.2909/05cbf86d-0168-47f5-9384-18c84b14f59c,NULL,OGC:WMS,https://bio.discomap.eea.europa.eu/arcgis/services/EUNIS/Mosaic_Vegetated/ImageServer/WMSServer?request=GetCapabilities&service=WMS,NULL,2026-06-22 09:51:35.527 +0300
4179,496685,10.2909/05cbf86d-0168-47f5-9384-18c84b14f59c,NULL,OGC:WMS,https://bio.discomap.eea.europa.eu/arcgis/services/EUNIS/Mosaic_Vegetated/ImageServer/WMSServer?request=GetCapabilities&service=WMS,NULL,2026-06-22 09:51:35.527 +0300
4210,511773,10.2909/05cbf86d-0168-47f5-9384-18c84b14f59c,NULL,OGC:WMS,https://bio.discomap.eea.europa.eu/arcgis/services/EUNIS/Mosaic_Vegetated/ImageServer/WMSServer?request=GetCapabilities&service=WMS,NULL,2026-06-22 09:51:35.527 +0300
4259,516315,10.2909/05cbf86d-0168-47f5-9384-18c84b14f59c,NULL,OGC:WMS,https://bio.discomap.eea.europa.eu/arcgis/services/EUNIS/Mosaic_Vegetated/ImageServer/WMSServer?request=GetCapabilities&service=WMS,NULL,2026-06-22 09:51:35.527 +0300
4316,518809,10.2909/05cbf86d-0168-47f5-9384-18c84b14f59c,NULL,OGC:WMS,https://bio.discomap.eea.europa.eu/arcgis/services/EUNIS/Mosaic_Vegetated/ImageServer/WMSServer?request=GetCapabilities&service=WMS,NULL,2026-06-22 09:51:35.527 +0300
4329,519497,10.2909/05cbf86d-0168-47f5-9384-18c84b14f59c,NULL,OGC:WMS,https://bio.discomap.eea.europa.eu/arcgis/services/EUNIS/Mosaic_Vegetated/ImageServer/WMSServer?request=GetCapabilities&service=WMS,NULL,2026-06-22 09:51:35.527 +0300
4475,530224,10.2909/05cbf86d-0168-47f5-9384-18c84b14f59c,NULL,OGC:WMS,https://bio.discomap.eea.europa.eu/arcgis/services/EUNIS/Mosaic_Vegetated/ImageServer/WMSServer?request=GetCapabilities&service=WMS,NULL,2026-06-22 09:51:35.527 +0300
4480,532667,10.2909/05cbf86d-0168-47f5-9384-18c84b14f59c,NULL,OGC:WMS,https://bio.discomap.eea.europa.eu/arcgis/services/EUNIS/Mosaic_Vegetated/ImageServer/WMSServer?request=GetCapabilities&service=WMS,NULL,2026-06-22 09:51:35.527 +0300
4537,535792,10.2909/05cbf86d-0168-47f5-9384-18c84b14f59c,NULL,OGC:WMS,https://bio.discomap.eea.europa.eu/arcgis/services/EUNIS/Mosaic_Vegetated/ImageServer/WMSServer?request=GetCapabilities&service=WMS,NULL,2026-06-22 09:51:35.527 +0300
841,7076,10.2909/156377d3-14ee-42f9-855e-71d8c710d441,NULL,OGC:WMS,https://bio.discomap.eea.europa.eu/arcgis/services/EUNIS/Mosaic_Heathlands/ImageServer/WMSServer?request=GetCapabilities&service=WMS,NULL,2026-06-22 09:51:35.527 +0300
1510,16372,10.2909/156377d3-14ee-42f9-855e-71d8c710d441,NULL,OGC:WMS,https://bio.discomap.eea.europa.eu/arcgis/services/EUNIS/Mosaic_Heathlands/ImageServer/WMSServer?request=GetCapabilities&service=WMS,NULL,2026-06-22 09:51:35.527 +0300
1591,27785,10.2909/156377d3-14ee-42f9-855e-71d8c710d441,NULL,OGC:WMS,https://bio.discomap.eea.europa.eu/arcgis/services/EUNIS/Mosaic_Heathlands/ImageServer/WMSServer?request=GetCapabilities&service=WMS,NULL,2026-06-22 09:51:35.527 +0300
1932,47996,10.2909/156377d3-14ee-42f9-855e-71d8c710d441,NULL,OGC:WMS,https://bio.discomap.eea.europa.eu/arcgis/services/EUNIS/Mosaic_Heathlands/ImageServer/WMSServer?request=GetCapabilities&service=WMS,NULL,2026-06-22 09:51:35.527 +0300
3175,241329,10.2909/156377d3-14ee-42f9-855e-71d8c710d441,NULL,OGC:WMS,https://bio.discomap.eea.europa.eu/arcgis/services/EUNIS/Mosaic_Heathlands/ImageServer/WMSServer?request=GetCapabilities&service=WMS,NULL,2026-06-22 09:51:35.527 +0300
3198,243676,10.2909/156377d3-14ee-42f9-855e-71d8c710d441,NULL,OGC:WMS,https://bio.discomap.eea.europa.eu/arcgis/services/EUNIS/Mosaic_Heathlands/ImageServer/WMSServer?request=GetCapabilities&service=WMS,NULL,2026-06-22 09:51:35.527 +0300
3200,243737,10.2909/156377d3-14ee-42f9-855e-71d8c710d441,NULL,OGC:WMS,https://bio.discomap.eea.europa.eu/arcgis/services/EUNIS/Mosaic_Heathlands/ImageServer/WMSServer?request=GetCapabilities&service=WMS,NULL,2026-06-22 09:51:35.527 +0300
3219,247030,10.2909/156377d3-14ee-42f9-855e-71d8c710d441,NULL,OGC:WMS,https://bio.discomap.eea.europa.eu/arcgis/services/EUNIS/Mosaic_Heathlands/ImageServer/WMSServer?request=GetCapabilities&service=WMS,NULL,2026-06-22 09:51:35.527 +0300
3236,249760,10.2909/156377d3-14ee-42f9-855e-71d8c710d441,NULL,OGC:WMS,https://bio.discomap.eea.europa.eu/arcgis/services/EUNIS/Mosaic_Heathlands/ImageServer/WMSServer?request=GetCapabilities&service=WMS,NULL,2026-06-22 09:51:35.527 +0300
3238,249997,10.2909/156377d3-14ee-42f9-855e-71d8c710d441,NULL,OGC:WMS,https://bio.discomap.eea.europa.eu/arcgis/services/EUNIS/Mosaic_Heathlands/ImageServer/WMSServer?request=GetCapabilities&service=WMS,NULL,2026-06-22 09:51:35.527 +0300
3281,263563,10.2909/156377d3-14ee-42f9-855e-71d8c710d441,NULL,OGC:WMS,https://bio.discomap.eea.europa.eu/arcgis/services/EUNIS/Mosaic_Heathlands/ImageServer/WMSServer?request=GetCapabilities&service=WMS,NULL,2026-06-22 09:51:35.527 +0300
3297,266828,10.2909/156377d3-14ee-42f9-855e-71d8c710d441,NULL,OGC:WMS,https://bio.discomap.eea.europa.eu/arcgis/services/EUNIS/Mosaic_Heathlands/ImageServer/WMSServer?request=GetCapabilities&service=WMS,NULL,2026-06-22 09:51:35.527 +0300
3299,266920,10.2909/156377d3-14ee-42f9-855e-71d8c710d441,NULL,OGC:WMS,https://bio.discomap.eea.europa.eu/arcgis/services/EUNIS/Mosaic_Heathlands/ImageServer/WMSServer?request=GetCapabilities&service=WMS,NULL,2026-06-22 09:51:35.527 +0300
3338,278786,10.2909/156377d3-14ee-42f9-855e-71d8c710d441,NULL,OGC:WMS,https://bio.discomap.eea.europa.eu/arcgis/services/EUNIS/Mosaic_Heathlands/ImageServer/WMSServer?request=GetCapabilities&service=WMS,NULL,2026-06-22 09:51:35.527 +0300
3359,281919,10.2909/156377d3-14ee-42f9-855e-71d8c710d441,NULL,OGC:WMS,https://bio.discomap.eea.europa.eu/arcgis/services/EUNIS/Mosaic_Heathlands/ImageServer/WMSServer?request=GetCapabilities&service=WMS,NULL,2026-06-22 09:51:35.527 +0300
3361,281991,10.2909/156377d3-14ee-42f9-855e-71d8c710d441,NULL,OGC:WMS,https://bio.discomap.eea.europa.eu/arcgis/services/EUNIS/Mosaic_Heathlands/ImageServer/WMSServer?request=GetCapabilities&service=WMS,NULL,2026-06-22 09:51:35.527 +0300
3405,295442,10.2909/156377d3-14ee-42f9-855e-71d8c710d441,NULL,OGC:WMS,https://bio.discomap.eea.europa.eu/arcgis/services/EUNIS/Mosaic_Heathlands/ImageServer/WMSServer?request=GetCapabilities&service=WMS,NULL,2026-06-22 09:51:35.527 +0300
3430,297784,10.2909/156377d3-14ee-42f9-855e-71d8c710d441,NULL,OGC:WMS,https://bio.discomap.eea.europa.eu/arcgis/services/EUNIS/Mosaic_Heathlands/ImageServer/WMSServer?request=GetCapabilities&service=WMS,NULL,2026-06-22 09:51:35.527 +0300
3432,297856,10.2909/156377d3-14ee-42f9-855e-71d8c710d441,NULL,OGC:WMS,https://bio.discomap.eea.europa.eu/arcgis/services/EUNIS/Mosaic_Heathlands/ImageServer/WMSServer?request=GetCapabilities&service=WMS,NULL,2026-06-22 09:51:35.527 +0300
3476,311300,10.2909/156377d3-14ee-42f9-855e-71d8c710d441,NULL,OGC:WMS,https://bio.discomap.eea.europa.eu/arcgis/services/EUNIS/Mosaic_Heathlands/ImageServer/WMSServer?request=GetCapabilities&service=WMS,NULL,2026-06-22 09:51:35.527 +0300
3499,313601,10.2909/156377d3-14ee-42f9-855e-71d8c710d441,NULL,OGC:WMS,https://bio.discomap.eea.europa.eu/arcgis/services/EUNIS/Mosaic_Heathlands/ImageServer/WMSServer?request=GetCapabilities&service=WMS,NULL,2026-06-22 09:51:35.527 +0300
3501,313673,10.2909/156377d3-14ee-42f9-855e-71d8c710d441,NULL,OGC:WMS,https://bio.discomap.eea.europa.eu/arcgis/services/EUNIS/Mosaic_Heathlands/ImageServer/WMSServer?request=GetCapabilities&service=WMS,NULL,2026-06-22 09:51:35.527 +0300
3546,327001,10.2909/156377d3-14ee-42f9-855e-71d8c710d441,NULL,OGC:WMS,https://bio.discomap.eea.europa.eu/arcgis/services/EUNIS/Mosaic_Heathlands/ImageServer/WMSServer?request=GetCapabilities&service=WMS,NULL,2026-06-22 09:51:35.527 +0300
3570,329354,10.2909/156377d3-14ee-42f9-855e-71d8c710d441,NULL,OGC:WMS,https://bio.discomap.eea.europa.eu/arcgis/services/EUNIS/Mosaic_Heathlands/ImageServer/WMSServer?request=GetCapabilities&service=WMS,NULL,2026-06-22 09:51:35.527 +0300
3572,329415,10.2909/156377d3-14ee-42f9-855e-71d8c710d441,NULL,OGC:WMS,https://bio.discomap.eea.europa.eu/arcgis/services/EUNIS/Mosaic_Heathlands/ImageServer/WMSServer?request=GetCapabilities&service=WMS,NULL,2026-06-22 09:51:35.527 +0300
3618,342777,10.2909/156377d3-14ee-42f9-855e-71d8c710d441,NULL,OGC:WMS,https://bio.discomap.eea.europa.eu/arcgis/services/EUNIS/Mosaic_Heathlands/ImageServer/WMSServer?request=GetCapabilities&service=WMS,NULL,2026-06-22 09:51:35.527 +0300
3642,345270,10.2909/156377d3-14ee-42f9-855e-71d8c710d441,NULL,OGC:WMS,https://bio.discomap.eea.europa.eu/arcgis/services/EUNIS/Mosaic_Heathlands/ImageServer/WMSServer?request=GetCapabilities&service=WMS,NULL,2026-06-22 09:51:35.527 +0300
3644,345331,10.2909/156377d3-14ee-42f9-855e-71d8c710d441,NULL,OGC:WMS,https://bio.discomap.eea.europa.eu/arcgis/services/EUNIS/Mosaic_Heathlands/ImageServer/WMSServer?request=GetCapabilities&service=WMS,NULL,2026-06-22 09:51:35.527 +0300
3689,356576,10.2909/156377d3-14ee-42f9-855e-71d8c710d441,NULL,OGC:WMS,https://bio.discomap.eea.europa.eu/arcgis/services/EUNIS/Mosaic_Heathlands/ImageServer/WMSServer?request=GetCapabilities&service=WMS,NULL,2026-06-22 09:51:35.527 +0300
3705,359619,10.2909/156377d3-14ee-42f9-855e-71d8c710d441,NULL,OGC:WMS,https://bio.discomap.eea.europa.eu/arcgis/services/EUNIS/Mosaic_Heathlands/ImageServer/WMSServer?request=GetCapabilities&service=WMS,NULL,2026-06-22 09:51:35.527 +0300
3746,370151,10.2909/156377d3-14ee-42f9-855e-71d8c710d441,NULL,OGC:WMS,https://bio.discomap.eea.europa.eu/arcgis/services/EUNIS/Mosaic_Heathlands/ImageServer/WMSServer?request=GetCapabilities&service=WMS,NULL,2026-06-22 09:51:35.527 +0300
3761,373056,10.2909/156377d3-14ee-42f9-855e-71d8c710d441,NULL,OGC:WMS,https://bio.discomap.eea.europa.eu/arcgis/services/EUNIS/Mosaic_Heathlands/ImageServer/WMSServer?request=GetCapabilities&service=WMS,NULL,2026-06-22 09:51:35.527 +0300
3763,373090,10.2909/156377d3-14ee-42f9-855e-71d8c710d441,NULL,OGC:WMS,https://bio.discomap.eea.europa.eu/arcgis/services/EUNIS/Mosaic_Heathlands/ImageServer/WMSServer?request=GetCapabilities&service=WMS,NULL,2026-06-22 09:51:35.527 +0300
3799,383383,10.2909/156377d3-14ee-42f9-855e-71d8c710d441,NULL,OGC:WMS,https://bio.discomap.eea.europa.eu/arcgis/services/EUNIS/Mosaic_Heathlands/ImageServer/WMSServer?request=GetCapabilities&service=WMS,NULL,2026-06-22 09:51:35.527 +0300
3814,386180,10.2909/156377d3-14ee-42f9-855e-71d8c710d441,NULL,OGC:WMS,https://bio.discomap.eea.europa.eu/arcgis/services/EUNIS/Mosaic_Heathlands/ImageServer/WMSServer?request=GetCapabilities&service=WMS,NULL,2026-06-22 09:51:35.527 +0300
3816,386214,10.2909/156377d3-14ee-42f9-855e-71d8c710d441,NULL,OGC:WMS,https://bio.discomap.eea.europa.eu/arcgis/services/EUNIS/Mosaic_Heathlands/ImageServer/WMSServer?request=GetCapabilities&service=WMS,NULL,2026-06-22 09:51:35.527 +0300
3856,398595,10.2909/156377d3-14ee-42f9-855e-71d8c710d441,NULL,OGC:WMS,https://bio.discomap.eea.europa.eu/arcgis/services/EUNIS/Mosaic_Heathlands/ImageServer/WMSServer?request=GetCapabilities&service=WMS,NULL,2026-06-22 09:51:35.527 +0300
3871,401322,10.2909/156377d3-14ee-42f9-855e-71d8c710d441,NULL,OGC:WMS,https://bio.discomap.eea.europa.eu/arcgis/services/EUNIS/Mosaic_Heathlands/ImageServer/WMSServer?request=GetCapabilities&service=WMS,NULL,2026-06-22 09:51:35.527 +0300
3873,401356,10.2909/156377d3-14ee-42f9-855e-71d8c710d441,NULL,OGC:WMS,https://bio.discomap.eea.europa.eu/arcgis/services/EUNIS/Mosaic_Heathlands/ImageServer/WMSServer?request=GetCapabilities&service=WMS,NULL,2026-06-22 09:51:35.527 +0300
3894,406423,10.2909/156377d3-14ee-42f9-855e-71d8c710d441,NULL,OGC:WMS,https://bio.discomap.eea.europa.eu/arcgis/services/EUNIS/Mosaic_Heathlands/ImageServer/WMSServer?request=GetCapabilities&service=WMS,NULL,2026-06-22 09:51:35.527 +0300
3907,409155,10.2909/156377d3-14ee-42f9-855e-71d8c710d441,NULL,OGC:WMS,https://bio.discomap.eea.europa.eu/arcgis/services/EUNIS/Mosaic_Heathlands/ImageServer/WMSServer?request=GetCapabilities&service=WMS,NULL,2026-06-22 09:51:35.527 +0300
3916,413227,10.2909/156377d3-14ee-42f9-855e-71d8c710d441,NULL,OGC:WMS,https://bio.discomap.eea.europa.eu/arcgis/services/EUNIS/Mosaic_Heathlands/ImageServer/WMSServer?request=GetCapabilities&service=WMS,NULL,2026-06-22 09:51:35.527 +0300
3926,415605,10.2909/156377d3-14ee-42f9-855e-71d8c710d441,NULL,OGC:WMS,https://bio.discomap.eea.europa.eu/arcgis/services/EUNIS/Mosaic_Heathlands/ImageServer/WMSServer?request=GetCapabilities&service=WMS,NULL,2026-06-22 09:51:35.527 +0300
3938,419764,10.2909/156377d3-14ee-42f9-855e-71d8c710d441,NULL,OGC:WMS,https://bio.discomap.eea.europa.eu/arcgis/services/EUNIS/Mosaic_Heathlands/ImageServer/WMSServer?request=GetCapabilities&service=WMS,NULL,2026-06-22 09:51:35.527 +0300
3947,422133,10.2909/156377d3-14ee-42f9-855e-71d8c710d441,NULL,OGC:WMS,https://bio.discomap.eea.europa.eu/arcgis/services/EUNIS/Mosaic_Heathlands/ImageServer/WMSServer?request=GetCapabilities&service=WMS,NULL,2026-06-22 09:51:35.527 +0300
3985,431576,10.2909/156377d3-14ee-42f9-855e-71d8c710d441,NULL,OGC:WMS,https://bio.discomap.eea.europa.eu/arcgis/services/EUNIS/Mosaic_Heathlands/ImageServer/WMSServer?request=GetCapabilities&service=WMS,NULL,2026-06-22 09:51:35.527 +0300
3995,434552,10.2909/156377d3-14ee-42f9-855e-71d8c710d441,NULL,OGC:WMS,https://bio.discomap.eea.europa.eu/arcgis/services/EUNIS/Mosaic_Heathlands/ImageServer/WMSServer?request=GetCapabilities&service=WMS,NULL,2026-06-22 09:51:35.527 +0300
4032,443912,10.2909/156377d3-14ee-42f9-855e-71d8c710d441,NULL,OGC:WMS,https://bio.discomap.eea.europa.eu/arcgis/services/EUNIS/Mosaic_Heathlands/ImageServer/WMSServer?request=GetCapabilities&service=WMS,NULL,2026-06-22 09:51:35.527 +0300
4042,446981,10.2909/156377d3-14ee-42f9-855e-71d8c710d441,NULL,OGC:WMS,https://bio.discomap.eea.europa.eu/arcgis/services/EUNIS/Mosaic_Heathlands/ImageServer/WMSServer?request=GetCapabilities&service=WMS,NULL,2026-06-22 09:51:35.527 +0300
4048,451263,10.2909/156377d3-14ee-42f9-855e-71d8c710d441,NULL,OGC:WMS,https://bio.discomap.eea.europa.eu/arcgis/services/EUNIS/Mosaic_Heathlands/ImageServer/WMSServer?request=GetCapabilities&service=WMS,NULL,2026-06-22 09:51:35.527 +0300
4057,453798,10.2909/156377d3-14ee-42f9-855e-71d8c710d441,NULL,OGC:WMS,https://bio.discomap.eea.europa.eu/arcgis/services/EUNIS/Mosaic_Heathlands/ImageServer/WMSServer?request=GetCapabilities&service=WMS,NULL,2026-06-22 09:51:35.527 +0300
4065,457859,10.2909/156377d3-14ee-42f9-855e-71d8c710d441,NULL,OGC:WMS,https://bio.discomap.eea.europa.eu/arcgis/services/EUNIS/Mosaic_Heathlands/ImageServer/WMSServer?request=GetCapabilities&service=WMS,NULL,2026-06-22 09:51:35.527 +0300
4073,460325,10.2909/156377d3-14ee-42f9-855e-71d8c710d441,NULL,OGC:WMS,https://bio.discomap.eea.europa.eu/arcgis/services/EUNIS/Mosaic_Heathlands/ImageServer/WMSServer?request=GetCapabilities&service=WMS,NULL,2026-06-22 09:51:35.527 +0300
4082,464508,10.2909/156377d3-14ee-42f9-855e-71d8c710d441,NULL,OGC:WMS,https://bio.discomap.eea.europa.eu/arcgis/services/EUNIS/Mosaic_Heathlands/ImageServer/WMSServer?request=GetCapabilities&service=WMS,NULL,2026-06-22 09:51:35.527 +0300
4090,466984,10.2909/156377d3-14ee-42f9-855e-71d8c710d441,NULL,OGC:WMS,https://bio.discomap.eea.europa.eu/arcgis/services/EUNIS/Mosaic_Heathlands/ImageServer/WMSServer?request=GetCapabilities&service=WMS,NULL,2026-06-22 09:51:35.527 +0300
4127,476435,10.2909/156377d3-14ee-42f9-855e-71d8c710d441,NULL,OGC:WMS,https://bio.discomap.eea.europa.eu/arcgis/services/EUNIS/Mosaic_Heathlands/ImageServer/WMSServer?request=GetCapabilities&service=WMS,NULL,2026-06-22 09:51:35.527 +0300
4136,479424,10.2909/156377d3-14ee-42f9-855e-71d8c710d441,NULL,OGC:WMS,https://bio.discomap.eea.europa.eu/arcgis/services/EUNIS/Mosaic_Heathlands/ImageServer/WMSServer?request=GetCapabilities&service=WMS,NULL,2026-06-22 09:51:35.527 +0300
4143,483504,10.2909/156377d3-14ee-42f9-855e-71d8c710d441,NULL,OGC:WMS,https://bio.discomap.eea.europa.eu/arcgis/services/EUNIS/Mosaic_Heathlands/ImageServer/WMSServer?request=GetCapabilities&service=WMS,NULL,2026-06-22 09:51:35.527 +0300
4152,486028,10.2909/156377d3-14ee-42f9-855e-71d8c710d441,NULL,OGC:WMS,https://bio.discomap.eea.europa.eu/arcgis/services/EUNIS/Mosaic_Heathlands/ImageServer/WMSServer?request=GetCapabilities&service=WMS,NULL,2026-06-22 09:51:35.527 +0300
4161,490212,10.2909/156377d3-14ee-42f9-855e-71d8c710d441,NULL,OGC:WMS,https://bio.discomap.eea.europa.eu/arcgis/services/EUNIS/Mosaic_Heathlands/ImageServer/WMSServer?request=GetCapabilities&service=WMS,NULL,2026-06-22 09:51:35.527 +0300
4169,492673,10.2909/156377d3-14ee-42f9-855e-71d8c710d441,NULL,OGC:WMS,https://bio.discomap.eea.europa.eu/arcgis/services/EUNIS/Mosaic_Heathlands/ImageServer/WMSServer?request=GetCapabilities&service=WMS,NULL,2026-06-22 09:51:35.527 +0300
4200,507636,10.2909/156377d3-14ee-42f9-855e-71d8c710d441,NULL,OGC:WMS,https://bio.discomap.eea.europa.eu/arcgis/services/EUNIS/Mosaic_Heathlands/ImageServer/WMSServer?request=GetCapabilities&service=WMS,NULL,2026-06-22 09:51:35.527 +0300
4209,511664,10.2909/156377d3-14ee-42f9-855e-71d8c710d441,NULL,OGC:WMS,https://bio.discomap.eea.europa.eu/arcgis/services/EUNIS/Mosaic_Heathlands/ImageServer/WMSServer?request=GetCapabilities&service=WMS,NULL,2026-06-22 09:51:35.527 +0300
4318,518821,10.2909/156377d3-14ee-42f9-855e-71d8c710d441,NULL,OGC:WMS,https://bio.discomap.eea.europa.eu/arcgis/services/EUNIS/Mosaic_Heathlands/ImageServer/WMSServer?request=GetCapabilities&service=WMS,NULL,2026-06-22 09:51:35.527 +0300
4322,519095,10.2909/156377d3-14ee-42f9-855e-71d8c710d441,NULL,OGC:WMS,https://bio.discomap.eea.europa.eu/arcgis/services/EUNIS/Mosaic_Heathlands/ImageServer/WMSServer?request=GetCapabilities&service=WMS,NULL,2026-06-22 09:51:35.527 +0300
4450,526832,10.2909/156377d3-14ee-42f9-855e-71d8c710d441,NULL,OGC:WMS,https://bio.discomap.eea.europa.eu/arcgis/services/EUNIS/Mosaic_Heathlands/ImageServer/WMSServer?request=GetCapabilities&service=WMS,NULL,2026-06-22 09:51:35.527 +0300
4473,530094,10.2909/156377d3-14ee-42f9-855e-71d8c710d441,NULL,OGC:WMS,https://bio.discomap.eea.europa.eu/arcgis/services/EUNIS/Mosaic_Heathlands/ImageServer/WMSServer?request=GetCapabilities&service=WMS,NULL,2026-06-22 09:51:35.527 +0300
4481,532675,10.2909/156377d3-14ee-42f9-855e-71d8c710d441,NULL,OGC:WMS,https://bio.discomap.eea.europa.eu/arcgis/services/EUNIS/Mosaic_Heathlands/ImageServer/WMSServer?request=GetCapabilities&service=WMS,NULL,2026-06-22 09:51:35.527 +0300
4532,535649,10.2909/156377d3-14ee-42f9-855e-71d8c710d441,NULL,OGC:WMS,https://bio.discomap.eea.europa.eu/arcgis/services/EUNIS/Mosaic_Heathlands/ImageServer/WMSServer?request=GetCapabilities&service=WMS,NULL,2026-06-22 09:51:35.527 +0300
4538,535798,10.2909/156377d3-14ee-42f9-855e-71d8c710d441,NULL,OGC:WMS,https://bio.discomap.eea.europa.eu/arcgis/services/EUNIS/Mosaic_Heathlands/ImageServer/WMSServer?request=GetCapabilities&service=WMS,NULL,2026-06-22 09:51:35.527 +0300
835,6951,10.2909/169b69b5-a1f8-4aed-8042-bfcb4c1e4948,NULL,OGC:WMS,https://bio.discomap.eea.europa.eu/arcgis/services/EUNIS/Mosaic_Forest/ImageServer/WMSServer?request=GetCapabilities&service=WMS,NULL,2026-06-22 09:51:35.527 +0300
1492,16238,10.2909/169b69b5-a1f8-4aed-8042-bfcb4c1e4948,NULL,OGC:WMS,https://bio.discomap.eea.europa.eu/arcgis/services/EUNIS/Mosaic_Forest/ImageServer/WMSServer?request=GetCapabilities&service=WMS,NULL,2026-06-22 09:51:35.527 +0300
1574,27664,10.2909/169b69b5-a1f8-4aed-8042-bfcb4c1e4948,NULL,OGC:WMS,https://bio.discomap.eea.europa.eu/arcgis/services/EUNIS/Mosaic_Forest/ImageServer/WMSServer?request=GetCapabilities&service=WMS,NULL,2026-06-22 09:51:35.527 +0300
1927,47963,10.2909/169b69b5-a1f8-4aed-8042-bfcb4c1e4948,NULL,OGC:WMS,https://bio.discomap.eea.europa.eu/arcgis/services/EUNIS/Mosaic_Forest/ImageServer/WMSServer?request=GetCapabilities&service=WMS,NULL,2026-06-22 09:51:35.527 +0300
4315,518799,10.2909/169b69b5-a1f8-4aed-8042-bfcb4c1e4948,NULL,OGC:WMS,https://bio.discomap.eea.europa.eu/arcgis/services/EUNIS/Mosaic_Forest/ImageServer/WMSServer?request=GetCapabilities&service=WMS,NULL,2026-06-22 09:51:35.527 +0300
4332,519586,10.2909/169b69b5-a1f8-4aed-8042-bfcb4c1e4948,NULL,OGC:WMS,https://bio.discomap.eea.europa.eu/arcgis/services/EUNIS/Mosaic_Forest/ImageServer/WMSServer?request=GetCapabilities&service=WMS,NULL,2026-06-22 09:51:35.527 +0300
507,7024,10.2909/1b43939a-cb20-4eb8-b6e7-b454971ed933,NULL,OGC:WMS,https://bio.discomap.eea.europa.eu/arcgis/services/EUNIS/Forest_Distribution_point/MapServer/WMSServer?request=GetCapabilities&service=WMS,NULL,2026-06-22 09:51:35.527 +0300
1501,16325,10.2909/1b43939a-cb20-4eb8-b6e7-b454971ed933,NULL,OGC:WMS,https://bio.discomap.eea.europa.eu/arcgis/services/EUNIS/Forest_Distribution_point/MapServer/WMSServer?request=GetCapabilities&service=WMS,NULL,2026-06-22 09:51:35.527 +0300
1583,27734,10.2909/1b43939a-cb20-4eb8-b6e7-b454971ed933,NULL,OGC:WMS,https://bio.discomap.eea.europa.eu/arcgis/services/EUNIS/Forest_Distribution_point/MapServer/WMSServer?request=GetCapabilities&service=WMS,NULL,2026-06-22 09:51:35.527 +0300
4257,516295,10.2909/1b43939a-cb20-4eb8-b6e7-b454971ed933,NULL,OGC:WMS,https://bio.discomap.eea.europa.eu/arcgis/services/EUNIS/Forest_Distribution_point/MapServer/WMSServer?request=GetCapabilities&service=WMS,NULL,2026-06-22 09:51:35.527 +0300
810,6797,10.2909/1e42e939-73ec-4e82-82ae-3625ecffc907,NULL,OGC:WMS,https://land.discomap.eea.europa.eu/arcgis/services/Imperviousness/Imperviousness2018v2024/MapServer/WMSServer?request=GetCapabilities&service=WMS,NULL,2026-06-22 09:51:35.527 +0300
1480,16078,10.2909/1e42e939-73ec-4e82-82ae-3625ecffc907,NULL,OGC:WMS,https://land.discomap.eea.europa.eu/arcgis/services/Imperviousness/Imperviousness2018v2024/MapServer/WMSServer?request=GetCapabilities&service=WMS,NULL,2026-06-22 09:51:35.527 +0300
1571,27551,10.2909/1e42e939-73ec-4e82-82ae-3625ecffc907,NULL,OGC:WMS,https://land.discomap.eea.europa.eu/arcgis/services/Imperviousness/Imperviousness2018v2024/MapServer/WMSServer?request=GetCapabilities&service=WMS,NULL,2026-06-22 09:51:35.527 +0300
4253,516171,10.2909/1e42e939-73ec-4e82-82ae-3625ecffc907,NULL,OGC:WMS,https://land.discomap.eea.europa.eu/arcgis/services/Imperviousness/Imperviousness2018v2024/MapServer/WMSServer?request=GetCapabilities&service=WMS,NULL,2026-06-22 09:51:35.527 +0300
766,6476,10.2909/511912cb-8707-4930-ace5-97984cd6f1b6,HRL_CPL:CPBSB_S2017,OGC:WMS,https://geoserver.vlcc.geoville.com/geoserver/ows?service=WMS&version=1.3.0&request=GetCapabilities,CLMS_HRL_BareSoilBefore_S2017_R10m,2026-06-22 09:51:35.527 +0300
767,6477,10.2909/511912cb-8707-4930-ace5-97984cd6f1b6,HRL_CPL:CPBSB_S2018,OGC:WMS,https://geoserver.vlcc.geoville.com/geoserver/ows?service=WMS&version=1.3.0&request=GetCapabilities,CLMS_HRL_BareSoilBefore_S2018_R10m,2026-06-22 09:51:35.527 +0300
768,6478,10.2909/511912cb-8707-4930-ace5-97984cd6f1b6,HRL_CPL:CPBSB_S2019,OGC:WMS,https://geoserver.vlcc.geoville.com/geoserver/ows?service=WMS&version=1.3.0&request=GetCapabilities,CLMS_HRL_BareSoilBefore_S2019_R10m,2026-06-22 09:51:35.527 +0300
769,6479,10.2909/511912cb-8707-4930-ace5-97984cd6f1b6,HRL_CPL:CPBSB_S2020,OGC:WMS,https://geoserver.vlcc.geoville.com/geoserver/ows?service=WMS&version=1.3.0&request=GetCapabilities,CLMS_HRL_BareSoilBefore_S2020_R10m,2026-06-22 09:51:35.527 +0300
840,7070,10.2909/5b3e4da9-4c14-498c-b20e-bc514470eab5,NULL,OGC:WMS,https://bio.discomap.eea.europa.eu/arcgis/services/EUNIS/Mosaic_Saltmarshes/ImageServer/WMSServer?request=GetCapabilities&service=WMS,NULL,2026-06-22 09:51:35.527 +0300
1509,16366,10.2909/5b3e4da9-4c14-498c-b20e-bc514470eab5,NULL,OGC:WMS,https://bio.discomap.eea.europa.eu/arcgis/services/EUNIS/Mosaic_Saltmarshes/ImageServer/WMSServer?request=GetCapabilities&service=WMS,NULL,2026-06-22 09:51:35.527 +0300
1590,27779,10.2909/5b3e4da9-4c14-498c-b20e-bc514470eab5,NULL,OGC:WMS,https://bio.discomap.eea.europa.eu/arcgis/services/EUNIS/Mosaic_Saltmarshes/ImageServer/WMSServer?request=GetCapabilities&service=WMS,NULL,2026-06-22 09:51:35.527 +0300
1933,48002,10.2909/5b3e4da9-4c14-498c-b20e-bc514470eab5,NULL,OGC:WMS,https://bio.discomap.eea.europa.eu/arcgis/services/EUNIS/Mosaic_Saltmarshes/ImageServer/WMSServer?request=GetCapabilities&service=WMS,NULL,2026-06-22 09:51:35.527 +0300
2571,77555,10.2909/5b3e4da9-4c14-498c-b20e-bc514470eab5,NULL,OGC:WMS,https://bio.discomap.eea.europa.eu/arcgis/services/EUNIS/Mosaic_Saltmarshes/ImageServer/WMSServer?request=GetCapabilities&service=WMS,NULL,2026-06-22 09:51:35.527 +0300
2581,84618,10.2909/5b3e4da9-4c14-498c-b20e-bc514470eab5,NULL,OGC:WMS,https://bio.discomap.eea.europa.eu/arcgis/services/EUNIS/Mosaic_Saltmarshes/ImageServer/WMSServer?request=GetCapabilities&service=WMS,NULL,2026-06-22 09:51:35.527 +0300
2613,112533,10.2909/5b3e4da9-4c14-498c-b20e-bc514470eab5,NULL,OGC:WMS,https://bio.discomap.eea.europa.eu/arcgis/services/EUNIS/Mosaic_Saltmarshes/ImageServer/WMSServer?request=GetCapabilities&service=WMS,NULL,2026-06-22 09:51:35.527 +0300
2615,114365,10.2909/5b3e4da9-4c14-498c-b20e-bc514470eab5,NULL,OGC:WMS,https://bio.discomap.eea.europa.eu/arcgis/services/EUNIS/Mosaic_Saltmarshes/ImageServer/WMSServer?request=GetCapabilities&service=WMS,NULL,2026-06-22 09:51:35.527 +0300
2704,138183,10.2909/5b3e4da9-4c14-498c-b20e-bc514470eab5,NULL,OGC:WMS,https://bio.discomap.eea.europa.eu/arcgis/services/EUNIS/Mosaic_Saltmarshes/ImageServer/WMSServer?request=GetCapabilities&service=WMS,NULL,2026-06-22 09:51:35.527 +0300
2707,139930,10.2909/5b3e4da9-4c14-498c-b20e-bc514470eab5,NULL,OGC:WMS,https://bio.discomap.eea.europa.eu/arcgis/services/EUNIS/Mosaic_Saltmarshes/ImageServer/WMSServer?request=GetCapabilities&service=WMS,NULL,2026-06-22 09:51:35.527 +0300
2746,148602,10.2909/5b3e4da9-4c14-498c-b20e-bc514470eab5,NULL,OGC:WMS,https://bio.discomap.eea.europa.eu/arcgis/services/EUNIS/Mosaic_Saltmarshes/ImageServer/WMSServer?request=GetCapabilities&service=WMS,NULL,2026-06-22 09:51:35.527 +0300
2749,150102,10.2909/5b3e4da9-4c14-498c-b20e-bc514470eab5,NULL,OGC:WMS,https://bio.discomap.eea.europa.eu/arcgis/services/EUNIS/Mosaic_Saltmarshes/ImageServer/WMSServer?request=GetCapabilities&service=WMS,NULL,2026-06-22 09:51:35.527 +0300
2813,161941,10.2909/5b3e4da9-4c14-498c-b20e-bc514470eab5,NULL,OGC:WMS,https://bio.discomap.eea.europa.eu/arcgis/services/EUNIS/Mosaic_Saltmarshes/ImageServer/WMSServer?request=GetCapabilities&service=WMS,NULL,2026-06-22 09:51:35.527 +0300
2816,163662,10.2909/5b3e4da9-4c14-498c-b20e-bc514470eab5,NULL,OGC:WMS,https://bio.discomap.eea.europa.eu/arcgis/services/EUNIS/Mosaic_Saltmarshes/ImageServer/WMSServer?request=GetCapabilities&service=WMS,NULL,2026-06-22 09:51:35.527 +0300
2856,169699,10.2909/5b3e4da9-4c14-498c-b20e-bc514470eab5,NULL,OGC:WMS,https://bio.discomap.eea.europa.eu/arcgis/services/EUNIS/Mosaic_Saltmarshes/ImageServer/WMSServer?request=GetCapabilities&service=WMS,NULL,2026-06-22 09:51:35.527 +0300
2859,171327,10.2909/5b3e4da9-4c14-498c-b20e-bc514470eab5,NULL,OGC:WMS,https://bio.discomap.eea.europa.eu/arcgis/services/EUNIS/Mosaic_Saltmarshes/ImageServer/WMSServer?request=GetCapabilities&service=WMS,NULL,2026-06-22 09:51:35.527 +0300
2905,182359,10.2909/5b3e4da9-4c14-498c-b20e-bc514470eab5,NULL,OGC:WMS,https://bio.discomap.eea.europa.eu/arcgis/services/EUNIS/Mosaic_Saltmarshes/ImageServer/WMSServer?request=GetCapabilities&service=WMS,NULL,2026-06-22 09:51:35.527 +0300
2908,183968,10.2909/5b3e4da9-4c14-498c-b20e-bc514470eab5,NULL,OGC:WMS,https://bio.discomap.eea.europa.eu/arcgis/services/EUNIS/Mosaic_Saltmarshes/ImageServer/WMSServer?request=GetCapabilities&service=WMS,NULL,2026-06-22 09:51:35.527 +0300
2977,196928,10.2909/5b3e4da9-4c14-498c-b20e-bc514470eab5,NULL,OGC:WMS,https://bio.discomap.eea.europa.eu/arcgis/services/EUNIS/Mosaic_Saltmarshes/ImageServer/WMSServer?request=GetCapabilities&service=WMS,NULL,2026-06-22 09:51:35.527 +0300
2985,198572,10.2909/5b3e4da9-4c14-498c-b20e-bc514470eab5,NULL,OGC:WMS,https://bio.discomap.eea.europa.eu/arcgis/services/EUNIS/Mosaic_Saltmarshes/ImageServer/WMSServer?request=GetCapabilities&service=WMS,NULL,2026-06-22 09:51:35.527 +0300
3049,211540,10.2909/5b3e4da9-4c14-498c-b20e-bc514470eab5,NULL,OGC:WMS,https://bio.discomap.eea.europa.eu/arcgis/services/EUNIS/Mosaic_Saltmarshes/ImageServer/WMSServer?request=GetCapabilities&service=WMS,NULL,2026-06-22 09:51:35.527 +0300
3069,215073,10.2909/5b3e4da9-4c14-498c-b20e-bc514470eab5,NULL,OGC:WMS,https://bio.discomap.eea.europa.eu/arcgis/services/EUNIS/Mosaic_Saltmarshes/ImageServer/WMSServer?request=GetCapabilities&service=WMS,NULL,2026-06-22 09:51:35.527 +0300
3073,216247,10.2909/5b3e4da9-4c14-498c-b20e-bc514470eab5,NULL,OGC:WMS,https://bio.discomap.eea.europa.eu/arcgis/services/EUNIS/Mosaic_Saltmarshes/ImageServer/WMSServer?request=GetCapabilities&service=WMS,NULL,2026-06-22 09:51:35.527 +0300
3076,217764,10.2909/5b3e4da9-4c14-498c-b20e-bc514470eab5,NULL,OGC:WMS,https://bio.discomap.eea.europa.eu/arcgis/services/EUNIS/Mosaic_Saltmarshes/ImageServer/WMSServer?request=GetCapabilities&service=WMS,NULL,2026-06-22 09:51:35.527 +0300
3138,230387,10.2909/5b3e4da9-4c14-498c-b20e-bc514470eab5,NULL,OGC:WMS,https://bio.discomap.eea.europa.eu/arcgis/services/EUNIS/Mosaic_Saltmarshes/ImageServer/WMSServer?request=GetCapabilities&service=WMS,NULL,2026-06-22 09:51:35.527 +0300
3141,231939,10.2909/5b3e4da9-4c14-498c-b20e-bc514470eab5,NULL,OGC:WMS,https://bio.discomap.eea.europa.eu/arcgis/services/EUNIS/Mosaic_Saltmarshes/ImageServer/WMSServer?request=GetCapabilities&service=WMS,NULL,2026-06-22 09:51:35.527 +0300
3216,246702,10.2909/5b3e4da9-4c14-498c-b20e-bc514470eab5,NULL,OGC:WMS,https://bio.discomap.eea.europa.eu/arcgis/services/EUNIS/Mosaic_Saltmarshes/ImageServer/WMSServer?request=GetCapabilities&service=WMS,NULL,2026-06-22 09:51:35.527 +0300
3220,247043,10.2909/5b3e4da9-4c14-498c-b20e-bc514470eab5,NULL,OGC:WMS,https://bio.discomap.eea.europa.eu/arcgis/services/EUNIS/Mosaic_Saltmarshes/ImageServer/WMSServer?request=GetCapabilities&service=WMS,NULL,2026-06-22 09:51:35.527 +0300
3246,252293,10.2909/5b3e4da9-4c14-498c-b20e-bc514470eab5,NULL,OGC:WMS,https://bio.discomap.eea.europa.eu/arcgis/services/EUNIS/Mosaic_Saltmarshes/ImageServer/WMSServer?request=GetCapabilities&service=WMS,NULL,2026-06-22 09:51:35.527 +0300
3249,253841,10.2909/5b3e4da9-4c14-498c-b20e-bc514470eab5,NULL,OGC:WMS,https://bio.discomap.eea.europa.eu/arcgis/services/EUNIS/Mosaic_Saltmarshes/ImageServer/WMSServer?request=GetCapabilities&service=WMS,NULL,2026-06-22 09:51:35.527 +0300
3258,256791,10.2909/5b3e4da9-4c14-498c-b20e-bc514470eab5,NULL,OGC:WMS,https://bio.discomap.eea.europa.eu/arcgis/services/EUNIS/Mosaic_Saltmarshes/ImageServer/WMSServer?request=GetCapabilities&service=WMS,NULL,2026-06-22 09:51:35.527 +0300
3261,257937,10.2909/5b3e4da9-4c14-498c-b20e-bc514470eab5,NULL,OGC:WMS,https://bio.discomap.eea.europa.eu/arcgis/services/EUNIS/Mosaic_Saltmarshes/ImageServer/WMSServer?request=GetCapabilities&service=WMS,NULL,2026-06-22 09:51:35.527 +0300
3307,269713,10.2909/5b3e4da9-4c14-498c-b20e-bc514470eab5,NULL,OGC:WMS,https://bio.discomap.eea.europa.eu/arcgis/services/EUNIS/Mosaic_Saltmarshes/ImageServer/WMSServer?request=GetCapabilities&service=WMS,NULL,2026-06-22 09:51:35.527 +0300
3311,270838,10.2909/5b3e4da9-4c14-498c-b20e-bc514470eab5,NULL,OGC:WMS,https://bio.discomap.eea.europa.eu/arcgis/services/EUNIS/Mosaic_Saltmarshes/ImageServer/WMSServer?request=GetCapabilities&service=WMS,NULL,2026-06-22 09:51:35.527 +0300
3369,284761,10.2909/5b3e4da9-4c14-498c-b20e-bc514470eab5,NULL,OGC:WMS,https://bio.discomap.eea.europa.eu/arcgis/services/EUNIS/Mosaic_Saltmarshes/ImageServer/WMSServer?request=GetCapabilities&service=WMS,NULL,2026-06-22 09:51:35.527 +0300
3372,286230,10.2909/5b3e4da9-4c14-498c-b20e-bc514470eab5,NULL,OGC:WMS,https://bio.discomap.eea.europa.eu/arcgis/services/EUNIS/Mosaic_Saltmarshes/ImageServer/WMSServer?request=GetCapabilities&service=WMS,NULL,2026-06-22 09:51:35.527 +0300
3440,300639,10.2909/5b3e4da9-4c14-498c-b20e-bc514470eab5,NULL,OGC:WMS,https://bio.discomap.eea.europa.eu/arcgis/services/EUNIS/Mosaic_Saltmarshes/ImageServer/WMSServer?request=GetCapabilities&service=WMS,NULL,2026-06-22 09:51:35.527 +0300
3443,302104,10.2909/5b3e4da9-4c14-498c-b20e-bc514470eab5,NULL,OGC:WMS,https://bio.discomap.eea.europa.eu/arcgis/services/EUNIS/Mosaic_Saltmarshes/ImageServer/WMSServer?request=GetCapabilities&service=WMS,NULL,2026-06-22 09:51:35.527 +0300
3509,316469,10.2909/5b3e4da9-4c14-498c-b20e-bc514470eab5,NULL,OGC:WMS,https://bio.discomap.eea.europa.eu/arcgis/services/EUNIS/Mosaic_Saltmarshes/ImageServer/WMSServer?request=GetCapabilities&service=WMS,NULL,2026-06-22 09:51:35.527 +0300
3512,317936,10.2909/5b3e4da9-4c14-498c-b20e-bc514470eab5,NULL,OGC:WMS,https://bio.discomap.eea.europa.eu/arcgis/services/EUNIS/Mosaic_Saltmarshes/ImageServer/WMSServer?request=GetCapabilities&service=WMS,NULL,2026-06-22 09:51:35.527 +0300
3580,332207,10.2909/5b3e4da9-4c14-498c-b20e-bc514470eab5,NULL,OGC:WMS,https://bio.discomap.eea.europa.eu/arcgis/services/EUNIS/Mosaic_Saltmarshes/ImageServer/WMSServer?request=GetCapabilities&service=WMS,NULL,2026-06-22 09:51:35.527 +0300
3583,333685,10.2909/5b3e4da9-4c14-498c-b20e-bc514470eab5,NULL,OGC:WMS,https://bio.discomap.eea.europa.eu/arcgis/services/EUNIS/Mosaic_Saltmarshes/ImageServer/WMSServer?request=GetCapabilities&service=WMS,NULL,2026-06-22 09:51:35.527 +0300
3653,348519,10.2909/5b3e4da9-4c14-498c-b20e-bc514470eab5,NULL,OGC:WMS,https://bio.discomap.eea.europa.eu/arcgis/services/EUNIS/Mosaic_Saltmarshes/ImageServer/WMSServer?request=GetCapabilities&service=WMS,NULL,2026-06-22 09:51:35.527 +0300
3657,349992,10.2909/5b3e4da9-4c14-498c-b20e-bc514470eab5,NULL,OGC:WMS,https://bio.discomap.eea.europa.eu/arcgis/services/EUNIS/Mosaic_Saltmarshes/ImageServer/WMSServer?request=GetCapabilities&service=WMS,NULL,2026-06-22 09:51:35.527 +0300
3722,364543,10.2909/5b3e4da9-4c14-498c-b20e-bc514470eab5,NULL,OGC:WMS,https://bio.discomap.eea.europa.eu/arcgis/services/EUNIS/Mosaic_Saltmarshes/ImageServer/WMSServer?request=GetCapabilities&service=WMS,NULL,2026-06-22 09:51:35.527 +0300
3726,366036,10.2909/5b3e4da9-4c14-498c-b20e-bc514470eab5,NULL,OGC:WMS,https://bio.discomap.eea.europa.eu/arcgis/services/EUNIS/Mosaic_Saltmarshes/ImageServer/WMSServer?request=GetCapabilities&service=WMS,NULL,2026-06-22 09:51:35.527 +0300
3775,378031,10.2909/5b3e4da9-4c14-498c-b20e-bc514470eab5,NULL,OGC:WMS,https://bio.discomap.eea.europa.eu/arcgis/services/EUNIS/Mosaic_Saltmarshes/ImageServer/WMSServer?request=GetCapabilities&service=WMS,NULL,2026-06-22 09:51:35.527 +0300
3779,379470,10.2909/5b3e4da9-4c14-498c-b20e-bc514470eab5,NULL,OGC:WMS,https://bio.discomap.eea.europa.eu/arcgis/services/EUNIS/Mosaic_Saltmarshes/ImageServer/WMSServer?request=GetCapabilities&service=WMS,NULL,2026-06-22 09:51:35.527 +0300
3828,391009,10.2909/5b3e4da9-4c14-498c-b20e-bc514470eab5,NULL,OGC:WMS,https://bio.discomap.eea.europa.eu/arcgis/services/EUNIS/Mosaic_Saltmarshes/ImageServer/WMSServer?request=GetCapabilities&service=WMS,NULL,2026-06-22 09:51:35.527 +0300
3832,392497,10.2909/5b3e4da9-4c14-498c-b20e-bc514470eab5,NULL,OGC:WMS,https://bio.discomap.eea.europa.eu/arcgis/services/EUNIS/Mosaic_Saltmarshes/ImageServer/WMSServer?request=GetCapabilities&service=WMS,NULL,2026-06-22 09:51:35.527 +0300
3960,427508,10.2909/5b3e4da9-4c14-498c-b20e-bc514470eab5,NULL,OGC:WMS,https://bio.discomap.eea.europa.eu/arcgis/services/EUNIS/Mosaic_Saltmarshes/ImageServer/WMSServer?request=GetCapabilities&service=WMS,NULL,2026-06-22 09:51:35.527 +0300
3965,429049,10.2909/5b3e4da9-4c14-498c-b20e-bc514470eab5,NULL,OGC:WMS,https://bio.discomap.eea.europa.eu/arcgis/services/EUNIS/Mosaic_Saltmarshes/ImageServer/WMSServer?request=GetCapabilities&service=WMS,NULL,2026-06-22 09:51:35.527 +0300
4008,439964,10.2909/5b3e4da9-4c14-498c-b20e-bc514470eab5,NULL,OGC:WMS,https://bio.discomap.eea.europa.eu/arcgis/services/EUNIS/Mosaic_Saltmarshes/ImageServer/WMSServer?request=GetCapabilities&service=WMS,NULL,2026-06-22 09:51:35.527 +0300
4012,441372,10.2909/5b3e4da9-4c14-498c-b20e-bc514470eab5,NULL,OGC:WMS,https://bio.discomap.eea.europa.eu/arcgis/services/EUNIS/Mosaic_Saltmarshes/ImageServer/WMSServer?request=GetCapabilities&service=WMS,NULL,2026-06-22 09:51:35.527 +0300
4104,472495,10.2909/5b3e4da9-4c14-498c-b20e-bc514470eab5,NULL,OGC:WMS,https://bio.discomap.eea.europa.eu/arcgis/services/EUNIS/Mosaic_Saltmarshes/ImageServer/WMSServer?request=GetCapabilities&service=WMS,NULL,2026-06-22 09:51:35.527 +0300
4107,473840,10.2909/5b3e4da9-4c14-498c-b20e-bc514470eab5,NULL,OGC:WMS,https://bio.discomap.eea.europa.eu/arcgis/services/EUNIS/Mosaic_Saltmarshes/ImageServer/WMSServer?request=GetCapabilities&service=WMS,NULL,2026-06-22 09:51:35.527 +0300
4330,519519,10.2909/5b3e4da9-4c14-498c-b20e-bc514470eab5,NULL,OGC:WMS,https://bio.discomap.eea.europa.eu/arcgis/services/EUNIS/Mosaic_Saltmarshes/ImageServer/WMSServer?request=GetCapabilities&service=WMS,NULL,2026-06-22 09:51:35.527 +0300
4364,520345,10.2909/5b3e4da9-4c14-498c-b20e-bc514470eab5,NULL,OGC:WMS,https://bio.discomap.eea.europa.eu/arcgis/services/EUNIS/Mosaic_Saltmarshes/ImageServer/WMSServer?request=GetCapabilities&service=WMS,NULL,2026-06-22 09:51:35.527 +0300
4381,520805,10.2909/5b3e4da9-4c14-498c-b20e-bc514470eab5,NULL,OGC:WMS,https://bio.discomap.eea.europa.eu/arcgis/services/EUNIS/Mosaic_Saltmarshes/ImageServer/WMSServer?request=GetCapabilities&service=WMS,NULL,2026-06-22 09:51:35.527 +0300
4400,521442,10.2909/5b3e4da9-4c14-498c-b20e-bc514470eab5,NULL,OGC:WMS,https://bio.discomap.eea.europa.eu/arcgis/services/EUNIS/Mosaic_Saltmarshes/ImageServer/WMSServer?request=GetCapabilities&service=WMS,NULL,2026-06-22 09:51:35.527 +0300
4446,525601,10.2909/5b3e4da9-4c14-498c-b20e-bc514470eab5,NULL,OGC:WMS,https://bio.discomap.eea.europa.eu/arcgis/services/EUNIS/Mosaic_Saltmarshes/ImageServer/WMSServer?request=GetCapabilities&service=WMS,NULL,2026-06-22 09:51:35.527 +0300
4451,526838,10.2909/5b3e4da9-4c14-498c-b20e-bc514470eab5,NULL,OGC:WMS,https://bio.discomap.eea.europa.eu/arcgis/services/EUNIS/Mosaic_Saltmarshes/ImageServer/WMSServer?request=GetCapabilities&service=WMS,NULL,2026-06-22 09:51:35.527 +0300
773,6498,10.2909/69a44d4d-ef2c-4ae3-bf38-ff9f565252e0,HRL_CPL:CPBSA_S2017,OGC:WMS,https://geoserver.vlcc.geoville.com/geoserver/ows?service=WMS&version=1.3.0&request=GetCapabilities,CLMS_HRL_BareSoilAfter_S2017_R10m,2026-06-22 09:51:35.527 +0300
774,6499,10.2909/69a44d4d-ef2c-4ae3-bf38-ff9f565252e0,HRL_CPL:CPBSA_S2018,OGC:WMS,https://geoserver.vlcc.geoville.com/geoserver/ows?service=WMS&version=1.3.0&request=GetCapabilities,CLMS_HRL_BareSoilAfter_S2018_R10m,2026-06-22 09:51:35.527 +0300
775,6500,10.2909/69a44d4d-ef2c-4ae3-bf38-ff9f565252e0,HRL_CPL:CPBSA_S2019,OGC:WMS,https://geoserver.vlcc.geoville.com/geoserver/ows?service=WMS&version=1.3.0&request=GetCapabilities,CLMS_HRL_BareSoilAfter_S2019_R10m,2026-06-22 09:51:35.527 +0300
776,6501,10.2909/69a44d4d-ef2c-4ae3-bf38-ff9f565252e0,HRL_CPL:CPBSA_S2020,OGC:WMS,https://geoserver.vlcc.geoville.com/geoserver/ows?service=WMS&version=1.3.0&request=GetCapabilities,CLMS_HRL_BareSoilAfter_S2020_R10m,2026-06-22 09:51:35.527 +0300
777,6502,10.2909/69a44d4d-ef2c-4ae3-bf38-ff9f565252e0,HRL_CPL:CPBSA_S2021,OGC:WMS,https://geoserver.vlcc.geoville.com/geoserver/ows?service=WMS&version=1.3.0&request=GetCapabilities,CLMS_HRL_BareSoilAfter_S2021_R10m,2026-06-22 09:51:35.527 +0300
795,6598,10.2909/707f3c1f-4ecd-4cd1-bb7e-5091f0f36c4c,NULL,OGC:WMS,https://bio.discomap.eea.europa.eu/arcgis/services/EUNIS/Sparsely_Distribution_point/MapServer/WMSServer?request=GetCapabilities&service=WMS,NULL,2026-06-22 09:51:35.527 +0300
1473,15883,10.2909/707f3c1f-4ecd-4cd1-bb7e-5091f0f36c4c,NULL,OGC:WMS,https://bio.discomap.eea.europa.eu/arcgis/services/EUNIS/Sparsely_Distribution_point/MapServer/WMSServer?request=GetCapabilities&service=WMS,NULL,2026-06-22 09:51:35.527 +0300
1562,27348,10.2909/707f3c1f-4ecd-4cd1-bb7e-5091f0f36c4c,NULL,OGC:WMS,https://bio.discomap.eea.europa.eu/arcgis/services/EUNIS/Sparsely_Distribution_point/MapServer/WMSServer?request=GetCapabilities&service=WMS,NULL,2026-06-22 09:51:35.527 +0300
4247,516099,10.2909/707f3c1f-4ecd-4cd1-bb7e-5091f0f36c4c,NULL,OGC:WMS,https://bio.discomap.eea.europa.eu/arcgis/services/EUNIS/Sparsely_Distribution_point/MapServer/WMSServer?request=GetCapabilities&service=WMS,NULL,2026-06-22 09:51:35.527 +0300
839,7064,10.2909/70fbb9d1-b61b-4bdc-973b-fec4d8835ccd,NULL,OGC:WMS,https://bio.discomap.eea.europa.eu/arcgis/services/EUNIS/Mosaic_Grassland/ImageServer/WMSServer?request=GetCapabilities&service=WMS,NULL,2026-06-22 09:51:35.527 +0300
1508,16360,10.2909/70fbb9d1-b61b-4bdc-973b-fec4d8835ccd,NULL,OGC:WMS,https://bio.discomap.eea.europa.eu/arcgis/services/EUNIS/Mosaic_Grassland/ImageServer/WMSServer?request=GetCapabilities&service=WMS,NULL,2026-06-22 09:51:35.527 +0300
1589,27773,10.2909/70fbb9d1-b61b-4bdc-973b-fec4d8835ccd,NULL,OGC:WMS,https://bio.discomap.eea.europa.eu/arcgis/services/EUNIS/Mosaic_Grassland/ImageServer/WMSServer?request=GetCapabilities&service=WMS,NULL,2026-06-22 09:51:35.527 +0300
1931,47990,10.2909/70fbb9d1-b61b-4bdc-973b-fec4d8835ccd,NULL,OGC:WMS,https://bio.discomap.eea.europa.eu/arcgis/services/EUNIS/Mosaic_Grassland/ImageServer/WMSServer?request=GetCapabilities&service=WMS,NULL,2026-06-22 09:51:35.527 +0300
4317,518815,10.2909/70fbb9d1-b61b-4bdc-973b-fec4d8835ccd,NULL,OGC:WMS,https://bio.discomap.eea.europa.eu/arcgis/services/EUNIS/Mosaic_Grassland/ImageServer/WMSServer?request=GetCapabilities&service=WMS,NULL,2026-06-22 09:51:35.527 +0300
4331,519565,10.2909/70fbb9d1-b61b-4bdc-973b-fec4d8835ccd,NULL,OGC:WMS,https://bio.discomap.eea.europa.eu/arcgis/services/EUNIS/Mosaic_Grassland/ImageServer/WMSServer?request=GetCapabilities&service=WMS,NULL,2026-06-22 09:51:35.527 +0300
814,6825,10.2909/7db5272f-5825-442b-9fa0-8b1c424f4ff1,NULL,OGC:WMS,https://land.discomap.eea.europa.eu/arcgis/services/Imperviousness/Imperviousness2006v2024/MapServer/WMSServer?request=GetCapabilities&service=WMS,NULL,2026-06-22 09:51:35.527 +0300
1484,16106,10.2909/7db5272f-5825-442b-9fa0-8b1c424f4ff1,NULL,OGC:WMS,https://land.discomap.eea.europa.eu/arcgis/services/Imperviousness/Imperviousness2006v2024/MapServer/WMSServer?request=GetCapabilities&service=WMS,NULL,2026-06-22 09:51:35.527 +0300
4249,516139,10.2909/7db5272f-5825-442b-9fa0-8b1c424f4ff1,NULL,OGC:WMS,https://land.discomap.eea.europa.eu/arcgis/services/Imperviousness/Imperviousness2006v2024/MapServer/WMSServer?request=GetCapabilities&service=WMS,NULL,2026-06-22 09:51:35.527 +0300
817,6849,10.2909/917348e8-42ea-4df9-8fe8-4d47bcd8d241,NULL,OGC:WMS,https://bio.discomap.eea.europa.eu/arcgis/services/EUNIS/MosaicSuit_Wetlands/ImageServer/WMSServer?request=GetCapabilities&service=WMS,WMS Web Map Service,2026-06-22 09:51:35.527 +0300
1485,16130,10.2909/917348e8-42ea-4df9-8fe8-4d47bcd8d241,NULL,OGC:WMS,https://bio.discomap.eea.europa.eu/arcgis/services/EUNIS/MosaicSuit_Wetlands/ImageServer/WMSServer?request=GetCapabilities&service=WMS,WMS Web Map Service,2026-06-22 09:51:35.527 +0300
1854,45099,10.2909/917348e8-42ea-4df9-8fe8-4d47bcd8d241,NULL,OGC:WMS,https://bio.discomap.eea.europa.eu/arcgis/services/EUNIS/MosaicSuit_Wetlands/ImageServer/WMSServer?request=GetCapabilities&service=WMS,WMS Web Map Service,2026-06-22 09:51:35.527 +0300
4287,517382,10.2909/917348e8-42ea-4df9-8fe8-4d47bcd8d241,NULL,OGC:WMS,https://bio.discomap.eea.europa.eu/arcgis/services/EUNIS/MosaicSuit_Wetlands/ImageServer/WMSServer?request=GetCapabilities&service=WMS,WMS Web Map Service,2026-06-22 09:51:35.527 +0300
4299,517833,10.2909/917348e8-42ea-4df9-8fe8-4d47bcd8d241,NULL,OGC:WMS,https://bio.discomap.eea.europa.eu/arcgis/services/EUNIS/MosaicSuit_Wetlands/ImageServer/WMSServer?request=GetCapabilities&service=WMS,WMS Web Map Service,2026-06-22 09:51:35.527 +0300
4304,518163,10.2909/917348e8-42ea-4df9-8fe8-4d47bcd8d241,NULL,OGC:WMS,https://bio.discomap.eea.europa.eu/arcgis/services/EUNIS/MosaicSuit_Wetlands/ImageServer/WMSServer?request=GetCapabilities&service=WMS,WMS Web Map Service,2026-06-22 09:51:35.527 +0300
4306,518400,10.2909/917348e8-42ea-4df9-8fe8-4d47bcd8d241,NULL,OGC:WMS,https://bio.discomap.eea.europa.eu/arcgis/services/EUNIS/MosaicSuit_Wetlands/ImageServer/WMSServer?request=GetCapabilities&service=WMS,WMS Web Map Service,2026-06-22 09:51:35.527 +0300
749,6381,10.2909/96b7f7df-3f79-4001-b489-1d918c813a62,NULL,OGC:WMS,https://bio.discomap.eea.europa.eu/arcgis/services/EUNIS/Mosaic_Sparsely/ImageServer/WMSServer?request=GetCapabilities&service=WMS,NULL,2026-06-22 09:51:35.527 +0300
1471,15670,10.2909/96b7f7df-3f79-4001-b489-1d918c813a62,NULL,OGC:WMS,https://bio.discomap.eea.europa.eu/arcgis/services/EUNIS/Mosaic_Sparsely/ImageServer/WMSServer?request=GetCapabilities&service=WMS,NULL,2026-06-22 09:51:35.527 +0300
1561,27074,10.2909/96b7f7df-3f79-4001-b489-1d918c813a62,NULL,OGC:WMS,https://bio.discomap.eea.europa.eu/arcgis/services/EUNIS/Mosaic_Sparsely/ImageServer/WMSServer?request=GetCapabilities&service=WMS,NULL,2026-06-22 09:51:35.527 +0300
2563,76771,10.2909/96b7f7df-3f79-4001-b489-1d918c813a62,NULL,OGC:WMS,https://bio.discomap.eea.europa.eu/arcgis/services/EUNIS/Mosaic_Sparsely/ImageServer/WMSServer?request=GetCapabilities&service=WMS,NULL,2026-06-22 09:51:35.527 +0300
2565,76965,10.2909/96b7f7df-3f79-4001-b489-1d918c813a62,NULL,OGC:WMS,https://bio.discomap.eea.europa.eu/arcgis/services/EUNIS/Mosaic_Sparsely/ImageServer/WMSServer?request=GetCapabilities&service=WMS,NULL,2026-06-22 09:51:35.527 +0300
4313,518764,10.2909/96b7f7df-3f79-4001-b489-1d918c813a62,NULL,OGC:WMS,https://bio.discomap.eea.europa.eu/arcgis/services/EUNIS/Mosaic_Sparsely/ImageServer/WMSServer?request=GetCapabilities&service=WMS,NULL,2026-06-22 09:51:35.527 +0300
4323,519101,10.2909/96b7f7df-3f79-4001-b489-1d918c813a62,NULL,OGC:WMS,https://bio.discomap.eea.europa.eu/arcgis/services/EUNIS/Mosaic_Sparsely/ImageServer/WMSServer?request=GetCapabilities&service=WMS,NULL,2026-06-22 09:51:35.527 +0300
4324,519146,10.2909/96b7f7df-3f79-4001-b489-1d918c813a62,NULL,OGC:WMS,https://bio.discomap.eea.europa.eu/arcgis/services/EUNIS/Mosaic_Sparsely/ImageServer/WMSServer?request=GetCapabilities&service=WMS,NULL,2026-06-22 09:51:35.527 +0300
4325,519202,10.2909/96b7f7df-3f79-4001-b489-1d918c813a62,NULL,OGC:WMS,https://bio.discomap.eea.europa.eu/arcgis/services/EUNIS/Mosaic_Sparsely/ImageServer/WMSServer?request=GetCapabilities&service=WMS,NULL,2026-06-22 09:51:35.527 +0300
811,6804,10.2909/971345a4-c826-49ab-9c61-46d48dbc509b,NULL,OGC:WMS,https://land.discomap.eea.europa.eu/arcgis/services/Imperviousness/Imperviousness2012v2024/MapServer/WMSServer?request=GetCapabilities&service=WMS,NULL,2026-06-22 09:51:35.527 +0300
1481,16085,10.2909/971345a4-c826-49ab-9c61-46d48dbc509b,NULL,OGC:WMS,https://land.discomap.eea.europa.eu/arcgis/services/Imperviousness/Imperviousness2012v2024/MapServer/WMSServer?request=GetCapabilities&service=WMS,NULL,2026-06-22 09:51:35.527 +0300
4251,516155,10.2909/971345a4-c826-49ab-9c61-46d48dbc509b,NULL,OGC:WMS,https://land.discomap.eea.europa.eu/arcgis/services/Imperviousness/Imperviousness2012v2024/MapServer/WMSServer?request=GetCapabilities&service=WMS,NULL,2026-06-22 09:51:35.527 +0300
798,6616,10.2909/a6c48c2d-114f-406e-ba99-c9085a5f5aee,NULL,OGC:WMS,https://bio.discomap.eea.europa.eu/arcgis/services/EUNIS/MosaicProb_Sparsely/ImageServer/WMSServer?request=GetCapabilities&service=WMS,NULL,2026-06-22 09:51:35.527 +0300
1474,15897,10.2909/a6c48c2d-114f-406e-ba99-c9085a5f5aee,NULL,OGC:WMS,https://bio.discomap.eea.europa.eu/arcgis/services/EUNIS/MosaicProb_Sparsely/ImageServer/WMSServer?request=GetCapabilities&service=WMS,NULL,2026-06-22 09:51:35.527 +0300
1564,27362,10.2909/a6c48c2d-114f-406e-ba99-c9085a5f5aee,NULL,OGC:WMS,https://bio.discomap.eea.europa.eu/arcgis/services/EUNIS/MosaicProb_Sparsely/ImageServer/WMSServer?request=GetCapabilities&service=WMS,NULL,2026-06-22 09:51:35.527 +0300
1926,47949,10.2909/a6c48c2d-114f-406e-ba99-c9085a5f5aee,NULL,OGC:WMS,https://bio.discomap.eea.europa.eu/arcgis/services/EUNIS/MosaicProb_Sparsely/ImageServer/WMSServer?request=GetCapabilities&service=WMS,NULL,2026-06-22 09:51:35.527 +0300
4314,518785,10.2909/a6c48c2d-114f-406e-ba99-c9085a5f5aee,NULL,OGC:WMS,https://bio.discomap.eea.europa.eu/arcgis/services/EUNIS/MosaicProb_Sparsely/ImageServer/WMSServer?request=GetCapabilities&service=WMS,NULL,2026-06-22 09:51:35.527 +0300
4326,519214,10.2909/a6c48c2d-114f-406e-ba99-c9085a5f5aee,NULL,OGC:WMS,https://bio.discomap.eea.europa.eu/arcgis/services/EUNIS/MosaicProb_Sparsely/ImageServer/WMSServer?request=GetCapabilities&service=WMS,NULL,2026-06-22 09:51:35.527 +0300
4327,519420,10.2909/a6c48c2d-114f-406e-ba99-c9085a5f5aee,NULL,OGC:WMS,https://bio.discomap.eea.europa.eu/arcgis/services/EUNIS/MosaicProb_Sparsely/ImageServer/WMSServer?request=GetCapabilities&service=WMS,NULL,2026-06-22 09:51:35.527 +0300
4363,520336,10.2909/a6c48c2d-114f-406e-ba99-c9085a5f5aee,NULL,OGC:WMS,https://bio.discomap.eea.europa.eu/arcgis/services/EUNIS/MosaicProb_Sparsely/ImageServer/WMSServer?request=GetCapabilities&service=WMS,NULL,2026-06-22 09:51:35.527 +0300
4380,520795,10.2909/a6c48c2d-114f-406e-ba99-c9085a5f5aee,NULL,OGC:WMS,https://bio.discomap.eea.europa.eu/arcgis/services/EUNIS/MosaicProb_Sparsely/ImageServer/WMSServer?request=GetCapabilities&service=WMS,NULL,2026-06-22 09:51:35.527 +0300
4398,521422,10.2909/a6c48c2d-114f-406e-ba99-c9085a5f5aee,NULL,OGC:WMS,https://bio.discomap.eea.europa.eu/arcgis/services/EUNIS/MosaicProb_Sparsely/ImageServer/WMSServer?request=GetCapabilities&service=WMS,NULL,2026-06-22 09:51:35.527 +0300
813,6818,10.2909/de2df446-c93b-4bea-8fc1-cad0d1d976ce,NULL,OGC:WMS,https://land.discomap.eea.europa.eu/arcgis/services/Imperviousness/Imperviousness2009v2024/MapServer/WMSServer?request=GetCapabilities&service=WMS,NULL,2026-06-22 09:51:35.527 +0300
1483,16099,10.2909/de2df446-c93b-4bea-8fc1-cad0d1d976ce,NULL,OGC:WMS,https://land.discomap.eea.europa.eu/arcgis/services/Imperviousness/Imperviousness2009v2024/MapServer/WMSServer?request=GetCapabilities&service=WMS,NULL,2026-06-22 09:51:35.527 +0300
1572,27558,10.2909/de2df446-c93b-4bea-8fc1-cad0d1d976ce,NULL,OGC:WMS,https://land.discomap.eea.europa.eu/arcgis/services/Imperviousness/Imperviousness2009v2024/MapServer/WMSServer?request=GetCapabilities&service=WMS,NULL,2026-06-22 09:51:35.527 +0300
4250,516147,10.2909/de2df446-c93b-4bea-8fc1-cad0d1d976ce,NULL,OGC:WMS,https://land.discomap.eea.europa.eu/arcgis/services/Imperviousness/Imperviousness2009v2024/MapServer/WMSServer?request=GetCapabilities&service=WMS,NULL,2026-06-22 09:51:35.527 +0300
812,6811,10.2909/deea2778-7023-4b81-8eab-8f3a0ac43661,NULL,OGC:WMS,https://land.discomap.eea.europa.eu/arcgis/services/Imperviousness/Imperviousness2015v2024/MapServer/WMSServer?request=GetCapabilities&service=WMS,NULL,2026-06-22 09:51:35.527 +0300
1482,16092,10.2909/deea2778-7023-4b81-8eab-8f3a0ac43661,NULL,OGC:WMS,https://land.discomap.eea.europa.eu/arcgis/services/Imperviousness/Imperviousness2015v2024/MapServer/WMSServer?request=GetCapabilities&service=WMS,NULL,2026-06-22 09:51:35.527 +0300
4252,516164,10.2909/deea2778-7023-4b81-8eab-8f3a0ac43661,NULL,OGC:WMS,https://land.discomap.eea.europa.eu/arcgis/services/Imperviousness/Imperviousness2015v2024/MapServer/WMSServer?request=GetCapabilities&service=WMS,NULL,2026-06-22 09:51:35.527 +0300
836,6957,10.2909/f425a73e-dc6c-40be-93d6-9d234d4bbe1b,NULL,OGC:WMS,https://bio.discomap.eea.europa.eu/arcgis/services/EUNIS/MosaicProb_Forest/ImageServer/WMSServer?request=GetCapabilities&service=WMS,Forest probability WMS service,2026-06-22 09:51:35.527 +0300
1493,16244,10.2909/f425a73e-dc6c-40be-93d6-9d234d4bbe1b,NULL,OGC:WMS,https://bio.discomap.eea.europa.eu/arcgis/services/EUNIS/MosaicProb_Forest/ImageServer/WMSServer?request=GetCapabilities&service=WMS,Forest probability WMS service,2026-06-22 09:51:35.527 +0300
4256,516258,10.2909/f425a73e-dc6c-40be-93d6-9d234d4bbe1b,NULL,OGC:WMS,https://bio.discomap.eea.europa.eu/arcgis/services/EUNIS/MosaicProb_Forest/ImageServer/WMSServer?request=GetCapabilities&service=WMS,Forest probability WMS service,2026-06-22 09:51:35.527 +0300
842,7083,10.2909/f97c9bdc-3bdc-45e9-8f28-e687702096d7,NULL,OGC:WMS,https://bio.discomap.eea.europa.eu/arcgis/services/EUNIS/Mosaic_Coastal/ImageServer/WMSServer?request=GetCapabilities&service=WMS,NULL,2026-06-22 09:51:35.527 +0300
1502,16380,10.2909/f97c9bdc-3bdc-45e9-8f28-e687702096d7,NULL,OGC:WMS,https://bio.discomap.eea.europa.eu/arcgis/services/EUNIS/Mosaic_Coastal/ImageServer/WMSServer?request=GetCapabilities&service=WMS,NULL,2026-06-22 09:51:35.527 +0300
1592,27793,10.2909/f97c9bdc-3bdc-45e9-8f28-e687702096d7,NULL,OGC:WMS,https://bio.discomap.eea.europa.eu/arcgis/services/EUNIS/Mosaic_Coastal/ImageServer/WMSServer?request=GetCapabilities&service=WMS,NULL,2026-06-22 09:51:35.527 +0300
1727,43901,10.2909/f97c9bdc-3bdc-45e9-8f28-e687702096d7,NULL,OGC:WMS,https://bio.discomap.eea.europa.eu/arcgis/services/EUNIS/Mosaic_Coastal/ImageServer/WMSServer?request=GetCapabilities&service=WMS,NULL,2026-06-22 09:51:35.527 +0300
4298,517739,10.2909/f97c9bdc-3bdc-45e9-8f28-e687702096d7,NULL,OGC:WMS,https://bio.discomap.eea.europa.eu/arcgis/services/EUNIS/Mosaic_Coastal/ImageServer/WMSServer?request=GetCapabilities&service=WMS,NULL,2026-06-22 09:51:35.527 +0300
4301,517853,10.2909/f97c9bdc-3bdc-45e9-8f28-e687702096d7,NULL,OGC:WMS,https://bio.discomap.eea.europa.eu/arcgis/services/EUNIS/Mosaic_Coastal/ImageServer/WMSServer?request=GetCapabilities&service=WMS,NULL,2026-06-22 09:51:35.527 +0300
4305,518220,10.2909/f97c9bdc-3bdc-45e9-8f28-e687702096d7,NULL,OGC:WMS,https://bio.discomap.eea.europa.eu/arcgis/services/EUNIS/Mosaic_Coastal/ImageServer/WMSServer?request=GetCapabilities&service=WMS,NULL,2026-06-22 09:51:35.527 +0300
2271,56805,20497e23-38f5-442b-b001-bdf181b1028e,NULL,OGC:WMS,https://wms.nibio.no/cgi-bin/jordsmonn?SERVICE=WMS&VERSION=1.3.0&REQUEST=GetCapabilities,NULL,2026-06-22 09:51:35.527 +0300
2589,91086,20497e23-38f5-442b-b001-bdf181b1028e,NULL,OGC:WMS,https://wms.nibio.no/cgi-bin/jordsmonn?SERVICE=WMS&VERSION=1.3.0&REQUEST=GetCapabilities,NULL,2026-06-22 09:51:35.527 +0300
2593,96677,20497e23-38f5-442b-b001-bdf181b1028e,NULL,OGC:WMS,https://wms.nibio.no/cgi-bin/jordsmonn?SERVICE=WMS&VERSION=1.3.0&REQUEST=GetCapabilities,NULL,2026-06-22 09:51:35.527 +0300
2712,140896,20497e23-38f5-442b-b001-bdf181b1028e,NULL,OGC:WMS,https://wms.nibio.no/cgi-bin/jordsmonn?SERVICE=WMS&VERSION=1.3.0&REQUEST=GetCapabilities,NULL,2026-06-22 09:51:35.527 +0300
2716,141487,20497e23-38f5-442b-b001-bdf181b1028e,NULL,OGC:WMS,https://wms.nibio.no/cgi-bin/jordsmonn?SERVICE=WMS&VERSION=1.3.0&REQUEST=GetCapabilities,NULL,2026-06-22 09:51:35.527 +0300
2754,151014,20497e23-38f5-442b-b001-bdf181b1028e,NULL,OGC:WMS,https://wms.nibio.no/cgi-bin/jordsmonn?SERVICE=WMS&VERSION=1.3.0&REQUEST=GetCapabilities,NULL,2026-06-22 09:51:35.527 +0300
2758,151573,20497e23-38f5-442b-b001-bdf181b1028e,NULL,OGC:WMS,https://wms.nibio.no/cgi-bin/jordsmonn?SERVICE=WMS&VERSION=1.3.0&REQUEST=GetCapabilities,NULL,2026-06-22 09:51:35.527 +0300
2821,164591,20497e23-38f5-442b-b001-bdf181b1028e,NULL,OGC:WMS,https://wms.nibio.no/cgi-bin/jordsmonn?SERVICE=WMS&VERSION=1.3.0&REQUEST=GetCapabilities,NULL,2026-06-22 09:51:35.527 +0300
2825,165175,20497e23-38f5-442b-b001-bdf181b1028e,NULL,OGC:WMS,https://wms.nibio.no/cgi-bin/jordsmonn?SERVICE=WMS&VERSION=1.3.0&REQUEST=GetCapabilities,NULL,2026-06-22 09:51:35.527 +0300
2864,172212,20497e23-38f5-442b-b001-bdf181b1028e,NULL,OGC:WMS,https://wms.nibio.no/cgi-bin/jordsmonn?SERVICE=WMS&VERSION=1.3.0&REQUEST=GetCapabilities,NULL,2026-06-22 09:51:35.527 +0300
2877,173663,20497e23-38f5-442b-b001-bdf181b1028e,NULL,OGC:WMS,https://wms.nibio.no/cgi-bin/jordsmonn?SERVICE=WMS&VERSION=1.3.0&REQUEST=GetCapabilities,NULL,2026-06-22 09:51:35.527 +0300
2913,184829,20497e23-38f5-442b-b001-bdf181b1028e,NULL,OGC:WMS,https://wms.nibio.no/cgi-bin/jordsmonn?SERVICE=WMS&VERSION=1.3.0&REQUEST=GetCapabilities,NULL,2026-06-22 09:51:35.527 +0300
2917,185348,20497e23-38f5-442b-b001-bdf181b1028e,NULL,OGC:WMS,https://wms.nibio.no/cgi-bin/jordsmonn?SERVICE=WMS&VERSION=1.3.0&REQUEST=GetCapabilities,NULL,2026-06-22 09:51:35.527 +0300
2990,199493,20497e23-38f5-442b-b001-bdf181b1028e,NULL,OGC:WMS,https://wms.nibio.no/cgi-bin/jordsmonn?SERVICE=WMS&VERSION=1.3.0&REQUEST=GetCapabilities,NULL,2026-06-22 09:51:35.527 +0300
2994,200049,20497e23-38f5-442b-b001-bdf181b1028e,NULL,OGC:WMS,https://wms.nibio.no/cgi-bin/jordsmonn?SERVICE=WMS&VERSION=1.3.0&REQUEST=GetCapabilities,NULL,2026-06-22 09:51:35.527 +0300
3081,218617,20497e23-38f5-442b-b001-bdf181b1028e,NULL,OGC:WMS,https://wms.nibio.no/cgi-bin/jordsmonn?SERVICE=WMS&VERSION=1.3.0&REQUEST=GetCapabilities,NULL,2026-06-22 09:51:35.527 +0300
3085,219121,20497e23-38f5-442b-b001-bdf181b1028e,NULL,OGC:WMS,https://wms.nibio.no/cgi-bin/jordsmonn?SERVICE=WMS&VERSION=1.3.0&REQUEST=GetCapabilities,NULL,2026-06-22 09:51:35.527 +0300
3146,232791,20497e23-38f5-442b-b001-bdf181b1028e,NULL,OGC:WMS,https://wms.nibio.no/cgi-bin/jordsmonn?SERVICE=WMS&VERSION=1.3.0&REQUEST=GetCapabilities,NULL,2026-06-22 09:51:35.527 +0300
3150,233310,20497e23-38f5-442b-b001-bdf181b1028e,NULL,OGC:WMS,https://wms.nibio.no/cgi-bin/jordsmonn?SERVICE=WMS&VERSION=1.3.0&REQUEST=GetCapabilities,NULL,2026-06-22 09:51:35.527 +0300
3254,254781,20497e23-38f5-442b-b001-bdf181b1028e,NULL,OGC:WMS,https://wms.nibio.no/cgi-bin/jordsmonn?SERVICE=WMS&VERSION=1.3.0&REQUEST=GetCapabilities,NULL,2026-06-22 09:51:35.527 +0300
3255,255787,20497e23-38f5-442b-b001-bdf181b1028e,NULL,OGC:WMS,https://wms.nibio.no/cgi-bin/jordsmonn?SERVICE=WMS&VERSION=1.3.0&REQUEST=GetCapabilities,NULL,2026-06-22 09:51:35.527 +0300
3266,258767,20497e23-38f5-442b-b001-bdf181b1028e,NULL,OGC:WMS,https://wms.nibio.no/cgi-bin/jordsmonn?SERVICE=WMS&VERSION=1.3.0&REQUEST=GetCapabilities,NULL,2026-06-22 09:51:35.527 +0300
3270,259279,20497e23-38f5-442b-b001-bdf181b1028e,NULL,OGC:WMS,https://wms.nibio.no/cgi-bin/jordsmonn?SERVICE=WMS&VERSION=1.3.0&REQUEST=GetCapabilities,NULL,2026-06-22 09:51:35.527 +0300
3314,270852,20497e23-38f5-442b-b001-bdf181b1028e,NULL,OGC:WMS,https://wms.nibio.no/cgi-bin/jordsmonn?SERVICE=WMS&VERSION=1.3.0&REQUEST=GetCapabilities,NULL,2026-06-22 09:51:35.527 +0300
3319,271798,20497e23-38f5-442b-b001-bdf181b1028e,NULL,OGC:WMS,https://wms.nibio.no/cgi-bin/jordsmonn?SERVICE=WMS&VERSION=1.3.0&REQUEST=GetCapabilities,NULL,2026-06-22 09:51:35.527 +0300
3377,287113,20497e23-38f5-442b-b001-bdf181b1028e,NULL,OGC:WMS,https://wms.nibio.no/cgi-bin/jordsmonn?SERVICE=WMS&VERSION=1.3.0&REQUEST=GetCapabilities,NULL,2026-06-22 09:51:35.527 +0300
3390,288537,20497e23-38f5-442b-b001-bdf181b1028e,NULL,OGC:WMS,https://wms.nibio.no/cgi-bin/jordsmonn?SERVICE=WMS&VERSION=1.3.0&REQUEST=GetCapabilities,NULL,2026-06-22 09:51:35.527 +0300
3448,302968,20497e23-38f5-442b-b001-bdf181b1028e,NULL,OGC:WMS,https://wms.nibio.no/cgi-bin/jordsmonn?SERVICE=WMS&VERSION=1.3.0&REQUEST=GetCapabilities,NULL,2026-06-22 09:51:35.527 +0300
3461,304403,20497e23-38f5-442b-b001-bdf181b1028e,NULL,OGC:WMS,https://wms.nibio.no/cgi-bin/jordsmonn?SERVICE=WMS&VERSION=1.3.0&REQUEST=GetCapabilities,NULL,2026-06-22 09:51:35.527 +0300
3517,318779,20497e23-38f5-442b-b001-bdf181b1028e,NULL,OGC:WMS,https://wms.nibio.no/cgi-bin/jordsmonn?SERVICE=WMS&VERSION=1.3.0&REQUEST=GetCapabilities,NULL,2026-06-22 09:51:35.527 +0300
3521,319271,20497e23-38f5-442b-b001-bdf181b1028e,NULL,OGC:WMS,https://wms.nibio.no/cgi-bin/jordsmonn?SERVICE=WMS&VERSION=1.3.0&REQUEST=GetCapabilities,NULL,2026-06-22 09:51:35.527 +0300
3588,334536,20497e23-38f5-442b-b001-bdf181b1028e,NULL,OGC:WMS,https://wms.nibio.no/cgi-bin/jordsmonn?SERVICE=WMS&VERSION=1.3.0&REQUEST=GetCapabilities,NULL,2026-06-22 09:51:35.527 +0300
3592,335046,20497e23-38f5-442b-b001-bdf181b1028e,NULL,OGC:WMS,https://wms.nibio.no/cgi-bin/jordsmonn?SERVICE=WMS&VERSION=1.3.0&REQUEST=GetCapabilities,NULL,2026-06-22 09:51:35.527 +0300
3662,350841,20497e23-38f5-442b-b001-bdf181b1028e,NULL,OGC:WMS,https://wms.nibio.no/cgi-bin/jordsmonn?SERVICE=WMS&VERSION=1.3.0&REQUEST=GetCapabilities,NULL,2026-06-22 09:51:35.527 +0300
3666,351343,20497e23-38f5-442b-b001-bdf181b1028e,NULL,OGC:WMS,https://wms.nibio.no/cgi-bin/jordsmonn?SERVICE=WMS&VERSION=1.3.0&REQUEST=GetCapabilities,NULL,2026-06-22 09:51:35.527 +0300
3731,366890,20497e23-38f5-442b-b001-bdf181b1028e,NULL,OGC:WMS,https://wms.nibio.no/cgi-bin/jordsmonn?SERVICE=WMS&VERSION=1.3.0&REQUEST=GetCapabilities,NULL,2026-06-22 09:51:35.527 +0300
3735,367374,20497e23-38f5-442b-b001-bdf181b1028e,NULL,OGC:WMS,https://wms.nibio.no/cgi-bin/jordsmonn?SERVICE=WMS&VERSION=1.3.0&REQUEST=GetCapabilities,NULL,2026-06-22 09:51:35.527 +0300
3784,380374,20497e23-38f5-442b-b001-bdf181b1028e,NULL,OGC:WMS,https://wms.nibio.no/cgi-bin/jordsmonn?SERVICE=WMS&VERSION=1.3.0&REQUEST=GetCapabilities,NULL,2026-06-22 09:51:35.527 +0300
3788,380867,20497e23-38f5-442b-b001-bdf181b1028e,NULL,OGC:WMS,https://wms.nibio.no/cgi-bin/jordsmonn?SERVICE=WMS&VERSION=1.3.0&REQUEST=GetCapabilities,NULL,2026-06-22 09:51:35.527 +0300
3837,393369,20497e23-38f5-442b-b001-bdf181b1028e,NULL,OGC:WMS,https://wms.nibio.no/cgi-bin/jordsmonn?SERVICE=WMS&VERSION=1.3.0&REQUEST=GetCapabilities,NULL,2026-06-22 09:51:35.527 +0300
3841,393872,20497e23-38f5-442b-b001-bdf181b1028e,NULL,OGC:WMS,https://wms.nibio.no/cgi-bin/jordsmonn?SERVICE=WMS&VERSION=1.3.0&REQUEST=GetCapabilities,NULL,2026-06-22 09:51:35.527 +0300
3970,429910,20497e23-38f5-442b-b001-bdf181b1028e,NULL,OGC:WMS,https://wms.nibio.no/cgi-bin/jordsmonn?SERVICE=WMS&VERSION=1.3.0&REQUEST=GetCapabilities,NULL,2026-06-22 09:51:35.527 +0300
3974,430461,20497e23-38f5-442b-b001-bdf181b1028e,NULL,OGC:WMS,https://wms.nibio.no/cgi-bin/jordsmonn?SERVICE=WMS&VERSION=1.3.0&REQUEST=GetCapabilities,NULL,2026-06-22 09:51:35.527 +0300
4017,442284,20497e23-38f5-442b-b001-bdf181b1028e,NULL,OGC:WMS,https://wms.nibio.no/cgi-bin/jordsmonn?SERVICE=WMS&VERSION=1.3.0&REQUEST=GetCapabilities,NULL,2026-06-22 09:51:35.527 +0300
4021,442782,20497e23-38f5-442b-b001-bdf181b1028e,NULL,OGC:WMS,https://wms.nibio.no/cgi-bin/jordsmonn?SERVICE=WMS&VERSION=1.3.0&REQUEST=GetCapabilities,NULL,2026-06-22 09:51:35.527 +0300
4112,474731,20497e23-38f5-442b-b001-bdf181b1028e,NULL,OGC:WMS,https://wms.nibio.no/cgi-bin/jordsmonn?SERVICE=WMS&VERSION=1.3.0&REQUEST=GetCapabilities,NULL,2026-06-22 09:51:35.527 +0300
4116,475231,20497e23-38f5-442b-b001-bdf181b1028e,NULL,OGC:WMS,https://wms.nibio.no/cgi-bin/jordsmonn?SERVICE=WMS&VERSION=1.3.0&REQUEST=GetCapabilities,NULL,2026-06-22 09:51:35.527 +0300
4407,521498,20497e23-38f5-442b-b001-bdf181b1028e,NULL,OGC:WMS,https://wms.nibio.no/cgi-bin/jordsmonn?SERVICE=WMS&VERSION=1.3.0&REQUEST=GetCapabilities,NULL,2026-06-22 09:51:35.527 +0300
4416,522029,20497e23-38f5-442b-b001-bdf181b1028e,NULL,OGC:WMS,https://wms.nibio.no/cgi-bin/jordsmonn?SERVICE=WMS&VERSION=1.3.0&REQUEST=GetCapabilities,NULL,2026-06-22 09:51:35.527 +0300
1274,9989,24df3a0d-28d4-4c47-bb9a-1ea744ab4b71,NULL,WMS Get Capabilities Services 1.1.1,https://io.apps.fao.org/gismgr/api/v1/RICCAR/ETAF/wms?VERSION=1.1.1,RHM Ensemble - Annual Evapotranspiration (Future),2026-06-22 09:51:35.527 +0300
1535,19126,24df3a0d-28d4-4c47-bb9a-1ea744ab4b71,NULL,WMS Get Capabilities Services 1.1.1,https://io.apps.fao.org/gismgr/api/v1/RICCAR/ETAF/wms?VERSION=1.1.1,RHM Ensemble - Annual Evapotranspiration (Future),2026-06-22 09:51:35.527 +0300
1538,29803,24df3a0d-28d4-4c47-bb9a-1ea744ab4b71,NULL,WMS Get Capabilities Services 1.1.1,https://io.apps.fao.org/gismgr/api/v1/RICCAR/ETAF/wms?VERSION=1.1.1,RHM Ensemble - Annual Evapotranspiration (Future),2026-06-22 09:51:35.527 +0300
1633,33436,24df3a0d-28d4-4c47-bb9a-1ea744ab4b71,NULL,WMS Get Capabilities Services 1.1.1,https://io.apps.fao.org/gismgr/api/v1/RICCAR/ETAF/wms?VERSION=1.1.1,RHM Ensemble - Annual Evapotranspiration (Future),2026-06-22 09:51:35.527 +0300
2566,77043,24df3a0d-28d4-4c47-bb9a-1ea744ab4b71,NULL,WMS Get Capabilities Services 1.1.1,https://io.apps.fao.org/gismgr/api/v1/RICCAR/ETAF/wms?VERSION=1.1.1,RHM Ensemble - Annual Evapotranspiration (Future),2026-06-22 09:51:35.527 +0300
2409,57517,26d68b60-8a3e-4d6f-9c5c-e8b34a27c396,NULL,OGC:WMS-1.3.0-http-get-capabilities,http://geodata.fvm.dk/geoserver/GB_MFO_og_groenne_krav/wms?,NULL,2026-06-22 09:51:35.527 +0300
4176,496623,26d68b60-8a3e-4d6f-9c5c-e8b34a27c396,NULL,OGC:WMS-1.3.0-http-get-capabilities,http://geodata.fvm.dk/geoserver/GB_MFO_og_groenne_krav/wms?,NULL,2026-06-22 09:51:35.527 +0300
4240,515731,26d68b60-8a3e-4d6f-9c5c-e8b34a27c396,NULL,OGC:WMS-1.3.0-http-get-capabilities,http://geodata.fvm.dk/geoserver/GB_MFO_og_groenne_krav/wms?,NULL,2026-06-22 09:51:35.527 +0300
1071,8810,35821c18-cea8-47c4-bde0-4580d6808c11,NULL,OGC:WMS-1.3.0-http-get-map,https://geoservices.madeira.gov.pt/geoserver/SO_CARTASOLOS/wms?VERSION=1.3.0&service=WMS&REQUEST=GetCapabilities,NULL,2026-06-22 09:51:35.527 +0300
1381,37174,35821c18-cea8-47c4-bde0-4580d6808c11,NULL,OGC:WMS-1.3.0-http-get-map,https://geoservices.madeira.gov.pt/geoserver/SO_CARTASOLOS/wms?VERSION=1.3.0&service=WMS&REQUEST=GetCapabilities,NULL,2026-06-22 09:51:35.527 +0300
1528,17999,35821c18-cea8-47c4-bde0-4580d6808c11,NULL,OGC:WMS-1.3.0-http-get-map,https://geoservices.madeira.gov.pt/geoserver/SO_CARTASOLOS/wms?VERSION=1.3.0&service=WMS&REQUEST=GetCapabilities,NULL,2026-06-22 09:51:35.527 +0300
1613,29324,35821c18-cea8-47c4-bde0-4580d6808c11,NULL,OGC:WMS-1.3.0-http-get-map,https://geoservices.madeira.gov.pt/geoserver/SO_CARTASOLOS/wms?VERSION=1.3.0&service=WMS&REQUEST=GetCapabilities,NULL,2026-06-22 09:51:35.527 +0300
1275,9993,409fac90-4c8b-446b-99bd-a822f03108bf,NULL,WMS Get Capabilities Services 1.1.1,https://io.apps.fao.org/gismgr/api/v1/RICCAR/ETMRP/wms?VERSION=1.1.1,RHM Ensemble - Monthly Evapotranspiration (Reference Period),2026-06-22 09:51:35.527 +0300
1515,17304,409fac90-4c8b-446b-99bd-a822f03108bf,NULL,WMS Get Capabilities Services 1.1.1,https://io.apps.fao.org/gismgr/api/v1/RICCAR/ETMRP/wms?VERSION=1.1.1,RHM Ensemble - Monthly Evapotranspiration (Reference Period),2026-06-22 09:51:35.527 +0300
1600,28661,409fac90-4c8b-446b-99bd-a822f03108bf,NULL,WMS Get Capabilities Services 1.1.1,https://io.apps.fao.org/gismgr/api/v1/RICCAR/ETMRP/wms?VERSION=1.1.1,RHM Ensemble - Monthly Evapotranspiration (Reference Period),2026-06-22 09:51:35.527 +0300
2567,77045,409fac90-4c8b-446b-99bd-a822f03108bf,NULL,WMS Get Capabilities Services 1.1.1,https://io.apps.fao.org/gismgr/api/v1/RICCAR/ETMRP/wms?VERSION=1.1.1,RHM Ensemble - Monthly Evapotranspiration (Reference Period),2026-06-22 09:51:35.527 +0300
498,4487,4c66ccf8-11b9-42dc-82a5-ac8bc0385e1d,NULL,WMS Get Capabilities Services 1.1.1,https://io.apps.fao.org/gismgr/api/v1/RICCAR/RHMOF/wms?VERSION=1.1.1,Vulnerability Assessment Indicators - RHM Output (Future),2026-06-22 09:51:35.527 +0300
1452,14444,4c66ccf8-11b9-42dc-82a5-ac8bc0385e1d,NULL,WMS Get Capabilities Services 1.1.1,https://io.apps.fao.org/gismgr/api/v1/RICCAR/RHMOF/wms?VERSION=1.1.1,Vulnerability Assessment Indicators - RHM Output (Future),2026-06-22 09:51:35.527 +0300
2607,109846,4c66ccf8-11b9-42dc-82a5-ac8bc0385e1d,NULL,WMS Get Capabilities Services 1.1.1,https://io.apps.fao.org/gismgr/api/v1/RICCAR/RHMOF/wms?VERSION=1.1.1,Vulnerability Assessment Indicators - RHM Output (Future),2026-06-22 09:51:35.527 +0300
184,1669,57af3675-efc5-453b-bd66-c9be4a4a0c16,NULL,OGC:WMS,https://service.pdok.nl/bzk/bodem/bro-bodemkundig-booronderzoek/wms/v1_0?request=GetCapabilities&service=WMS,NULL,2026-06-22 09:51:35.527 +0300
1407,12188,57af3675-efc5-453b-bd66-c9be4a4a0c16,NULL,OGC:WMS,https://service.pdok.nl/bzk/bodem/bro-bodemkundig-booronderzoek/wms/v1_0?request=GetCapabilities&service=WMS,NULL,2026-06-22 09:51:35.527 +0300
1652,34531,57af3675-efc5-453b-bd66-c9be4a4a0c16,NULL,OGC:WMS,https://service.pdok.nl/bzk/bodem/bro-bodemkundig-booronderzoek/wms/v1_0?request=GetCapabilities&service=WMS,NULL,2026-06-22 09:51:35.527 +0300
2645,132294,57af3675-efc5-453b-bd66-c9be4a4a0c16,NULL,OGC:WMS,https://service.pdok.nl/bzk/bodem/bro-bodemkundig-booronderzoek/wms/v1_0?request=GetCapabilities&service=WMS,NULL,2026-06-22 09:51:35.527 +0300
2730,146481,57af3675-efc5-453b-bd66-c9be4a4a0c16,NULL,OGC:WMS,https://service.pdok.nl/bzk/bodem/bro-bodemkundig-booronderzoek/wms/v1_0?request=GetCapabilities&service=WMS,NULL,2026-06-22 09:51:35.527 +0300
2777,157007,57af3675-efc5-453b-bd66-c9be4a4a0c16,NULL,OGC:WMS,https://service.pdok.nl/bzk/bodem/bro-bodemkundig-booronderzoek/wms/v1_0?request=GetCapabilities&service=WMS,NULL,2026-06-22 09:51:35.527 +0300
2939,191886,57af3675-efc5-453b-bd66-c9be4a4a0c16,NULL,OGC:WMS,https://service.pdok.nl/bzk/bodem/bro-bodemkundig-booronderzoek/wms/v1_0?request=GetCapabilities&service=WMS,NULL,2026-06-22 09:51:35.527 +0300
3015,207121,57af3675-efc5-453b-bd66-c9be4a4a0c16,NULL,OGC:WMS,https://service.pdok.nl/bzk/bodem/bro-bodemkundig-booronderzoek/wms/v1_0?request=GetCapabilities&service=WMS,NULL,2026-06-22 09:51:35.527 +0300
3106,226128,57af3675-efc5-453b-bd66-c9be4a4a0c16,NULL,OGC:WMS,https://service.pdok.nl/bzk/bodem/bro-bodemkundig-booronderzoek/wms/v1_0?request=GetCapabilities&service=WMS,NULL,2026-06-22 09:51:35.527 +0300
3169,240237,57af3675-efc5-453b-bd66-c9be4a4a0c16,NULL,OGC:WMS,https://service.pdok.nl/bzk/bodem/bro-bodemkundig-booronderzoek/wms/v1_0?request=GetCapabilities&service=WMS,NULL,2026-06-22 09:51:35.527 +0300
3399,294526,57af3675-efc5-453b-bd66-c9be4a4a0c16,NULL,OGC:WMS,https://service.pdok.nl/bzk/bodem/bro-bodemkundig-booronderzoek/wms/v1_0?request=GetCapabilities&service=WMS,NULL,2026-06-22 09:51:35.527 +0300
3470,310394,57af3675-efc5-453b-bd66-c9be4a4a0c16,NULL,OGC:WMS,https://service.pdok.nl/bzk/bodem/bro-bodemkundig-booronderzoek/wms/v1_0?request=GetCapabilities&service=WMS,NULL,2026-06-22 09:51:35.527 +0300
3540,326113,57af3675-efc5-453b-bd66-c9be4a4a0c16,NULL,OGC:WMS,https://service.pdok.nl/bzk/bodem/bro-bodemkundig-booronderzoek/wms/v1_0?request=GetCapabilities&service=WMS,NULL,2026-06-22 09:51:35.527 +0300
3612,341901,57af3675-efc5-453b-bd66-c9be4a4a0c16,NULL,OGC:WMS,https://service.pdok.nl/bzk/bodem/bro-bodemkundig-booronderzoek/wms/v1_0?request=GetCapabilities&service=WMS,NULL,2026-06-22 09:51:35.527 +0300
4197,507541,57af3675-efc5-453b-bd66-c9be4a4a0c16,NULL,OGC:WMS,https://service.pdok.nl/bzk/bodem/bro-bodemkundig-booronderzoek/wms/v1_0?request=GetCapabilities&service=WMS,NULL,2026-06-22 09:51:35.527 +0300
2628,122370,57af3675-efc5-453b-bd66-c9be4a4a0c16,NULL,OGC:WMS,https://service.pdok.nl/tno/bro-bodemkundig-booronderzoek-bodem-geharmoniseerd/wms/v1_0?request=GetCapabilities&service=WMS,NULL,2026-06-22 09:51:35.527 +0300
2688,136889,57af3675-efc5-453b-bd66-c9be4a4a0c16,NULL,OGC:WMS,https://service.pdok.nl/tno/bro-bodemkundig-booronderzoek-bodem-geharmoniseerd/wms/v1_0?request=GetCapabilities&service=WMS,NULL,2026-06-22 09:51:35.527 +0300
2734,147318,57af3675-efc5-453b-bd66-c9be4a4a0c16,NULL,OGC:WMS,https://service.pdok.nl/tno/bro-bodemkundig-booronderzoek-bodem-geharmoniseerd/wms/v1_0?request=GetCapabilities&service=WMS,NULL,2026-06-22 09:51:35.527 +0300
2798,160687,57af3675-efc5-453b-bd66-c9be4a4a0c16,NULL,OGC:WMS,https://service.pdok.nl/tno/bro-bodemkundig-booronderzoek-bodem-geharmoniseerd/wms/v1_0?request=GetCapabilities&service=WMS,NULL,2026-06-22 09:51:35.527 +0300
2954,194901,57af3675-efc5-453b-bd66-c9be4a4a0c16,NULL,OGC:WMS,https://service.pdok.nl/tno/bro-bodemkundig-booronderzoek-bodem-geharmoniseerd/wms/v1_0?request=GetCapabilities&service=WMS,NULL,2026-06-22 09:51:35.527 +0300
3030,210256,57af3675-efc5-453b-bd66-c9be4a4a0c16,NULL,OGC:WMS,https://service.pdok.nl/tno/bro-bodemkundig-booronderzoek-bodem-geharmoniseerd/wms/v1_0?request=GetCapabilities&service=WMS,NULL,2026-06-22 09:51:35.527 +0300
3121,229005,57af3675-efc5-453b-bd66-c9be4a4a0c16,NULL,OGC:WMS,https://service.pdok.nl/tno/bro-bodemkundig-booronderzoek-bodem-geharmoniseerd/wms/v1_0?request=GetCapabilities&service=WMS,NULL,2026-06-22 09:51:35.527 +0300
3188,243247,57af3675-efc5-453b-bd66-c9be4a4a0c16,NULL,OGC:WMS,https://service.pdok.nl/tno/bro-bodemkundig-booronderzoek-bodem-geharmoniseerd/wms/v1_0?request=GetCapabilities&service=WMS,NULL,2026-06-22 09:51:35.527 +0300
3425,297378,57af3675-efc5-453b-bd66-c9be4a4a0c16,NULL,OGC:WMS,https://service.pdok.nl/tno/bro-bodemkundig-booronderzoek-bodem-geharmoniseerd/wms/v1_0?request=GetCapabilities&service=WMS,NULL,2026-06-22 09:51:35.527 +0300
3488,313142,57af3675-efc5-453b-bd66-c9be4a4a0c16,NULL,OGC:WMS,https://service.pdok.nl/tno/bro-bodemkundig-booronderzoek-bodem-geharmoniseerd/wms/v1_0?request=GetCapabilities&service=WMS,NULL,2026-06-22 09:51:35.527 +0300
3565,328961,57af3675-efc5-453b-bd66-c9be4a4a0c16,NULL,OGC:WMS,https://service.pdok.nl/tno/bro-bodemkundig-booronderzoek-bodem-geharmoniseerd/wms/v1_0?request=GetCapabilities&service=WMS,NULL,2026-06-22 09:51:35.527 +0300
3637,344884,57af3675-efc5-453b-bd66-c9be4a4a0c16,NULL,OGC:WMS,https://service.pdok.nl/tno/bro-bodemkundig-booronderzoek-bodem-geharmoniseerd/wms/v1_0?request=GetCapabilities&service=WMS,NULL,2026-06-22 09:51:35.527 +0300
168,1544,613EC54D-F759-4F0F-A00B-55A307F43015,NULL,OGC:WMS-http-get-map,https://www.geoproxy.geoportal-th.de/geoproxy/services/bodengeologie?SERVICE=WMS&REQUEST=GetCapabilities&VERSION=1.3.0,INSPIRE-WMS TH Bodengeologie,2026-06-22 09:51:35.527 +0300
1405,12069,613EC54D-F759-4F0F-A00B-55A307F43015,NULL,OGC:WMS-http-get-map,https://www.geoproxy.geoportal-th.de/geoproxy/services/bodengeologie?SERVICE=WMS&REQUEST=GetCapabilities&VERSION=1.3.0,INSPIRE-WMS TH Bodengeologie,2026-06-22 09:51:35.527 +0300
1650,34427,613EC54D-F759-4F0F-A00B-55A307F43015,NULL,OGC:WMS-http-get-map,https://www.geoproxy.geoportal-th.de/geoproxy/services/bodengeologie?SERVICE=WMS&REQUEST=GetCapabilities&VERSION=1.3.0,INSPIRE-WMS TH Bodengeologie,2026-06-22 09:51:35.527 +0300
1048,8709,68B4F032-A0CE-4B47-89C2-23DB80414102,SO.SoilBody.25000_Raster-01,OGC:WMS-1.3.0-http-get-capabilities,https://wms.inspire.geoportail.lu/geoserver/so/wms?SERVICE=WMS&service=WMS&version=1.3.0&request=GetCapabilities,Soil map - 25000 - Raster - Sheet 1 Troisvierges,2026-06-22 09:51:35.527 +0300
1049,8710,68B4F032-A0CE-4B47-89C2-23DB80414102,SO.SoilBody.25000_Raster-13,OGC:WMS-1.3.0-http-get-capabilities,https://wms.inspire.geoportail.lu/geoserver/so/wms?SERVICE=WMS&service=WMS&version=1.3.0&request=GetCapabilities,Soil map - 25000 - Raster - Sheet 13 Remich,2026-06-22 09:51:35.527 +0300
1050,8711,68B4F032-A0CE-4B47-89C2-23DB80414102,SO.SoilBody.25000_Raster-12,OGC:WMS-1.3.0-http-get-capabilities,https://wms.inspire.geoportail.lu/geoserver/so/wms?SERVICE=WMS&service=WMS&version=1.3.0&request=GetCapabilities,Soil map - 25000 - Raster - Sheet 12 Esch-sur-Alzette,2026-06-22 09:51:35.527 +0300
1051,8712,68B4F032-A0CE-4B47-89C2-23DB80414102,SO.SoilBody.25000_Raster-06,OGC:WMS-1.3.0-http-get-capabilities,https://wms.inspire.geoportail.lu/geoserver/so/wms?SERVICE=WMS&service=WMS&version=1.3.0&request=GetCapabilities,Soil map - 25000 - Raster - Sheet 6 Beaufort,2026-06-22 09:51:35.527 +0300
1052,8713,68B4F032-A0CE-4B47-89C2-23DB80414102,SO.SoilBody.25000_Raster-04,OGC:WMS-1.3.0-http-get-capabilities,https://wms.inspire.geoportail.lu/geoserver/so/wms?SERVICE=WMS&service=WMS&version=1.3.0&request=GetCapabilities,Soil map - 25000 - Raster - Sheet 4 Esch-sur-Sûre,2026-06-22 09:51:35.527 +0300
1053,8714,68B4F032-A0CE-4B47-89C2-23DB80414102,SO.SoilBody.25000_Raster-09,OGC:WMS-1.3.0-http-get-capabilities,https://wms.inspire.geoportail.lu/geoserver/so/wms?SERVICE=WMS&service=WMS&version=1.3.0&request=GetCapabilities,Soil map - 25000 - Raster - Sheet 9 Echternach,2026-06-22 09:51:35.527 +0300
1054,8715,68B4F032-A0CE-4B47-89C2-23DB80414102,SO.SoilBody.25000_Raster-10,OGC:WMS-1.3.0-http-get-capabilities,https://wms.inspire.geoportail.lu/geoserver/so/wms?SERVICE=WMS&service=WMS&version=1.3.0&request=GetCapabilities,Soil map - 25000 - Raster - Sheet 10 Luxembourg,2026-06-22 09:51:35.527 +0300
557,5353,713396f4-1687-11ea-a7c0-a0481ca9e724,ocs_0-30cm_mean,OGC:WMS,https://maps.isric.org/mapserv?map=/map/ocs.map,NULL,2026-06-22 09:51:35.527 +0300
558,5354,713396f4-1687-11ea-a7c0-a0481ca9e724,ocs_0-30cm_Q0.05,OGC:WMS,https://maps.isric.org/mapserv?map=/map/ocs.map,NULL,2026-06-22 09:51:35.527 +0300
559,5355,713396f4-1687-11ea-a7c0-a0481ca9e724,ocs_0-30cm_Q0.5,OGC:WMS,https://maps.isric.org/mapserv?map=/map/ocs.map,NULL,2026-06-22 09:51:35.527 +0300
560,5356,713396f4-1687-11ea-a7c0-a0481ca9e724,ocs_0-30cm_Q0.95,OGC:WMS,https://maps.isric.org/mapserv?map=/map/ocs.map,NULL,2026-06-22 09:51:35.527 +0300
327,5188,713396f6-1687-11ea-a7c0-a0481ca9e724,soc_30-60cm_Q0.5,OGC:WMS,https://maps.isric.org/mapserv?map=/map/soc.map,NULL,2026-06-22 09:51:35.527 +0300
501,5189,713396f6-1687-11ea-a7c0-a0481ca9e724,soc_30-60cm_Q0.95,OGC:WMS,https://maps.isric.org/mapserv?map=/map/soc.map,NULL,2026-06-22 09:51:35.527 +0300
519,5185,713396f6-1687-11ea-a7c0-a0481ca9e724,soc_15-30cm_uncertainty,OGC:WMS,https://maps.isric.org/mapserv?map=/map/soc.map,NULL,2026-06-22 09:51:35.527 +0300
524,5186,713396f6-1687-11ea-a7c0-a0481ca9e724,soc_30-60cm_mean,OGC:WMS,https://maps.isric.org/mapserv?map=/map/soc.map,NULL,2026-06-22 09:51:35.527 +0300
525,5187,713396f6-1687-11ea-a7c0-a0481ca9e724,soc_30-60cm_Q0.05,OGC:WMS,https://maps.isric.org/mapserv?map=/map/soc.map,NULL,2026-06-22 09:51:35.527 +0300
530,5171,713396f6-1687-11ea-a7c0-a0481ca9e724,soc_0-5cm_mean,OGC:WMS,https://maps.isric.org/mapserv?map=/map/soc.map,NULL,2026-06-22 09:51:35.527 +0300
531,5172,713396f6-1687-11ea-a7c0-a0481ca9e724,soc_0-5cm_Q0.05,OGC:WMS,https://maps.isric.org/mapserv?map=/map/soc.map,NULL,2026-06-22 09:51:35.527 +0300
532,5173,713396f6-1687-11ea-a7c0-a0481ca9e724,soc_0-5cm_Q0.5,OGC:WMS,https://maps.isric.org/mapserv?map=/map/soc.map,NULL,2026-06-22 09:51:35.527 +0300
533,5174,713396f6-1687-11ea-a7c0-a0481ca9e724,soc_0-5cm_Q0.95,OGC:WMS,https://maps.isric.org/mapserv?map=/map/soc.map,NULL,2026-06-22 09:51:35.527 +0300
534,5175,713396f6-1687-11ea-a7c0-a0481ca9e724,soc_0-5cm_uncertainty,OGC:WMS,https://maps.isric.org/mapserv?map=/map/soc.map,NULL,2026-06-22 09:51:35.527 +0300
535,5176,713396f6-1687-11ea-a7c0-a0481ca9e724,soc_100-200cm_mean,OGC:WMS,https://maps.isric.org/mapserv?map=/map/soc.map,NULL,2026-06-22 09:51:35.527 +0300
536,5177,713396f6-1687-11ea-a7c0-a0481ca9e724,soc_100-200cm_Q0.05,OGC:WMS,https://maps.isric.org/mapserv?map=/map/soc.map,NULL,2026-06-22 09:51:35.527 +0300
537,5178,713396f6-1687-11ea-a7c0-a0481ca9e724,soc_100-200cm_Q0.5,OGC:WMS,https://maps.isric.org/mapserv?map=/map/soc.map,NULL,2026-06-22 09:51:35.527 +0300
538,5179,713396f6-1687-11ea-a7c0-a0481ca9e724,soc_100-200cm_Q0.95,OGC:WMS,https://maps.isric.org/mapserv?map=/map/soc.map,NULL,2026-06-22 09:51:35.527 +0300
539,5180,713396f6-1687-11ea-a7c0-a0481ca9e724,soc_100-200cm_uncertainty,OGC:WMS,https://maps.isric.org/mapserv?map=/map/soc.map,NULL,2026-06-22 09:51:35.527 +0300
540,5181,713396f6-1687-11ea-a7c0-a0481ca9e724,soc_15-30cm_mean,OGC:WMS,https://maps.isric.org/mapserv?map=/map/soc.map,NULL,2026-06-22 09:51:35.527 +0300
541,5182,713396f6-1687-11ea-a7c0-a0481ca9e724,soc_15-30cm_Q0.05,OGC:WMS,https://maps.isric.org/mapserv?map=/map/soc.map,NULL,2026-06-22 09:51:35.527 +0300
542,5183,713396f6-1687-11ea-a7c0-a0481ca9e724,soc_15-30cm_Q0.5,OGC:WMS,https://maps.isric.org/mapserv?map=/map/soc.map,NULL,2026-06-22 09:51:35.527 +0300
543,5184,713396f6-1687-11ea-a7c0-a0481ca9e724,soc_15-30cm_Q0.95,OGC:WMS,https://maps.isric.org/mapserv?map=/map/soc.map,NULL,2026-06-22 09:51:35.527 +0300
544,5190,713396f6-1687-11ea-a7c0-a0481ca9e724,soc_30-60cm_uncertainty,OGC:WMS,https://maps.isric.org/mapserv?map=/map/soc.map,NULL,2026-06-22 09:51:35.527 +0300
545,5191,713396f6-1687-11ea-a7c0-a0481ca9e724,soc_5-15cm_mean,OGC:WMS,https://maps.isric.org/mapserv?map=/map/soc.map,NULL,2026-06-22 09:51:35.527 +0300
546,5192,713396f6-1687-11ea-a7c0-a0481ca9e724,soc_5-15cm_Q0.05,OGC:WMS,https://maps.isric.org/mapserv?map=/map/soc.map,NULL,2026-06-22 09:51:35.527 +0300
547,5193,713396f6-1687-11ea-a7c0-a0481ca9e724,soc_5-15cm_Q0.5,OGC:WMS,https://maps.isric.org/mapserv?map=/map/soc.map,NULL,2026-06-22 09:51:35.527 +0300
548,5194,713396f6-1687-11ea-a7c0-a0481ca9e724,soc_5-15cm_Q0.95,OGC:WMS,https://maps.isric.org/mapserv?map=/map/soc.map,NULL,2026-06-22 09:51:35.527 +0300
549,5195,713396f6-1687-11ea-a7c0-a0481ca9e724,soc_5-15cm_uncertainty,OGC:WMS,https://maps.isric.org/mapserv?map=/map/soc.map,NULL,2026-06-22 09:51:35.527 +0300
550,5196,713396f6-1687-11ea-a7c0-a0481ca9e724,soc_60-100cm_mean,OGC:WMS,https://maps.isric.org/mapserv?map=/map/soc.map,NULL,2026-06-22 09:51:35.527 +0300
551,5197,713396f6-1687-11ea-a7c0-a0481ca9e724,soc_60-100cm_Q0.05,OGC:WMS,https://maps.isric.org/mapserv?map=/map/soc.map,NULL,2026-06-22 09:51:35.527 +0300
552,5198,713396f6-1687-11ea-a7c0-a0481ca9e724,soc_60-100cm_Q0.5,OGC:WMS,https://maps.isric.org/mapserv?map=/map/soc.map,NULL,2026-06-22 09:51:35.527 +0300
553,5199,713396f6-1687-11ea-a7c0-a0481ca9e724,soc_60-100cm_Q0.95,OGC:WMS,https://maps.isric.org/mapserv?map=/map/soc.map,NULL,2026-06-22 09:51:35.527 +0300
554,5200,713396f6-1687-11ea-a7c0-a0481ca9e724,soc_60-100cm_uncertainty,OGC:WMS,https://maps.isric.org/mapserv?map=/map/soc.map,NULL,2026-06-22 09:51:35.527 +0300
607,5645,713396f7-1687-11ea-a7c0-a0481ca9e724,clay_15-30cm_Q0.5,OGC:WMS,https://maps.isric.org/mapserv?map=/map/clay.map,NULL,2026-06-22 09:51:35.527 +0300
609,5635,713396f7-1687-11ea-a7c0-a0481ca9e724,clay_0-5cm_mean,OGC:WMS,https://maps.isric.org/mapserv?map=/map/clay.map,NULL,2026-06-22 09:51:35.527 +0300
610,5636,713396f7-1687-11ea-a7c0-a0481ca9e724,clay_0-5cm_Q0.05,OGC:WMS,https://maps.isric.org/mapserv?map=/map/clay.map,NULL,2026-06-22 09:51:35.527 +0300
611,5637,713396f7-1687-11ea-a7c0-a0481ca9e724,clay_0-5cm_Q0.5,OGC:WMS,https://maps.isric.org/mapserv?map=/map/clay.map,NULL,2026-06-22 09:51:35.527 +0300
612,5638,713396f7-1687-11ea-a7c0-a0481ca9e724,clay_0-5cm_Q0.95,OGC:WMS,https://maps.isric.org/mapserv?map=/map/clay.map,NULL,2026-06-22 09:51:35.527 +0300
613,5639,713396f7-1687-11ea-a7c0-a0481ca9e724,clay_100-200cm_mean,OGC:WMS,https://maps.isric.org/mapserv?map=/map/clay.map,NULL,2026-06-22 09:51:35.527 +0300
614,5640,713396f7-1687-11ea-a7c0-a0481ca9e724,clay_100-200cm_Q0.05,OGC:WMS,https://maps.isric.org/mapserv?map=/map/clay.map,NULL,2026-06-22 09:51:35.527 +0300
615,5641,713396f7-1687-11ea-a7c0-a0481ca9e724,clay_100-200cm_Q0.5,OGC:WMS,https://maps.isric.org/mapserv?map=/map/clay.map,NULL,2026-06-22 09:51:35.527 +0300
616,5642,713396f7-1687-11ea-a7c0-a0481ca9e724,clay_100-200cm_Q0.95,OGC:WMS,https://maps.isric.org/mapserv?map=/map/clay.map,NULL,2026-06-22 09:51:35.527 +0300
617,5643,713396f7-1687-11ea-a7c0-a0481ca9e724,clay_15-30cm_mean,OGC:WMS,https://maps.isric.org/mapserv?map=/map/clay.map,NULL,2026-06-22 09:51:35.527 +0300
618,5644,713396f7-1687-11ea-a7c0-a0481ca9e724,clay_15-30cm_Q0.05,OGC:WMS,https://maps.isric.org/mapserv?map=/map/clay.map,NULL,2026-06-22 09:51:35.527 +0300
619,5646,713396f7-1687-11ea-a7c0-a0481ca9e724,clay_15-30cm_Q0.95,OGC:WMS,https://maps.isric.org/mapserv?map=/map/clay.map,NULL,2026-06-22 09:51:35.527 +0300
620,5647,713396f7-1687-11ea-a7c0-a0481ca9e724,clay_30-60cm_mean,OGC:WMS,https://maps.isric.org/mapserv?map=/map/clay.map,NULL,2026-06-22 09:51:35.527 +0300
621,5648,713396f7-1687-11ea-a7c0-a0481ca9e724,clay_30-60cm_Q0.05,OGC:WMS,https://maps.isric.org/mapserv?map=/map/clay.map,NULL,2026-06-22 09:51:35.527 +0300
622,5649,713396f7-1687-11ea-a7c0-a0481ca9e724,clay_30-60cm_Q0.5,OGC:WMS,https://maps.isric.org/mapserv?map=/map/clay.map,NULL,2026-06-22 09:51:35.527 +0300
623,5650,713396f7-1687-11ea-a7c0-a0481ca9e724,clay_30-60cm_Q0.95,OGC:WMS,https://maps.isric.org/mapserv?map=/map/clay.map,NULL,2026-06-22 09:51:35.527 +0300
624,5651,713396f7-1687-11ea-a7c0-a0481ca9e724,clay_5-15cm_mean,OGC:WMS,https://maps.isric.org/mapserv?map=/map/clay.map,NULL,2026-06-22 09:51:35.527 +0300
625,5652,713396f7-1687-11ea-a7c0-a0481ca9e724,clay_5-15cm_Q0.05,OGC:WMS,https://maps.isric.org/mapserv?map=/map/clay.map,NULL,2026-06-22 09:51:35.527 +0300
626,5653,713396f7-1687-11ea-a7c0-a0481ca9e724,clay_5-15cm_Q0.5,OGC:WMS,https://maps.isric.org/mapserv?map=/map/clay.map,NULL,2026-06-22 09:51:35.527 +0300
627,5654,713396f7-1687-11ea-a7c0-a0481ca9e724,clay_5-15cm_Q0.95,OGC:WMS,https://maps.isric.org/mapserv?map=/map/clay.map,NULL,2026-06-22 09:51:35.527 +0300
628,5655,713396f7-1687-11ea-a7c0-a0481ca9e724,clay_60-100cm_mean,OGC:WMS,https://maps.isric.org/mapserv?map=/map/clay.map,NULL,2026-06-22 09:51:35.527 +0300
629,5656,713396f7-1687-11ea-a7c0-a0481ca9e724,clay_60-100cm_Q0.05,OGC:WMS,https://maps.isric.org/mapserv?map=/map/clay.map,NULL,2026-06-22 09:51:35.527 +0300
630,5657,713396f7-1687-11ea-a7c0-a0481ca9e724,clay_60-100cm_Q0.5,OGC:WMS,https://maps.isric.org/mapserv?map=/map/clay.map,NULL,2026-06-22 09:51:35.527 +0300
631,5658,713396f7-1687-11ea-a7c0-a0481ca9e724,clay_60-100cm_Q0.95,OGC:WMS,https://maps.isric.org/mapserv?map=/map/clay.map,NULL,2026-06-22 09:51:35.527 +0300
313,3331,713396f8-1687-11ea-a7c0-a0481ca9e724,cfvo_15-30cm_mean,OGC:WMS,https://maps.isric.org/mapserv?map=/map/cfvo.map,NULL,2026-06-22 09:51:35.527 +0300
370,3332,713396f8-1687-11ea-a7c0-a0481ca9e724,cfvo_15-30cm_Q0.05,OGC:WMS,https://maps.isric.org/mapserv?map=/map/cfvo.map,NULL,2026-06-22 09:51:35.527 +0300
383,3323,713396f8-1687-11ea-a7c0-a0481ca9e724,cfvo_0-5cm_mean,OGC:WMS,https://maps.isric.org/mapserv?map=/map/cfvo.map,NULL,2026-06-22 09:51:35.527 +0300
384,3324,713396f8-1687-11ea-a7c0-a0481ca9e724,cfvo_0-5cm_Q0.05,OGC:WMS,https://maps.isric.org/mapserv?map=/map/cfvo.map,NULL,2026-06-22 09:51:35.527 +0300
385,3325,713396f8-1687-11ea-a7c0-a0481ca9e724,cfvo_0-5cm_Q0.5,OGC:WMS,https://maps.isric.org/mapserv?map=/map/cfvo.map,NULL,2026-06-22 09:51:35.527 +0300
386,3326,713396f8-1687-11ea-a7c0-a0481ca9e724,cfvo_0-5cm_Q0.95,OGC:WMS,https://maps.isric.org/mapserv?map=/map/cfvo.map,NULL,2026-06-22 09:51:35.527 +0300
387,3327,713396f8-1687-11ea-a7c0-a0481ca9e724,cfvo_100-200cm_mean,OGC:WMS,https://maps.isric.org/mapserv?map=/map/cfvo.map,NULL,2026-06-22 09:51:35.527 +0300
388,3328,713396f8-1687-11ea-a7c0-a0481ca9e724,cfvo_100-200cm_Q0.05,OGC:WMS,https://maps.isric.org/mapserv?map=/map/cfvo.map,NULL,2026-06-22 09:51:35.527 +0300
389,3329,713396f8-1687-11ea-a7c0-a0481ca9e724,cfvo_100-200cm_Q0.5,OGC:WMS,https://maps.isric.org/mapserv?map=/map/cfvo.map,NULL,2026-06-22 09:51:35.527 +0300
390,3330,713396f8-1687-11ea-a7c0-a0481ca9e724,cfvo_100-200cm_Q0.95,OGC:WMS,https://maps.isric.org/mapserv?map=/map/cfvo.map,NULL,2026-06-22 09:51:35.527 +0300
394,3333,713396f8-1687-11ea-a7c0-a0481ca9e724,cfvo_15-30cm_Q0.5,OGC:WMS,https://maps.isric.org/mapserv?map=/map/cfvo.map,NULL,2026-06-22 09:51:35.527 +0300
395,3334,713396f8-1687-11ea-a7c0-a0481ca9e724,cfvo_15-30cm_Q0.95,OGC:WMS,https://maps.isric.org/mapserv?map=/map/cfvo.map,NULL,2026-06-22 09:51:35.527 +0300
396,3335,713396f8-1687-11ea-a7c0-a0481ca9e724,cfvo_30-60cm_mean,OGC:WMS,https://maps.isric.org/mapserv?map=/map/cfvo.map,NULL,2026-06-22 09:51:35.527 +0300
397,3336,713396f8-1687-11ea-a7c0-a0481ca9e724,cfvo_30-60cm_Q0.05,OGC:WMS,https://maps.isric.org/mapserv?map=/map/cfvo.map,NULL,2026-06-22 09:51:35.527 +0300
398,3337,713396f8-1687-11ea-a7c0-a0481ca9e724,cfvo_30-60cm_Q0.5,OGC:WMS,https://maps.isric.org/mapserv?map=/map/cfvo.map,NULL,2026-06-22 09:51:35.527 +0300
399,3338,713396f8-1687-11ea-a7c0-a0481ca9e724,cfvo_30-60cm_Q0.95,OGC:WMS,https://maps.isric.org/mapserv?map=/map/cfvo.map,NULL,2026-06-22 09:51:35.527 +0300
400,3339,713396f8-1687-11ea-a7c0-a0481ca9e724,cfvo_5-15cm_mean,OGC:WMS,https://maps.isric.org/mapserv?map=/map/cfvo.map,NULL,2026-06-22 09:51:35.527 +0300
401,3340,713396f8-1687-11ea-a7c0-a0481ca9e724,cfvo_5-15cm_Q0.05,OGC:WMS,https://maps.isric.org/mapserv?map=/map/cfvo.map,NULL,2026-06-22 09:51:35.527 +0300
402,3341,713396f8-1687-11ea-a7c0-a0481ca9e724,cfvo_5-15cm_Q0.5,OGC:WMS,https://maps.isric.org/mapserv?map=/map/cfvo.map,NULL,2026-06-22 09:51:35.527 +0300
403,3342,713396f8-1687-11ea-a7c0-a0481ca9e724,cfvo_5-15cm_Q0.95,OGC:WMS,https://maps.isric.org/mapserv?map=/map/cfvo.map,NULL,2026-06-22 09:51:35.527 +0300
404,3343,713396f8-1687-11ea-a7c0-a0481ca9e724,cfvo_60-100cm_mean,OGC:WMS,https://maps.isric.org/mapserv?map=/map/cfvo.map,NULL,2026-06-22 09:51:35.527 +0300
405,3344,713396f8-1687-11ea-a7c0-a0481ca9e724,cfvo_60-100cm_Q0.05,OGC:WMS,https://maps.isric.org/mapserv?map=/map/cfvo.map,NULL,2026-06-22 09:51:35.527 +0300
406,3345,713396f8-1687-11ea-a7c0-a0481ca9e724,cfvo_60-100cm_Q0.5,OGC:WMS,https://maps.isric.org/mapserv?map=/map/cfvo.map,NULL,2026-06-22 09:51:35.527 +0300
407,3346,713396f8-1687-11ea-a7c0-a0481ca9e724,cfvo_60-100cm_Q0.95,OGC:WMS,https://maps.isric.org/mapserv?map=/map/cfvo.map,NULL,2026-06-22 09:51:35.527 +0300
712,6154,713396f9-1687-11ea-a7c0-a0481ca9e724,bdod_0-5cm_mean,OGC:WMS,https://maps.isric.org/mapserv?map=/map/bdod.map,NULL,2026-06-22 09:51:35.527 +0300
713,6155,713396f9-1687-11ea-a7c0-a0481ca9e724,bdod_0-5cm_Q0.05,OGC:WMS,https://maps.isric.org/mapserv?map=/map/bdod.map,NULL,2026-06-22 09:51:35.527 +0300
714,6156,713396f9-1687-11ea-a7c0-a0481ca9e724,bdod_0-5cm_Q0.5,OGC:WMS,https://maps.isric.org/mapserv?map=/map/bdod.map,NULL,2026-06-22 09:51:35.527 +0300
715,6157,713396f9-1687-11ea-a7c0-a0481ca9e724,bdod_0-5cm_Q0.95,OGC:WMS,https://maps.isric.org/mapserv?map=/map/bdod.map,NULL,2026-06-22 09:51:35.527 +0300
716,6158,713396f9-1687-11ea-a7c0-a0481ca9e724,bdod_100-200cm_mean,OGC:WMS,https://maps.isric.org/mapserv?map=/map/bdod.map,NULL,2026-06-22 09:51:35.527 +0300
717,6159,713396f9-1687-11ea-a7c0-a0481ca9e724,bdod_100-200cm_Q0.05,OGC:WMS,https://maps.isric.org/mapserv?map=/map/bdod.map,NULL,2026-06-22 09:51:35.527 +0300
718,6160,713396f9-1687-11ea-a7c0-a0481ca9e724,bdod_100-200cm_Q0.5,OGC:WMS,https://maps.isric.org/mapserv?map=/map/bdod.map,NULL,2026-06-22 09:51:35.527 +0300
719,6161,713396f9-1687-11ea-a7c0-a0481ca9e724,bdod_100-200cm_Q0.95,OGC:WMS,https://maps.isric.org/mapserv?map=/map/bdod.map,NULL,2026-06-22 09:51:35.527 +0300
720,6162,713396f9-1687-11ea-a7c0-a0481ca9e724,bdod_15-30cm_mean,OGC:WMS,https://maps.isric.org/mapserv?map=/map/bdod.map,NULL,2026-06-22 09:51:35.527 +0300
721,6163,713396f9-1687-11ea-a7c0-a0481ca9e724,bdod_15-30cm_Q0.05,OGC:WMS,https://maps.isric.org/mapserv?map=/map/bdod.map,NULL,2026-06-22 09:51:35.527 +0300
722,6164,713396f9-1687-11ea-a7c0-a0481ca9e724,bdod_15-30cm_Q0.5,OGC:WMS,https://maps.isric.org/mapserv?map=/map/bdod.map,NULL,2026-06-22 09:51:35.527 +0300
723,6165,713396f9-1687-11ea-a7c0-a0481ca9e724,bdod_15-30cm_Q0.95,OGC:WMS,https://maps.isric.org/mapserv?map=/map/bdod.map,NULL,2026-06-22 09:51:35.527 +0300
724,6166,713396f9-1687-11ea-a7c0-a0481ca9e724,bdod_30-60cm_mean,OGC:WMS,https://maps.isric.org/mapserv?map=/map/bdod.map,NULL,2026-06-22 09:51:35.527 +0300
725,6167,713396f9-1687-11ea-a7c0-a0481ca9e724,bdod_30-60cm_Q0.05,OGC:WMS,https://maps.isric.org/mapserv?map=/map/bdod.map,NULL,2026-06-22 09:51:35.527 +0300
726,6168,713396f9-1687-11ea-a7c0-a0481ca9e724,bdod_30-60cm_Q0.5,OGC:WMS,https://maps.isric.org/mapserv?map=/map/bdod.map,NULL,2026-06-22 09:51:35.527 +0300
727,6169,713396f9-1687-11ea-a7c0-a0481ca9e724,bdod_30-60cm_Q0.95,OGC:WMS,https://maps.isric.org/mapserv?map=/map/bdod.map,NULL,2026-06-22 09:51:35.527 +0300
728,6170,713396f9-1687-11ea-a7c0-a0481ca9e724,bdod_5-15cm_mean,OGC:WMS,https://maps.isric.org/mapserv?map=/map/bdod.map,NULL,2026-06-22 09:51:35.527 +0300
729,6171,713396f9-1687-11ea-a7c0-a0481ca9e724,bdod_5-15cm_Q0.05,OGC:WMS,https://maps.isric.org/mapserv?map=/map/bdod.map,NULL,2026-06-22 09:51:35.527 +0300
730,6172,713396f9-1687-11ea-a7c0-a0481ca9e724,bdod_5-15cm_Q0.5,OGC:WMS,https://maps.isric.org/mapserv?map=/map/bdod.map,NULL,2026-06-22 09:51:35.527 +0300
731,6173,713396f9-1687-11ea-a7c0-a0481ca9e724,bdod_5-15cm_Q0.95,OGC:WMS,https://maps.isric.org/mapserv?map=/map/bdod.map,NULL,2026-06-22 09:51:35.527 +0300
732,6174,713396f9-1687-11ea-a7c0-a0481ca9e724,bdod_60-100cm_mean,OGC:WMS,https://maps.isric.org/mapserv?map=/map/bdod.map,NULL,2026-06-22 09:51:35.527 +0300
733,6175,713396f9-1687-11ea-a7c0-a0481ca9e724,bdod_60-100cm_Q0.05,OGC:WMS,https://maps.isric.org/mapserv?map=/map/bdod.map,NULL,2026-06-22 09:51:35.527 +0300
734,6176,713396f9-1687-11ea-a7c0-a0481ca9e724,bdod_60-100cm_Q0.5,OGC:WMS,https://maps.isric.org/mapserv?map=/map/bdod.map,NULL,2026-06-22 09:51:35.527 +0300
735,6177,713396f9-1687-11ea-a7c0-a0481ca9e724,bdod_60-100cm_Q0.95,OGC:WMS,https://maps.isric.org/mapserv?map=/map/bdod.map,NULL,2026-06-22 09:51:35.527 +0300
212,1954,713396fa-1687-11ea-a7c0-a0481ca9e724,sand_0-5cm_mean,OGC:WMS,https://maps.isric.org/mapserv?map=/map/sand.map,NULL,2026-06-22 09:51:35.527 +0300
213,1955,713396fa-1687-11ea-a7c0-a0481ca9e724,sand_0-5cm_Q0.05,OGC:WMS,https://maps.isric.org/mapserv?map=/map/sand.map,NULL,2026-06-22 09:51:35.527 +0300
214,1956,713396fa-1687-11ea-a7c0-a0481ca9e724,sand_0-5cm_Q0.5,OGC:WMS,https://maps.isric.org/mapserv?map=/map/sand.map,NULL,2026-06-22 09:51:35.527 +0300
215,1957,713396fa-1687-11ea-a7c0-a0481ca9e724,sand_0-5cm_Q0.95,OGC:WMS,https://maps.isric.org/mapserv?map=/map/sand.map,NULL,2026-06-22 09:51:35.527 +0300
216,1958,713396fa-1687-11ea-a7c0-a0481ca9e724,sand_100-200cm_mean,OGC:WMS,https://maps.isric.org/mapserv?map=/map/sand.map,NULL,2026-06-22 09:51:35.527 +0300
217,1959,713396fa-1687-11ea-a7c0-a0481ca9e724,sand_100-200cm_Q0.05,OGC:WMS,https://maps.isric.org/mapserv?map=/map/sand.map,NULL,2026-06-22 09:51:35.527 +0300
218,1960,713396fa-1687-11ea-a7c0-a0481ca9e724,sand_100-200cm_Q0.5,OGC:WMS,https://maps.isric.org/mapserv?map=/map/sand.map,NULL,2026-06-22 09:51:35.527 +0300
219,1961,713396fa-1687-11ea-a7c0-a0481ca9e724,sand_100-200cm_Q0.95,OGC:WMS,https://maps.isric.org/mapserv?map=/map/sand.map,NULL,2026-06-22 09:51:35.527 +0300
220,1962,713396fa-1687-11ea-a7c0-a0481ca9e724,sand_15-30cm_mean,OGC:WMS,https://maps.isric.org/mapserv?map=/map/sand.map,NULL,2026-06-22 09:51:35.527 +0300
221,1963,713396fa-1687-11ea-a7c0-a0481ca9e724,sand_15-30cm_Q0.05,OGC:WMS,https://maps.isric.org/mapserv?map=/map/sand.map,NULL,2026-06-22 09:51:35.527 +0300
222,1964,713396fa-1687-11ea-a7c0-a0481ca9e724,sand_15-30cm_Q0.5,OGC:WMS,https://maps.isric.org/mapserv?map=/map/sand.map,NULL,2026-06-22 09:51:35.527 +0300
223,1965,713396fa-1687-11ea-a7c0-a0481ca9e724,sand_15-30cm_Q0.95,OGC:WMS,https://maps.isric.org/mapserv?map=/map/sand.map,NULL,2026-06-22 09:51:35.527 +0300
224,1966,713396fa-1687-11ea-a7c0-a0481ca9e724,sand_30-60cm_mean,OGC:WMS,https://maps.isric.org/mapserv?map=/map/sand.map,NULL,2026-06-22 09:51:35.527 +0300
225,1967,713396fa-1687-11ea-a7c0-a0481ca9e724,sand_30-60cm_Q0.05,OGC:WMS,https://maps.isric.org/mapserv?map=/map/sand.map,NULL,2026-06-22 09:51:35.527 +0300
226,1968,713396fa-1687-11ea-a7c0-a0481ca9e724,sand_30-60cm_Q0.5,OGC:WMS,https://maps.isric.org/mapserv?map=/map/sand.map,NULL,2026-06-22 09:51:35.527 +0300
227,1969,713396fa-1687-11ea-a7c0-a0481ca9e724,sand_30-60cm_Q0.95,OGC:WMS,https://maps.isric.org/mapserv?map=/map/sand.map,NULL,2026-06-22 09:51:35.527 +0300
228,1970,713396fa-1687-11ea-a7c0-a0481ca9e724,sand_5-15cm_mean,OGC:WMS,https://maps.isric.org/mapserv?map=/map/sand.map,NULL,2026-06-22 09:51:35.527 +0300
229,1971,713396fa-1687-11ea-a7c0-a0481ca9e724,sand_5-15cm_Q0.05,OGC:WMS,https://maps.isric.org/mapserv?map=/map/sand.map,NULL,2026-06-22 09:51:35.527 +0300
230,1972,713396fa-1687-11ea-a7c0-a0481ca9e724,sand_5-15cm_Q0.5,OGC:WMS,https://maps.isric.org/mapserv?map=/map/sand.map,NULL,2026-06-22 09:51:35.527 +0300
231,1973,713396fa-1687-11ea-a7c0-a0481ca9e724,sand_5-15cm_Q0.95,OGC:WMS,https://maps.isric.org/mapserv?map=/map/sand.map,NULL,2026-06-22 09:51:35.527 +0300
232,1974,713396fa-1687-11ea-a7c0-a0481ca9e724,sand_60-100cm_mean,OGC:WMS,https://maps.isric.org/mapserv?map=/map/sand.map,NULL,2026-06-22 09:51:35.527 +0300
233,1975,713396fa-1687-11ea-a7c0-a0481ca9e724,sand_60-100cm_Q0.05,OGC:WMS,https://maps.isric.org/mapserv?map=/map/sand.map,NULL,2026-06-22 09:51:35.527 +0300
234,1976,713396fa-1687-11ea-a7c0-a0481ca9e724,sand_60-100cm_Q0.5,OGC:WMS,https://maps.isric.org/mapserv?map=/map/sand.map,NULL,2026-06-22 09:51:35.527 +0300
235,1977,713396fa-1687-11ea-a7c0-a0481ca9e724,sand_60-100cm_Q0.95,OGC:WMS,https://maps.isric.org/mapserv?map=/map/sand.map,NULL,2026-06-22 09:51:35.527 +0300
345,3048,713396fb-1687-11ea-a7c0-a0481ca9e724,silt_0-5cm_mean,OGC:WMS,https://maps.isric.org/mapserv?map=/map/silt.map,NULL,2026-06-22 09:51:35.527 +0300
346,3049,713396fb-1687-11ea-a7c0-a0481ca9e724,silt_0-5cm_Q0.05,OGC:WMS,https://maps.isric.org/mapserv?map=/map/silt.map,NULL,2026-06-22 09:51:35.527 +0300
347,3050,713396fb-1687-11ea-a7c0-a0481ca9e724,silt_0-5cm_Q0.5,OGC:WMS,https://maps.isric.org/mapserv?map=/map/silt.map,NULL,2026-06-22 09:51:35.527 +0300
348,3051,713396fb-1687-11ea-a7c0-a0481ca9e724,silt_0-5cm_Q0.95,OGC:WMS,https://maps.isric.org/mapserv?map=/map/silt.map,NULL,2026-06-22 09:51:35.527 +0300
349,3052,713396fb-1687-11ea-a7c0-a0481ca9e724,silt_100-200cm_mean,OGC:WMS,https://maps.isric.org/mapserv?map=/map/silt.map,NULL,2026-06-22 09:51:35.527 +0300
350,3053,713396fb-1687-11ea-a7c0-a0481ca9e724,silt_100-200cm_Q0.05,OGC:WMS,https://maps.isric.org/mapserv?map=/map/silt.map,NULL,2026-06-22 09:51:35.527 +0300
351,3054,713396fb-1687-11ea-a7c0-a0481ca9e724,silt_100-200cm_Q0.5,OGC:WMS,https://maps.isric.org/mapserv?map=/map/silt.map,NULL,2026-06-22 09:51:35.527 +0300
352,3055,713396fb-1687-11ea-a7c0-a0481ca9e724,silt_100-200cm_Q0.95,OGC:WMS,https://maps.isric.org/mapserv?map=/map/silt.map,NULL,2026-06-22 09:51:35.527 +0300
353,3056,713396fb-1687-11ea-a7c0-a0481ca9e724,silt_15-30cm_mean,OGC:WMS,https://maps.isric.org/mapserv?map=/map/silt.map,NULL,2026-06-22 09:51:35.527 +0300
354,3057,713396fb-1687-11ea-a7c0-a0481ca9e724,silt_15-30cm_Q0.05,OGC:WMS,https://maps.isric.org/mapserv?map=/map/silt.map,NULL,2026-06-22 09:51:35.527 +0300
355,3058,713396fb-1687-11ea-a7c0-a0481ca9e724,silt_15-30cm_Q0.5,OGC:WMS,https://maps.isric.org/mapserv?map=/map/silt.map,NULL,2026-06-22 09:51:35.527 +0300
356,3059,713396fb-1687-11ea-a7c0-a0481ca9e724,silt_15-30cm_Q0.95,OGC:WMS,https://maps.isric.org/mapserv?map=/map/silt.map,NULL,2026-06-22 09:51:35.527 +0300
357,3060,713396fb-1687-11ea-a7c0-a0481ca9e724,silt_30-60cm_mean,OGC:WMS,https://maps.isric.org/mapserv?map=/map/silt.map,NULL,2026-06-22 09:51:35.527 +0300
358,3061,713396fb-1687-11ea-a7c0-a0481ca9e724,silt_30-60cm_Q0.05,OGC:WMS,https://maps.isric.org/mapserv?map=/map/silt.map,NULL,2026-06-22 09:51:35.527 +0300
359,3062,713396fb-1687-11ea-a7c0-a0481ca9e724,silt_30-60cm_Q0.5,OGC:WMS,https://maps.isric.org/mapserv?map=/map/silt.map,NULL,2026-06-22 09:51:35.527 +0300
360,3063,713396fb-1687-11ea-a7c0-a0481ca9e724,silt_30-60cm_Q0.95,OGC:WMS,https://maps.isric.org/mapserv?map=/map/silt.map,NULL,2026-06-22 09:51:35.527 +0300
361,3064,713396fb-1687-11ea-a7c0-a0481ca9e724,silt_5-15cm_mean,OGC:WMS,https://maps.isric.org/mapserv?map=/map/silt.map,NULL,2026-06-22 09:51:35.527 +0300
362,3065,713396fb-1687-11ea-a7c0-a0481ca9e724,silt_5-15cm_Q0.05,OGC:WMS,https://maps.isric.org/mapserv?map=/map/silt.map,NULL,2026-06-22 09:51:35.527 +0300
363,3066,713396fb-1687-11ea-a7c0-a0481ca9e724,silt_5-15cm_Q0.5,OGC:WMS,https://maps.isric.org/mapserv?map=/map/silt.map,NULL,2026-06-22 09:51:35.527 +0300
364,3067,713396fb-1687-11ea-a7c0-a0481ca9e724,silt_5-15cm_Q0.95,OGC:WMS,https://maps.isric.org/mapserv?map=/map/silt.map,NULL,2026-06-22 09:51:35.527 +0300
365,3068,713396fb-1687-11ea-a7c0-a0481ca9e724,silt_60-100cm_mean,OGC:WMS,https://maps.isric.org/mapserv?map=/map/silt.map,NULL,2026-06-22 09:51:35.527 +0300
366,3069,713396fb-1687-11ea-a7c0-a0481ca9e724,silt_60-100cm_Q0.05,OGC:WMS,https://maps.isric.org/mapserv?map=/map/silt.map,NULL,2026-06-22 09:51:35.527 +0300
367,3070,713396fb-1687-11ea-a7c0-a0481ca9e724,silt_60-100cm_Q0.5,OGC:WMS,https://maps.isric.org/mapserv?map=/map/silt.map,NULL,2026-06-22 09:51:35.527 +0300
368,3071,713396fb-1687-11ea-a7c0-a0481ca9e724,silt_60-100cm_Q0.95,OGC:WMS,https://maps.isric.org/mapserv?map=/map/silt.map,NULL,2026-06-22 09:51:35.527 +0300
646,5858,713396fc-1687-11ea-a7c0-a0481ca9e724,cec_0-5cm_mean,OGC:WMS,https://maps.isric.org/mapserv?map=/map/cec.map,NULL,2026-06-22 09:51:35.527 +0300
647,5859,713396fc-1687-11ea-a7c0-a0481ca9e724,cec_0-5cm_Q0.05,OGC:WMS,https://maps.isric.org/mapserv?map=/map/cec.map,NULL,2026-06-22 09:51:35.527 +0300
648,5860,713396fc-1687-11ea-a7c0-a0481ca9e724,cec_0-5cm_Q0.5,OGC:WMS,https://maps.isric.org/mapserv?map=/map/cec.map,NULL,2026-06-22 09:51:35.527 +0300
649,5861,713396fc-1687-11ea-a7c0-a0481ca9e724,cec_0-5cm_Q0.95,OGC:WMS,https://maps.isric.org/mapserv?map=/map/cec.map,NULL,2026-06-22 09:51:35.527 +0300
650,5862,713396fc-1687-11ea-a7c0-a0481ca9e724,cec_100-200cm_mean,OGC:WMS,https://maps.isric.org/mapserv?map=/map/cec.map,NULL,2026-06-22 09:51:35.527 +0300
651,5863,713396fc-1687-11ea-a7c0-a0481ca9e724,cec_100-200cm_Q0.05,OGC:WMS,https://maps.isric.org/mapserv?map=/map/cec.map,NULL,2026-06-22 09:51:35.527 +0300
652,5864,713396fc-1687-11ea-a7c0-a0481ca9e724,cec_100-200cm_Q0.5,OGC:WMS,https://maps.isric.org/mapserv?map=/map/cec.map,NULL,2026-06-22 09:51:35.527 +0300
653,5865,713396fc-1687-11ea-a7c0-a0481ca9e724,cec_100-200cm_Q0.95,OGC:WMS,https://maps.isric.org/mapserv?map=/map/cec.map,NULL,2026-06-22 09:51:35.527 +0300
654,5866,713396fc-1687-11ea-a7c0-a0481ca9e724,cec_15-30cm_mean,OGC:WMS,https://maps.isric.org/mapserv?map=/map/cec.map,NULL,2026-06-22 09:51:35.527 +0300
655,5867,713396fc-1687-11ea-a7c0-a0481ca9e724,cec_15-30cm_Q0.05,OGC:WMS,https://maps.isric.org/mapserv?map=/map/cec.map,NULL,2026-06-22 09:51:35.527 +0300
656,5868,713396fc-1687-11ea-a7c0-a0481ca9e724,cec_15-30cm_Q0.5,OGC:WMS,https://maps.isric.org/mapserv?map=/map/cec.map,NULL,2026-06-22 09:51:35.527 +0300
657,5869,713396fc-1687-11ea-a7c0-a0481ca9e724,cec_15-30cm_Q0.95,OGC:WMS,https://maps.isric.org/mapserv?map=/map/cec.map,NULL,2026-06-22 09:51:35.527 +0300
658,5870,713396fc-1687-11ea-a7c0-a0481ca9e724,cec_30-60cm_mean,OGC:WMS,https://maps.isric.org/mapserv?map=/map/cec.map,NULL,2026-06-22 09:51:35.527 +0300
659,5871,713396fc-1687-11ea-a7c0-a0481ca9e724,cec_30-60cm_Q0.05,OGC:WMS,https://maps.isric.org/mapserv?map=/map/cec.map,NULL,2026-06-22 09:51:35.527 +0300
660,5872,713396fc-1687-11ea-a7c0-a0481ca9e724,cec_30-60cm_Q0.5,OGC:WMS,https://maps.isric.org/mapserv?map=/map/cec.map,NULL,2026-06-22 09:51:35.527 +0300
661,5873,713396fc-1687-11ea-a7c0-a0481ca9e724,cec_30-60cm_Q0.95,OGC:WMS,https://maps.isric.org/mapserv?map=/map/cec.map,NULL,2026-06-22 09:51:35.527 +0300
662,5874,713396fc-1687-11ea-a7c0-a0481ca9e724,cec_5-15cm_mean,OGC:WMS,https://maps.isric.org/mapserv?map=/map/cec.map,NULL,2026-06-22 09:51:35.527 +0300
663,5875,713396fc-1687-11ea-a7c0-a0481ca9e724,cec_5-15cm_Q0.05,OGC:WMS,https://maps.isric.org/mapserv?map=/map/cec.map,NULL,2026-06-22 09:51:35.527 +0300
664,5876,713396fc-1687-11ea-a7c0-a0481ca9e724,cec_5-15cm_Q0.5,OGC:WMS,https://maps.isric.org/mapserv?map=/map/cec.map,NULL,2026-06-22 09:51:35.527 +0300
665,5877,713396fc-1687-11ea-a7c0-a0481ca9e724,cec_5-15cm_Q0.95,OGC:WMS,https://maps.isric.org/mapserv?map=/map/cec.map,NULL,2026-06-22 09:51:35.527 +0300
666,5878,713396fc-1687-11ea-a7c0-a0481ca9e724,cec_60-100cm_mean,OGC:WMS,https://maps.isric.org/mapserv?map=/map/cec.map,NULL,2026-06-22 09:51:35.527 +0300
667,5879,713396fc-1687-11ea-a7c0-a0481ca9e724,cec_60-100cm_Q0.05,OGC:WMS,https://maps.isric.org/mapserv?map=/map/cec.map,NULL,2026-06-22 09:51:35.527 +0300
668,5880,713396fc-1687-11ea-a7c0-a0481ca9e724,cec_60-100cm_Q0.5,OGC:WMS,https://maps.isric.org/mapserv?map=/map/cec.map,NULL,2026-06-22 09:51:35.527 +0300
669,5881,713396fc-1687-11ea-a7c0-a0481ca9e724,cec_60-100cm_Q0.95,OGC:WMS,https://maps.isric.org/mapserv?map=/map/cec.map,NULL,2026-06-22 09:51:35.527 +0300
605,7288,713396fd-1687-11ea-a7c0-a0481ca9e724,phh2o_15-30cm_mean,OGC:WMS,https://maps.isric.org/mapserv?map=/map/phh2o.map,NULL,2026-06-22 09:51:35.527 +0300
757,7289,713396fd-1687-11ea-a7c0-a0481ca9e724,phh2o_15-30cm_Q0.05,OGC:WMS,https://maps.isric.org/mapserv?map=/map/phh2o.map,NULL,2026-06-22 09:51:35.527 +0300
844,7287,713396fd-1687-11ea-a7c0-a0481ca9e724,phh2o_100-200cm_Q0.95,OGC:WMS,https://maps.isric.org/mapserv?map=/map/phh2o.map,NULL,2026-06-22 09:51:35.527 +0300
874,7280,713396fd-1687-11ea-a7c0-a0481ca9e724,phh2o_0-5cm_mean,OGC:WMS,https://maps.isric.org/mapserv?map=/map/phh2o.map,NULL,2026-06-22 09:51:35.527 +0300
875,7281,713396fd-1687-11ea-a7c0-a0481ca9e724,phh2o_0-5cm_Q0.05,OGC:WMS,https://maps.isric.org/mapserv?map=/map/phh2o.map,NULL,2026-06-22 09:51:35.527 +0300
876,7282,713396fd-1687-11ea-a7c0-a0481ca9e724,phh2o_0-5cm_Q0.5,OGC:WMS,https://maps.isric.org/mapserv?map=/map/phh2o.map,NULL,2026-06-22 09:51:35.527 +0300
877,7283,713396fd-1687-11ea-a7c0-a0481ca9e724,phh2o_0-5cm_Q0.95,OGC:WMS,https://maps.isric.org/mapserv?map=/map/phh2o.map,NULL,2026-06-22 09:51:35.527 +0300
878,7284,713396fd-1687-11ea-a7c0-a0481ca9e724,phh2o_100-200cm_mean,OGC:WMS,https://maps.isric.org/mapserv?map=/map/phh2o.map,NULL,2026-06-22 09:51:35.527 +0300
879,7285,713396fd-1687-11ea-a7c0-a0481ca9e724,phh2o_100-200cm_Q0.05,OGC:WMS,https://maps.isric.org/mapserv?map=/map/phh2o.map,NULL,2026-06-22 09:51:35.527 +0300
880,7286,713396fd-1687-11ea-a7c0-a0481ca9e724,phh2o_100-200cm_Q0.5,OGC:WMS,https://maps.isric.org/mapserv?map=/map/phh2o.map,NULL,2026-06-22 09:51:35.527 +0300
881,7290,713396fd-1687-11ea-a7c0-a0481ca9e724,phh2o_15-30cm_Q0.5,OGC:WMS,https://maps.isric.org/mapserv?map=/map/phh2o.map,NULL,2026-06-22 09:51:35.527 +0300
882,7291,713396fd-1687-11ea-a7c0-a0481ca9e724,phh2o_15-30cm_Q0.95,OGC:WMS,https://maps.isric.org/mapserv?map=/map/phh2o.map,NULL,2026-06-22 09:51:35.527 +0300
883,7292,713396fd-1687-11ea-a7c0-a0481ca9e724,phh2o_30-60cm_mean,OGC:WMS,https://maps.isric.org/mapserv?map=/map/phh2o.map,NULL,2026-06-22 09:51:35.527 +0300
884,7293,713396fd-1687-11ea-a7c0-a0481ca9e724,phh2o_30-60cm_Q0.05,OGC:WMS,https://maps.isric.org/mapserv?map=/map/phh2o.map,NULL,2026-06-22 09:51:35.527 +0300
885,7294,713396fd-1687-11ea-a7c0-a0481ca9e724,phh2o_30-60cm_Q0.5,OGC:WMS,https://maps.isric.org/mapserv?map=/map/phh2o.map,NULL,2026-06-22 09:51:35.527 +0300
886,7295,713396fd-1687-11ea-a7c0-a0481ca9e724,phh2o_30-60cm_Q0.95,OGC:WMS,https://maps.isric.org/mapserv?map=/map/phh2o.map,NULL,2026-06-22 09:51:35.527 +0300
887,7296,713396fd-1687-11ea-a7c0-a0481ca9e724,phh2o_5-15cm_mean,OGC:WMS,https://maps.isric.org/mapserv?map=/map/phh2o.map,NULL,2026-06-22 09:51:35.527 +0300
888,7297,713396fd-1687-11ea-a7c0-a0481ca9e724,phh2o_5-15cm_Q0.05,OGC:WMS,https://maps.isric.org/mapserv?map=/map/phh2o.map,NULL,2026-06-22 09:51:35.527 +0300
889,7298,713396fd-1687-11ea-a7c0-a0481ca9e724,phh2o_5-15cm_Q0.5,OGC:WMS,https://maps.isric.org/mapserv?map=/map/phh2o.map,NULL,2026-06-22 09:51:35.527 +0300
890,7299,713396fd-1687-11ea-a7c0-a0481ca9e724,phh2o_5-15cm_Q0.95,OGC:WMS,https://maps.isric.org/mapserv?map=/map/phh2o.map,NULL,2026-06-22 09:51:35.527 +0300
891,7300,713396fd-1687-11ea-a7c0-a0481ca9e724,phh2o_60-100cm_mean,OGC:WMS,https://maps.isric.org/mapserv?map=/map/phh2o.map,NULL,2026-06-22 09:51:35.527 +0300
892,7301,713396fd-1687-11ea-a7c0-a0481ca9e724,phh2o_60-100cm_Q0.05,OGC:WMS,https://maps.isric.org/mapserv?map=/map/phh2o.map,NULL,2026-06-22 09:51:35.527 +0300
893,7302,713396fd-1687-11ea-a7c0-a0481ca9e724,phh2o_60-100cm_Q0.5,OGC:WMS,https://maps.isric.org/mapserv?map=/map/phh2o.map,NULL,2026-06-22 09:51:35.527 +0300
894,7303,713396fd-1687-11ea-a7c0-a0481ca9e724,phh2o_60-100cm_Q0.95,OGC:WMS,https://maps.isric.org/mapserv?map=/map/phh2o.map,NULL,2026-06-22 09:51:35.527 +0300
1101,10355,713396fe-1687-11ea-a7c0-a0481ca9e724,ocd_60-100cm_Q0.95,OGC:WMS,https://maps.isric.org/mapserv?map=/map/ocd.map,NULL,2026-06-22 09:51:35.527 +0300
1303,10332,713396fe-1687-11ea-a7c0-a0481ca9e724,ocd_0-5cm_mean,OGC:WMS,https://maps.isric.org/mapserv?map=/map/ocd.map,NULL,2026-06-22 09:51:35.527 +0300
1304,10333,713396fe-1687-11ea-a7c0-a0481ca9e724,ocd_0-5cm_Q0.05,OGC:WMS,https://maps.isric.org/mapserv?map=/map/ocd.map,NULL,2026-06-22 09:51:35.527 +0300
1305,10334,713396fe-1687-11ea-a7c0-a0481ca9e724,ocd_0-5cm_Q0.5,OGC:WMS,https://maps.isric.org/mapserv?map=/map/ocd.map,NULL,2026-06-22 09:51:35.527 +0300
1306,10335,713396fe-1687-11ea-a7c0-a0481ca9e724,ocd_0-5cm_Q0.95,OGC:WMS,https://maps.isric.org/mapserv?map=/map/ocd.map,NULL,2026-06-22 09:51:35.527 +0300
1307,10336,713396fe-1687-11ea-a7c0-a0481ca9e724,ocd_100-200cm_mean,OGC:WMS,https://maps.isric.org/mapserv?map=/map/ocd.map,NULL,2026-06-22 09:51:35.527 +0300
1308,10337,713396fe-1687-11ea-a7c0-a0481ca9e724,ocd_100-200cm_Q0.05,OGC:WMS,https://maps.isric.org/mapserv?map=/map/ocd.map,NULL,2026-06-22 09:51:35.527 +0300
1309,10338,713396fe-1687-11ea-a7c0-a0481ca9e724,ocd_100-200cm_Q0.5,OGC:WMS,https://maps.isric.org/mapserv?map=/map/ocd.map,NULL,2026-06-22 09:51:35.527 +0300
1310,10339,713396fe-1687-11ea-a7c0-a0481ca9e724,ocd_100-200cm_Q0.95,OGC:WMS,https://maps.isric.org/mapserv?map=/map/ocd.map,NULL,2026-06-22 09:51:35.527 +0300
1311,10340,713396fe-1687-11ea-a7c0-a0481ca9e724,ocd_15-30cm_mean,OGC:WMS,https://maps.isric.org/mapserv?map=/map/ocd.map,NULL,2026-06-22 09:51:35.527 +0300
1312,10341,713396fe-1687-11ea-a7c0-a0481ca9e724,ocd_15-30cm_Q0.05,OGC:WMS,https://maps.isric.org/mapserv?map=/map/ocd.map,NULL,2026-06-22 09:51:35.527 +0300
1313,10342,713396fe-1687-11ea-a7c0-a0481ca9e724,ocd_15-30cm_Q0.5,OGC:WMS,https://maps.isric.org/mapserv?map=/map/ocd.map,NULL,2026-06-22 09:51:35.527 +0300
1314,10343,713396fe-1687-11ea-a7c0-a0481ca9e724,ocd_15-30cm_Q0.95,OGC:WMS,https://maps.isric.org/mapserv?map=/map/ocd.map,NULL,2026-06-22 09:51:35.527 +0300
1315,10344,713396fe-1687-11ea-a7c0-a0481ca9e724,ocd_30-60cm_mean,OGC:WMS,https://maps.isric.org/mapserv?map=/map/ocd.map,NULL,2026-06-22 09:51:35.527 +0300
1316,10345,713396fe-1687-11ea-a7c0-a0481ca9e724,ocd_30-60cm_Q0.05,OGC:WMS,https://maps.isric.org/mapserv?map=/map/ocd.map,NULL,2026-06-22 09:51:35.527 +0300
1317,10346,713396fe-1687-11ea-a7c0-a0481ca9e724,ocd_30-60cm_Q0.5,OGC:WMS,https://maps.isric.org/mapserv?map=/map/ocd.map,NULL,2026-06-22 09:51:35.527 +0300
1318,10347,713396fe-1687-11ea-a7c0-a0481ca9e724,ocd_30-60cm_Q0.95,OGC:WMS,https://maps.isric.org/mapserv?map=/map/ocd.map,NULL,2026-06-22 09:51:35.527 +0300
1319,10348,713396fe-1687-11ea-a7c0-a0481ca9e724,ocd_5-15cm_mean,OGC:WMS,https://maps.isric.org/mapserv?map=/map/ocd.map,NULL,2026-06-22 09:51:35.527 +0300
1320,10349,713396fe-1687-11ea-a7c0-a0481ca9e724,ocd_5-15cm_Q0.05,OGC:WMS,https://maps.isric.org/mapserv?map=/map/ocd.map,NULL,2026-06-22 09:51:35.527 +0300
1321,10350,713396fe-1687-11ea-a7c0-a0481ca9e724,ocd_5-15cm_Q0.5,OGC:WMS,https://maps.isric.org/mapserv?map=/map/ocd.map,NULL,2026-06-22 09:51:35.527 +0300
1322,10351,713396fe-1687-11ea-a7c0-a0481ca9e724,ocd_5-15cm_Q0.95,OGC:WMS,https://maps.isric.org/mapserv?map=/map/ocd.map,NULL,2026-06-22 09:51:35.527 +0300
1323,10352,713396fe-1687-11ea-a7c0-a0481ca9e724,ocd_60-100cm_mean,OGC:WMS,https://maps.isric.org/mapserv?map=/map/ocd.map,NULL,2026-06-22 09:51:35.527 +0300
1324,10353,713396fe-1687-11ea-a7c0-a0481ca9e724,ocd_60-100cm_Q0.05,OGC:WMS,https://maps.isric.org/mapserv?map=/map/ocd.map,NULL,2026-06-22 09:51:35.527 +0300
1325,10354,713396fe-1687-11ea-a7c0-a0481ca9e724,ocd_60-100cm_Q0.5,OGC:WMS,https://maps.isric.org/mapserv?map=/map/ocd.map,NULL,2026-06-22 09:51:35.527 +0300
1293,10256,78f93047-74f8-4419-ac3d-fc62e4b0477b,geonetwork:phy_landf_7386,OGC:WMS,https://data.apps.fao.org/map/gsrv/gsrv1/geonetwork/wms,Physiography of North and Central Eurasia Landform,2026-06-22 09:51:35.527 +0300
1294,10257,78f93047-74f8-4419-ac3d-fc62e4b0477b,geonetwork:phy_slope_7386,OGC:WMS,https://data.apps.fao.org/map/gsrv/gsrv1/geonetwork/wms,Physiography of North and Central Eurasia Slope,2026-06-22 09:51:35.527 +0300
1295,10258,78f93047-74f8-4419-ac3d-fc62e4b0477b,geonetwork:phy_hypso_7386,OGC:WMS,https://data.apps.fao.org/map/gsrv/gsrv1/geonetwork/wms,Physiography of North and Central Eurasia Hypsography,2026-06-22 09:51:35.527 +0300
2410,57518,81e2ee50-e168-4d33-aa2e-a9576fe839f8,NULL,OGC:WFS,http://geodata.fvm.dk/geoserver/Markblokke/wfs,NULL,2026-06-22 09:51:35.527 +0300
2485,69326,81e2ee50-e168-4d33-aa2e-a9576fe839f8,NULL,OGC:WFS,http://geodata.fvm.dk/geoserver/Markblokke/wfs,NULL,2026-06-22 09:51:35.527 +0300
4230,515450,81e2ee50-e168-4d33-aa2e-a9576fe839f8,NULL,OGC:WFS,http://geodata.fvm.dk/geoserver/Markblokke/wfs,NULL,2026-06-22 09:51:35.527 +0300
4231,515451,81e2ee50-e168-4d33-aa2e-a9576fe839f8,NULL,OGC:WFS,http://geodata.fvm.dk/geoserver/Markblokke/wfs,NULL,2026-06-22 09:51:35.527 +0300
4248,516126,81e2ee50-e168-4d33-aa2e-a9576fe839f8,NULL,OGC:WFS,http://geodata.fvm.dk/geoserver/Markblokke/wfs,NULL,2026-06-22 09:51:35.527 +0300
4457,526927,81e2ee50-e168-4d33-aa2e-a9576fe839f8,NULL,OGC:WFS,http://geodata.fvm.dk/geoserver/Markblokke/wfs,NULL,2026-06-22 09:51:35.527 +0300
1084,8899,92e6034f-e7c9-4e83-80bb-de820c0bb801,unredd:SOC_prd,OGC:WMS,http://178.33.8.120/stg_geoserver/wms?request=GetCapabilities,Tanzania soil organic carbon concentration (%),2026-06-22 09:51:35.527 +0300
1085,8900,92e6034f-e7c9-4e83-80bb-de820c0bb801,unredd:SOC_piu,OGC:WMS,http://178.33.8.120/stg_geoserver/wms?request=GetCapabilities,"Soil Organic Carbon (SOC) Concentration (%), upper boundary of the 90% prediction interval",2026-06-22 09:51:35.527 +0300
1086,8901,92e6034f-e7c9-4e83-80bb-de820c0bb801,unredd:SOC_pil,OGC:WMS,http://178.33.8.120/stg_geoserver/wms?request=GetCapabilities,"Soil Organic Carbon (SOC) Concentration (%), lower boundary of the 90% prediction interval",2026-06-22 09:51:35.527 +0300
2496,69464,939017af-7135-4907-9c7c-646af130378f,NULL,OGC:WFS,http://geodata.fvm.dk/geoserver/GB_MFO_og_groenne_krav/wfs?,NULL,2026-06-22 09:51:35.527 +0300
2497,69465,939017af-7135-4907-9c7c-646af130378f,NULL,OGC:WFS,http://geodata.fvm.dk/geoserver/GB_MFO_og_groenne_krav/wfs?,NULL,2026-06-22 09:51:35.527 +0300
2579,78005,939017af-7135-4907-9c7c-646af130378f,NULL,OGC:WFS,http://geodata.fvm.dk/geoserver/GB_MFO_og_groenne_krav/wfs?,NULL,2026-06-22 09:51:35.527 +0300
4241,515767,939017af-7135-4907-9c7c-646af130378f,NULL,OGC:WFS,http://geodata.fvm.dk/geoserver/GB_MFO_og_groenne_krav/wfs?,NULL,2026-06-22 09:51:35.527 +0300
4242,515775,939017af-7135-4907-9c7c-646af130378f,NULL,OGC:WFS,http://geodata.fvm.dk/geoserver/GB_MFO_og_groenne_krav/wfs?,NULL,2026-06-22 09:51:35.527 +0300
4254,516182,939017af-7135-4907-9c7c-646af130378f,NULL,OGC:WFS,http://geodata.fvm.dk/geoserver/GB_MFO_og_groenne_krav/wfs?,NULL,2026-06-22 09:51:35.527 +0300
4435,522748,939017af-7135-4907-9c7c-646af130378f,NULL,OGC:WFS,http://geodata.fvm.dk/geoserver/GB_MFO_og_groenne_krav/wfs?,NULL,2026-06-22 09:51:35.527 +0300
4491,532809,939017af-7135-4907-9c7c-646af130378f,NULL,OGC:WFS,http://geodata.fvm.dk/geoserver/GB_MFO_og_groenne_krav/wfs?,NULL,2026-06-22 09:51:35.527 +0300
4492,532810,939017af-7135-4907-9c7c-646af130378f,NULL,OGC:WFS,http://geodata.fvm.dk/geoserver/GB_MFO_og_groenne_krav/wfs?,NULL,2026-06-22 09:51:35.527 +0300
4,22,9868c7d1-ac45-41f3-83e2-791deb26a3b8,SO.SoilObservedProfile.CarbonContent,OGC:WMS-1.3.0-http-get-capabilities,https://wms.inspire.geoportail.lu/geoserver/so/wms?SERVICE=WMS&service=WMS&version=1.3.0&request=GetCapabilities,NULL,2026-06-22 09:51:35.527 +0300
5,23,9868c7d1-ac45-41f3-83e2-791deb26a3b8,SO.SoilObservedProfile.pH,OGC:WMS-1.3.0-http-get-capabilities,https://wms.inspire.geoportail.lu/geoserver/so/wms?SERVICE=WMS&service=WMS&version=1.3.0&request=GetCapabilities,NULL,2026-06-22 09:51:35.527 +0300
6,24,9868c7d1-ac45-41f3-83e2-791deb26a3b8,SO.SoilBody.25000_Raster-01,OGC:WMS-1.3.0-http-get-capabilities,https://wms.inspire.geoportail.lu/geoserver/so/wms?SERVICE=WMS&service=WMS&version=1.3.0&request=GetCapabilities,NULL,2026-06-22 09:51:35.527 +0300
7,25,9868c7d1-ac45-41f3-83e2-791deb26a3b8,SO.SoilBody.25000_Raster-04,OGC:WMS-1.3.0-http-get-capabilities,https://wms.inspire.geoportail.lu/geoserver/so/wms?SERVICE=WMS&service=WMS&version=1.3.0&request=GetCapabilities,NULL,2026-06-22 09:51:35.527 +0300
8,26,9868c7d1-ac45-41f3-83e2-791deb26a3b8,SO.SoilBody.25000_Raster-06,OGC:WMS-1.3.0-http-get-capabilities,https://wms.inspire.geoportail.lu/geoserver/so/wms?SERVICE=WMS&service=WMS&version=1.3.0&request=GetCapabilities,NULL,2026-06-22 09:51:35.527 +0300
9,27,9868c7d1-ac45-41f3-83e2-791deb26a3b8,SO.SoilBody.25000_Raster-09,OGC:WMS-1.3.0-http-get-capabilities,https://wms.inspire.geoportail.lu/geoserver/so/wms?SERVICE=WMS&service=WMS&version=1.3.0&request=GetCapabilities,NULL,2026-06-22 09:51:35.527 +0300
10,28,9868c7d1-ac45-41f3-83e2-791deb26a3b8,SO.SoilBody.25000_Raster-10,OGC:WMS-1.3.0-http-get-capabilities,https://wms.inspire.geoportail.lu/geoserver/so/wms?SERVICE=WMS&service=WMS&version=1.3.0&request=GetCapabilities,NULL,2026-06-22 09:51:35.527 +0300
11,29,9868c7d1-ac45-41f3-83e2-791deb26a3b8,SO.SoilBody.25000_Raster-12,OGC:WMS-1.3.0-http-get-capabilities,https://wms.inspire.geoportail.lu/geoserver/so/wms?SERVICE=WMS&service=WMS&version=1.3.0&request=GetCapabilities,NULL,2026-06-22 09:51:35.527 +0300
12,30,9868c7d1-ac45-41f3-83e2-791deb26a3b8,SO.SoilBody.25000_Raster-13,OGC:WMS-1.3.0-http-get-capabilities,https://wms.inspire.geoportail.lu/geoserver/so/wms?SERVICE=WMS&service=WMS&version=1.3.0&request=GetCapabilities,NULL,2026-06-22 09:51:35.527 +0300
13,31,9868c7d1-ac45-41f3-83e2-791deb26a3b8,SO.SoilBody.100000_Raster,OGC:WMS-1.3.0-http-get-capabilities,https://wms.inspire.geoportail.lu/geoserver/so/wms?SERVICE=WMS&service=WMS&version=1.3.0&request=GetCapabilities,NULL,2026-06-22 09:51:35.527 +0300
200,1845,9f51ffea-549b-48a7-9d6e-19cf7c84cc40,NULL,OGC:WMS,https://kart.miljodirektoratet.no/arcgis/services/grunnforurensning2/MapServer/WMSServer?service=wms&version=1.3.0&request=getcapabilities,NULL,2026-06-22 09:51:35.527 +0300
1408,12332,9f51ffea-549b-48a7-9d6e-19cf7c84cc40,NULL,OGC:WMS,https://kart.miljodirektoratet.no/arcgis/services/grunnforurensning2/MapServer/WMSServer?service=wms&version=1.3.0&request=getcapabilities,NULL,2026-06-22 09:51:35.527 +0300
1653,34643,9f51ffea-549b-48a7-9d6e-19cf7c84cc40,NULL,OGC:WMS,https://kart.miljodirektoratet.no/arcgis/services/grunnforurensning2/MapServer/WMSServer?service=wms&version=1.3.0&request=getcapabilities,NULL,2026-06-22 09:51:35.527 +0300
2491,69402,9f51ffea-549b-48a7-9d6e-19cf7c84cc40,NULL,OGC:WMS,https://kart.miljodirektoratet.no/arcgis/services/grunnforurensning2/MapServer/WMSServer?service=wms&version=1.3.0&request=getcapabilities,NULL,2026-06-22 09:51:35.527 +0300
2492,69403,9f51ffea-549b-48a7-9d6e-19cf7c84cc40,NULL,OGC:WMS,https://kart.miljodirektoratet.no/arcgis/services/grunnforurensning2/MapServer/WMSServer?service=wms&version=1.3.0&request=getcapabilities,NULL,2026-06-22 09:51:35.527 +0300
2493,69404,9f51ffea-549b-48a7-9d6e-19cf7c84cc40,NULL,OGC:WMS,https://kart.miljodirektoratet.no/arcgis/services/grunnforurensning2/MapServer/WMSServer?service=wms&version=1.3.0&request=getcapabilities,NULL,2026-06-22 09:51:35.527 +0300
2622,114692,9f51ffea-549b-48a7-9d6e-19cf7c84cc40,NULL,OGC:WMS,https://kart.miljodirektoratet.no/arcgis/services/grunnforurensning2/MapServer/WMSServer?service=wms&version=1.3.0&request=getcapabilities,NULL,2026-06-22 09:51:35.527 +0300
2633,122430,9f51ffea-549b-48a7-9d6e-19cf7c84cc40,NULL,OGC:WMS,https://kart.miljodirektoratet.no/arcgis/services/grunnforurensning2/MapServer/WMSServer?service=wms&version=1.3.0&request=getcapabilities,NULL,2026-06-22 09:51:35.527 +0300
2684,135284,9f51ffea-549b-48a7-9d6e-19cf7c84cc40,NULL,OGC:WMS,https://kart.miljodirektoratet.no/arcgis/services/grunnforurensning2/MapServer/WMSServer?service=wms&version=1.3.0&request=getcapabilities,NULL,2026-06-22 09:51:35.527 +0300
2691,136939,9f51ffea-549b-48a7-9d6e-19cf7c84cc40,NULL,OGC:WMS,https://kart.miljodirektoratet.no/arcgis/services/grunnforurensning2/MapServer/WMSServer?service=wms&version=1.3.0&request=getcapabilities,NULL,2026-06-22 09:51:35.527 +0300
2788,158556,9f51ffea-549b-48a7-9d6e-19cf7c84cc40,NULL,OGC:WMS,https://kart.miljodirektoratet.no/arcgis/services/grunnforurensning2/MapServer/WMSServer?service=wms&version=1.3.0&request=getcapabilities,NULL,2026-06-22 09:51:35.527 +0300
2792,160070,9f51ffea-549b-48a7-9d6e-19cf7c84cc40,NULL,OGC:WMS,https://kart.miljodirektoratet.no/arcgis/services/grunnforurensning2/MapServer/WMSServer?service=wms&version=1.3.0&request=getcapabilities,NULL,2026-06-22 09:51:35.527 +0300
2793,160071,9f51ffea-549b-48a7-9d6e-19cf7c84cc40,NULL,OGC:WMS,https://kart.miljodirektoratet.no/arcgis/services/grunnforurensning2/MapServer/WMSServer?service=wms&version=1.3.0&request=getcapabilities,NULL,2026-06-22 09:51:35.527 +0300
2794,160072,9f51ffea-549b-48a7-9d6e-19cf7c84cc40,NULL,OGC:WMS,https://kart.miljodirektoratet.no/arcgis/services/grunnforurensning2/MapServer/WMSServer?service=wms&version=1.3.0&request=getcapabilities,NULL,2026-06-22 09:51:35.527 +0300
2841,166695,9f51ffea-549b-48a7-9d6e-19cf7c84cc40,NULL,OGC:WMS,https://kart.miljodirektoratet.no/arcgis/services/grunnforurensning2/MapServer/WMSServer?service=wms&version=1.3.0&request=getcapabilities,NULL,2026-06-22 09:51:35.527 +0300
2846,168370,9f51ffea-549b-48a7-9d6e-19cf7c84cc40,NULL,OGC:WMS,https://kart.miljodirektoratet.no/arcgis/services/grunnforurensning2/MapServer/WMSServer?service=wms&version=1.3.0&request=getcapabilities,NULL,2026-06-22 09:51:35.527 +0300
2888,178129,9f51ffea-549b-48a7-9d6e-19cf7c84cc40,NULL,OGC:WMS,https://kart.miljodirektoratet.no/arcgis/services/grunnforurensning2/MapServer/WMSServer?service=wms&version=1.3.0&request=getcapabilities,NULL,2026-06-22 09:51:35.527 +0300
2894,181017,9f51ffea-549b-48a7-9d6e-19cf7c84cc40,NULL,OGC:WMS,https://kart.miljodirektoratet.no/arcgis/services/grunnforurensning2/MapServer/WMSServer?service=wms&version=1.3.0&request=getcapabilities,NULL,2026-06-22 09:51:35.527 +0300
2950,193167,9f51ffea-549b-48a7-9d6e-19cf7c84cc40,NULL,OGC:WMS,https://kart.miljodirektoratet.no/arcgis/services/grunnforurensning2/MapServer/WMSServer?service=wms&version=1.3.0&request=getcapabilities,NULL,2026-06-22 09:51:35.527 +0300
2957,194954,9f51ffea-549b-48a7-9d6e-19cf7c84cc40,NULL,OGC:WMS,https://kart.miljodirektoratet.no/arcgis/services/grunnforurensning2/MapServer/WMSServer?service=wms&version=1.3.0&request=getcapabilities,NULL,2026-06-22 09:51:35.527 +0300
2972,195321,9f51ffea-549b-48a7-9d6e-19cf7c84cc40,NULL,OGC:WMS,https://kart.miljodirektoratet.no/arcgis/services/grunnforurensning2/MapServer/WMSServer?service=wms&version=1.3.0&request=getcapabilities,NULL,2026-06-22 09:51:35.527 +0300
2984,197105,9f51ffea-549b-48a7-9d6e-19cf7c84cc40,NULL,OGC:WMS,https://kart.miljodirektoratet.no/arcgis/services/grunnforurensning2/MapServer/WMSServer?service=wms&version=1.3.0&request=getcapabilities,NULL,2026-06-22 09:51:35.527 +0300
3026,208529,9f51ffea-549b-48a7-9d6e-19cf7c84cc40,NULL,OGC:WMS,https://kart.miljodirektoratet.no/arcgis/services/grunnforurensning2/MapServer/WMSServer?service=wms&version=1.3.0&request=getcapabilities,NULL,2026-06-22 09:51:35.527 +0300
3033,210301,9f51ffea-549b-48a7-9d6e-19cf7c84cc40,NULL,OGC:WMS,https://kart.miljodirektoratet.no/arcgis/services/grunnforurensning2/MapServer/WMSServer?service=wms&version=1.3.0&request=getcapabilities,NULL,2026-06-22 09:51:35.527 +0300
3057,212870,9f51ffea-549b-48a7-9d6e-19cf7c84cc40,NULL,OGC:WMS,https://kart.miljodirektoratet.no/arcgis/services/grunnforurensning2/MapServer/WMSServer?service=wms&version=1.3.0&request=getcapabilities,NULL,2026-06-22 09:51:35.527 +0300
3062,214529,9f51ffea-549b-48a7-9d6e-19cf7c84cc40,NULL,OGC:WMS,https://kart.miljodirektoratet.no/arcgis/services/grunnforurensning2/MapServer/WMSServer?service=wms&version=1.3.0&request=getcapabilities,NULL,2026-06-22 09:51:35.527 +0300
3117,227278,9f51ffea-549b-48a7-9d6e-19cf7c84cc40,NULL,OGC:WMS,https://kart.miljodirektoratet.no/arcgis/services/grunnforurensning2/MapServer/WMSServer?service=wms&version=1.3.0&request=getcapabilities,NULL,2026-06-22 09:51:35.527 +0300
3124,229058,9f51ffea-549b-48a7-9d6e-19cf7c84cc40,NULL,OGC:WMS,https://kart.miljodirektoratet.no/arcgis/services/grunnforurensning2/MapServer/WMSServer?service=wms&version=1.3.0&request=getcapabilities,NULL,2026-06-22 09:51:35.527 +0300
3184,241397,9f51ffea-549b-48a7-9d6e-19cf7c84cc40,NULL,OGC:WMS,https://kart.miljodirektoratet.no/arcgis/services/grunnforurensning2/MapServer/WMSServer?service=wms&version=1.3.0&request=getcapabilities,NULL,2026-06-22 09:51:35.527 +0300
3191,243486,9f51ffea-549b-48a7-9d6e-19cf7c84cc40,NULL,OGC:WMS,https://kart.miljodirektoratet.no/arcgis/services/grunnforurensning2/MapServer/WMSServer?service=wms&version=1.3.0&request=getcapabilities,NULL,2026-06-22 09:51:35.527 +0300
3226,247120,9f51ffea-549b-48a7-9d6e-19cf7c84cc40,NULL,OGC:WMS,https://kart.miljodirektoratet.no/arcgis/services/grunnforurensning2/MapServer/WMSServer?service=wms&version=1.3.0&request=getcapabilities,NULL,2026-06-22 09:51:35.527 +0300
3230,249207,9f51ffea-549b-48a7-9d6e-19cf7c84cc40,NULL,OGC:WMS,https://kart.miljodirektoratet.no/arcgis/services/grunnforurensning2/MapServer/WMSServer?service=wms&version=1.3.0&request=getcapabilities,NULL,2026-06-22 09:51:35.527 +0300
3287,263613,9f51ffea-549b-48a7-9d6e-19cf7c84cc40,NULL,OGC:WMS,https://kart.miljodirektoratet.no/arcgis/services/grunnforurensning2/MapServer/WMSServer?service=wms&version=1.3.0&request=getcapabilities,NULL,2026-06-22 09:51:35.527 +0300
3291,266515,9f51ffea-549b-48a7-9d6e-19cf7c84cc40,NULL,OGC:WMS,https://kart.miljodirektoratet.no/arcgis/services/grunnforurensning2/MapServer/WMSServer?service=wms&version=1.3.0&request=getcapabilities,NULL,2026-06-22 09:51:35.527 +0300
3346,278850,9f51ffea-549b-48a7-9d6e-19cf7c84cc40,NULL,OGC:WMS,https://kart.miljodirektoratet.no/arcgis/services/grunnforurensning2/MapServer/WMSServer?service=wms&version=1.3.0&request=getcapabilities,NULL,2026-06-22 09:51:35.527 +0300
3350,280057,9f51ffea-549b-48a7-9d6e-19cf7c84cc40,NULL,OGC:WMS,https://kart.miljodirektoratet.no/arcgis/services/grunnforurensning2/MapServer/WMSServer?service=wms&version=1.3.0&request=getcapabilities,NULL,2026-06-22 09:51:35.527 +0300
3351,280058,9f51ffea-549b-48a7-9d6e-19cf7c84cc40,NULL,OGC:WMS,https://kart.miljodirektoratet.no/arcgis/services/grunnforurensning2/MapServer/WMSServer?service=wms&version=1.3.0&request=getcapabilities,NULL,2026-06-22 09:51:35.527 +0300
3352,280059,9f51ffea-549b-48a7-9d6e-19cf7c84cc40,NULL,OGC:WMS,https://kart.miljodirektoratet.no/arcgis/services/grunnforurensning2/MapServer/WMSServer?service=wms&version=1.3.0&request=getcapabilities,NULL,2026-06-22 09:51:35.527 +0300
3413,295506,9f51ffea-549b-48a7-9d6e-19cf7c84cc40,NULL,OGC:WMS,https://kart.miljodirektoratet.no/arcgis/services/grunnforurensning2/MapServer/WMSServer?service=wms&version=1.3.0&request=getcapabilities,NULL,2026-06-22 09:51:35.527 +0300
3419,295764,9f51ffea-549b-48a7-9d6e-19cf7c84cc40,NULL,OGC:WMS,https://kart.miljodirektoratet.no/arcgis/services/grunnforurensning2/MapServer/WMSServer?service=wms&version=1.3.0&request=getcapabilities,NULL,2026-06-22 09:51:35.527 +0300
3420,295765,9f51ffea-549b-48a7-9d6e-19cf7c84cc40,NULL,OGC:WMS,https://kart.miljodirektoratet.no/arcgis/services/grunnforurensning2/MapServer/WMSServer?service=wms&version=1.3.0&request=getcapabilities,NULL,2026-06-22 09:51:35.527 +0300
3421,295766,9f51ffea-549b-48a7-9d6e-19cf7c84cc40,NULL,OGC:WMS,https://kart.miljodirektoratet.no/arcgis/services/grunnforurensning2/MapServer/WMSServer?service=wms&version=1.3.0&request=getcapabilities,NULL,2026-06-22 09:51:35.527 +0300
3484,311364,9f51ffea-549b-48a7-9d6e-19cf7c84cc40,NULL,OGC:WMS,https://kart.miljodirektoratet.no/arcgis/services/grunnforurensning2/MapServer/WMSServer?service=wms&version=1.3.0&request=getcapabilities,NULL,2026-06-22 09:51:35.527 +0300
3492,313398,9f51ffea-549b-48a7-9d6e-19cf7c84cc40,NULL,OGC:WMS,https://kart.miljodirektoratet.no/arcgis/services/grunnforurensning2/MapServer/WMSServer?service=wms&version=1.3.0&request=getcapabilities,NULL,2026-06-22 09:51:35.527 +0300
3555,327074,9f51ffea-549b-48a7-9d6e-19cf7c84cc40,NULL,OGC:WMS,https://kart.miljodirektoratet.no/arcgis/services/grunnforurensning2/MapServer/WMSServer?service=wms&version=1.3.0&request=getcapabilities,NULL,2026-06-22 09:51:35.527 +0300
3559,327457,9f51ffea-549b-48a7-9d6e-19cf7c84cc40,NULL,OGC:WMS,https://kart.miljodirektoratet.no/arcgis/services/grunnforurensning2/MapServer/WMSServer?service=wms&version=1.3.0&request=getcapabilities,NULL,2026-06-22 09:51:35.527 +0300
3560,327458,9f51ffea-549b-48a7-9d6e-19cf7c84cc40,NULL,OGC:WMS,https://kart.miljodirektoratet.no/arcgis/services/grunnforurensning2/MapServer/WMSServer?service=wms&version=1.3.0&request=getcapabilities,NULL,2026-06-22 09:51:35.527 +0300
3561,327459,9f51ffea-549b-48a7-9d6e-19cf7c84cc40,NULL,OGC:WMS,https://kart.miljodirektoratet.no/arcgis/services/grunnforurensning2/MapServer/WMSServer?service=wms&version=1.3.0&request=getcapabilities,NULL,2026-06-22 09:51:35.527 +0300
3627,342850,9f51ffea-549b-48a7-9d6e-19cf7c84cc40,NULL,OGC:WMS,https://kart.miljodirektoratet.no/arcgis/services/grunnforurensning2/MapServer/WMSServer?service=wms&version=1.3.0&request=getcapabilities,NULL,2026-06-22 09:51:35.527 +0300
3631,343796,9f51ffea-549b-48a7-9d6e-19cf7c84cc40,NULL,OGC:WMS,https://kart.miljodirektoratet.no/arcgis/services/grunnforurensning2/MapServer/WMSServer?service=wms&version=1.3.0&request=getcapabilities,NULL,2026-06-22 09:51:35.527 +0300
3632,343797,9f51ffea-549b-48a7-9d6e-19cf7c84cc40,NULL,OGC:WMS,https://kart.miljodirektoratet.no/arcgis/services/grunnforurensning2/MapServer/WMSServer?service=wms&version=1.3.0&request=getcapabilities,NULL,2026-06-22 09:51:35.527 +0300
3633,343798,9f51ffea-549b-48a7-9d6e-19cf7c84cc40,NULL,OGC:WMS,https://kart.miljodirektoratet.no/arcgis/services/grunnforurensning2/MapServer/WMSServer?service=wms&version=1.3.0&request=getcapabilities,NULL,2026-06-22 09:51:35.527 +0300
3695,356640,9f51ffea-549b-48a7-9d6e-19cf7c84cc40,NULL,OGC:WMS,https://kart.miljodirektoratet.no/arcgis/services/grunnforurensning2/MapServer/WMSServer?service=wms&version=1.3.0&request=getcapabilities,NULL,2026-06-22 09:51:35.527 +0300
3698,357281,9f51ffea-549b-48a7-9d6e-19cf7c84cc40,NULL,OGC:WMS,https://kart.miljodirektoratet.no/arcgis/services/grunnforurensning2/MapServer/WMSServer?service=wms&version=1.3.0&request=getcapabilities,NULL,2026-06-22 09:51:35.527 +0300
3699,357282,9f51ffea-549b-48a7-9d6e-19cf7c84cc40,NULL,OGC:WMS,https://kart.miljodirektoratet.no/arcgis/services/grunnforurensning2/MapServer/WMSServer?service=wms&version=1.3.0&request=getcapabilities,NULL,2026-06-22 09:51:35.527 +0300
3700,357283,9f51ffea-549b-48a7-9d6e-19cf7c84cc40,NULL,OGC:WMS,https://kart.miljodirektoratet.no/arcgis/services/grunnforurensning2/MapServer/WMSServer?service=wms&version=1.3.0&request=getcapabilities,NULL,2026-06-22 09:51:35.527 +0300
3752,370183,9f51ffea-549b-48a7-9d6e-19cf7c84cc40,NULL,OGC:WMS,https://kart.miljodirektoratet.no/arcgis/services/grunnforurensning2/MapServer/WMSServer?service=wms&version=1.3.0&request=getcapabilities,NULL,2026-06-22 09:51:35.527 +0300
3754,372824,9f51ffea-549b-48a7-9d6e-19cf7c84cc40,NULL,OGC:WMS,https://kart.miljodirektoratet.no/arcgis/services/grunnforurensning2/MapServer/WMSServer?service=wms&version=1.3.0&request=getcapabilities,NULL,2026-06-22 09:51:35.527 +0300
3805,383415,9f51ffea-549b-48a7-9d6e-19cf7c84cc40,NULL,OGC:WMS,https://kart.miljodirektoratet.no/arcgis/services/grunnforurensning2/MapServer/WMSServer?service=wms&version=1.3.0&request=getcapabilities,NULL,2026-06-22 09:51:35.527 +0300
3807,385950,9f51ffea-549b-48a7-9d6e-19cf7c84cc40,NULL,OGC:WMS,https://kart.miljodirektoratet.no/arcgis/services/grunnforurensning2/MapServer/WMSServer?service=wms&version=1.3.0&request=getcapabilities,NULL,2026-06-22 09:51:35.527 +0300
3862,398644,9f51ffea-549b-48a7-9d6e-19cf7c84cc40,NULL,OGC:WMS,https://kart.miljodirektoratet.no/arcgis/services/grunnforurensning2/MapServer/WMSServer?service=wms&version=1.3.0&request=getcapabilities,NULL,2026-06-22 09:51:35.527 +0300
3864,401103,9f51ffea-549b-48a7-9d6e-19cf7c84cc40,NULL,OGC:WMS,https://kart.miljodirektoratet.no/arcgis/services/grunnforurensning2/MapServer/WMSServer?service=wms&version=1.3.0&request=getcapabilities,NULL,2026-06-22 09:51:35.527 +0300
3901,406476,9f51ffea-549b-48a7-9d6e-19cf7c84cc40,NULL,OGC:WMS,https://kart.miljodirektoratet.no/arcgis/services/grunnforurensning2/MapServer/WMSServer?service=wms&version=1.3.0&request=getcapabilities,NULL,2026-06-22 09:51:35.527 +0300
3911,412831,9f51ffea-549b-48a7-9d6e-19cf7c84cc40,NULL,OGC:WMS,https://kart.miljodirektoratet.no/arcgis/services/grunnforurensning2/MapServer/WMSServer?service=wms&version=1.3.0&request=getcapabilities,NULL,2026-06-22 09:51:35.527 +0300
3919,413265,9f51ffea-549b-48a7-9d6e-19cf7c84cc40,NULL,OGC:WMS,https://kart.miljodirektoratet.no/arcgis/services/grunnforurensning2/MapServer/WMSServer?service=wms&version=1.3.0&request=getcapabilities,NULL,2026-06-22 09:51:35.527 +0300
3933,419255,9f51ffea-549b-48a7-9d6e-19cf7c84cc40,NULL,OGC:WMS,https://kart.miljodirektoratet.no/arcgis/services/grunnforurensning2/MapServer/WMSServer?service=wms&version=1.3.0&request=getcapabilities,NULL,2026-06-22 09:51:35.527 +0300
3941,419796,9f51ffea-549b-48a7-9d6e-19cf7c84cc40,NULL,OGC:WMS,https://kart.miljodirektoratet.no/arcgis/services/grunnforurensning2/MapServer/WMSServer?service=wms&version=1.3.0&request=getcapabilities,NULL,2026-06-22 09:51:35.527 +0300
3951,425773,9f51ffea-549b-48a7-9d6e-19cf7c84cc40,NULL,OGC:WMS,https://kart.miljodirektoratet.no/arcgis/services/grunnforurensning2/MapServer/WMSServer?service=wms&version=1.3.0&request=getcapabilities,NULL,2026-06-22 09:51:35.527 +0300
3989,431603,9f51ffea-549b-48a7-9d6e-19cf7c84cc40,NULL,OGC:WMS,https://kart.miljodirektoratet.no/arcgis/services/grunnforurensning2/MapServer/WMSServer?service=wms&version=1.3.0&request=getcapabilities,NULL,2026-06-22 09:51:35.527 +0300
3998,438201,9f51ffea-549b-48a7-9d6e-19cf7c84cc40,NULL,OGC:WMS,https://kart.miljodirektoratet.no/arcgis/services/grunnforurensning2/MapServer/WMSServer?service=wms&version=1.3.0&request=getcapabilities,NULL,2026-06-22 09:51:35.527 +0300
4036,443939,9f51ffea-549b-48a7-9d6e-19cf7c84cc40,NULL,OGC:WMS,https://kart.miljodirektoratet.no/arcgis/services/grunnforurensning2/MapServer/WMSServer?service=wms&version=1.3.0&request=getcapabilities,NULL,2026-06-22 09:51:35.527 +0300
4045,451210,9f51ffea-549b-48a7-9d6e-19cf7c84cc40,NULL,OGC:WMS,https://kart.miljodirektoratet.no/arcgis/services/grunnforurensning2/MapServer/WMSServer?service=wms&version=1.3.0&request=getcapabilities,NULL,2026-06-22 09:51:35.527 +0300
4052,451323,9f51ffea-549b-48a7-9d6e-19cf7c84cc40,NULL,OGC:WMS,https://kart.miljodirektoratet.no/arcgis/services/grunnforurensning2/MapServer/WMSServer?service=wms&version=1.3.0&request=getcapabilities,NULL,2026-06-22 09:51:35.527 +0300
4061,457422,9f51ffea-549b-48a7-9d6e-19cf7c84cc40,NULL,OGC:WMS,https://kart.miljodirektoratet.no/arcgis/services/grunnforurensning2/MapServer/WMSServer?service=wms&version=1.3.0&request=getcapabilities,NULL,2026-06-22 09:51:35.527 +0300
4068,457902,9f51ffea-549b-48a7-9d6e-19cf7c84cc40,NULL,OGC:WMS,https://kart.miljodirektoratet.no/arcgis/services/grunnforurensning2/MapServer/WMSServer?service=wms&version=1.3.0&request=getcapabilities,NULL,2026-06-22 09:51:35.527 +0300
4077,464050,9f51ffea-549b-48a7-9d6e-19cf7c84cc40,NULL,OGC:WMS,https://kart.miljodirektoratet.no/arcgis/services/grunnforurensning2/MapServer/WMSServer?service=wms&version=1.3.0&request=getcapabilities,NULL,2026-06-22 09:51:35.527 +0300
4085,464557,9f51ffea-549b-48a7-9d6e-19cf7c84cc40,NULL,OGC:WMS,https://kart.miljodirektoratet.no/arcgis/services/grunnforurensning2/MapServer/WMSServer?service=wms&version=1.3.0&request=getcapabilities,NULL,2026-06-22 09:51:35.527 +0300
4095,470692,9f51ffea-549b-48a7-9d6e-19cf7c84cc40,NULL,OGC:WMS,https://kart.miljodirektoratet.no/arcgis/services/grunnforurensning2/MapServer/WMSServer?service=wms&version=1.3.0&request=getcapabilities,NULL,2026-06-22 09:51:35.527 +0300
4131,476476,9f51ffea-549b-48a7-9d6e-19cf7c84cc40,NULL,OGC:WMS,https://kart.miljodirektoratet.no/arcgis/services/grunnforurensning2/MapServer/WMSServer?service=wms&version=1.3.0&request=getcapabilities,NULL,2026-06-22 09:51:35.527 +0300
4139,483142,9f51ffea-549b-48a7-9d6e-19cf7c84cc40,NULL,OGC:WMS,https://kart.miljodirektoratet.no/arcgis/services/grunnforurensning2/MapServer/WMSServer?service=wms&version=1.3.0&request=getcapabilities,NULL,2026-06-22 09:51:35.527 +0300
4147,483557,9f51ffea-549b-48a7-9d6e-19cf7c84cc40,NULL,OGC:WMS,https://kart.miljodirektoratet.no/arcgis/services/grunnforurensning2/MapServer/WMSServer?service=wms&version=1.3.0&request=getcapabilities,NULL,2026-06-22 09:51:35.527 +0300
4157,489751,9f51ffea-549b-48a7-9d6e-19cf7c84cc40,NULL,OGC:WMS,https://kart.miljodirektoratet.no/arcgis/services/grunnforurensning2/MapServer/WMSServer?service=wms&version=1.3.0&request=getcapabilities,NULL,2026-06-22 09:51:35.527 +0300
4164,490255,9f51ffea-549b-48a7-9d6e-19cf7c84cc40,NULL,OGC:WMS,https://kart.miljodirektoratet.no/arcgis/services/grunnforurensning2/MapServer/WMSServer?service=wms&version=1.3.0&request=getcapabilities,NULL,2026-06-22 09:51:35.527 +0300
4175,496557,9f51ffea-549b-48a7-9d6e-19cf7c84cc40,NULL,OGC:WMS,https://kart.miljodirektoratet.no/arcgis/services/grunnforurensning2/MapServer/WMSServer?service=wms&version=1.3.0&request=getcapabilities,NULL,2026-06-22 09:51:35.527 +0300
4198,507543,9f51ffea-549b-48a7-9d6e-19cf7c84cc40,NULL,OGC:WMS,https://kart.miljodirektoratet.no/arcgis/services/grunnforurensning2/MapServer/WMSServer?service=wms&version=1.3.0&request=getcapabilities,NULL,2026-06-22 09:51:35.527 +0300
4359,519933,9f51ffea-549b-48a7-9d6e-19cf7c84cc40,NULL,OGC:WMS,https://kart.miljodirektoratet.no/arcgis/services/grunnforurensning2/MapServer/WMSServer?service=wms&version=1.3.0&request=getcapabilities,NULL,2026-06-22 09:51:35.527 +0300
496,4469,ab216439-c420-4fc8-995b-91a639d4edd8,NULL,WMS Get Capabilities Services 1.1.1,https://io.apps.fao.org/gismgr/api/v1/RICCAR/RHMORP/wms?VERSION=1.1.1,Vulnerability Assessment Indicators - RHM Output (Reference Period),2026-06-22 09:51:35.527 +0300
1451,14431,ab216439-c420-4fc8-995b-91a639d4edd8,NULL,WMS Get Capabilities Services 1.1.1,https://io.apps.fao.org/gismgr/api/v1/RICCAR/RHMORP/wms?VERSION=1.1.1,Vulnerability Assessment Indicators - RHM Output (Reference Period),2026-06-22 09:51:35.527 +0300
2553,73715,ab216439-c420-4fc8-995b-91a639d4edd8,NULL,WMS Get Capabilities Services 1.1.1,https://io.apps.fao.org/gismgr/api/v1/RICCAR/RHMORP/wms?VERSION=1.1.1,Vulnerability Assessment Indicators - RHM Output (Reference Period),2026-06-22 09:51:35.527 +0300
304,2561,arlpa_to:07.02.11_2019-10-16_09:00,NULL,WFS,https://webgis.arpa.piemonte.it/ags/services/geologia/geoitinerario_valle_cervo/MapServer/WFSServer?request=GetCapabilities&service=WFS,NULL,2026-06-22 09:51:35.527 +0300
1421,12941,arlpa_to:07.02.11_2019-10-16_09:00,NULL,WFS,https://webgis.arpa.piemonte.it/ags/services/geologia/geoitinerario_valle_cervo/MapServer/WFSServer?request=GetCapabilities&service=WFS,NULL,2026-06-22 09:51:35.527 +0300
1606,28767,arlpa_to:07.02.11_2019-10-16_09:00,NULL,WFS,https://webgis.arpa.piemonte.it/ags/services/geologia/geoitinerario_valle_cervo/MapServer/WFSServer?request=GetCapabilities&service=WFS,NULL,2026-06-22 09:51:35.527 +0300
1666,35075,arlpa_to:07.02.11_2019-10-16_09:00,NULL,WFS,https://webgis.arpa.piemonte.it/ags/services/geologia/geoitinerario_valle_cervo/MapServer/WFSServer?request=GetCapabilities&service=WFS,NULL,2026-06-22 09:51:35.527 +0300
303,2560,arlpa_to:07.02.11_2019-10-16_09:00,NULL,WMS,https://webgis.arpa.piemonte.it/ags/services/geologia/geoitinerario_valle_cervo/MapServer/WMSServer?request=GetCapabilities&service=WMS,NULL,2026-06-22 09:51:35.527 +0300
1420,12940,arlpa_to:07.02.11_2019-10-16_09:00,NULL,WMS,https://webgis.arpa.piemonte.it/ags/services/geologia/geoitinerario_valle_cervo/MapServer/WMSServer?request=GetCapabilities&service=WMS,NULL,2026-06-22 09:51:35.527 +0300
1605,28766,arlpa_to:07.02.11_2019-10-16_09:00,NULL,WMS,https://webgis.arpa.piemonte.it/ags/services/geologia/geoitinerario_valle_cervo/MapServer/WMSServer?request=GetCapabilities&service=WMS,NULL,2026-06-22 09:51:35.527 +0300
1665,35074,arlpa_to:07.02.11_2019-10-16_09:00,NULL,WMS,https://webgis.arpa.piemonte.it/ags/services/geologia/geoitinerario_valle_cervo/MapServer/WMSServer?request=GetCapabilities&service=WMS,NULL,2026-06-22 09:51:35.527 +0300
100,745,ARLPA_TO:07.09.03_AD_2012-03-05-11:00,NULL,WFS,https://webgis.arpa.piemonte.it/ags/services/rischi_naturali/PS_SqueeSAR_Radarsat/MapServer/WFSServer?request=GetCapabilities&service=WFS,NULL,2026-06-22 09:51:35.527 +0300
1397,11431,ARLPA_TO:07.09.03_AD_2012-03-05-11:00,NULL,WFS,https://webgis.arpa.piemonte.it/ags/services/rischi_naturali/PS_SqueeSAR_Radarsat/MapServer/WFSServer?request=GetCapabilities&service=WFS,NULL,2026-06-22 09:51:35.527 +0300
1621,31988,ARLPA_TO:07.09.03_AD_2012-03-05-11:00,NULL,WFS,https://webgis.arpa.piemonte.it/ags/services/rischi_naturali/PS_SqueeSAR_Radarsat/MapServer/WFSServer?request=GetCapabilities&service=WFS,NULL,2026-06-22 09:51:35.527 +0300
1644,33986,ARLPA_TO:07.09.03_AD_2012-03-05-11:00,NULL,WFS,https://webgis.arpa.piemonte.it/ags/services/rischi_naturali/PS_SqueeSAR_Radarsat/MapServer/WFSServer?request=GetCapabilities&service=WFS,NULL,2026-06-22 09:51:35.527 +0300
426,3612,arls_031:m10574-cc-i10481,NULL,Web Feature Service (WFS),https://serviziogc.regione.fvg.it/geoserver/ERSA/wfs?request=GetCapabilities&service=wfs&version=2.0.0,NULL,2026-06-22 09:51:35.527 +0300
1434,13785,arls_031:m10574-cc-i10481,NULL,Web Feature Service (WFS),https://serviziogc.regione.fvg.it/geoserver/ERSA/wfs?request=GetCapabilities&service=wfs&version=2.0.0,NULL,2026-06-22 09:51:35.527 +0300
1675,35610,arls_031:m10574-cc-i10481,NULL,Web Feature Service (WFS),https://serviziogc.regione.fvg.it/geoserver/ERSA/wfs?request=GetCapabilities&service=wfs&version=2.0.0,NULL,2026-06-22 09:51:35.527 +0300
1816,44689,arls_031:m10574-cc-i10481,NULL,Web Feature Service (WFS),https://serviziogc.regione.fvg.it/geoserver/ERSA/wfs?request=GetCapabilities&service=wfs&version=2.0.0,NULL,2026-06-22 09:51:35.527 +0300
2647,132350,arls_031:m10574-cc-i10481,NULL,Web Feature Service (WFS),https://serviziogc.regione.fvg.it/geoserver/ERSA/wfs?request=GetCapabilities&service=wfs&version=2.0.0,NULL,2026-06-22 09:51:35.527 +0300
4222,515026,arls_031:m10574-cc-i10481,NULL,Web Feature Service (WFS),https://serviziogc.regione.fvg.it/geoserver/ERSA/wfs?request=GetCapabilities&service=wfs&version=2.0.0,NULL,2026-06-22 09:51:35.527 +0300
425,3611,arls_031:m10574-cc-i10481,NULL,Web Map Service (WMS),https://serviziogc.regione.fvg.it/geoserver/ERSA/wms?request=GetCapabilities&service=wms&version=1.3.0,NULL,2026-06-22 09:51:35.527 +0300
1429,13784,arls_031:m10574-cc-i10481,NULL,Web Map Service (WMS),https://serviziogc.regione.fvg.it/geoserver/ERSA/wms?request=GetCapabilities&service=wms&version=1.3.0,NULL,2026-06-22 09:51:35.527 +0300
1674,35609,arls_031:m10574-cc-i10481,NULL,Web Map Service (WMS),https://serviziogc.regione.fvg.it/geoserver/ERSA/wms?request=GetCapabilities&service=wms&version=1.3.0,NULL,2026-06-22 09:51:35.527 +0300
1815,44688,arls_031:m10574-cc-i10481,NULL,Web Map Service (WMS),https://serviziogc.regione.fvg.it/geoserver/ERSA/wms?request=GetCapabilities&service=wms&version=1.3.0,NULL,2026-06-22 09:51:35.527 +0300
2646,132349,arls_031:m10574-cc-i10481,NULL,Web Map Service (WMS),https://serviziogc.regione.fvg.it/geoserver/ERSA/wms?request=GetCapabilities&service=wms&version=1.3.0,NULL,2026-06-22 09:51:35.527 +0300
4221,515025,arls_031:m10574-cc-i10481,NULL,Web Map Service (WMS),https://serviziogc.regione.fvg.it/geoserver/ERSA/wms?request=GetCapabilities&service=wms&version=1.3.0,NULL,2026-06-22 09:51:35.527 +0300
309,2628,arls_031:m10580-cc-i10497,NULL,Web Feature Service (WFS),https://serviziogc.regione.fvg.it/geoserver/ERSA/wfs?request=GetCapabilities&service=wfs&version=2.0.0,NULL,2026-06-22 09:51:35.527 +0300
1423,13013,arls_031:m10580-cc-i10497,NULL,Web Feature Service (WFS),https://serviziogc.regione.fvg.it/geoserver/ERSA/wfs?request=GetCapabilities&service=wfs&version=2.0.0,NULL,2026-06-22 09:51:35.527 +0300
1668,35099,arls_031:m10580-cc-i10497,NULL,Web Feature Service (WFS),https://serviziogc.regione.fvg.it/geoserver/ERSA/wfs?request=GetCapabilities&service=wfs&version=2.0.0,NULL,2026-06-22 09:51:35.527 +0300
1981,48323,arls_031:m10580-cc-i10497,NULL,Web Feature Service (WFS),https://serviziogc.regione.fvg.it/geoserver/ERSA/wfs?request=GetCapabilities&service=wfs&version=2.0.0,NULL,2026-06-22 09:51:35.527 +0300
2671,132458,arls_031:m10580-cc-i10497,NULL,Web Feature Service (WFS),https://serviziogc.regione.fvg.it/geoserver/ERSA/wfs?request=GetCapabilities&service=wfs&version=2.0.0,NULL,2026-06-22 09:51:35.527 +0300
4267,516707,arls_031:m10580-cc-i10497,NULL,Web Feature Service (WFS),https://serviziogc.regione.fvg.it/geoserver/ERSA/wfs?request=GetCapabilities&service=wfs&version=2.0.0,NULL,2026-06-22 09:51:35.527 +0300
308,2627,arls_031:m10580-cc-i10497,NULL,Web Map Service (WMS),https://serviziogc.regione.fvg.it/geoserver/ERSA/wms?request=GetCapabilities&service=wms&version=1.3.0,NULL,2026-06-22 09:51:35.527 +0300
1422,13012,arls_031:m10580-cc-i10497,NULL,Web Map Service (WMS),https://serviziogc.regione.fvg.it/geoserver/ERSA/wms?request=GetCapabilities&service=wms&version=1.3.0,NULL,2026-06-22 09:51:35.527 +0300
1667,35098,arls_031:m10580-cc-i10497,NULL,Web Map Service (WMS),https://serviziogc.regione.fvg.it/geoserver/ERSA/wms?request=GetCapabilities&service=wms&version=1.3.0,NULL,2026-06-22 09:51:35.527 +0300
1980,48322,arls_031:m10580-cc-i10497,NULL,Web Map Service (WMS),https://serviziogc.regione.fvg.it/geoserver/ERSA/wms?request=GetCapabilities&service=wms&version=1.3.0,NULL,2026-06-22 09:51:35.527 +0300
2670,132457,arls_031:m10580-cc-i10497,NULL,Web Map Service (WMS),https://serviziogc.regione.fvg.it/geoserver/ERSA/wms?request=GetCapabilities&service=wms&version=1.3.0,NULL,2026-06-22 09:51:35.527 +0300
4266,516706,arls_031:m10580-cc-i10497,NULL,Web Map Service (WMS),https://serviziogc.regione.fvg.it/geoserver/ERSA/wms?request=GetCapabilities&service=wms&version=1.3.0,NULL,2026-06-22 09:51:35.527 +0300
1971,48212,arls_031:m10581-cc-i10499,NULL,Web Feature Service (WFS),https://serviziogc.regione.fvg.it/geoserver/ERSA/wfs?request=GetCapabilities&service=wfs&version=2.0.0,NULL,2026-06-22 09:51:35.527 +0300
2625,122002,arls_031:m10581-cc-i10499,NULL,Web Feature Service (WFS),https://serviziogc.regione.fvg.it/geoserver/ERSA/wfs?request=GetCapabilities&service=wfs&version=2.0.0,NULL,2026-06-22 09:51:35.527 +0300
4366,520368,arls_031:m10581-cc-i10499,NULL,Web Feature Service (WFS),https://serviziogc.regione.fvg.it/geoserver/ERSA/wfs?request=GetCapabilities&service=wfs&version=2.0.0,NULL,2026-06-22 09:51:35.527 +0300
4383,520828,arls_031:m10581-cc-i10499,NULL,Web Feature Service (WFS),https://serviziogc.regione.fvg.it/geoserver/ERSA/wfs?request=GetCapabilities&service=wfs&version=2.0.0,NULL,2026-06-22 09:51:35.527 +0300
4403,521456,arls_031:m10581-cc-i10499,NULL,Web Feature Service (WFS),https://serviziogc.regione.fvg.it/geoserver/ERSA/wfs?request=GetCapabilities&service=wfs&version=2.0.0,NULL,2026-06-22 09:51:35.527 +0300
4477,530252,arls_031:m10581-cc-i10499,NULL,Web Feature Service (WFS),https://serviziogc.regione.fvg.it/geoserver/ERSA/wfs?request=GetCapabilities&service=wfs&version=2.0.0,NULL,2026-06-22 09:51:35.527 +0300
4542,535851,arls_031:m10581-cc-i10499,NULL,Web Feature Service (WFS),https://serviziogc.regione.fvg.it/geoserver/ERSA/wfs?request=GetCapabilities&service=wfs&version=2.0.0,NULL,2026-06-22 09:51:35.527 +0300
4544,535864,arls_031:m10581-cc-i10499,NULL,Web Feature Service (WFS),https://serviziogc.regione.fvg.it/geoserver/ERSA/wfs?request=GetCapabilities&service=wfs&version=2.0.0,NULL,2026-06-22 09:51:35.527 +0300
4546,535870,arls_031:m10581-cc-i10499,NULL,Web Feature Service (WFS),https://serviziogc.regione.fvg.it/geoserver/ERSA/wfs?request=GetCapabilities&service=wfs&version=2.0.0,NULL,2026-06-22 09:51:35.527 +0300
1970,48211,arls_031:m10581-cc-i10499,NULL,Web Map Service (WMS),https://serviziogc.regione.fvg.it/geoserver/ERSA/wms?request=GetCapabilities&service=wms&version=1.3.0,NULL,2026-06-22 09:51:35.527 +0300
2624,122001,arls_031:m10581-cc-i10499,NULL,Web Map Service (WMS),https://serviziogc.regione.fvg.it/geoserver/ERSA/wms?request=GetCapabilities&service=wms&version=1.3.0,NULL,2026-06-22 09:51:35.527 +0300
4365,520367,arls_031:m10581-cc-i10499,NULL,Web Map Service (WMS),https://serviziogc.regione.fvg.it/geoserver/ERSA/wms?request=GetCapabilities&service=wms&version=1.3.0,NULL,2026-06-22 09:51:35.527 +0300
4382,520827,arls_031:m10581-cc-i10499,NULL,Web Map Service (WMS),https://serviziogc.regione.fvg.it/geoserver/ERSA/wms?request=GetCapabilities&service=wms&version=1.3.0,NULL,2026-06-22 09:51:35.527 +0300
4402,521455,arls_031:m10581-cc-i10499,NULL,Web Map Service (WMS),https://serviziogc.regione.fvg.it/geoserver/ERSA/wms?request=GetCapabilities&service=wms&version=1.3.0,NULL,2026-06-22 09:51:35.527 +0300
4476,530251,arls_031:m10581-cc-i10499,NULL,Web Map Service (WMS),https://serviziogc.regione.fvg.it/geoserver/ERSA/wms?request=GetCapabilities&service=wms&version=1.3.0,NULL,2026-06-22 09:51:35.527 +0300
4541,535850,arls_031:m10581-cc-i10499,NULL,Web Map Service (WMS),https://serviziogc.regione.fvg.it/geoserver/ERSA/wms?request=GetCapabilities&service=wms&version=1.3.0,NULL,2026-06-22 09:51:35.527 +0300
4543,535863,arls_031:m10581-cc-i10499,NULL,Web Map Service (WMS),https://serviziogc.regione.fvg.it/geoserver/ERSA/wms?request=GetCapabilities&service=wms&version=1.3.0,NULL,2026-06-22 09:51:35.527 +0300
4545,535869,arls_031:m10581-cc-i10499,NULL,Web Map Service (WMS),https://serviziogc.regione.fvg.it/geoserver/ERSA/wms?request=GetCapabilities&service=wms&version=1.3.0,NULL,2026-06-22 09:51:35.527 +0300
1066,8764,arls_031:m10807-cc-i11449,NULL,Web Feature Service (WFS),https://serviziogc.regione.fvg.it/geoserver/ERSA/wfs?request=GetCapabilities&service=wfs&version=2.0.0,NULL,2026-06-22 09:51:35.527 +0300
1382,37148,arls_031:m10807-cc-i11449,NULL,Web Feature Service (WFS),https://serviziogc.regione.fvg.it/geoserver/ERSA/wfs?request=GetCapabilities&service=wfs&version=2.0.0,NULL,2026-06-22 09:51:35.527 +0300
1526,17964,arls_031:m10807-cc-i11449,NULL,Web Feature Service (WFS),https://serviziogc.regione.fvg.it/geoserver/ERSA/wfs?request=GetCapabilities&service=wfs&version=2.0.0,NULL,2026-06-22 09:51:35.527 +0300
1536,29296,arls_031:m10807-cc-i11449,NULL,Web Feature Service (WFS),https://serviziogc.regione.fvg.it/geoserver/ERSA/wfs?request=GetCapabilities&service=wfs&version=2.0.0,NULL,2026-06-22 09:51:35.527 +0300
2272,56813,arls_031:m10807-cc-i11449,NULL,Web Feature Service (WFS),https://serviziogc.regione.fvg.it/geoserver/ERSA/wfs?request=GetCapabilities&service=wfs&version=2.0.0,NULL,2026-06-22 09:51:35.527 +0300
2545,70370,arls_031:m10807-cc-i11449,NULL,Web Feature Service (WFS),https://serviziogc.regione.fvg.it/geoserver/ERSA/wfs?request=GetCapabilities&service=wfs&version=2.0.0,NULL,2026-06-22 09:51:35.527 +0300
4439,522787,arls_031:m10807-cc-i11449,NULL,Web Feature Service (WFS),https://serviziogc.regione.fvg.it/geoserver/ERSA/wfs?request=GetCapabilities&service=wfs&version=2.0.0,NULL,2026-06-22 09:51:35.527 +0300
1067,8765,arls_031:m10807-cc-i11449,NULL,Web Map Service (WMS),https://serviziogc.regione.fvg.it/geoserver/ERSA/wms?request=GetCapabilities&service=wms&version=1.3.0,NULL,2026-06-22 09:51:35.527 +0300
1383,37149,arls_031:m10807-cc-i11449,NULL,Web Map Service (WMS),https://serviziogc.regione.fvg.it/geoserver/ERSA/wms?request=GetCapabilities&service=wms&version=1.3.0,NULL,2026-06-22 09:51:35.527 +0300
1527,17965,arls_031:m10807-cc-i11449,NULL,Web Map Service (WMS),https://serviziogc.regione.fvg.it/geoserver/ERSA/wms?request=GetCapabilities&service=wms&version=1.3.0,NULL,2026-06-22 09:51:35.527 +0300
1537,29297,arls_031:m10807-cc-i11449,NULL,Web Map Service (WMS),https://serviziogc.regione.fvg.it/geoserver/ERSA/wms?request=GetCapabilities&service=wms&version=1.3.0,NULL,2026-06-22 09:51:35.527 +0300
2273,56814,arls_031:m10807-cc-i11449,NULL,Web Map Service (WMS),https://serviziogc.regione.fvg.it/geoserver/ERSA/wms?request=GetCapabilities&service=wms&version=1.3.0,NULL,2026-06-22 09:51:35.527 +0300
2546,70371,arls_031:m10807-cc-i11449,NULL,Web Map Service (WMS),https://serviziogc.regione.fvg.it/geoserver/ERSA/wms?request=GetCapabilities&service=wms&version=1.3.0,NULL,2026-06-22 09:51:35.527 +0300
4440,522788,arls_031:m10807-cc-i11449,NULL,Web Map Service (WMS),https://serviziogc.regione.fvg.it/geoserver/ERSA/wms?request=GetCapabilities&service=wms&version=1.3.0,NULL,2026-06-22 09:51:35.527 +0300
203,1887,arls_031:m10809-cc-i11459,NULL,Web Feature Service (WFS),https://serviziogc.regione.fvg.it/geoserver/ERSA/wfs?request=GetCapabilities&service=wfs&version=2.0.0,NULL,2026-06-22 09:51:35.527 +0300
1409,12367,arls_031:m10809-cc-i11459,NULL,Web Feature Service (WFS),https://serviziogc.regione.fvg.it/geoserver/ERSA/wfs?request=GetCapabilities&service=wfs&version=2.0.0,NULL,2026-06-22 09:51:35.527 +0300
1654,34667,arls_031:m10809-cc-i11459,NULL,Web Feature Service (WFS),https://serviziogc.regione.fvg.it/geoserver/ERSA/wfs?request=GetCapabilities&service=wfs&version=2.0.0,NULL,2026-06-22 09:51:35.527 +0300
1817,44720,arls_031:m10809-cc-i11459,NULL,Web Feature Service (WFS),https://serviziogc.regione.fvg.it/geoserver/ERSA/wfs?request=GetCapabilities&service=wfs&version=2.0.0,NULL,2026-06-22 09:51:35.527 +0300
2666,132445,arls_031:m10809-cc-i11459,NULL,Web Feature Service (WFS),https://serviziogc.regione.fvg.it/geoserver/ERSA/wfs?request=GetCapabilities&service=wfs&version=2.0.0,NULL,2026-06-22 09:51:35.527 +0300
4295,517663,arls_031:m10809-cc-i11459,NULL,Web Feature Service (WFS),https://serviziogc.regione.fvg.it/geoserver/ERSA/wfs?request=GetCapabilities&service=wfs&version=2.0.0,NULL,2026-06-22 09:51:35.527 +0300
204,1888,arls_031:m10809-cc-i11459,NULL,Web Map Service (WMS),https://serviziogc.regione.fvg.it/geoserver/ERSA/wms?request=GetCapabilities&service=wms&version=1.3.0,NULL,2026-06-22 09:51:35.527 +0300
1410,12368,arls_031:m10809-cc-i11459,NULL,Web Map Service (WMS),https://serviziogc.regione.fvg.it/geoserver/ERSA/wms?request=GetCapabilities&service=wms&version=1.3.0,NULL,2026-06-22 09:51:35.527 +0300
1655,34668,arls_031:m10809-cc-i11459,NULL,Web Map Service (WMS),https://serviziogc.regione.fvg.it/geoserver/ERSA/wms?request=GetCapabilities&service=wms&version=1.3.0,NULL,2026-06-22 09:51:35.527 +0300
1818,44721,arls_031:m10809-cc-i11459,NULL,Web Map Service (WMS),https://serviziogc.regione.fvg.it/geoserver/ERSA/wms?request=GetCapabilities&service=wms&version=1.3.0,NULL,2026-06-22 09:51:35.527 +0300
2667,132446,arls_031:m10809-cc-i11459,NULL,Web Map Service (WMS),https://serviziogc.regione.fvg.it/geoserver/ERSA/wms?request=GetCapabilities&service=wms&version=1.3.0,NULL,2026-06-22 09:51:35.527 +0300
4296,517664,arls_031:m10809-cc-i11459,NULL,Web Map Service (WMS),https://serviziogc.regione.fvg.it/geoserver/ERSA/wms?request=GetCapabilities&service=wms&version=1.3.0,NULL,2026-06-22 09:51:35.527 +0300
852,37138,arls_031:m10914-cc-i11786,NULL,Web Feature Service (WFS),https://serviziogc.regione.fvg.it/geoserver/ERSA/wfs?request=GetCapabilities&service=wfs&version=1.0.0,NULL,2026-06-22 09:51:35.527 +0300
1058,8731,arls_031:m10914-cc-i11786,NULL,Web Feature Service (WFS),https://serviziogc.regione.fvg.it/geoserver/ERSA/wfs?request=GetCapabilities&service=wfs&version=1.0.0,NULL,2026-06-22 09:51:35.527 +0300
1460,15094,arls_031:m10914-cc-i11786,NULL,Web Feature Service (WFS),https://serviziogc.regione.fvg.it/geoserver/ERSA/wfs?request=GetCapabilities&service=wfs&version=1.0.0,NULL,2026-06-22 09:51:35.527 +0300
1547,26492,arls_031:m10914-cc-i11786,NULL,Web Feature Service (WFS),https://serviziogc.regione.fvg.it/geoserver/ERSA/wfs?request=GetCapabilities&service=wfs&version=1.0.0,NULL,2026-06-22 09:51:35.527 +0300
1771,44427,arls_031:m10914-cc-i11786,NULL,Web Feature Service (WFS),https://serviziogc.regione.fvg.it/geoserver/ERSA/wfs?request=GetCapabilities&service=wfs&version=1.0.0,NULL,2026-06-22 09:51:35.527 +0300
2519,69734,arls_031:m10914-cc-i11786,NULL,Web Feature Service (WFS),https://serviziogc.regione.fvg.it/geoserver/ERSA/wfs?request=GetCapabilities&service=wfs&version=1.0.0,NULL,2026-06-22 09:51:35.527 +0300
4361,519939,arls_031:m10914-cc-i11786,NULL,Web Feature Service (WFS),https://serviziogc.regione.fvg.it/geoserver/ERSA/wfs?request=GetCapabilities&service=wfs&version=1.0.0,NULL,2026-06-22 09:51:35.527 +0300
829,37137,arls_031:m10914-cc-i11786,NULL,Web Map Service (WMS),https://serviziogc.regione.fvg.it/geoserver/ERSA/wms?request=GetCapabilities&service=wms&version=1.1.1,NULL,2026-06-22 09:51:35.527 +0300
1057,8730,arls_031:m10914-cc-i11786,NULL,Web Map Service (WMS),https://serviziogc.regione.fvg.it/geoserver/ERSA/wms?request=GetCapabilities&service=wms&version=1.1.1,NULL,2026-06-22 09:51:35.527 +0300
1459,15093,arls_031:m10914-cc-i11786,NULL,Web Map Service (WMS),https://serviziogc.regione.fvg.it/geoserver/ERSA/wms?request=GetCapabilities&service=wms&version=1.1.1,NULL,2026-06-22 09:51:35.527 +0300
1546,26491,arls_031:m10914-cc-i11786,NULL,Web Map Service (WMS),https://serviziogc.regione.fvg.it/geoserver/ERSA/wms?request=GetCapabilities&service=wms&version=1.1.1,NULL,2026-06-22 09:51:35.527 +0300
1770,44426,arls_031:m10914-cc-i11786,NULL,Web Map Service (WMS),https://serviziogc.regione.fvg.it/geoserver/ERSA/wms?request=GetCapabilities&service=wms&version=1.1.1,NULL,2026-06-22 09:51:35.527 +0300
2518,69733,arls_031:m10914-cc-i11786,NULL,Web Map Service (WMS),https://serviziogc.regione.fvg.it/geoserver/ERSA/wms?request=GetCapabilities&service=wms&version=1.1.1,NULL,2026-06-22 09:51:35.527 +0300
4360,519938,arls_031:m10914-cc-i11786,NULL,Web Map Service (WMS),https://serviziogc.regione.fvg.it/geoserver/ERSA/wms?request=GetCapabilities&service=wms&version=1.1.1,NULL,2026-06-22 09:51:35.527 +0300
206,1909,arls_031:m10914-cc-i11787,NULL,Web Feature Service (WFS),https://serviziogc.regione.fvg.it/geoserver/ERSA/wfs?request=GetCapabilities&service=wfs&version=1.0.0,NULL,2026-06-22 09:51:35.527 +0300
1412,12383,arls_031:m10914-cc-i11787,NULL,Web Feature Service (WFS),https://serviziogc.regione.fvg.it/geoserver/ERSA/wfs?request=GetCapabilities&service=wfs&version=1.0.0,NULL,2026-06-22 09:51:35.527 +0300
1657,34681,arls_031:m10914-cc-i11787,NULL,Web Feature Service (WFS),https://serviziogc.regione.fvg.it/geoserver/ERSA/wfs?request=GetCapabilities&service=wfs&version=1.0.0,NULL,2026-06-22 09:51:35.527 +0300
2303,56973,arls_031:m10914-cc-i11787,NULL,Web Feature Service (WFS),https://serviziogc.regione.fvg.it/geoserver/ERSA/wfs?request=GetCapabilities&service=wfs&version=1.0.0,NULL,2026-06-22 09:51:35.527 +0300
2660,132408,arls_031:m10914-cc-i11787,NULL,Web Feature Service (WFS),https://serviziogc.regione.fvg.it/geoserver/ERSA/wfs?request=GetCapabilities&service=wfs&version=1.0.0,NULL,2026-06-22 09:51:35.527 +0300
4246,515959,arls_031:m10914-cc-i11787,NULL,Web Feature Service (WFS),https://serviziogc.regione.fvg.it/geoserver/ERSA/wfs?request=GetCapabilities&service=wfs&version=1.0.0,NULL,2026-06-22 09:51:35.527 +0300
4470,529764,arls_031:m10914-cc-i11787,NULL,Web Feature Service (WFS),https://serviziogc.regione.fvg.it/geoserver/ERSA/wfs?request=GetCapabilities&service=wfs&version=1.0.0,NULL,2026-06-22 09:51:35.527 +0300
4515,535316,arls_031:m10914-cc-i11787,NULL,Web Feature Service (WFS),https://serviziogc.regione.fvg.it/geoserver/ERSA/wfs?request=GetCapabilities&service=wfs&version=1.0.0,NULL,2026-06-22 09:51:35.527 +0300
4517,535321,arls_031:m10914-cc-i11787,NULL,Web Feature Service (WFS),https://serviziogc.regione.fvg.it/geoserver/ERSA/wfs?request=GetCapabilities&service=wfs&version=1.0.0,NULL,2026-06-22 09:51:35.527 +0300
4519,535328,arls_031:m10914-cc-i11787,NULL,Web Feature Service (WFS),https://serviziogc.regione.fvg.it/geoserver/ERSA/wfs?request=GetCapabilities&service=wfs&version=1.0.0,NULL,2026-06-22 09:51:35.527 +0300
4521,535334,arls_031:m10914-cc-i11787,NULL,Web Feature Service (WFS),https://serviziogc.regione.fvg.it/geoserver/ERSA/wfs?request=GetCapabilities&service=wfs&version=1.0.0,NULL,2026-06-22 09:51:35.527 +0300
4523,535340,arls_031:m10914-cc-i11787,NULL,Web Feature Service (WFS),https://serviziogc.regione.fvg.it/geoserver/ERSA/wfs?request=GetCapabilities&service=wfs&version=1.0.0,NULL,2026-06-22 09:51:35.527 +0300
4525,535346,arls_031:m10914-cc-i11787,NULL,Web Feature Service (WFS),https://serviziogc.regione.fvg.it/geoserver/ERSA/wfs?request=GetCapabilities&service=wfs&version=1.0.0,NULL,2026-06-22 09:51:35.527 +0300
4527,535355,arls_031:m10914-cc-i11787,NULL,Web Feature Service (WFS),https://serviziogc.regione.fvg.it/geoserver/ERSA/wfs?request=GetCapabilities&service=wfs&version=1.0.0,NULL,2026-06-22 09:51:35.527 +0300
4529,535361,arls_031:m10914-cc-i11787,NULL,Web Feature Service (WFS),https://serviziogc.regione.fvg.it/geoserver/ERSA/wfs?request=GetCapabilities&service=wfs&version=1.0.0,NULL,2026-06-22 09:51:35.527 +0300
205,1908,arls_031:m10914-cc-i11787,NULL,Web Map Service (WMS),https://serviziogc.regione.fvg.it/geoserver/ERSA/wms?request=GetCapabilities&service=wms&version=1.1.1,NULL,2026-06-22 09:51:35.527 +0300
1411,12382,arls_031:m10914-cc-i11787,NULL,Web Map Service (WMS),https://serviziogc.regione.fvg.it/geoserver/ERSA/wms?request=GetCapabilities&service=wms&version=1.1.1,NULL,2026-06-22 09:51:35.527 +0300
1656,34680,arls_031:m10914-cc-i11787,NULL,Web Map Service (WMS),https://serviziogc.regione.fvg.it/geoserver/ERSA/wms?request=GetCapabilities&service=wms&version=1.1.1,NULL,2026-06-22 09:51:35.527 +0300
2302,56972,arls_031:m10914-cc-i11787,NULL,Web Map Service (WMS),https://serviziogc.regione.fvg.it/geoserver/ERSA/wms?request=GetCapabilities&service=wms&version=1.1.1,NULL,2026-06-22 09:51:35.527 +0300
2659,132407,arls_031:m10914-cc-i11787,NULL,Web Map Service (WMS),https://serviziogc.regione.fvg.it/geoserver/ERSA/wms?request=GetCapabilities&service=wms&version=1.1.1,NULL,2026-06-22 09:51:35.527 +0300
4245,515958,arls_031:m10914-cc-i11787,NULL,Web Map Service (WMS),https://serviziogc.regione.fvg.it/geoserver/ERSA/wms?request=GetCapabilities&service=wms&version=1.1.1,NULL,2026-06-22 09:51:35.527 +0300
4469,529763,arls_031:m10914-cc-i11787,NULL,Web Map Service (WMS),https://serviziogc.regione.fvg.it/geoserver/ERSA/wms?request=GetCapabilities&service=wms&version=1.1.1,NULL,2026-06-22 09:51:35.527 +0300
4514,535315,arls_031:m10914-cc-i11787,NULL,Web Map Service (WMS),https://serviziogc.regione.fvg.it/geoserver/ERSA/wms?request=GetCapabilities&service=wms&version=1.1.1,NULL,2026-06-22 09:51:35.527 +0300
4516,535320,arls_031:m10914-cc-i11787,NULL,Web Map Service (WMS),https://serviziogc.regione.fvg.it/geoserver/ERSA/wms?request=GetCapabilities&service=wms&version=1.1.1,NULL,2026-06-22 09:51:35.527 +0300
4518,535327,arls_031:m10914-cc-i11787,NULL,Web Map Service (WMS),https://serviziogc.regione.fvg.it/geoserver/ERSA/wms?request=GetCapabilities&service=wms&version=1.1.1,NULL,2026-06-22 09:51:35.527 +0300
4520,535333,arls_031:m10914-cc-i11787,NULL,Web Map Service (WMS),https://serviziogc.regione.fvg.it/geoserver/ERSA/wms?request=GetCapabilities&service=wms&version=1.1.1,NULL,2026-06-22 09:51:35.527 +0300
4522,535339,arls_031:m10914-cc-i11787,NULL,Web Map Service (WMS),https://serviziogc.regione.fvg.it/geoserver/ERSA/wms?request=GetCapabilities&service=wms&version=1.1.1,NULL,2026-06-22 09:51:35.527 +0300
4524,535345,arls_031:m10914-cc-i11787,NULL,Web Map Service (WMS),https://serviziogc.regione.fvg.it/geoserver/ERSA/wms?request=GetCapabilities&service=wms&version=1.1.1,NULL,2026-06-22 09:51:35.527 +0300
4526,535354,arls_031:m10914-cc-i11787,NULL,Web Map Service (WMS),https://serviziogc.regione.fvg.it/geoserver/ERSA/wms?request=GetCapabilities&service=wms&version=1.1.1,NULL,2026-06-22 09:51:35.527 +0300
4528,535360,arls_031:m10914-cc-i11787,NULL,Web Map Service (WMS),https://serviziogc.regione.fvg.it/geoserver/ERSA/wms?request=GetCapabilities&service=wms&version=1.1.1,NULL,2026-06-22 09:51:35.527 +0300
1268,9920,b0ab02b4-f172-41fb-ade8-cc3c46b322df,NULL,OGC:WMS-http-get-map,https://haleconnect.com/ows/services/org.224.7bb653af-d47e-4231-9496-1e6552cacaa3_wms?SERVICE=WMS&REQUEST=GetCapabilities&VERSION=1.3.0,BORIS - Bodeninformationssystem Österreich,2026-06-22 09:51:35.527 +0300
1399,11641,b0ab02b4-f172-41fb-ade8-cc3c46b322df,NULL,OGC:WMS-http-get-map,https://haleconnect.com/ows/services/org.224.7bb653af-d47e-4231-9496-1e6552cacaa3_wms?SERVICE=WMS&REQUEST=GetCapabilities&VERSION=1.3.0,BORIS - Bodeninformationssystem Österreich,2026-06-22 09:51:35.527 +0300
2611,110313,b0ab02b4-f172-41fb-ade8-cc3c46b322df,NULL,OGC:WMS-http-get-map,https://haleconnect.com/ows/services/org.224.7bb653af-d47e-4231-9496-1e6552cacaa3_wms?SERVICE=WMS&REQUEST=GetCapabilities&VERSION=1.3.0,BORIS - Bodeninformationssystem Österreich,2026-06-22 09:51:35.527 +0300
1074,10238,ba4526fd-cdbf-4028-a1bd-5a559c4bff38,glc_shv10_07_47948,OGC:WMS,https://data.apps.fao.org/map/gsrv/gsrv1/geonetwork/wms,GLC-Share - Mangroves,2026-06-22 09:51:35.527 +0300
1282,10237,ba4526fd-cdbf-4028-a1bd-5a559c4bff38,glc_shv10_06_47948,OGC:WMS,https://data.apps.fao.org/map/gsrv/gsrv1/geonetwork/wms,GLC-Share - Herbaceous vegetation,2026-06-22 09:51:35.527 +0300
1283,10232,ba4526fd-cdbf-4028-a1bd-5a559c4bff38,glc_shv10_01_47948,OGC:WMS,https://data.apps.fao.org/map/gsrv/gsrv1/geonetwork/wms,GLC-Share - Artificial Surfaces,2026-06-22 09:51:35.527 +0300
1284,10233,ba4526fd-cdbf-4028-a1bd-5a559c4bff38,glc_shv10_02_47948,OGC:WMS,https://data.apps.fao.org/map/gsrv/gsrv1/geonetwork/wms,GLC-Share - CropLand,2026-06-22 09:51:35.527 +0300
1285,10234,ba4526fd-cdbf-4028-a1bd-5a559c4bff38,glc_shv10_03_47948,OGC:WMS,https://data.apps.fao.org/map/gsrv/gsrv1/geonetwork/wms,GLC-Share - Grassland,2026-06-22 09:51:35.527 +0300
1286,10235,ba4526fd-cdbf-4028-a1bd-5a559c4bff38,glc_shv10_04_47948,OGC:WMS,https://data.apps.fao.org/map/gsrv/gsrv1/geonetwork/wms,GLC-Share - TreeS Covered Area,2026-06-22 09:51:35.527 +0300
1287,10236,ba4526fd-cdbf-4028-a1bd-5a559c4bff38,glc_shv10_05_47948,OGC:WMS,https://data.apps.fao.org/map/gsrv/gsrv1/geonetwork/wms,GLC-Share - Shrubs Covered Area,2026-06-22 09:51:35.527 +0300
1288,10239,ba4526fd-cdbf-4028-a1bd-5a559c4bff38,glc_shv10_08_47948,OGC:WMS,https://data.apps.fao.org/map/gsrv/gsrv1/geonetwork/wms,GLC-Share - Sparse vegetation,2026-06-22 09:51:35.527 +0300
1289,10240,ba4526fd-cdbf-4028-a1bd-5a559c4bff38,glc_shv10_09_47948,OGC:WMS,https://data.apps.fao.org/map/gsrv/gsrv1/geonetwork/wms,GLC-Share - BareSoil,2026-06-22 09:51:35.527 +0300
1290,10241,ba4526fd-cdbf-4028-a1bd-5a559c4bff38,glc_shv10_10_47948,OGC:WMS,https://data.apps.fao.org/map/gsrv/gsrv1/geonetwork/wms,GLC-Share - Snow and glaciers,2026-06-22 09:51:35.527 +0300
1291,10242,ba4526fd-cdbf-4028-a1bd-5a559c4bff38,glc_shv10_11_47948,OGC:WMS,https://data.apps.fao.org/map/gsrv/gsrv1/geonetwork/wms,GLC-Share - Waterbodies,2026-06-22 09:51:35.527 +0300
1292,10243,ba4526fd-cdbf-4028-a1bd-5a559c4bff38,glc_shv10_dom_47948,OGC:WMS,https://data.apps.fao.org/map/gsrv/gsrv1/geonetwork/wms,GLC-Share - Dominant land cover type,2026-06-22 09:51:35.527 +0300
285,2384,bc4277fe-7d0b-4d5e-9782-cccb1753f5f5,NULL,OGC:WMS,https://service.pdok.nl/bzk/bro-wandonderzoek/wms/v1_0?request=GetCapabilities&service=WMS,NULL,2026-06-22 09:51:35.527 +0300
1415,12803,bc4277fe-7d0b-4d5e-9782-cccb1753f5f5,NULL,OGC:WMS,https://service.pdok.nl/bzk/bro-wandonderzoek/wms/v1_0?request=GetCapabilities&service=WMS,NULL,2026-06-22 09:51:35.527 +0300
1660,34974,bc4277fe-7d0b-4d5e-9782-cccb1753f5f5,NULL,OGC:WMS,https://service.pdok.nl/bzk/bro-wandonderzoek/wms/v1_0?request=GetCapabilities&service=WMS,NULL,2026-06-22 09:51:35.527 +0300
2677,135209,bc4277fe-7d0b-4d5e-9782-cccb1753f5f5,NULL,OGC:WMS,https://service.pdok.nl/bzk/bro-wandonderzoek/wms/v1_0?request=GetCapabilities&service=WMS,NULL,2026-06-22 09:51:35.527 +0300
2781,158496,bc4277fe-7d0b-4d5e-9782-cccb1753f5f5,NULL,OGC:WMS,https://service.pdok.nl/bzk/bro-wandonderzoek/wms/v1_0?request=GetCapabilities&service=WMS,NULL,2026-06-22 09:51:35.527 +0300
2943,193090,bc4277fe-7d0b-4d5e-9782-cccb1753f5f5,NULL,OGC:WMS,https://service.pdok.nl/bzk/bro-wandonderzoek/wms/v1_0?request=GetCapabilities&service=WMS,NULL,2026-06-22 09:51:35.527 +0300
3019,208461,bc4277fe-7d0b-4d5e-9782-cccb1753f5f5,NULL,OGC:WMS,https://service.pdok.nl/bzk/bro-wandonderzoek/wms/v1_0?request=GetCapabilities&service=WMS,NULL,2026-06-22 09:51:35.527 +0300
3110,227201,bc4277fe-7d0b-4d5e-9782-cccb1753f5f5,NULL,OGC:WMS,https://service.pdok.nl/bzk/bro-wandonderzoek/wms/v1_0?request=GetCapabilities&service=WMS,NULL,2026-06-22 09:51:35.527 +0300
3173,241307,bc4277fe-7d0b-4d5e-9782-cccb1753f5f5,NULL,OGC:WMS,https://service.pdok.nl/bzk/bro-wandonderzoek/wms/v1_0?request=GetCapabilities&service=WMS,NULL,2026-06-22 09:51:35.527 +0300
3403,295419,bc4277fe-7d0b-4d5e-9782-cccb1753f5f5,NULL,OGC:WMS,https://service.pdok.nl/bzk/bro-wandonderzoek/wms/v1_0?request=GetCapabilities&service=WMS,NULL,2026-06-22 09:51:35.527 +0300
3474,311278,bc4277fe-7d0b-4d5e-9782-cccb1753f5f5,NULL,OGC:WMS,https://service.pdok.nl/bzk/bro-wandonderzoek/wms/v1_0?request=GetCapabilities&service=WMS,NULL,2026-06-22 09:51:35.527 +0300
3544,326981,bc4277fe-7d0b-4d5e-9782-cccb1753f5f5,NULL,OGC:WMS,https://service.pdok.nl/bzk/bro-wandonderzoek/wms/v1_0?request=GetCapabilities&service=WMS,NULL,2026-06-22 09:51:35.527 +0300
3616,342757,bc4277fe-7d0b-4d5e-9782-cccb1753f5f5,NULL,OGC:WMS,https://service.pdok.nl/bzk/bro-wandonderzoek/wms/v1_0?request=GetCapabilities&service=WMS,NULL,2026-06-22 09:51:35.527 +0300
3892,405947,bc4277fe-7d0b-4d5e-9782-cccb1753f5f5,NULL,OGC:WMS,https://service.pdok.nl/bzk/bro-wandonderzoek/wms/v1_0?request=GetCapabilities&service=WMS,NULL,2026-06-22 09:51:35.527 +0300
2626,122363,bc4277fe-7d0b-4d5e-9782-cccb1753f5f5,NULL,OGC:WMS,https://service.pdok.nl/tno/bro-wandonderzoek-geharmoniseerd/wms/v1_0?Service=WMS&Request=GetCapabilities,NULL,2026-06-22 09:51:35.527 +0300
2686,136882,bc4277fe-7d0b-4d5e-9782-cccb1753f5f5,NULL,OGC:WMS,https://service.pdok.nl/tno/bro-wandonderzoek-geharmoniseerd/wms/v1_0?Service=WMS&Request=GetCapabilities,NULL,2026-06-22 09:51:35.527 +0300
2796,160680,bc4277fe-7d0b-4d5e-9782-cccb1753f5f5,NULL,OGC:WMS,https://service.pdok.nl/tno/bro-wandonderzoek-geharmoniseerd/wms/v1_0?Service=WMS&Request=GetCapabilities,NULL,2026-06-22 09:51:35.527 +0300
2952,194894,bc4277fe-7d0b-4d5e-9782-cccb1753f5f5,NULL,OGC:WMS,https://service.pdok.nl/tno/bro-wandonderzoek-geharmoniseerd/wms/v1_0?Service=WMS&Request=GetCapabilities,NULL,2026-06-22 09:51:35.527 +0300
3028,210249,bc4277fe-7d0b-4d5e-9782-cccb1753f5f5,NULL,OGC:WMS,https://service.pdok.nl/tno/bro-wandonderzoek-geharmoniseerd/wms/v1_0?Service=WMS&Request=GetCapabilities,NULL,2026-06-22 09:51:35.527 +0300
3119,228998,bc4277fe-7d0b-4d5e-9782-cccb1753f5f5,NULL,OGC:WMS,https://service.pdok.nl/tno/bro-wandonderzoek-geharmoniseerd/wms/v1_0?Service=WMS&Request=GetCapabilities,NULL,2026-06-22 09:51:35.527 +0300
3186,243176,bc4277fe-7d0b-4d5e-9782-cccb1753f5f5,NULL,OGC:WMS,https://service.pdok.nl/tno/bro-wandonderzoek-geharmoniseerd/wms/v1_0?Service=WMS&Request=GetCapabilities,NULL,2026-06-22 09:51:35.527 +0300
3423,297306,bc4277fe-7d0b-4d5e-9782-cccb1753f5f5,NULL,OGC:WMS,https://service.pdok.nl/tno/bro-wandonderzoek-geharmoniseerd/wms/v1_0?Service=WMS&Request=GetCapabilities,NULL,2026-06-22 09:51:35.527 +0300
3486,313069,bc4277fe-7d0b-4d5e-9782-cccb1753f5f5,NULL,OGC:WMS,https://service.pdok.nl/tno/bro-wandonderzoek-geharmoniseerd/wms/v1_0?Service=WMS&Request=GetCapabilities,NULL,2026-06-22 09:51:35.527 +0300
3563,328889,bc4277fe-7d0b-4d5e-9782-cccb1753f5f5,NULL,OGC:WMS,https://service.pdok.nl/tno/bro-wandonderzoek-geharmoniseerd/wms/v1_0?Service=WMS&Request=GetCapabilities,NULL,2026-06-22 09:51:35.527 +0300
3635,344804,bc4277fe-7d0b-4d5e-9782-cccb1753f5f5,NULL,OGC:WMS,https://service.pdok.nl/tno/bro-wandonderzoek-geharmoniseerd/wms/v1_0?Service=WMS&Request=GetCapabilities,NULL,2026-06-22 09:51:35.527 +0300
4182,506510,bc4277fe-7d0b-4d5e-9782-cccb1753f5f5,NULL,OGC:WMS,https://service.pdok.nl/tno/bro-wandonderzoek-geharmoniseerd/wms/v1_0?Service=WMS&Request=GetCapabilities,NULL,2026-06-22 09:51:35.527 +0300
513,5512,c4dc161c-d62d-11ea-a1a3-292680b15169,MostProbable,OGC:WMS,https://maps.isric.org/mapserv?map=/map/wrb.map,NULL,2026-06-22 09:51:35.527 +0300
567,5493,c4dc161c-d62d-11ea-a1a3-292680b15169,Acrisols,OGC:WMS,https://maps.isric.org/mapserv?map=/map/wrb.map,NULL,2026-06-22 09:51:35.527 +0300
568,5494,c4dc161c-d62d-11ea-a1a3-292680b15169,Albeluvisols,OGC:WMS,https://maps.isric.org/mapserv?map=/map/wrb.map,NULL,2026-06-22 09:51:35.527 +0300
569,5495,c4dc161c-d62d-11ea-a1a3-292680b15169,Alisols,OGC:WMS,https://maps.isric.org/mapserv?map=/map/wrb.map,NULL,2026-06-22 09:51:35.527 +0300
570,5496,c4dc161c-d62d-11ea-a1a3-292680b15169,Andosols,OGC:WMS,https://maps.isric.org/mapserv?map=/map/wrb.map,NULL,2026-06-22 09:51:35.527 +0300
571,5497,c4dc161c-d62d-11ea-a1a3-292680b15169,Arenosols,OGC:WMS,https://maps.isric.org/mapserv?map=/map/wrb.map,NULL,2026-06-22 09:51:35.527 +0300
572,5498,c4dc161c-d62d-11ea-a1a3-292680b15169,Calcisols,OGC:WMS,https://maps.isric.org/mapserv?map=/map/wrb.map,NULL,2026-06-22 09:51:35.527 +0300
573,5499,c4dc161c-d62d-11ea-a1a3-292680b15169,Cambisols,OGC:WMS,https://maps.isric.org/mapserv?map=/map/wrb.map,NULL,2026-06-22 09:51:35.527 +0300
574,5500,c4dc161c-d62d-11ea-a1a3-292680b15169,Chernozems,OGC:WMS,https://maps.isric.org/mapserv?map=/map/wrb.map,NULL,2026-06-22 09:51:35.527 +0300
575,5501,c4dc161c-d62d-11ea-a1a3-292680b15169,Cryosols,OGC:WMS,https://maps.isric.org/mapserv?map=/map/wrb.map,NULL,2026-06-22 09:51:35.527 +0300
576,5502,c4dc161c-d62d-11ea-a1a3-292680b15169,Durisols,OGC:WMS,https://maps.isric.org/mapserv?map=/map/wrb.map,NULL,2026-06-22 09:51:35.527 +0300
577,5503,c4dc161c-d62d-11ea-a1a3-292680b15169,Ferralsols,OGC:WMS,https://maps.isric.org/mapserv?map=/map/wrb.map,NULL,2026-06-22 09:51:35.527 +0300
578,5504,c4dc161c-d62d-11ea-a1a3-292680b15169,Fluvisols,OGC:WMS,https://maps.isric.org/mapserv?map=/map/wrb.map,NULL,2026-06-22 09:51:35.527 +0300
579,5505,c4dc161c-d62d-11ea-a1a3-292680b15169,Gleysols,OGC:WMS,https://maps.isric.org/mapserv?map=/map/wrb.map,NULL,2026-06-22 09:51:35.527 +0300
580,5506,c4dc161c-d62d-11ea-a1a3-292680b15169,Gypsisols,OGC:WMS,https://maps.isric.org/mapserv?map=/map/wrb.map,NULL,2026-06-22 09:51:35.527 +0300
581,5507,c4dc161c-d62d-11ea-a1a3-292680b15169,Histosols,OGC:WMS,https://maps.isric.org/mapserv?map=/map/wrb.map,NULL,2026-06-22 09:51:35.527 +0300
582,5508,c4dc161c-d62d-11ea-a1a3-292680b15169,Kastanozems,OGC:WMS,https://maps.isric.org/mapserv?map=/map/wrb.map,NULL,2026-06-22 09:51:35.527 +0300
583,5509,c4dc161c-d62d-11ea-a1a3-292680b15169,Leptosols,OGC:WMS,https://maps.isric.org/mapserv?map=/map/wrb.map,NULL,2026-06-22 09:51:35.527 +0300
584,5510,c4dc161c-d62d-11ea-a1a3-292680b15169,Lixisols,OGC:WMS,https://maps.isric.org/mapserv?map=/map/wrb.map,NULL,2026-06-22 09:51:35.527 +0300
585,5511,c4dc161c-d62d-11ea-a1a3-292680b15169,Luvisols,OGC:WMS,https://maps.isric.org/mapserv?map=/map/wrb.map,NULL,2026-06-22 09:51:35.527 +0300
586,5513,c4dc161c-d62d-11ea-a1a3-292680b15169,Nitisols,OGC:WMS,https://maps.isric.org/mapserv?map=/map/wrb.map,NULL,2026-06-22 09:51:35.527 +0300
587,5514,c4dc161c-d62d-11ea-a1a3-292680b15169,Phaeozems,OGC:WMS,https://maps.isric.org/mapserv?map=/map/wrb.map,NULL,2026-06-22 09:51:35.527 +0300
588,5515,c4dc161c-d62d-11ea-a1a3-292680b15169,Planosols,OGC:WMS,https://maps.isric.org/mapserv?map=/map/wrb.map,NULL,2026-06-22 09:51:35.527 +0300
589,5516,c4dc161c-d62d-11ea-a1a3-292680b15169,Plinthosols,OGC:WMS,https://maps.isric.org/mapserv?map=/map/wrb.map,NULL,2026-06-22 09:51:35.527 +0300
590,5517,c4dc161c-d62d-11ea-a1a3-292680b15169,Podzols,OGC:WMS,https://maps.isric.org/mapserv?map=/map/wrb.map,NULL,2026-06-22 09:51:35.527 +0300
591,5518,c4dc161c-d62d-11ea-a1a3-292680b15169,Regosols,OGC:WMS,https://maps.isric.org/mapserv?map=/map/wrb.map,NULL,2026-06-22 09:51:35.527 +0300
592,5519,c4dc161c-d62d-11ea-a1a3-292680b15169,Solonchaks,OGC:WMS,https://maps.isric.org/mapserv?map=/map/wrb.map,NULL,2026-06-22 09:51:35.527 +0300
593,5520,c4dc161c-d62d-11ea-a1a3-292680b15169,Solonetz,OGC:WMS,https://maps.isric.org/mapserv?map=/map/wrb.map,NULL,2026-06-22 09:51:35.527 +0300
594,5521,c4dc161c-d62d-11ea-a1a3-292680b15169,Stagnosols,OGC:WMS,https://maps.isric.org/mapserv?map=/map/wrb.map,NULL,2026-06-22 09:51:35.527 +0300
595,5522,c4dc161c-d62d-11ea-a1a3-292680b15169,Umbrisols,OGC:WMS,https://maps.isric.org/mapserv?map=/map/wrb.map,NULL,2026-06-22 09:51:35.527 +0300
596,5523,c4dc161c-d62d-11ea-a1a3-292680b15169,Vertisols,OGC:WMS,https://maps.isric.org/mapserv?map=/map/wrb.map,NULL,2026-06-22 09:51:35.527 +0300
600,7054,copernicus_v_3035_10_m_rz-2012-lclu_p_2011-2013_v01_r00,NULL,OGC:WMS,https://image.discomap.eea.europa.eu/arcgis/services/RiparianZones/LCLU/MapServer/WMSServer?service=WMS&request=GetCapabilities&version=1.3.0,NULL,2026-06-22 09:51:35.527 +0300
1362,36281,copernicus_v_3035_10_m_rz-2012-lclu_p_2011-2013_v01_r00,NULL,OGC:WMS,https://image.discomap.eea.europa.eu/arcgis/services/RiparianZones/LCLU/MapServer/WMSServer?service=WMS&request=GetCapabilities&version=1.3.0,NULL,2026-06-22 09:51:35.527 +0300
1507,16355,copernicus_v_3035_10_m_rz-2012-lclu_p_2011-2013_v01_r00,NULL,OGC:WMS,https://image.discomap.eea.europa.eu/arcgis/services/RiparianZones/LCLU/MapServer/WMSServer?service=WMS&request=GetCapabilities&version=1.3.0,NULL,2026-06-22 09:51:35.527 +0300
1588,27768,copernicus_v_3035_10_m_rz-2012-lclu_p_2011-2013_v01_r00,NULL,OGC:WMS,https://image.discomap.eea.europa.eu/arcgis/services/RiparianZones/LCLU/MapServer/WMSServer?service=WMS&request=GetCapabilities&version=1.3.0,NULL,2026-06-22 09:51:35.527 +0300
3652,347406,copernicus_v_3035_10_m_rz-2012-lclu_p_2011-2013_v01_r00,NULL,OGC:WMS,https://image.discomap.eea.europa.eu/arcgis/services/RiparianZones/LCLU/MapServer/WMSServer?service=WMS&request=GetCapabilities&version=1.3.0,NULL,2026-06-22 09:51:35.527 +0300
3654,348584,copernicus_v_3035_10_m_rz-2012-lclu_p_2011-2013_v01_r00,NULL,OGC:WMS,https://image.discomap.eea.europa.eu/arcgis/services/RiparianZones/LCLU/MapServer/WMSServer?service=WMS&request=GetCapabilities&version=1.3.0,NULL,2026-06-22 09:51:35.527 +0300
4260,516327,copernicus_v_3035_10_m_rz-2012-lclu_p_2011-2013_v01_r00,NULL,OGC:WMS,https://image.discomap.eea.europa.eu/arcgis/services/RiparianZones/LCLU/MapServer/WMSServer?service=WMS&request=GetCapabilities&version=1.3.0,NULL,2026-06-22 09:51:35.527 +0300
4333,519589,copernicus_v_3035_10_m_rz-2012-lclu_p_2011-2013_v01_r00,NULL,OGC:WMS,https://image.discomap.eea.europa.eu/arcgis/services/RiparianZones/LCLU/MapServer/WMSServer?service=WMS&request=GetCapabilities&version=1.3.0,NULL,2026-06-22 09:51:35.527 +0300
857,7102,copernicus_v_3035_10_m_rz-2012-lclu_p_2011-2013_v02_r00,NULL,OGC:WMS,https://image.discomap.eea.europa.eu/arcgis/services/RiparianZones/LCLU/MapServer/WMSServer?service=WMS&request=GetCapabilities&version=1.3.0,Riparian Zones 2012 LCLU,2026-06-22 09:51:35.527 +0300
1363,36298,copernicus_v_3035_10_m_rz-2012-lclu_p_2011-2013_v02_r00,NULL,OGC:WMS,https://image.discomap.eea.europa.eu/arcgis/services/RiparianZones/LCLU/MapServer/WMSServer?service=WMS&request=GetCapabilities&version=1.3.0,Riparian Zones 2012 LCLU,2026-06-22 09:51:35.527 +0300
1511,16399,copernicus_v_3035_10_m_rz-2012-lclu_p_2011-2013_v02_r00,NULL,OGC:WMS,https://image.discomap.eea.europa.eu/arcgis/services/RiparianZones/LCLU/MapServer/WMSServer?service=WMS&request=GetCapabilities&version=1.3.0,Riparian Zones 2012 LCLU,2026-06-22 09:51:35.527 +0300
1593,27821,copernicus_v_3035_10_m_rz-2012-lclu_p_2011-2013_v02_r00,NULL,OGC:WMS,https://image.discomap.eea.europa.eu/arcgis/services/RiparianZones/LCLU/MapServer/WMSServer?service=WMS&request=GetCapabilities&version=1.3.0,Riparian Zones 2012 LCLU,2026-06-22 09:51:35.527 +0300
602,7115,copernicus_v_3035_10_m_ua-2012_p_2011-2013_v02_r00,NULL,OGC:WMS,https://image.discomap.eea.europa.eu/arcgis/services/UrbanAtlas/UA_UrbanAtlas_2012/MapServer/WMSServer?request=GetCapabilities&service=WMS,UrbanAtlas_2012,2026-06-22 09:51:35.527 +0300
1364,36306,copernicus_v_3035_10_m_ua-2012_p_2011-2013_v02_r00,NULL,OGC:WMS,https://image.discomap.eea.europa.eu/arcgis/services/UrbanAtlas/UA_UrbanAtlas_2012/MapServer/WMSServer?request=GetCapabilities&service=WMS,UrbanAtlas_2012,2026-06-22 09:51:35.527 +0300
1512,16412,copernicus_v_3035_10_m_ua-2012_p_2011-2013_v02_r00,NULL,OGC:WMS,https://image.discomap.eea.europa.eu/arcgis/services/UrbanAtlas/UA_UrbanAtlas_2012/MapServer/WMSServer?request=GetCapabilities&service=WMS,UrbanAtlas_2012,2026-06-22 09:51:35.527 +0300
1594,27835,copernicus_v_3035_10_m_ua-2012_p_2011-2013_v02_r00,NULL,OGC:WMS,https://image.discomap.eea.europa.eu/arcgis/services/UrbanAtlas/UA_UrbanAtlas_2012/MapServer/WMSServer?request=GetCapabilities&service=WMS,UrbanAtlas_2012,2026-06-22 09:51:35.527 +0300
564,7043,copernicus_v_3035_10_m_ua-2012_p_2011-2013_vxx_rxx,NULL,OGC:WMS,https://image.discomap.eea.europa.eu/arcgis/services/UrbanAtlas/UA_UrbanAtlas_2012/MapServer/WMSServer?request=GetCapabilities&service=WMS,UrbanAtlas_2012,2026-06-22 09:51:35.527 +0300
1369,36279,copernicus_v_3035_10_m_ua-2012_p_2011-2013_vxx_rxx,NULL,OGC:WMS,https://image.discomap.eea.europa.eu/arcgis/services/UrbanAtlas/UA_UrbanAtlas_2012/MapServer/WMSServer?request=GetCapabilities&service=WMS,UrbanAtlas_2012,2026-06-22 09:51:35.527 +0300
1505,16344,copernicus_v_3035_10_m_ua-2012_p_2011-2013_vxx_rxx,NULL,OGC:WMS,https://image.discomap.eea.europa.eu/arcgis/services/UrbanAtlas/UA_UrbanAtlas_2012/MapServer/WMSServer?request=GetCapabilities&service=WMS,UrbanAtlas_2012,2026-06-22 09:51:35.527 +0300
1586,27757,copernicus_v_3035_10_m_ua-2012_p_2011-2013_vxx_rxx,NULL,OGC:WMS,https://image.discomap.eea.europa.eu/arcgis/services/UrbanAtlas/UA_UrbanAtlas_2012/MapServer/WMSServer?request=GetCapabilities&service=WMS,UrbanAtlas_2012,2026-06-22 09:51:35.527 +0300
2587,91066,copernicus_v_3035_10_m_ua-2012_p_2011-2013_vxx_rxx,NULL,OGC:WMS,https://image.discomap.eea.europa.eu/arcgis/services/UrbanAtlas/UA_UrbanAtlas_2012/MapServer/WMSServer?request=GetCapabilities&service=WMS,UrbanAtlas_2012,2026-06-22 09:51:35.527 +0300
2590,96650,copernicus_v_3035_10_m_ua-2012_p_2011-2013_vxx_rxx,NULL,OGC:WMS,https://image.discomap.eea.europa.eu/arcgis/services/UrbanAtlas/UA_UrbanAtlas_2012/MapServer/WMSServer?request=GetCapabilities&service=WMS,UrbanAtlas_2012,2026-06-22 09:51:35.527 +0300
2710,140882,copernicus_v_3035_10_m_ua-2012_p_2011-2013_vxx_rxx,NULL,OGC:WMS,https://image.discomap.eea.europa.eu/arcgis/services/UrbanAtlas/UA_UrbanAtlas_2012/MapServer/WMSServer?request=GetCapabilities&service=WMS,UrbanAtlas_2012,2026-06-22 09:51:35.527 +0300
2713,141466,copernicus_v_3035_10_m_ua-2012_p_2011-2013_vxx_rxx,NULL,OGC:WMS,https://image.discomap.eea.europa.eu/arcgis/services/UrbanAtlas/UA_UrbanAtlas_2012/MapServer/WMSServer?request=GetCapabilities&service=WMS,UrbanAtlas_2012,2026-06-22 09:51:35.527 +0300
2719,141712,copernicus_v_3035_10_m_ua-2012_p_2011-2013_vxx_rxx,NULL,OGC:WMS,https://image.discomap.eea.europa.eu/arcgis/services/UrbanAtlas/UA_UrbanAtlas_2012/MapServer/WMSServer?request=GetCapabilities&service=WMS,UrbanAtlas_2012,2026-06-22 09:51:35.527 +0300
2752,151000,copernicus_v_3035_10_m_ua-2012_p_2011-2013_vxx_rxx,NULL,OGC:WMS,https://image.discomap.eea.europa.eu/arcgis/services/UrbanAtlas/UA_UrbanAtlas_2012/MapServer/WMSServer?request=GetCapabilities&service=WMS,UrbanAtlas_2012,2026-06-22 09:51:35.527 +0300
2755,151552,copernicus_v_3035_10_m_ua-2012_p_2011-2013_vxx_rxx,NULL,OGC:WMS,https://image.discomap.eea.europa.eu/arcgis/services/UrbanAtlas/UA_UrbanAtlas_2012/MapServer/WMSServer?request=GetCapabilities&service=WMS,UrbanAtlas_2012,2026-06-22 09:51:35.527 +0300
2761,151794,copernicus_v_3035_10_m_ua-2012_p_2011-2013_vxx_rxx,NULL,OGC:WMS,https://image.discomap.eea.europa.eu/arcgis/services/UrbanAtlas/UA_UrbanAtlas_2012/MapServer/WMSServer?request=GetCapabilities&service=WMS,UrbanAtlas_2012,2026-06-22 09:51:35.527 +0300
2819,164577,copernicus_v_3035_10_m_ua-2012_p_2011-2013_vxx_rxx,NULL,OGC:WMS,https://image.discomap.eea.europa.eu/arcgis/services/UrbanAtlas/UA_UrbanAtlas_2012/MapServer/WMSServer?request=GetCapabilities&service=WMS,UrbanAtlas_2012,2026-06-22 09:51:35.527 +0300
2822,165154,copernicus_v_3035_10_m_ua-2012_p_2011-2013_vxx_rxx,NULL,OGC:WMS,https://image.discomap.eea.europa.eu/arcgis/services/UrbanAtlas/UA_UrbanAtlas_2012/MapServer/WMSServer?request=GetCapabilities&service=WMS,UrbanAtlas_2012,2026-06-22 09:51:35.527 +0300
2828,165399,copernicus_v_3035_10_m_ua-2012_p_2011-2013_vxx_rxx,NULL,OGC:WMS,https://image.discomap.eea.europa.eu/arcgis/services/UrbanAtlas/UA_UrbanAtlas_2012/MapServer/WMSServer?request=GetCapabilities&service=WMS,UrbanAtlas_2012,2026-06-22 09:51:35.527 +0300
2862,172198,copernicus_v_3035_10_m_ua-2012_p_2011-2013_vxx_rxx,NULL,OGC:WMS,https://image.discomap.eea.europa.eu/arcgis/services/UrbanAtlas/UA_UrbanAtlas_2012/MapServer/WMSServer?request=GetCapabilities&service=WMS,UrbanAtlas_2012,2026-06-22 09:51:35.527 +0300
2869,173038,copernicus_v_3035_10_m_ua-2012_p_2011-2013_vxx_rxx,NULL,OGC:WMS,https://image.discomap.eea.europa.eu/arcgis/services/UrbanAtlas/UA_UrbanAtlas_2012/MapServer/WMSServer?request=GetCapabilities&service=WMS,UrbanAtlas_2012,2026-06-22 09:51:35.527 +0300
2911,184815,copernicus_v_3035_10_m_ua-2012_p_2011-2013_vxx_rxx,NULL,OGC:WMS,https://image.discomap.eea.europa.eu/arcgis/services/UrbanAtlas/UA_UrbanAtlas_2012/MapServer/WMSServer?request=GetCapabilities&service=WMS,UrbanAtlas_2012,2026-06-22 09:51:35.527 +0300
2914,185327,copernicus_v_3035_10_m_ua-2012_p_2011-2013_vxx_rxx,NULL,OGC:WMS,https://image.discomap.eea.europa.eu/arcgis/services/UrbanAtlas/UA_UrbanAtlas_2012/MapServer/WMSServer?request=GetCapabilities&service=WMS,UrbanAtlas_2012,2026-06-22 09:51:35.527 +0300
2935,259497,copernicus_v_3035_10_m_ua-2012_p_2011-2013_vxx_rxx,NULL,OGC:WMS,https://image.discomap.eea.europa.eu/arcgis/services/UrbanAtlas/UA_UrbanAtlas_2012/MapServer/WMSServer?request=GetCapabilities&service=WMS,UrbanAtlas_2012,2026-06-22 09:51:35.527 +0300
2988,199476,copernicus_v_3035_10_m_ua-2012_p_2011-2013_vxx_rxx,NULL,OGC:WMS,https://image.discomap.eea.europa.eu/arcgis/services/UrbanAtlas/UA_UrbanAtlas_2012/MapServer/WMSServer?request=GetCapabilities&service=WMS,UrbanAtlas_2012,2026-06-22 09:51:35.527 +0300
2991,200027,copernicus_v_3035_10_m_ua-2012_p_2011-2013_vxx_rxx,NULL,OGC:WMS,https://image.discomap.eea.europa.eu/arcgis/services/UrbanAtlas/UA_UrbanAtlas_2012/MapServer/WMSServer?request=GetCapabilities&service=WMS,UrbanAtlas_2012,2026-06-22 09:51:35.527 +0300
2998,200273,copernicus_v_3035_10_m_ua-2012_p_2011-2013_vxx_rxx,NULL,OGC:WMS,https://image.discomap.eea.europa.eu/arcgis/services/UrbanAtlas/UA_UrbanAtlas_2012/MapServer/WMSServer?request=GetCapabilities&service=WMS,UrbanAtlas_2012,2026-06-22 09:51:35.527 +0300
3079,218603,copernicus_v_3035_10_m_ua-2012_p_2011-2013_vxx_rxx,NULL,OGC:WMS,https://image.discomap.eea.europa.eu/arcgis/services/UrbanAtlas/UA_UrbanAtlas_2012/MapServer/WMSServer?request=GetCapabilities&service=WMS,UrbanAtlas_2012,2026-06-22 09:51:35.527 +0300
3082,219100,copernicus_v_3035_10_m_ua-2012_p_2011-2013_vxx_rxx,NULL,OGC:WMS,https://image.discomap.eea.europa.eu/arcgis/services/UrbanAtlas/UA_UrbanAtlas_2012/MapServer/WMSServer?request=GetCapabilities&service=WMS,UrbanAtlas_2012,2026-06-22 09:51:35.527 +0300
3088,219334,copernicus_v_3035_10_m_ua-2012_p_2011-2013_vxx_rxx,NULL,OGC:WMS,https://image.discomap.eea.europa.eu/arcgis/services/UrbanAtlas/UA_UrbanAtlas_2012/MapServer/WMSServer?request=GetCapabilities&service=WMS,UrbanAtlas_2012,2026-06-22 09:51:35.527 +0300
3144,232782,copernicus_v_3035_10_m_ua-2012_p_2011-2013_vxx_rxx,NULL,OGC:WMS,https://image.discomap.eea.europa.eu/arcgis/services/UrbanAtlas/UA_UrbanAtlas_2012/MapServer/WMSServer?request=GetCapabilities&service=WMS,UrbanAtlas_2012,2026-06-22 09:51:35.527 +0300
3147,233287,copernicus_v_3035_10_m_ua-2012_p_2011-2013_vxx_rxx,NULL,OGC:WMS,https://image.discomap.eea.europa.eu/arcgis/services/UrbanAtlas/UA_UrbanAtlas_2012/MapServer/WMSServer?request=GetCapabilities&service=WMS,UrbanAtlas_2012,2026-06-22 09:51:35.527 +0300
3252,254767,copernicus_v_3035_10_m_ua-2012_p_2011-2013_vxx_rxx,NULL,OGC:WMS,https://image.discomap.eea.europa.eu/arcgis/services/UrbanAtlas/UA_UrbanAtlas_2012/MapServer/WMSServer?request=GetCapabilities&service=WMS,UrbanAtlas_2012,2026-06-22 09:51:35.527 +0300
3257,256298,copernicus_v_3035_10_m_ua-2012_p_2011-2013_vxx_rxx,NULL,OGC:WMS,https://image.discomap.eea.europa.eu/arcgis/services/UrbanAtlas/UA_UrbanAtlas_2012/MapServer/WMSServer?request=GetCapabilities&service=WMS,UrbanAtlas_2012,2026-06-22 09:51:35.527 +0300
3264,258755,copernicus_v_3035_10_m_ua-2012_p_2011-2013_vxx_rxx,NULL,OGC:WMS,https://image.discomap.eea.europa.eu/arcgis/services/UrbanAtlas/UA_UrbanAtlas_2012/MapServer/WMSServer?request=GetCapabilities&service=WMS,UrbanAtlas_2012,2026-06-22 09:51:35.527 +0300
3267,259258,copernicus_v_3035_10_m_ua-2012_p_2011-2013_vxx_rxx,NULL,OGC:WMS,https://image.discomap.eea.europa.eu/arcgis/services/UrbanAtlas/UA_UrbanAtlas_2012/MapServer/WMSServer?request=GetCapabilities&service=WMS,UrbanAtlas_2012,2026-06-22 09:51:35.527 +0300
3312,270841,copernicus_v_3035_10_m_ua-2012_p_2011-2013_vxx_rxx,NULL,OGC:WMS,https://image.discomap.eea.europa.eu/arcgis/services/UrbanAtlas/UA_UrbanAtlas_2012/MapServer/WMSServer?request=GetCapabilities&service=WMS,UrbanAtlas_2012,2026-06-22 09:51:35.527 +0300
3315,271782,copernicus_v_3035_10_m_ua-2012_p_2011-2013_vxx_rxx,NULL,OGC:WMS,https://image.discomap.eea.europa.eu/arcgis/services/UrbanAtlas/UA_UrbanAtlas_2012/MapServer/WMSServer?request=GetCapabilities&service=WMS,UrbanAtlas_2012,2026-06-22 09:51:35.527 +0300
3375,287099,copernicus_v_3035_10_m_ua-2012_p_2011-2013_vxx_rxx,NULL,OGC:WMS,https://image.discomap.eea.europa.eu/arcgis/services/UrbanAtlas/UA_UrbanAtlas_2012/MapServer/WMSServer?request=GetCapabilities&service=WMS,UrbanAtlas_2012,2026-06-22 09:51:35.527 +0300
3382,287920,copernicus_v_3035_10_m_ua-2012_p_2011-2013_vxx_rxx,NULL,OGC:WMS,https://image.discomap.eea.europa.eu/arcgis/services/UrbanAtlas/UA_UrbanAtlas_2012/MapServer/WMSServer?request=GetCapabilities&service=WMS,UrbanAtlas_2012,2026-06-22 09:51:35.527 +0300
3446,302954,copernicus_v_3035_10_m_ua-2012_p_2011-2013_vxx_rxx,NULL,OGC:WMS,https://image.discomap.eea.europa.eu/arcgis/services/UrbanAtlas/UA_UrbanAtlas_2012/MapServer/WMSServer?request=GetCapabilities&service=WMS,UrbanAtlas_2012,2026-06-22 09:51:35.527 +0300
3453,303776,copernicus_v_3035_10_m_ua-2012_p_2011-2013_vxx_rxx,NULL,OGC:WMS,https://image.discomap.eea.europa.eu/arcgis/services/UrbanAtlas/UA_UrbanAtlas_2012/MapServer/WMSServer?request=GetCapabilities&service=WMS,UrbanAtlas_2012,2026-06-22 09:51:35.527 +0300
3515,318769,copernicus_v_3035_10_m_ua-2012_p_2011-2013_vxx_rxx,NULL,OGC:WMS,https://image.discomap.eea.europa.eu/arcgis/services/UrbanAtlas/UA_UrbanAtlas_2012/MapServer/WMSServer?request=GetCapabilities&service=WMS,UrbanAtlas_2012,2026-06-22 09:51:35.527 +0300
3518,319252,copernicus_v_3035_10_m_ua-2012_p_2011-2013_vxx_rxx,NULL,OGC:WMS,https://image.discomap.eea.europa.eu/arcgis/services/UrbanAtlas/UA_UrbanAtlas_2012/MapServer/WMSServer?request=GetCapabilities&service=WMS,UrbanAtlas_2012,2026-06-22 09:51:35.527 +0300
3586,334522,copernicus_v_3035_10_m_ua-2012_p_2011-2013_vxx_rxx,NULL,OGC:WMS,https://image.discomap.eea.europa.eu/arcgis/services/UrbanAtlas/UA_UrbanAtlas_2012/MapServer/WMSServer?request=GetCapabilities&service=WMS,UrbanAtlas_2012,2026-06-22 09:51:35.527 +0300
3589,335025,copernicus_v_3035_10_m_ua-2012_p_2011-2013_vxx_rxx,NULL,OGC:WMS,https://image.discomap.eea.europa.eu/arcgis/services/UrbanAtlas/UA_UrbanAtlas_2012/MapServer/WMSServer?request=GetCapabilities&service=WMS,UrbanAtlas_2012,2026-06-22 09:51:35.527 +0300
3595,335262,copernicus_v_3035_10_m_ua-2012_p_2011-2013_vxx_rxx,NULL,OGC:WMS,https://image.discomap.eea.europa.eu/arcgis/services/UrbanAtlas/UA_UrbanAtlas_2012/MapServer/WMSServer?request=GetCapabilities&service=WMS,UrbanAtlas_2012,2026-06-22 09:51:35.527 +0300
3660,350827,copernicus_v_3035_10_m_ua-2012_p_2011-2013_vxx_rxx,NULL,OGC:WMS,https://image.discomap.eea.europa.eu/arcgis/services/UrbanAtlas/UA_UrbanAtlas_2012/MapServer/WMSServer?request=GetCapabilities&service=WMS,UrbanAtlas_2012,2026-06-22 09:51:35.527 +0300
3663,351322,copernicus_v_3035_10_m_ua-2012_p_2011-2013_vxx_rxx,NULL,OGC:WMS,https://image.discomap.eea.europa.eu/arcgis/services/UrbanAtlas/UA_UrbanAtlas_2012/MapServer/WMSServer?request=GetCapabilities&service=WMS,UrbanAtlas_2012,2026-06-22 09:51:35.527 +0300
3669,351555,copernicus_v_3035_10_m_ua-2012_p_2011-2013_vxx_rxx,NULL,OGC:WMS,https://image.discomap.eea.europa.eu/arcgis/services/UrbanAtlas/UA_UrbanAtlas_2012/MapServer/WMSServer?request=GetCapabilities&service=WMS,UrbanAtlas_2012,2026-06-22 09:51:35.527 +0300
3729,366876,copernicus_v_3035_10_m_ua-2012_p_2011-2013_vxx_rxx,NULL,OGC:WMS,https://image.discomap.eea.europa.eu/arcgis/services/UrbanAtlas/UA_UrbanAtlas_2012/MapServer/WMSServer?request=GetCapabilities&service=WMS,UrbanAtlas_2012,2026-06-22 09:51:35.527 +0300
3732,367353,copernicus_v_3035_10_m_ua-2012_p_2011-2013_vxx_rxx,NULL,OGC:WMS,https://image.discomap.eea.europa.eu/arcgis/services/UrbanAtlas/UA_UrbanAtlas_2012/MapServer/WMSServer?request=GetCapabilities&service=WMS,UrbanAtlas_2012,2026-06-22 09:51:35.527 +0300
3782,380360,copernicus_v_3035_10_m_ua-2012_p_2011-2013_vxx_rxx,NULL,OGC:WMS,https://image.discomap.eea.europa.eu/arcgis/services/UrbanAtlas/UA_UrbanAtlas_2012/MapServer/WMSServer?request=GetCapabilities&service=WMS,UrbanAtlas_2012,2026-06-22 09:51:35.527 +0300
3785,380844,copernicus_v_3035_10_m_ua-2012_p_2011-2013_vxx_rxx,NULL,OGC:WMS,https://image.discomap.eea.europa.eu/arcgis/services/UrbanAtlas/UA_UrbanAtlas_2012/MapServer/WMSServer?request=GetCapabilities&service=WMS,UrbanAtlas_2012,2026-06-22 09:51:35.527 +0300
3835,393355,copernicus_v_3035_10_m_ua-2012_p_2011-2013_vxx_rxx,NULL,OGC:WMS,https://image.discomap.eea.europa.eu/arcgis/services/UrbanAtlas/UA_UrbanAtlas_2012/MapServer/WMSServer?request=GetCapabilities&service=WMS,UrbanAtlas_2012,2026-06-22 09:51:35.527 +0300
3838,393848,copernicus_v_3035_10_m_ua-2012_p_2011-2013_vxx_rxx,NULL,OGC:WMS,https://image.discomap.eea.europa.eu/arcgis/services/UrbanAtlas/UA_UrbanAtlas_2012/MapServer/WMSServer?request=GetCapabilities&service=WMS,UrbanAtlas_2012,2026-06-22 09:51:35.527 +0300
3968,429891,copernicus_v_3035_10_m_ua-2012_p_2011-2013_vxx_rxx,NULL,OGC:WMS,https://image.discomap.eea.europa.eu/arcgis/services/UrbanAtlas/UA_UrbanAtlas_2012/MapServer/WMSServer?request=GetCapabilities&service=WMS,UrbanAtlas_2012,2026-06-22 09:51:35.527 +0300
3971,430431,copernicus_v_3035_10_m_ua-2012_p_2011-2013_vxx_rxx,NULL,OGC:WMS,https://image.discomap.eea.europa.eu/arcgis/services/UrbanAtlas/UA_UrbanAtlas_2012/MapServer/WMSServer?request=GetCapabilities&service=WMS,UrbanAtlas_2012,2026-06-22 09:51:35.527 +0300
4015,442265,copernicus_v_3035_10_m_ua-2012_p_2011-2013_vxx_rxx,NULL,OGC:WMS,https://image.discomap.eea.europa.eu/arcgis/services/UrbanAtlas/UA_UrbanAtlas_2012/MapServer/WMSServer?request=GetCapabilities&service=WMS,UrbanAtlas_2012,2026-06-22 09:51:35.527 +0300
4018,442753,copernicus_v_3035_10_m_ua-2012_p_2011-2013_vxx_rxx,NULL,OGC:WMS,https://image.discomap.eea.europa.eu/arcgis/services/UrbanAtlas/UA_UrbanAtlas_2012/MapServer/WMSServer?request=GetCapabilities&service=WMS,UrbanAtlas_2012,2026-06-22 09:51:35.527 +0300
4110,474715,copernicus_v_3035_10_m_ua-2012_p_2011-2013_vxx_rxx,NULL,OGC:WMS,https://image.discomap.eea.europa.eu/arcgis/services/UrbanAtlas/UA_UrbanAtlas_2012/MapServer/WMSServer?request=GetCapabilities&service=WMS,UrbanAtlas_2012,2026-06-22 09:51:35.527 +0300
4113,475198,copernicus_v_3035_10_m_ua-2012_p_2011-2013_vxx_rxx,NULL,OGC:WMS,https://image.discomap.eea.europa.eu/arcgis/services/UrbanAtlas/UA_UrbanAtlas_2012/MapServer/WMSServer?request=GetCapabilities&service=WMS,UrbanAtlas_2012,2026-06-22 09:51:35.527 +0300
4401,521446,copernicus_v_3035_10_m_ua-2012_p_2011-2013_vxx_rxx,NULL,OGC:WMS,https://image.discomap.eea.europa.eu/arcgis/services/UrbanAtlas/UA_UrbanAtlas_2012/MapServer/WMSServer?request=GetCapabilities&service=WMS,UrbanAtlas_2012,2026-06-22 09:51:35.527 +0300
4411,521987,copernicus_v_3035_10_m_ua-2012_p_2011-2013_vxx_rxx,NULL,OGC:WMS,https://image.discomap.eea.europa.eu/arcgis/services/UrbanAtlas/UA_UrbanAtlas_2012/MapServer/WMSServer?request=GetCapabilities&service=WMS,UrbanAtlas_2012,2026-06-22 09:51:35.527 +0300
4422,522362,copernicus_v_3035_10_m_ua-2012_p_2011-2013_vxx_rxx,NULL,OGC:WMS,https://image.discomap.eea.europa.eu/arcgis/services/UrbanAtlas/UA_UrbanAtlas_2012/MapServer/WMSServer?request=GetCapabilities&service=WMS,UrbanAtlas_2012,2026-06-22 09:51:35.527 +0300
986,8155,d6169455-7246-408a-93a5-e418f51f8fe5,NULL,OGC:WMS-1.3.0-http-get-map,https://io.apps.fao.org/geoserver/wms/WAPOR_2/L3_BUS_E_D/v2?service=WMS&version=1.3.0&request=GetCapabilities,WaPOR_2:L3_BUS_E_D,2026-06-22 09:51:35.527 +0300
1520,17480,d6169455-7246-408a-93a5-e418f51f8fe5,NULL,OGC:WMS-1.3.0-http-get-map,https://io.apps.fao.org/geoserver/wms/WAPOR_2/L3_BUS_E_D/v2?service=WMS&version=1.3.0&request=GetCapabilities,WaPOR_2:L3_BUS_E_D,2026-06-22 09:51:35.527 +0300
1607,28859,d6169455-7246-408a-93a5-e418f51f8fe5,NULL,OGC:WMS-1.3.0-http-get-map,https://io.apps.fao.org/geoserver/wms/WAPOR_2/L3_BUS_E_D/v2?service=WMS&version=1.3.0&request=GetCapabilities,WaPOR_2:L3_BUS_E_D,2026-06-22 09:51:35.527 +0300
2559,76453,d6169455-7246-408a-93a5-e418f51f8fe5,NULL,OGC:WMS-1.3.0-http-get-map,https://io.apps.fao.org/geoserver/wms/WAPOR_2/L3_BUS_E_D/v2?service=WMS&version=1.3.0&request=GetCapabilities,WaPOR_2:L3_BUS_E_D,2026-06-22 09:51:35.527 +0300
211,2838,d9cc67ba-5491-4640-86ac-b8d392250270,NULL,OGC:WMS,https://service.pdok.nl/bzk/bro-bodemkaart/wms/v1_0?request=getCapabilities&service=WMS,NULL,2026-06-22 09:51:35.527 +0300
1424,13178,d9cc67ba-5491-4640-86ac-b8d392250270,NULL,OGC:WMS,https://service.pdok.nl/bzk/bro-bodemkaart/wms/v1_0?request=getCapabilities&service=WMS,NULL,2026-06-22 09:51:35.527 +0300
1669,35226,d9cc67ba-5491-4640-86ac-b8d392250270,NULL,OGC:WMS,https://service.pdok.nl/bzk/bro-bodemkaart/wms/v1_0?request=getCapabilities&service=WMS,NULL,2026-06-22 09:51:35.527 +0300
2676,135205,d9cc67ba-5491-4640-86ac-b8d392250270,NULL,OGC:WMS,https://service.pdok.nl/bzk/bro-bodemkaart/wms/v1_0?request=getCapabilities&service=WMS,NULL,2026-06-22 09:51:35.527 +0300
29,192,DAT-14-en,NULL,OGC:WMS,https://image.discomap.eea.europa.eu/arcgis/services/GioLandPublic/HRL_BuiltUp_2018/ImageServer/WMSServer?request=GetCapabilities&service=WMS,NULL,2026-06-22 09:51:35.527 +0300
41,329,DAT-14-en,NULL,OGC:WMS,https://image.discomap.eea.europa.eu/arcgis/services/GioLandPublic/HRL_BuiltUp_2018/ImageServer/WMSServer?request=GetCapabilities&service=WMS,NULL,2026-06-22 09:51:35.527 +0300
74,523,DAT-14-en,NULL,OGC:WMS,https://image.discomap.eea.europa.eu/arcgis/services/GioLandPublic/HRL_BuiltUp_2018/ImageServer/WMSServer?request=GetCapabilities&service=WMS,NULL,2026-06-22 09:51:35.527 +0300
86,625,DAT-14-en,NULL,OGC:WMS,https://image.discomap.eea.europa.eu/arcgis/services/GioLandPublic/HRL_BuiltUp_2018/ImageServer/WMSServer?request=GetCapabilities&service=WMS,NULL,2026-06-22 09:51:35.527 +0300
94,707,DAT-14-en,NULL,OGC:WMS,https://image.discomap.eea.europa.eu/arcgis/services/GioLandPublic/HRL_BuiltUp_2018/ImageServer/WMSServer?request=GetCapabilities&service=WMS,NULL,2026-06-22 09:51:35.527 +0300
105,801,DAT-14-en,NULL,OGC:WMS,https://image.discomap.eea.europa.eu/arcgis/services/GioLandPublic/HRL_BuiltUp_2018/ImageServer/WMSServer?request=GetCapabilities&service=WMS,NULL,2026-06-22 09:51:35.527 +0300
109,817,DAT-14-en,NULL,OGC:WMS,https://image.discomap.eea.europa.eu/arcgis/services/GioLandPublic/HRL_BuiltUp_2018/ImageServer/WMSServer?request=GetCapabilities&service=WMS,NULL,2026-06-22 09:51:35.527 +0300
113,829,DAT-14-en,NULL,OGC:WMS,https://image.discomap.eea.europa.eu/arcgis/services/GioLandPublic/HRL_BuiltUp_2018/ImageServer/WMSServer?request=GetCapabilities&service=WMS,NULL,2026-06-22 09:51:35.527 +0300
116,841,DAT-14-en,NULL,OGC:WMS,https://image.discomap.eea.europa.eu/arcgis/services/GioLandPublic/HRL_BuiltUp_2018/ImageServer/WMSServer?request=GetCapabilities&service=WMS,NULL,2026-06-22 09:51:35.527 +0300
119,866,DAT-14-en,NULL,OGC:WMS,https://image.discomap.eea.europa.eu/arcgis/services/GioLandPublic/HRL_BuiltUp_2018/ImageServer/WMSServer?request=GetCapabilities&service=WMS,NULL,2026-06-22 09:51:35.527 +0300
122,927,DAT-14-en,NULL,OGC:WMS,https://image.discomap.eea.europa.eu/arcgis/services/GioLandPublic/HRL_BuiltUp_2018/ImageServer/WMSServer?request=GetCapabilities&service=WMS,NULL,2026-06-22 09:51:35.527 +0300
131,1041,DAT-14-en,NULL,OGC:WMS,https://image.discomap.eea.europa.eu/arcgis/services/GioLandPublic/HRL_BuiltUp_2018/ImageServer/WMSServer?request=GetCapabilities&service=WMS,NULL,2026-06-22 09:51:35.527 +0300
28,184,DAT-14-en,NULL,OGC:WMS,https://image.discomap.eea.europa.eu/arcgis/services/GioLandPublic/HRL_ImperviousnessChange_12_15/MapServer/WMSServer?request=GetCapabilities&service=WMS,NULL,2026-06-22 09:51:35.527 +0300
30,196,DAT-14-en,NULL,OGC:WMS,https://image.discomap.eea.europa.eu/arcgis/services/GioLandPublic/HRL_ImperviousnessChange_12_15/MapServer/WMSServer?request=GetCapabilities&service=WMS,NULL,2026-06-22 09:51:35.527 +0300
40,325,DAT-14-en,NULL,OGC:WMS,https://image.discomap.eea.europa.eu/arcgis/services/GioLandPublic/HRL_ImperviousnessChange_12_15/MapServer/WMSServer?request=GetCapabilities&service=WMS,NULL,2026-06-22 09:51:35.527 +0300
73,519,DAT-14-en,NULL,OGC:WMS,https://image.discomap.eea.europa.eu/arcgis/services/GioLandPublic/HRL_ImperviousnessChange_12_15/MapServer/WMSServer?request=GetCapabilities&service=WMS,NULL,2026-06-22 09:51:35.527 +0300
85,621,DAT-14-en,NULL,OGC:WMS,https://image.discomap.eea.europa.eu/arcgis/services/GioLandPublic/HRL_ImperviousnessChange_12_15/MapServer/WMSServer?request=GetCapabilities&service=WMS,NULL,2026-06-22 09:51:35.527 +0300
93,703,DAT-14-en,NULL,OGC:WMS,https://image.discomap.eea.europa.eu/arcgis/services/GioLandPublic/HRL_ImperviousnessChange_12_15/MapServer/WMSServer?request=GetCapabilities&service=WMS,NULL,2026-06-22 09:51:35.527 +0300
104,797,DAT-14-en,NULL,OGC:WMS,https://image.discomap.eea.europa.eu/arcgis/services/GioLandPublic/HRL_ImperviousnessChange_12_15/MapServer/WMSServer?request=GetCapabilities&service=WMS,NULL,2026-06-22 09:51:35.527 +0300
108,813,DAT-14-en,NULL,OGC:WMS,https://image.discomap.eea.europa.eu/arcgis/services/GioLandPublic/HRL_ImperviousnessChange_12_15/MapServer/WMSServer?request=GetCapabilities&service=WMS,NULL,2026-06-22 09:51:35.527 +0300
112,825,DAT-14-en,NULL,OGC:WMS,https://image.discomap.eea.europa.eu/arcgis/services/GioLandPublic/HRL_ImperviousnessChange_12_15/MapServer/WMSServer?request=GetCapabilities&service=WMS,NULL,2026-06-22 09:51:35.527 +0300
115,837,DAT-14-en,NULL,OGC:WMS,https://image.discomap.eea.europa.eu/arcgis/services/GioLandPublic/HRL_ImperviousnessChange_12_15/MapServer/WMSServer?request=GetCapabilities&service=WMS,NULL,2026-06-22 09:51:35.527 +0300
118,862,DAT-14-en,NULL,OGC:WMS,https://image.discomap.eea.europa.eu/arcgis/services/GioLandPublic/HRL_ImperviousnessChange_12_15/MapServer/WMSServer?request=GetCapabilities&service=WMS,NULL,2026-06-22 09:51:35.527 +0300
121,923,DAT-14-en,NULL,OGC:WMS,https://image.discomap.eea.europa.eu/arcgis/services/GioLandPublic/HRL_ImperviousnessChange_12_15/MapServer/WMSServer?request=GetCapabilities&service=WMS,NULL,2026-06-22 09:51:35.527 +0300
130,1037,DAT-14-en,NULL,OGC:WMS,https://image.discomap.eea.europa.eu/arcgis/services/GioLandPublic/HRL_ImperviousnessChange_12_15/MapServer/WMSServer?request=GetCapabilities&service=WMS,NULL,2026-06-22 09:51:35.527 +0300
33,253,DAT-14-en,NULL,OGC:WMS,https://image.discomap.eea.europa.eu/arcgis/services/GioLandPublic/HRL_ImperviousnessChange_15_18/ImageServer/WMSServer?request=GetCapabilities&service=WMS,NULL,2026-06-22 09:51:35.527 +0300
75,527,DAT-14-en,NULL,OGC:WMS,https://image.discomap.eea.europa.eu/arcgis/services/GioLandPublic/HRL_ImperviousnessChange_15_18/ImageServer/WMSServer?request=GetCapabilities&service=WMS,NULL,2026-06-22 09:51:35.527 +0300
95,711,DAT-14-en,NULL,OGC:WMS,https://image.discomap.eea.europa.eu/arcgis/services/GioLandPublic/HRL_ImperviousnessChange_15_18/ImageServer/WMSServer?request=GetCapabilities&service=WMS,NULL,2026-06-22 09:51:35.527 +0300
106,805,DAT-14-en,NULL,OGC:WMS,https://image.discomap.eea.europa.eu/arcgis/services/GioLandPublic/HRL_ImperviousnessChange_15_18/ImageServer/WMSServer?request=GetCapabilities&service=WMS,NULL,2026-06-22 09:51:35.527 +0300
110,821,DAT-14-en,NULL,OGC:WMS,https://image.discomap.eea.europa.eu/arcgis/services/GioLandPublic/HRL_ImperviousnessChange_15_18/ImageServer/WMSServer?request=GetCapabilities&service=WMS,NULL,2026-06-22 09:51:35.527 +0300
117,845,DAT-14-en,NULL,OGC:WMS,https://image.discomap.eea.europa.eu/arcgis/services/GioLandPublic/HRL_ImperviousnessChange_15_18/ImageServer/WMSServer?request=GetCapabilities&service=WMS,NULL,2026-06-22 09:51:35.527 +0300
123,931,DAT-14-en,NULL,OGC:WMS,https://image.discomap.eea.europa.eu/arcgis/services/GioLandPublic/HRL_ImperviousnessChange_15_18/ImageServer/WMSServer?request=GetCapabilities&service=WMS,NULL,2026-06-22 09:51:35.527 +0300
42,333,DAT-14-en,NULL,OGC:WMS,https://image.discomap.eea.europa.eu/arcgis/services/GioLandPublic/HRL_ImperviousnessClassifiedChange_06_09/MapServer/WMSServer?request=GetCapabilities&service=WMS,NULL,2026-06-22 09:51:35.527 +0300
87,629,DAT-14-en,NULL,OGC:WMS,https://image.discomap.eea.europa.eu/arcgis/services/GioLandPublic/HRL_ImperviousnessClassifiedChange_06_09/MapServer/WMSServer?request=GetCapabilities&service=WMS,NULL,2026-06-22 09:51:35.527 +0300
107,809,DAT-14-en,NULL,OGC:WMS,https://image.discomap.eea.europa.eu/arcgis/services/GioLandPublic/HRL_ImperviousnessClassifiedChange_06_09/MapServer/WMSServer?request=GetCapabilities&service=WMS,NULL,2026-06-22 09:51:35.527 +0300
114,833,DAT-14-en,NULL,OGC:WMS,https://image.discomap.eea.europa.eu/arcgis/services/GioLandPublic/HRL_ImperviousnessClassifiedChange_06_09/MapServer/WMSServer?request=GetCapabilities&service=WMS,NULL,2026-06-22 09:51:35.527 +0300
120,876,DAT-14-en,NULL,OGC:WMS,https://image.discomap.eea.europa.eu/arcgis/services/GioLandPublic/HRL_ImperviousnessClassifiedChange_06_09/MapServer/WMSServer?request=GetCapabilities&service=WMS,NULL,2026-06-22 09:51:35.527 +0300
132,1045,DAT-14-en,NULL,OGC:WMS,https://image.discomap.eea.europa.eu/arcgis/services/GioLandPublic/HRL_ImperviousnessClassifiedChange_06_09/MapServer/WMSServer?request=GetCapabilities&service=WMS,NULL,2026-06-22 09:51:35.527 +0300
1276,10003,def113dd-851f-4e45-ae3d-4ed17aa891ba,NULL,OGC:WMS-1.1.1-http-get-capabilities,https://io.apps.fao.org/gismgr/api/v1/RICCAR/ROARP/wms?VERSION=1.1.1,RHM Ensemble - Annual Runoff (Reference Period),2026-06-22 09:51:35.527 +0300
1534,19136,def113dd-851f-4e45-ae3d-4ed17aa891ba,NULL,OGC:WMS-1.1.1-http-get-capabilities,https://io.apps.fao.org/gismgr/api/v1/RICCAR/ROARP/wms?VERSION=1.1.1,RHM Ensemble - Annual Runoff (Reference Period),2026-06-22 09:51:35.527 +0300
1539,29812,def113dd-851f-4e45-ae3d-4ed17aa891ba,NULL,OGC:WMS-1.1.1-http-get-capabilities,https://io.apps.fao.org/gismgr/api/v1/RICCAR/ROARP/wms?VERSION=1.1.1,RHM Ensemble - Annual Runoff (Reference Period),2026-06-22 09:51:35.527 +0300
2568,77050,def113dd-851f-4e45-ae3d-4ed17aa891ba,NULL,OGC:WMS-1.1.1-http-get-capabilities,https://io.apps.fao.org/gismgr/api/v1/RICCAR/ROARP/wms?VERSION=1.1.1,RHM Ensemble - Annual Runoff (Reference Period),2026-06-22 09:51:35.527 +0300
2315,57073,e0d264ad-8786-4309-9b39-08f8281da2e9,SO.SoilObservedProfile.CarbonContent,OGC:WMS-1.3.0-http-get-capabilities,https://wms.inspire.geoportail.lu/geoserver/so/wms?service=WMS&version=1.3.0&request=GetCapabilities,NULL,2026-06-22 09:51:35.527 +0300
2316,57074,e0d264ad-8786-4309-9b39-08f8281da2e9,SO.SoilObservedProfile.pH,OGC:WMS-1.3.0-http-get-capabilities,https://wms.inspire.geoportail.lu/geoserver/so/wms?service=WMS&version=1.3.0&request=GetCapabilities,NULL,2026-06-22 09:51:35.527 +0300
2317,57075,e0d264ad-8786-4309-9b39-08f8281da2e9,SO.SoilBody.25000_Raster-01,OGC:WMS-1.3.0-http-get-capabilities,https://wms.inspire.geoportail.lu/geoserver/so/wms?service=WMS&version=1.3.0&request=GetCapabilities,NULL,2026-06-22 09:51:35.527 +0300
2318,57076,e0d264ad-8786-4309-9b39-08f8281da2e9,SO.SoilBody.25000_Raster-04,OGC:WMS-1.3.0-http-get-capabilities,https://wms.inspire.geoportail.lu/geoserver/so/wms?service=WMS&version=1.3.0&request=GetCapabilities,NULL,2026-06-22 09:51:35.527 +0300
2319,57077,e0d264ad-8786-4309-9b39-08f8281da2e9,SO.SoilBody.25000_Raster-06,OGC:WMS-1.3.0-http-get-capabilities,https://wms.inspire.geoportail.lu/geoserver/so/wms?service=WMS&version=1.3.0&request=GetCapabilities,NULL,2026-06-22 09:51:35.527 +0300
2320,57078,e0d264ad-8786-4309-9b39-08f8281da2e9,SO.SoilBody.25000_Raster-09,OGC:WMS-1.3.0-http-get-capabilities,https://wms.inspire.geoportail.lu/geoserver/so/wms?service=WMS&version=1.3.0&request=GetCapabilities,NULL,2026-06-22 09:51:35.527 +0300
2321,57079,e0d264ad-8786-4309-9b39-08f8281da2e9,SO.SoilBody.25000_Raster-10,OGC:WMS-1.3.0-http-get-capabilities,https://wms.inspire.geoportail.lu/geoserver/so/wms?service=WMS&version=1.3.0&request=GetCapabilities,NULL,2026-06-22 09:51:35.527 +0300
2322,57080,e0d264ad-8786-4309-9b39-08f8281da2e9,SO.SoilBody.25000_Raster-12,OGC:WMS-1.3.0-http-get-capabilities,https://wms.inspire.geoportail.lu/geoserver/so/wms?service=WMS&version=1.3.0&request=GetCapabilities,NULL,2026-06-22 09:51:35.527 +0300
2323,57081,e0d264ad-8786-4309-9b39-08f8281da2e9,SO.SoilBody.25000_Raster-13,OGC:WMS-1.3.0-http-get-capabilities,https://wms.inspire.geoportail.lu/geoserver/so/wms?service=WMS&version=1.3.0&request=GetCapabilities,NULL,2026-06-22 09:51:35.527 +0300
2325,57083,e0d264ad-8786-4309-9b39-08f8281da2e9,SO.SoilBody.100000_FullDetails,OGC:WMS-1.3.0-http-get-capabilities,https://wms.inspire.geoportail.lu/geoserver/so/wms?service=WMS&version=1.3.0&request=GetCapabilities,NULL,2026-06-22 09:51:35.527 +0300
2326,57084,e0d264ad-8786-4309-9b39-08f8281da2e9,SO.SoilBody.25000_TextureAndCoarseFragments,OGC:WMS-1.3.0-http-get-capabilities,https://wms.inspire.geoportail.lu/geoserver/so/wms?service=WMS&version=1.3.0&request=GetCapabilities,NULL,2026-06-22 09:51:35.527 +0300
2327,57085,e0d264ad-8786-4309-9b39-08f8281da2e9,SO.SoilBody.25000_FullDetails,OGC:WMS-1.3.0-http-get-capabilities,https://wms.inspire.geoportail.lu/geoserver/so/wms?service=WMS&version=1.3.0&request=GetCapabilities,NULL,2026-06-22 09:51:35.527 +0300
2328,57086,e0d264ad-8786-4309-9b39-08f8281da2e9,SO.organicCarbonContentCoverage.topsoil,OGC:WMS-1.3.0-http-get-capabilities,https://wms.inspire.geoportail.lu/geoserver/so/wms?service=WMS&version=1.3.0&request=GetCapabilities,NULL,2026-06-22 09:51:35.527 +0300
2329,57087,e0d264ad-8786-4309-9b39-08f8281da2e9,SO.pHValueCoverage.CaCl2,OGC:WMS-1.3.0-http-get-capabilities,https://wms.inspire.geoportail.lu/geoserver/so/wms?service=WMS&version=1.3.0&request=GetCapabilities,NULL,2026-06-22 09:51:35.527 +0300
49,393,eea_r_3035_1_km_clc-forest-cover-gain-eu_p_2000-2006_v01_r00,NULL,OGC:WMS,https://forest.discomap.eea.europa.eu/arcgis/services/Forest_Ch_CLC/Forest_cover_gain_CLC_00_06/MapServer/WMSServer?request=GetCapabilities&service=WMS,NULL,2026-06-22 09:51:35.527 +0300
849,6995,eea_r_3035_1_km_clc-forest-cover-gain-eu_p_2000-2006_v01_r00,NULL,OGC:WMS,https://forest.discomap.eea.europa.eu/arcgis/services/Forest_Ch_CLC/Forest_cover_gain_CLC_00_06/MapServer/WMSServer?request=GetCapabilities&service=WMS,NULL,2026-06-22 09:51:35.527 +0300
1359,36242,eea_r_3035_1_km_clc-forest-cover-gain-eu_p_2000-2006_v01_r00,NULL,OGC:WMS,https://forest.discomap.eea.europa.eu/arcgis/services/Forest_Ch_CLC/Forest_cover_gain_CLC_00_06/MapServer/WMSServer?request=GetCapabilities&service=WMS,NULL,2026-06-22 09:51:35.527 +0300
1496,16290,eea_r_3035_1_km_clc-forest-cover-gain-eu_p_2000-2006_v01_r00,NULL,OGC:WMS,https://forest.discomap.eea.europa.eu/arcgis/services/Forest_Ch_CLC/Forest_cover_gain_CLC_00_06/MapServer/WMSServer?request=GetCapabilities&service=WMS,NULL,2026-06-22 09:51:35.527 +0300
1579,27708,eea_r_3035_1_km_clc-forest-cover-gain-eu_p_2000-2006_v01_r00,NULL,OGC:WMS,https://forest.discomap.eea.europa.eu/arcgis/services/Forest_Ch_CLC/Forest_cover_gain_CLC_00_06/MapServer/WMSServer?request=GetCapabilities&service=WMS,NULL,2026-06-22 09:51:35.527 +0300
505,7015,eea_r_3035_1_km_clc-forest-cover-gain-eu_p_2000-2018_v01_r00,NULL,OGC:WMS,https://forest.discomap.eea.europa.eu/arcgis/services/Forest_Ch_CLC/Forest_cover_gain_CLC_00_18/MapServer/WMSServer?request=GetCapabilities&service=WMS,NULL,2026-06-22 09:51:35.527 +0300
1365,36262,eea_r_3035_1_km_clc-forest-cover-gain-eu_p_2000-2018_v01_r00,NULL,OGC:WMS,https://forest.discomap.eea.europa.eu/arcgis/services/Forest_Ch_CLC/Forest_cover_gain_CLC_00_18/MapServer/WMSServer?request=GetCapabilities&service=WMS,NULL,2026-06-22 09:51:35.527 +0300
1499,16315,eea_r_3035_1_km_clc-forest-cover-gain-eu_p_2000-2018_v01_r00,NULL,OGC:WMS,https://forest.discomap.eea.europa.eu/arcgis/services/Forest_Ch_CLC/Forest_cover_gain_CLC_00_18/MapServer/WMSServer?request=GetCapabilities&service=WMS,NULL,2026-06-22 09:51:35.527 +0300
1581,27725,eea_r_3035_1_km_clc-forest-cover-gain-eu_p_2000-2018_v01_r00,NULL,OGC:WMS,https://forest.discomap.eea.europa.eu/arcgis/services/Forest_Ch_CLC/Forest_cover_gain_CLC_00_18/MapServer/WMSServer?request=GetCapabilities&service=WMS,NULL,2026-06-22 09:51:35.527 +0300
847,6991,eea_r_3035_1_km_clc-forest-cover-gain-eu_p_2006-2012_v01_r00,NULL,OGC:WMS,https://forest.discomap.eea.europa.eu/arcgis/services/Forest_Ch_CLC/Forest_cover_gain_CLC_06_12/MapServer/WMSServer?request=GetCapabilities&service=WMS,NULL,2026-06-22 09:51:35.527 +0300
1358,36238,eea_r_3035_1_km_clc-forest-cover-gain-eu_p_2006-2012_v01_r00,NULL,OGC:WMS,https://forest.discomap.eea.europa.eu/arcgis/services/Forest_Ch_CLC/Forest_cover_gain_CLC_06_12/MapServer/WMSServer?request=GetCapabilities&service=WMS,NULL,2026-06-22 09:51:35.527 +0300
1495,16286,eea_r_3035_1_km_clc-forest-cover-gain-eu_p_2006-2012_v01_r00,NULL,OGC:WMS,https://forest.discomap.eea.europa.eu/arcgis/services/Forest_Ch_CLC/Forest_cover_gain_CLC_06_12/MapServer/WMSServer?request=GetCapabilities&service=WMS,NULL,2026-06-22 09:51:35.527 +0300
1578,27704,eea_r_3035_1_km_clc-forest-cover-gain-eu_p_2006-2012_v01_r00,NULL,OGC:WMS,https://forest.discomap.eea.europa.eu/arcgis/services/Forest_Ch_CLC/Forest_cover_gain_CLC_06_12/MapServer/WMSServer?request=GetCapabilities&service=WMS,NULL,2026-06-22 09:51:35.527 +0300
851,7003,eea_r_3035_1_km_clc-forest-cover-gain-eu_p_2012-2018_v01_r00,NULL,OGC:WMS,https://forest.discomap.eea.europa.eu/arcgis/services/Forest_Ch_CLC/Forest_cover_gain_CLC_12_18/MapServer/WMSServer?request=GetCapabilities&service=WMS,NULL,2026-06-22 09:51:35.527 +0300
1360,36250,eea_r_3035_1_km_clc-forest-cover-gain-eu_p_2012-2018_v01_r00,NULL,OGC:WMS,https://forest.discomap.eea.europa.eu/arcgis/services/Forest_Ch_CLC/Forest_cover_gain_CLC_12_18/MapServer/WMSServer?request=GetCapabilities&service=WMS,NULL,2026-06-22 09:51:35.527 +0300
1497,16298,eea_r_3035_1_km_clc-forest-cover-gain-eu_p_2012-2018_v01_r00,NULL,OGC:WMS,https://forest.discomap.eea.europa.eu/arcgis/services/Forest_Ch_CLC/Forest_cover_gain_CLC_12_18/MapServer/WMSServer?request=GetCapabilities&service=WMS,NULL,2026-06-22 09:51:35.527 +0300
1580,27716,eea_r_3035_1_km_clc-forest-cover-gain-eu_p_2012-2018_v01_r00,NULL,OGC:WMS,https://forest.discomap.eea.europa.eu/arcgis/services/Forest_Ch_CLC/Forest_cover_gain_CLC_12_18/MapServer/WMSServer?request=GetCapabilities&service=WMS,NULL,2026-06-22 09:51:35.527 +0300
806,6779,eea_r_3035_1_km_clc-forest-cover-loss-eu_p_2000-2006_v01_r00,NULL,OGC:WMS,https://forest.discomap.eea.europa.eu/arcgis/services/Forest_Ch_CLC/Forest_cover_loss_CLC_00_06/MapServer/WMSServer?request=GetCapabilities&service=WMS,NULL,2026-06-22 09:51:35.527 +0300
1477,16060,eea_r_3035_1_km_clc-forest-cover-loss-eu_p_2000-2006_v01_r00,NULL,OGC:WMS,https://forest.discomap.eea.europa.eu/arcgis/services/Forest_Ch_CLC/Forest_cover_loss_CLC_00_06/MapServer/WMSServer?request=GetCapabilities&service=WMS,NULL,2026-06-22 09:51:35.527 +0300
1568,27531,eea_r_3035_1_km_clc-forest-cover-loss-eu_p_2000-2006_v01_r00,NULL,OGC:WMS,https://forest.discomap.eea.europa.eu/arcgis/services/Forest_Ch_CLC/Forest_cover_loss_CLC_00_06/MapServer/WMSServer?request=GetCapabilities&service=WMS,NULL,2026-06-22 09:51:35.527 +0300
853,7007,eea_r_3035_1_km_clc-forest-cover-loss-eu_p_2000-2018_v01_r00,NULL,OGC:WMS,https://forest.discomap.eea.europa.eu/arcgis/services/Forest_Ch_CLC/Forest_cover_loss_CLC_00_18/MapServer/WMSServer?request=GetCapabilities&service=WMS,NULL,2026-06-22 09:51:35.527 +0300
1361,36254,eea_r_3035_1_km_clc-forest-cover-loss-eu_p_2000-2018_v01_r00,NULL,OGC:WMS,https://forest.discomap.eea.europa.eu/arcgis/services/Forest_Ch_CLC/Forest_cover_loss_CLC_00_18/MapServer/WMSServer?request=GetCapabilities&service=WMS,NULL,2026-06-22 09:51:35.527 +0300
1498,16307,eea_r_3035_1_km_clc-forest-cover-loss-eu_p_2000-2018_v01_r00,NULL,OGC:WMS,https://forest.discomap.eea.europa.eu/arcgis/services/Forest_Ch_CLC/Forest_cover_loss_CLC_00_18/MapServer/WMSServer?request=GetCapabilities&service=WMS,NULL,2026-06-22 09:51:35.527 +0300
1576,27635,eea_r_3035_1_km_clc-forest-cover-loss-eu_p_2000-2018_v01_r00,NULL,OGC:WMS,https://forest.discomap.eea.europa.eu/arcgis/services/Forest_Ch_CLC/Forest_cover_loss_CLC_00_18/MapServer/WMSServer?request=GetCapabilities&service=WMS,NULL,2026-06-22 09:51:35.527 +0300
807,6783,eea_r_3035_1_km_clc-forest-cover-loss-eu_p_2006-2012_v01_r00,NULL,OGC:WMS,https://forest.discomap.eea.europa.eu/arcgis/services/Forest_Ch_CLC/Forest_cover_loss_CLC_06_12/MapServer/WMSServer?request=GetCapabilities&service=WMS,NULL,2026-06-22 09:51:35.527 +0300
1478,16064,eea_r_3035_1_km_clc-forest-cover-loss-eu_p_2006-2012_v01_r00,NULL,OGC:WMS,https://forest.discomap.eea.europa.eu/arcgis/services/Forest_Ch_CLC/Forest_cover_loss_CLC_06_12/MapServer/WMSServer?request=GetCapabilities&service=WMS,NULL,2026-06-22 09:51:35.527 +0300
1569,27535,eea_r_3035_1_km_clc-forest-cover-loss-eu_p_2006-2012_v01_r00,NULL,OGC:WMS,https://forest.discomap.eea.europa.eu/arcgis/services/Forest_Ch_CLC/Forest_cover_loss_CLC_06_12/MapServer/WMSServer?request=GetCapabilities&service=WMS,NULL,2026-06-22 09:51:35.527 +0300
808,6787,eea_r_3035_1_km_clc-forest-cover-loss-eu_p_2012-2018_v01_r00,NULL,OGC:WMS,https://forest.discomap.eea.europa.eu/arcgis/services/Forest_Ch_CLC/Forest_cover_loss_CLC_12_18/MapServer/WMSServer?request=GetCapabilities&service=WMS,NULL,2026-06-22 09:51:35.527 +0300
1479,16068,eea_r_3035_1_km_clc-forest-cover-loss-eu_p_2012-2018_v01_r00,NULL,OGC:WMS,https://forest.discomap.eea.europa.eu/arcgis/services/Forest_Ch_CLC/Forest_cover_loss_CLC_12_18/MapServer/WMSServer?request=GetCapabilities&service=WMS,NULL,2026-06-22 09:51:35.527 +0300
1570,27541,eea_r_3035_1_km_clc-forest-cover-loss-eu_p_2012-2018_v01_r00,NULL,OGC:WMS,https://forest.discomap.eea.europa.eu/arcgis/services/Forest_Ch_CLC/Forest_cover_loss_CLC_12_18/MapServer/WMSServer?request=GetCapabilities&service=WMS,NULL,2026-06-22 09:51:35.527 +0300
821,6868,eea_r_3035_1_km_env-zones_p_2018_v01_r00,NULL,OGC:WMS,https://land.discomap.eea.europa.eu/arcgis/services/Land/Environmental_Zones_2018/ImageServer/WMSServer?request=GetCapabilities&service=WMS,NULL,2026-06-22 09:51:35.527 +0300
1354,36149,eea_r_3035_1_km_env-zones_p_2018_v01_r00,NULL,OGC:WMS,https://land.discomap.eea.europa.eu/arcgis/services/Land/Environmental_Zones_2018/ImageServer/WMSServer?request=GetCapabilities&service=WMS,NULL,2026-06-22 09:51:35.527 +0300
1487,16149,eea_r_3035_1_km_env-zones_p_2018_v01_r00,NULL,OGC:WMS,https://land.discomap.eea.europa.eu/arcgis/services/Land/Environmental_Zones_2018/ImageServer/WMSServer?request=GetCapabilities&service=WMS,NULL,2026-06-22 09:51:35.527 +0300
1573,27580,eea_r_3035_1_km_env-zones_p_2018_v01_r00,NULL,OGC:WMS,https://land.discomap.eea.europa.eu/arcgis/services/Land/Environmental_Zones_2018/ImageServer/WMSServer?request=GetCapabilities&service=WMS,NULL,2026-06-22 09:51:35.527 +0300
80,573,eea_r_3035_1_km_imperviousness-layer_p_2018_v01_r00,NULL,OGC:WMS,https://land.discomap.eea.europa.eu/arcgis/services/Imperviousness/Imperviousness2018v2024/MapServer/WMSServer?request=GetCapabilities&service=WMS,NULL,2026-06-22 09:51:35.527 +0300
1396,11292,eea_r_3035_1_km_imperviousness-layer_p_2018_v01_r00,NULL,OGC:WMS,https://land.discomap.eea.europa.eu/arcgis/services/Imperviousness/Imperviousness2018v2024/MapServer/WMSServer?request=GetCapabilities&service=WMS,NULL,2026-06-22 09:51:35.527 +0300
1620,31844,eea_r_3035_1_km_imperviousness-layer_p_2018_v01_r00,NULL,OGC:WMS,https://land.discomap.eea.europa.eu/arcgis/services/Imperviousness/Imperviousness2018v2024/MapServer/WMSServer?request=GetCapabilities&service=WMS,NULL,2026-06-22 09:51:35.527 +0300
825,6882,eea_r_3035_100_m_adm-boundaries-eea38-uk_p_2020_v01_r00,NULL,OGC:WMS,https://land.discomap.eea.europa.eu/arcgis/services/Background/European_Administrative_boundaries_v2020/ImageServer/WMSServer?request=GetCapabilities&service=WMS,NULL,2026-06-22 09:51:35.527 +0300
1356,36158,eea_r_3035_100_m_adm-boundaries-eea38-uk_p_2020_v01_r00,NULL,OGC:WMS,https://land.discomap.eea.europa.eu/arcgis/services/Background/European_Administrative_boundaries_v2020/ImageServer/WMSServer?request=GetCapabilities&service=WMS,NULL,2026-06-22 09:51:35.527 +0300
1489,16163,eea_r_3035_100_m_adm-boundaries-eea38-uk_p_2020_v01_r00,NULL,OGC:WMS,https://land.discomap.eea.europa.eu/arcgis/services/Background/European_Administrative_boundaries_v2020/ImageServer/WMSServer?request=GetCapabilities&service=WMS,NULL,2026-06-22 09:51:35.527 +0300
506,7020,eea_r_3035_100_m_ecosystem-types-l2_p_2006_v02_r01,NULL,OGC:WMS,https://bio.discomap.eea.europa.eu/arcgis/services/MAES/MAES_ecosystem_type_maps_WM/MapServer/WMSServer?request=GetCapabilities&service=WMS,NULL,2026-06-22 09:51:35.527 +0300
1366,36267,eea_r_3035_100_m_ecosystem-types-l2_p_2006_v02_r01,NULL,OGC:WMS,https://bio.discomap.eea.europa.eu/arcgis/services/MAES/MAES_ecosystem_type_maps_WM/MapServer/WMSServer?request=GetCapabilities&service=WMS,NULL,2026-06-22 09:51:35.527 +0300
1500,16320,eea_r_3035_100_m_ecosystem-types-l2_p_2006_v02_r01,NULL,OGC:WMS,https://bio.discomap.eea.europa.eu/arcgis/services/MAES/MAES_ecosystem_type_maps_WM/MapServer/WMSServer?request=GetCapabilities&service=WMS,NULL,2026-06-22 09:51:35.527 +0300
1582,27730,eea_r_3035_100_m_ecosystem-types-l2_p_2006_v02_r01,NULL,OGC:WMS,https://bio.discomap.eea.europa.eu/arcgis/services/MAES/MAES_ecosystem_type_maps_WM/MapServer/WMSServer?request=GetCapabilities&service=WMS,NULL,2026-06-22 09:51:35.527 +0300
862,7139,eea_r_3035_100_m_eni-cha-2000-2018_p_2000-2019_v01_r00,NULL,OGC:WMS,https://image.discomap.eea.europa.eu/arcgis/services/ENI_CLC_Pilot/ENI_CHA_Pilot_2000_2018_WM/MapServer/WMSServer?request=GetCapabilities&service=WMS,NULL,2026-06-22 09:51:35.527 +0300
1370,36315,eea_r_3035_100_m_eni-cha-2000-2018_p_2000-2019_v01_r00,NULL,OGC:WMS,https://image.discomap.eea.europa.eu/arcgis/services/ENI_CLC_Pilot/ENI_CHA_Pilot_2000_2018_WM/MapServer/WMSServer?request=GetCapabilities&service=WMS,NULL,2026-06-22 09:51:35.527 +0300
1513,16437,eea_r_3035_100_m_eni-cha-2000-2018_p_2000-2019_v01_r00,NULL,OGC:WMS,https://image.discomap.eea.europa.eu/arcgis/services/ENI_CLC_Pilot/ENI_CHA_Pilot_2000_2018_WM/MapServer/WMSServer?request=GetCapabilities&service=WMS,NULL,2026-06-22 09:51:35.527 +0300
1595,27861,eea_r_3035_100_m_eni-cha-2000-2018_p_2000-2019_v01_r00,NULL,OGC:WMS,https://image.discomap.eea.europa.eu/arcgis/services/ENI_CLC_Pilot/ENI_CHA_Pilot_2000_2018_WM/MapServer/WMSServer?request=GetCapabilities&service=WMS,NULL,2026-06-22 09:51:35.527 +0300
2729,145650,eea_r_3035_100_m_eni-cha-2000-2018_p_2000-2019_v01_r00,NULL,OGC:WMS,https://image.discomap.eea.europa.eu/arcgis/services/ENI_CLC_Pilot/ENI_CHA_Pilot_2000_2018_WM/MapServer/WMSServer?request=GetCapabilities&service=WMS,NULL,2026-06-22 09:51:35.527 +0300
2740,147587,eea_r_3035_100_m_eni-cha-2000-2018_p_2000-2019_v01_r00,NULL,OGC:WMS,https://image.discomap.eea.europa.eu/arcgis/services/ENI_CLC_Pilot/ENI_CHA_Pilot_2000_2018_WM/MapServer/WMSServer?request=GetCapabilities&service=WMS,NULL,2026-06-22 09:51:35.527 +0300
2742,147992,eea_r_3035_100_m_eni-cha-2000-2018_p_2000-2019_v01_r00,NULL,OGC:WMS,https://image.discomap.eea.europa.eu/arcgis/services/ENI_CLC_Pilot/ENI_CHA_Pilot_2000_2018_WM/MapServer/WMSServer?request=GetCapabilities&service=WMS,NULL,2026-06-22 09:51:35.527 +0300
2776,156634,eea_r_3035_100_m_eni-cha-2000-2018_p_2000-2019_v01_r00,NULL,OGC:WMS,https://image.discomap.eea.europa.eu/arcgis/services/ENI_CLC_Pilot/ENI_CHA_Pilot_2000_2018_WM/MapServer/WMSServer?request=GetCapabilities&service=WMS,NULL,2026-06-22 09:51:35.527 +0300
2806,160923,eea_r_3035_100_m_eni-cha-2000-2018_p_2000-2019_v01_r00,NULL,OGC:WMS,https://image.discomap.eea.europa.eu/arcgis/services/ENI_CLC_Pilot/ENI_CHA_Pilot_2000_2018_WM/MapServer/WMSServer?request=GetCapabilities&service=WMS,NULL,2026-06-22 09:51:35.527 +0300
2938,191513,eea_r_3035_100_m_eni-cha-2000-2018_p_2000-2019_v01_r00,NULL,OGC:WMS,https://image.discomap.eea.europa.eu/arcgis/services/ENI_CLC_Pilot/ENI_CHA_Pilot_2000_2018_WM/MapServer/WMSServer?request=GetCapabilities&service=WMS,NULL,2026-06-22 09:51:35.527 +0300
2966,195156,eea_r_3035_100_m_eni-cha-2000-2018_p_2000-2019_v01_r00,NULL,OGC:WMS,https://image.discomap.eea.europa.eu/arcgis/services/ENI_CLC_Pilot/ENI_CHA_Pilot_2000_2018_WM/MapServer/WMSServer?request=GetCapabilities&service=WMS,NULL,2026-06-22 09:51:35.527 +0300
3014,206751,eea_r_3035_100_m_eni-cha-2000-2018_p_2000-2019_v01_r00,NULL,OGC:WMS,https://image.discomap.eea.europa.eu/arcgis/services/ENI_CLC_Pilot/ENI_CHA_Pilot_2000_2018_WM/MapServer/WMSServer?request=GetCapabilities&service=WMS,NULL,2026-06-22 09:51:35.527 +0300
3042,210521,eea_r_3035_100_m_eni-cha-2000-2018_p_2000-2019_v01_r00,NULL,OGC:WMS,https://image.discomap.eea.europa.eu/arcgis/services/ENI_CLC_Pilot/ENI_CHA_Pilot_2000_2018_WM/MapServer/WMSServer?request=GetCapabilities&service=WMS,NULL,2026-06-22 09:51:35.527 +0300
3105,225758,eea_r_3035_100_m_eni-cha-2000-2018_p_2000-2019_v01_r00,NULL,OGC:WMS,https://image.discomap.eea.europa.eu/arcgis/services/ENI_CLC_Pilot/ENI_CHA_Pilot_2000_2018_WM/MapServer/WMSServer?request=GetCapabilities&service=WMS,NULL,2026-06-22 09:51:35.527 +0300
3133,229258,eea_r_3035_100_m_eni-cha-2000-2018_p_2000-2019_v01_r00,NULL,OGC:WMS,https://image.discomap.eea.europa.eu/arcgis/services/ENI_CLC_Pilot/ENI_CHA_Pilot_2000_2018_WM/MapServer/WMSServer?request=GetCapabilities&service=WMS,NULL,2026-06-22 09:51:35.527 +0300
3168,239867,eea_r_3035_100_m_eni-cha-2000-2018_p_2000-2019_v01_r00,NULL,OGC:WMS,https://image.discomap.eea.europa.eu/arcgis/services/ENI_CLC_Pilot/ENI_CHA_Pilot_2000_2018_WM/MapServer/WMSServer?request=GetCapabilities&service=WMS,NULL,2026-06-22 09:51:35.527 +0300
3177,241359,eea_r_3035_100_m_eni-cha-2000-2018_p_2000-2019_v01_r00,NULL,OGC:WMS,https://image.discomap.eea.europa.eu/arcgis/services/ENI_CLC_Pilot/ENI_CHA_Pilot_2000_2018_WM/MapServer/WMSServer?request=GetCapabilities&service=WMS,NULL,2026-06-22 09:51:35.527 +0300
3336,278443,eea_r_3035_100_m_eni-cha-2000-2018_p_2000-2019_v01_r00,NULL,OGC:WMS,https://image.discomap.eea.europa.eu/arcgis/services/ENI_CLC_Pilot/ENI_CHA_Pilot_2000_2018_WM/MapServer/WMSServer?request=GetCapabilities&service=WMS,NULL,2026-06-22 09:51:35.527 +0300
3341,278816,eea_r_3035_100_m_eni-cha-2000-2018_p_2000-2019_v01_r00,NULL,OGC:WMS,https://image.discomap.eea.europa.eu/arcgis/services/ENI_CLC_Pilot/ENI_CHA_Pilot_2000_2018_WM/MapServer/WMSServer?request=GetCapabilities&service=WMS,NULL,2026-06-22 09:51:35.527 +0300
3398,294137,eea_r_3035_100_m_eni-cha-2000-2018_p_2000-2019_v01_r00,NULL,OGC:WMS,https://image.discomap.eea.europa.eu/arcgis/services/ENI_CLC_Pilot/ENI_CHA_Pilot_2000_2018_WM/MapServer/WMSServer?request=GetCapabilities&service=WMS,NULL,2026-06-22 09:51:35.527 +0300
3408,295472,eea_r_3035_100_m_eni-cha-2000-2018_p_2000-2019_v01_r00,NULL,OGC:WMS,https://image.discomap.eea.europa.eu/arcgis/services/ENI_CLC_Pilot/ENI_CHA_Pilot_2000_2018_WM/MapServer/WMSServer?request=GetCapabilities&service=WMS,NULL,2026-06-22 09:51:35.527 +0300
3469,310005,eea_r_3035_100_m_eni-cha-2000-2018_p_2000-2019_v01_r00,NULL,OGC:WMS,https://image.discomap.eea.europa.eu/arcgis/services/ENI_CLC_Pilot/ENI_CHA_Pilot_2000_2018_WM/MapServer/WMSServer?request=GetCapabilities&service=WMS,NULL,2026-06-22 09:51:35.527 +0300
3479,311330,eea_r_3035_100_m_eni-cha-2000-2018_p_2000-2019_v01_r00,NULL,OGC:WMS,https://image.discomap.eea.europa.eu/arcgis/services/ENI_CLC_Pilot/ENI_CHA_Pilot_2000_2018_WM/MapServer/WMSServer?request=GetCapabilities&service=WMS,NULL,2026-06-22 09:51:35.527 +0300
3539,325733,eea_r_3035_100_m_eni-cha-2000-2018_p_2000-2019_v01_r00,NULL,OGC:WMS,https://image.discomap.eea.europa.eu/arcgis/services/ENI_CLC_Pilot/ENI_CHA_Pilot_2000_2018_WM/MapServer/WMSServer?request=GetCapabilities&service=WMS,NULL,2026-06-22 09:51:35.527 +0300
3548,327030,eea_r_3035_100_m_eni-cha-2000-2018_p_2000-2019_v01_r00,NULL,OGC:WMS,https://image.discomap.eea.europa.eu/arcgis/services/ENI_CLC_Pilot/ENI_CHA_Pilot_2000_2018_WM/MapServer/WMSServer?request=GetCapabilities&service=WMS,NULL,2026-06-22 09:51:35.527 +0300
3611,341521,eea_r_3035_100_m_eni-cha-2000-2018_p_2000-2019_v01_r00,NULL,OGC:WMS,https://image.discomap.eea.europa.eu/arcgis/services/ENI_CLC_Pilot/ENI_CHA_Pilot_2000_2018_WM/MapServer/WMSServer?request=GetCapabilities&service=WMS,NULL,2026-06-22 09:51:35.527 +0300
3620,342806,eea_r_3035_100_m_eni-cha-2000-2018_p_2000-2019_v01_r00,NULL,OGC:WMS,https://image.discomap.eea.europa.eu/arcgis/services/ENI_CLC_Pilot/ENI_CHA_Pilot_2000_2018_WM/MapServer/WMSServer?request=GetCapabilities&service=WMS,NULL,2026-06-22 09:51:35.527 +0300
3888,405290,eea_r_3035_100_m_eni-cha-2000-2018_p_2000-2019_v01_r00,NULL,OGC:WMS,https://image.discomap.eea.europa.eu/arcgis/services/ENI_CLC_Pilot/ENI_CHA_Pilot_2000_2018_WM/MapServer/WMSServer?request=GetCapabilities&service=WMS,NULL,2026-06-22 09:51:35.527 +0300
3896,406442,eea_r_3035_100_m_eni-cha-2000-2018_p_2000-2019_v01_r00,NULL,OGC:WMS,https://image.discomap.eea.europa.eu/arcgis/services/ENI_CLC_Pilot/ENI_CHA_Pilot_2000_2018_WM/MapServer/WMSServer?request=GetCapabilities&service=WMS,NULL,2026-06-22 09:51:35.527 +0300
4194,506784,eea_r_3035_100_m_eni-cha-2000-2018_p_2000-2019_v01_r00,NULL,OGC:WMS,https://image.discomap.eea.europa.eu/arcgis/services/ENI_CLC_Pilot/ENI_CHA_Pilot_2000_2018_WM/MapServer/WMSServer?request=GetCapabilities&service=WMS,NULL,2026-06-22 09:51:35.527 +0300
4201,507666,eea_r_3035_100_m_eni-cha-2000-2018_p_2000-2019_v01_r00,NULL,OGC:WMS,https://image.discomap.eea.europa.eu/arcgis/services/ENI_CLC_Pilot/ENI_CHA_Pilot_2000_2018_WM/MapServer/WMSServer?request=GetCapabilities&service=WMS,NULL,2026-06-22 09:51:35.527 +0300
845,6973,eea_r_3035_100_m_extended-wetland-ecosystem_p_2012_v01_r00,NULL,OGC:WMS,https://land.discomap.eea.europa.eu/arcgis/services/Land/Extended_wetland_ecosystem_2012/ImageServer/WMSServer?request=GetCapabilities&service=WMS,NULL,2026-06-22 09:51:35.527 +0300
1353,36226,eea_r_3035_100_m_extended-wetland-ecosystem_p_2012_v01_r00,NULL,OGC:WMS,https://land.discomap.eea.europa.eu/arcgis/services/Land/Extended_wetland_ecosystem_2012/ImageServer/WMSServer?request=GetCapabilities&service=WMS,NULL,2026-06-22 09:51:35.527 +0300
1494,16261,eea_r_3035_100_m_extended-wetland-ecosystem_p_2012_v01_r00,NULL,OGC:WMS,https://land.discomap.eea.europa.eu/arcgis/services/Land/Extended_wetland_ecosystem_2012/ImageServer/WMSServer?request=GetCapabilities&service=WMS,NULL,2026-06-22 09:51:35.527 +0300
1577,27679,eea_r_3035_100_m_extended-wetland-ecosystem_p_2012_v01_r00,NULL,OGC:WMS,https://land.discomap.eea.europa.eu/arcgis/services/Land/Extended_wetland_ecosystem_2012/ImageServer/WMSServer?request=GetCapabilities&service=WMS,NULL,2026-06-22 09:51:35.527 +0300
826,6886,"eea_r_3035_100_m_fga2-s-2009_p_2009-2016_v01_r00,DAT-222-en",NULL,OGC:WMS,https://land.discomap.eea.europa.eu/arcgis/services/Fragmentation/Fragmentation_2009_mesh_density/ImageServer/WMSServer?request=GetCapabilities&service=WMS,NULL,2026-06-22 09:51:35.527 +0300
1357,36162,"eea_r_3035_100_m_fga2-s-2009_p_2009-2016_v01_r00,DAT-222-en",NULL,OGC:WMS,https://land.discomap.eea.europa.eu/arcgis/services/Fragmentation/Fragmentation_2009_mesh_density/ImageServer/WMSServer?request=GetCapabilities&service=WMS,NULL,2026-06-22 09:51:35.527 +0300
1490,16173,"eea_r_3035_100_m_fga2-s-2009_p_2009-2016_v01_r00,DAT-222-en",NULL,OGC:WMS,https://land.discomap.eea.europa.eu/arcgis/services/Fragmentation/Fragmentation_2009_mesh_density/ImageServer/WMSServer?request=GetCapabilities&service=WMS,NULL,2026-06-22 09:51:35.527 +0300
1575,27591,"eea_r_3035_100_m_fga2-s-2009_p_2009-2016_v01_r00,DAT-222-en",NULL,OGC:WMS,https://land.discomap.eea.europa.eu/arcgis/services/Fragmentation/Fragmentation_2009_mesh_density/ImageServer/WMSServer?request=GetCapabilities&service=WMS,NULL,2026-06-22 09:51:35.527 +0300
1928,47969,"eea_r_3035_100_m_fga2-s-2009_p_2009-2016_v01_r00,DAT-222-en",NULL,OGC:WMS,https://land.discomap.eea.europa.eu/arcgis/services/Fragmentation/Fragmentation_2009_mesh_density/ImageServer/WMSServer?request=GetCapabilities&service=WMS,NULL,2026-06-22 09:51:35.527 +0300
2552,71282,"eea_r_3035_100_m_fga2-s-2009_p_2009-2016_v01_r00,DAT-222-en",NULL,OGC:WMS,https://land.discomap.eea.europa.eu/arcgis/services/Fragmentation/Fragmentation_2009_mesh_density/ImageServer/WMSServer?request=GetCapabilities&service=WMS,NULL,2026-06-22 09:51:35.527 +0300
2595,96955,"eea_r_3035_100_m_fga2-s-2009_p_2009-2016_v01_r00,DAT-222-en",NULL,OGC:WMS,https://land.discomap.eea.europa.eu/arcgis/services/Fragmentation/Fragmentation_2009_mesh_density/ImageServer/WMSServer?request=GetCapabilities&service=WMS,NULL,2026-06-22 09:51:35.527 +0300
2608,110158,"eea_r_3035_100_m_fga2-s-2009_p_2009-2016_v01_r00,DAT-222-en",NULL,OGC:WMS,https://land.discomap.eea.europa.eu/arcgis/services/Fragmentation/Fragmentation_2009_mesh_density/ImageServer/WMSServer?request=GetCapabilities&service=WMS,NULL,2026-06-22 09:51:35.527 +0300
2642,125493,"eea_r_3035_100_m_fga2-s-2009_p_2009-2016_v01_r00,DAT-222-en",NULL,OGC:WMS,https://land.discomap.eea.europa.eu/arcgis/services/Fragmentation/Fragmentation_2009_mesh_density/ImageServer/WMSServer?request=GetCapabilities&service=WMS,NULL,2026-06-22 09:51:35.527 +0300
2698,137600,"eea_r_3035_100_m_fga2-s-2009_p_2009-2016_v01_r00,DAT-222-en",NULL,OGC:WMS,https://land.discomap.eea.europa.eu/arcgis/services/Fragmentation/Fragmentation_2009_mesh_density/ImageServer/WMSServer?request=GetCapabilities&service=WMS,NULL,2026-06-22 09:51:35.527 +0300
2717,141701,"eea_r_3035_100_m_fga2-s-2009_p_2009-2016_v01_r00,DAT-222-en",NULL,OGC:WMS,https://land.discomap.eea.europa.eu/arcgis/services/Fragmentation/Fragmentation_2009_mesh_density/ImageServer/WMSServer?request=GetCapabilities&service=WMS,NULL,2026-06-22 09:51:35.527 +0300
2727,145637,"eea_r_3035_100_m_fga2-s-2009_p_2009-2016_v01_r00,DAT-222-en",NULL,OGC:WMS,https://land.discomap.eea.europa.eu/arcgis/services/Fragmentation/Fragmentation_2009_mesh_density/ImageServer/WMSServer?request=GetCapabilities&service=WMS,NULL,2026-06-22 09:51:35.527 +0300
2759,151783,"eea_r_3035_100_m_fga2-s-2009_p_2009-2016_v01_r00,DAT-222-en",NULL,OGC:WMS,https://land.discomap.eea.europa.eu/arcgis/services/Fragmentation/Fragmentation_2009_mesh_density/ImageServer/WMSServer?request=GetCapabilities&service=WMS,NULL,2026-06-22 09:51:35.527 +0300
2769,154184,"eea_r_3035_100_m_fga2-s-2009_p_2009-2016_v01_r00,DAT-222-en",NULL,OGC:WMS,https://land.discomap.eea.europa.eu/arcgis/services/Fragmentation/Fragmentation_2009_mesh_density/ImageServer/WMSServer?request=GetCapabilities&service=WMS,NULL,2026-06-22 09:51:35.527 +0300
2772,154788,"eea_r_3035_100_m_fga2-s-2009_p_2009-2016_v01_r00,DAT-222-en",NULL,OGC:WMS,https://land.discomap.eea.europa.eu/arcgis/services/Fragmentation/Fragmentation_2009_mesh_density/ImageServer/WMSServer?request=GetCapabilities&service=WMS,NULL,2026-06-22 09:51:35.527 +0300
2774,156625,"eea_r_3035_100_m_fga2-s-2009_p_2009-2016_v01_r00,DAT-222-en",NULL,OGC:WMS,https://land.discomap.eea.europa.eu/arcgis/services/Fragmentation/Fragmentation_2009_mesh_density/ImageServer/WMSServer?request=GetCapabilities&service=WMS,NULL,2026-06-22 09:51:35.527 +0300
2826,165388,"eea_r_3035_100_m_fga2-s-2009_p_2009-2016_v01_r00,DAT-222-en",NULL,OGC:WMS,https://land.discomap.eea.europa.eu/arcgis/services/Fragmentation/Fragmentation_2009_mesh_density/ImageServer/WMSServer?request=GetCapabilities&service=WMS,NULL,2026-06-22 09:51:35.527 +0300
2853,169072,"eea_r_3035_100_m_fga2-s-2009_p_2009-2016_v01_r00,DAT-222-en",NULL,OGC:WMS,https://land.discomap.eea.europa.eu/arcgis/services/Fragmentation/Fragmentation_2009_mesh_density/ImageServer/WMSServer?request=GetCapabilities&service=WMS,NULL,2026-06-22 09:51:35.527 +0300
2867,173027,"eea_r_3035_100_m_fga2-s-2009_p_2009-2016_v01_r00,DAT-222-en",NULL,OGC:WMS,https://land.discomap.eea.europa.eu/arcgis/services/Fragmentation/Fragmentation_2009_mesh_density/ImageServer/WMSServer?request=GetCapabilities&service=WMS,NULL,2026-06-22 09:51:35.527 +0300
2878,176985,"eea_r_3035_100_m_fga2-s-2009_p_2009-2016_v01_r00,DAT-222-en",NULL,OGC:WMS,https://land.discomap.eea.europa.eu/arcgis/services/Fragmentation/Fragmentation_2009_mesh_density/ImageServer/WMSServer?request=GetCapabilities&service=WMS,NULL,2026-06-22 09:51:35.527 +0300
2881,177061,"eea_r_3035_100_m_fga2-s-2009_p_2009-2016_v01_r00,DAT-222-en",NULL,OGC:WMS,https://land.discomap.eea.europa.eu/arcgis/services/Fragmentation/Fragmentation_2009_mesh_density/ImageServer/WMSServer?request=GetCapabilities&service=WMS,NULL,2026-06-22 09:51:35.527 +0300
2901,181698,"eea_r_3035_100_m_fga2-s-2009_p_2009-2016_v01_r00,DAT-222-en",NULL,OGC:WMS,https://land.discomap.eea.europa.eu/arcgis/services/Fragmentation/Fragmentation_2009_mesh_density/ImageServer/WMSServer?request=GetCapabilities&service=WMS,NULL,2026-06-22 09:51:35.527 +0300
2918,185547,"eea_r_3035_100_m_fga2-s-2009_p_2009-2016_v01_r00,DAT-222-en",NULL,OGC:WMS,https://land.discomap.eea.europa.eu/arcgis/services/Fragmentation/Fragmentation_2009_mesh_density/ImageServer/WMSServer?request=GetCapabilities&service=WMS,NULL,2026-06-22 09:51:35.527 +0300
2922,186142,"eea_r_3035_100_m_fga2-s-2009_p_2009-2016_v01_r00,DAT-222-en",NULL,OGC:WMS,https://land.discomap.eea.europa.eu/arcgis/services/Fragmentation/Fragmentation_2009_mesh_density/ImageServer/WMSServer?request=GetCapabilities&service=WMS,NULL,2026-06-22 09:51:35.527 +0300
2929,189033,"eea_r_3035_100_m_fga2-s-2009_p_2009-2016_v01_r00,DAT-222-en",NULL,OGC:WMS,https://land.discomap.eea.europa.eu/arcgis/services/Fragmentation/Fragmentation_2009_mesh_density/ImageServer/WMSServer?request=GetCapabilities&service=WMS,NULL,2026-06-22 09:51:35.527 +0300
2932,189693,"eea_r_3035_100_m_fga2-s-2009_p_2009-2016_v01_r00,DAT-222-en",NULL,OGC:WMS,https://land.discomap.eea.europa.eu/arcgis/services/Fragmentation/Fragmentation_2009_mesh_density/ImageServer/WMSServer?request=GetCapabilities&service=WMS,NULL,2026-06-22 09:51:35.527 +0300
2933,259486,"eea_r_3035_100_m_fga2-s-2009_p_2009-2016_v01_r00,DAT-222-en",NULL,OGC:WMS,https://land.discomap.eea.europa.eu/arcgis/services/Fragmentation/Fragmentation_2009_mesh_density/ImageServer/WMSServer?request=GetCapabilities&service=WMS,NULL,2026-06-22 09:51:35.527 +0300
2936,191504,"eea_r_3035_100_m_fga2-s-2009_p_2009-2016_v01_r00,DAT-222-en",NULL,OGC:WMS,https://land.discomap.eea.europa.eu/arcgis/services/Fragmentation/Fragmentation_2009_mesh_density/ImageServer/WMSServer?request=GetCapabilities&service=WMS,NULL,2026-06-22 09:51:35.527 +0300
2996,200262,"eea_r_3035_100_m_fga2-s-2009_p_2009-2016_v01_r00,DAT-222-en",NULL,OGC:WMS,https://land.discomap.eea.europa.eu/arcgis/services/Fragmentation/Fragmentation_2009_mesh_density/ImageServer/WMSServer?request=GetCapabilities&service=WMS,NULL,2026-06-22 09:51:35.527 +0300
3007,204281,"eea_r_3035_100_m_fga2-s-2009_p_2009-2016_v01_r00,DAT-222-en",NULL,OGC:WMS,https://land.discomap.eea.europa.eu/arcgis/services/Fragmentation/Fragmentation_2009_mesh_density/ImageServer/WMSServer?request=GetCapabilities&service=WMS,NULL,2026-06-22 09:51:35.527 +0300
3010,204922,"eea_r_3035_100_m_fga2-s-2009_p_2009-2016_v01_r00,DAT-222-en",NULL,OGC:WMS,https://land.discomap.eea.europa.eu/arcgis/services/Fragmentation/Fragmentation_2009_mesh_density/ImageServer/WMSServer?request=GetCapabilities&service=WMS,NULL,2026-06-22 09:51:35.527 +0300
3012,206742,"eea_r_3035_100_m_fga2-s-2009_p_2009-2016_v01_r00,DAT-222-en",NULL,OGC:WMS,https://land.discomap.eea.europa.eu/arcgis/services/Fragmentation/Fragmentation_2009_mesh_density/ImageServer/WMSServer?request=GetCapabilities&service=WMS,NULL,2026-06-22 09:51:35.527 +0300
3086,219323,"eea_r_3035_100_m_fga2-s-2009_p_2009-2016_v01_r00,DAT-222-en",NULL,OGC:WMS,https://land.discomap.eea.europa.eu/arcgis/services/Fragmentation/Fragmentation_2009_mesh_density/ImageServer/WMSServer?request=GetCapabilities&service=WMS,NULL,2026-06-22 09:51:35.527 +0300
3098,223275,"eea_r_3035_100_m_fga2-s-2009_p_2009-2016_v01_r00,DAT-222-en",NULL,OGC:WMS,https://land.discomap.eea.europa.eu/arcgis/services/Fragmentation/Fragmentation_2009_mesh_density/ImageServer/WMSServer?request=GetCapabilities&service=WMS,NULL,2026-06-22 09:51:35.527 +0300
3101,223935,"eea_r_3035_100_m_fga2-s-2009_p_2009-2016_v01_r00,DAT-222-en",NULL,OGC:WMS,https://land.discomap.eea.europa.eu/arcgis/services/Fragmentation/Fragmentation_2009_mesh_density/ImageServer/WMSServer?request=GetCapabilities&service=WMS,NULL,2026-06-22 09:51:35.527 +0300
3103,225749,"eea_r_3035_100_m_fga2-s-2009_p_2009-2016_v01_r00,DAT-222-en",NULL,OGC:WMS,https://land.discomap.eea.europa.eu/arcgis/services/Fragmentation/Fragmentation_2009_mesh_density/ImageServer/WMSServer?request=GetCapabilities&service=WMS,NULL,2026-06-22 09:51:35.527 +0300
3151,233523,"eea_r_3035_100_m_fga2-s-2009_p_2009-2016_v01_r00,DAT-222-en",NULL,OGC:WMS,https://land.discomap.eea.europa.eu/arcgis/services/Fragmentation/Fragmentation_2009_mesh_density/ImageServer/WMSServer?request=GetCapabilities&service=WMS,NULL,2026-06-22 09:51:35.527 +0300
3155,234124,"eea_r_3035_100_m_fga2-s-2009_p_2009-2016_v01_r00,DAT-222-en",NULL,OGC:WMS,https://land.discomap.eea.europa.eu/arcgis/services/Fragmentation/Fragmentation_2009_mesh_density/ImageServer/WMSServer?request=GetCapabilities&service=WMS,NULL,2026-06-22 09:51:35.527 +0300
3162,237385,"eea_r_3035_100_m_fga2-s-2009_p_2009-2016_v01_r00,DAT-222-en",NULL,OGC:WMS,https://land.discomap.eea.europa.eu/arcgis/services/Fragmentation/Fragmentation_2009_mesh_density/ImageServer/WMSServer?request=GetCapabilities&service=WMS,NULL,2026-06-22 09:51:35.527 +0300
3165,238049,"eea_r_3035_100_m_fga2-s-2009_p_2009-2016_v01_r00,DAT-222-en",NULL,OGC:WMS,https://land.discomap.eea.europa.eu/arcgis/services/Fragmentation/Fragmentation_2009_mesh_density/ImageServer/WMSServer?request=GetCapabilities&service=WMS,NULL,2026-06-22 09:51:35.527 +0300
3166,239858,"eea_r_3035_100_m_fga2-s-2009_p_2009-2016_v01_r00,DAT-222-en",NULL,OGC:WMS,https://land.discomap.eea.europa.eu/arcgis/services/Fragmentation/Fragmentation_2009_mesh_density/ImageServer/WMSServer?request=GetCapabilities&service=WMS,NULL,2026-06-22 09:51:35.527 +0300
3201,243786,"eea_r_3035_100_m_fga2-s-2009_p_2009-2016_v01_r00,DAT-222-en",NULL,OGC:WMS,https://land.discomap.eea.europa.eu/arcgis/services/Fragmentation/Fragmentation_2009_mesh_density/ImageServer/WMSServer?request=GetCapabilities&service=WMS,NULL,2026-06-22 09:51:35.527 +0300
3213,246140,"eea_r_3035_100_m_fga2-s-2009_p_2009-2016_v01_r00,DAT-222-en",NULL,OGC:WMS,https://land.discomap.eea.europa.eu/arcgis/services/Fragmentation/Fragmentation_2009_mesh_density/ImageServer/WMSServer?request=GetCapabilities&service=WMS,NULL,2026-06-22 09:51:35.527 +0300
3239,250157,"eea_r_3035_100_m_fga2-s-2009_p_2009-2016_v01_r00,DAT-222-en",NULL,OGC:WMS,https://land.discomap.eea.europa.eu/arcgis/services/Fragmentation/Fragmentation_2009_mesh_density/ImageServer/WMSServer?request=GetCapabilities&service=WMS,NULL,2026-06-22 09:51:35.527 +0300
3243,251710,"eea_r_3035_100_m_fga2-s-2009_p_2009-2016_v01_r00,DAT-222-en",NULL,OGC:WMS,https://land.discomap.eea.europa.eu/arcgis/services/Fragmentation/Fragmentation_2009_mesh_density/ImageServer/WMSServer?request=GetCapabilities&service=WMS,NULL,2026-06-22 09:51:35.527 +0300
3278,263400,"eea_r_3035_100_m_fga2-s-2009_p_2009-2016_v01_r00,DAT-222-en",NULL,OGC:WMS,https://land.discomap.eea.europa.eu/arcgis/services/Fragmentation/Fragmentation_2009_mesh_density/ImageServer/WMSServer?request=GetCapabilities&service=WMS,NULL,2026-06-22 09:51:35.527 +0300
3300,266971,"eea_r_3035_100_m_fga2-s-2009_p_2009-2016_v01_r00,DAT-222-en",NULL,OGC:WMS,https://land.discomap.eea.europa.eu/arcgis/services/Fragmentation/Fragmentation_2009_mesh_density/ImageServer/WMSServer?request=GetCapabilities&service=WMS,NULL,2026-06-22 09:51:35.527 +0300
3304,269100,"eea_r_3035_100_m_fga2-s-2009_p_2009-2016_v01_r00,DAT-222-en",NULL,OGC:WMS,https://land.discomap.eea.europa.eu/arcgis/services/Fragmentation/Fragmentation_2009_mesh_density/ImageServer/WMSServer?request=GetCapabilities&service=WMS,NULL,2026-06-22 09:51:35.527 +0300
3320,272188,"eea_r_3035_100_m_fga2-s-2009_p_2009-2016_v01_r00,DAT-222-en",NULL,OGC:WMS,https://land.discomap.eea.europa.eu/arcgis/services/Fragmentation/Fragmentation_2009_mesh_density/ImageServer/WMSServer?request=GetCapabilities&service=WMS,NULL,2026-06-22 09:51:35.527 +0300
3329,276031,"eea_r_3035_100_m_fga2-s-2009_p_2009-2016_v01_r00,DAT-222-en",NULL,OGC:WMS,https://land.discomap.eea.europa.eu/arcgis/services/Fragmentation/Fragmentation_2009_mesh_density/ImageServer/WMSServer?request=GetCapabilities&service=WMS,NULL,2026-06-22 09:51:35.527 +0300
3332,276635,"eea_r_3035_100_m_fga2-s-2009_p_2009-2016_v01_r00,DAT-222-en",NULL,OGC:WMS,https://land.discomap.eea.europa.eu/arcgis/services/Fragmentation/Fragmentation_2009_mesh_density/ImageServer/WMSServer?request=GetCapabilities&service=WMS,NULL,2026-06-22 09:51:35.527 +0300
3334,278434,"eea_r_3035_100_m_fga2-s-2009_p_2009-2016_v01_r00,DAT-222-en",NULL,OGC:WMS,https://land.discomap.eea.europa.eu/arcgis/services/Fragmentation/Fragmentation_2009_mesh_density/ImageServer/WMSServer?request=GetCapabilities&service=WMS,NULL,2026-06-22 09:51:35.527 +0300
3362,282025,"eea_r_3035_100_m_fga2-s-2009_p_2009-2016_v01_r00,DAT-222-en",NULL,OGC:WMS,https://land.discomap.eea.europa.eu/arcgis/services/Fragmentation/Fragmentation_2009_mesh_density/ImageServer/WMSServer?request=GetCapabilities&service=WMS,NULL,2026-06-22 09:51:35.527 +0300
3366,284157,"eea_r_3035_100_m_fga2-s-2009_p_2009-2016_v01_r00,DAT-222-en",NULL,OGC:WMS,https://land.discomap.eea.europa.eu/arcgis/services/Fragmentation/Fragmentation_2009_mesh_density/ImageServer/WMSServer?request=GetCapabilities&service=WMS,NULL,2026-06-22 09:51:35.527 +0300
3380,287909,"eea_r_3035_100_m_fga2-s-2009_p_2009-2016_v01_r00,DAT-222-en",NULL,OGC:WMS,https://land.discomap.eea.europa.eu/arcgis/services/Fragmentation/Fragmentation_2009_mesh_density/ImageServer/WMSServer?request=GetCapabilities&service=WMS,NULL,2026-06-22 09:51:35.527 +0300
3391,291724,"eea_r_3035_100_m_fga2-s-2009_p_2009-2016_v01_r00,DAT-222-en",NULL,OGC:WMS,https://land.discomap.eea.europa.eu/arcgis/services/Fragmentation/Fragmentation_2009_mesh_density/ImageServer/WMSServer?request=GetCapabilities&service=WMS,NULL,2026-06-22 09:51:35.527 +0300
3394,292328,"eea_r_3035_100_m_fga2-s-2009_p_2009-2016_v01_r00,DAT-222-en",NULL,OGC:WMS,https://land.discomap.eea.europa.eu/arcgis/services/Fragmentation/Fragmentation_2009_mesh_density/ImageServer/WMSServer?request=GetCapabilities&service=WMS,NULL,2026-06-22 09:51:35.527 +0300
3396,294128,"eea_r_3035_100_m_fga2-s-2009_p_2009-2016_v01_r00,DAT-222-en",NULL,OGC:WMS,https://land.discomap.eea.europa.eu/arcgis/services/Fragmentation/Fragmentation_2009_mesh_density/ImageServer/WMSServer?request=GetCapabilities&service=WMS,NULL,2026-06-22 09:51:35.527 +0300
3433,297893,"eea_r_3035_100_m_fga2-s-2009_p_2009-2016_v01_r00,DAT-222-en",NULL,OGC:WMS,https://land.discomap.eea.europa.eu/arcgis/services/Fragmentation/Fragmentation_2009_mesh_density/ImageServer/WMSServer?request=GetCapabilities&service=WMS,NULL,2026-06-22 09:51:35.527 +0300
3437,299997,"eea_r_3035_100_m_fga2-s-2009_p_2009-2016_v01_r00,DAT-222-en",NULL,OGC:WMS,https://land.discomap.eea.europa.eu/arcgis/services/Fragmentation/Fragmentation_2009_mesh_density/ImageServer/WMSServer?request=GetCapabilities&service=WMS,NULL,2026-06-22 09:51:35.527 +0300
3451,303765,"eea_r_3035_100_m_fga2-s-2009_p_2009-2016_v01_r00,DAT-222-en",NULL,OGC:WMS,https://land.discomap.eea.europa.eu/arcgis/services/Fragmentation/Fragmentation_2009_mesh_density/ImageServer/WMSServer?request=GetCapabilities&service=WMS,NULL,2026-06-22 09:51:35.527 +0300
3462,307592,"eea_r_3035_100_m_fga2-s-2009_p_2009-2016_v01_r00,DAT-222-en",NULL,OGC:WMS,https://land.discomap.eea.europa.eu/arcgis/services/Fragmentation/Fragmentation_2009_mesh_density/ImageServer/WMSServer?request=GetCapabilities&service=WMS,NULL,2026-06-22 09:51:35.527 +0300
3465,308197,"eea_r_3035_100_m_fga2-s-2009_p_2009-2016_v01_r00,DAT-222-en",NULL,OGC:WMS,https://land.discomap.eea.europa.eu/arcgis/services/Fragmentation/Fragmentation_2009_mesh_density/ImageServer/WMSServer?request=GetCapabilities&service=WMS,NULL,2026-06-22 09:51:35.527 +0300
3467,309996,"eea_r_3035_100_m_fga2-s-2009_p_2009-2016_v01_r00,DAT-222-en",NULL,OGC:WMS,https://land.discomap.eea.europa.eu/arcgis/services/Fragmentation/Fragmentation_2009_mesh_density/ImageServer/WMSServer?request=GetCapabilities&service=WMS,NULL,2026-06-22 09:51:35.527 +0300
3502,313713,"eea_r_3035_100_m_fga2-s-2009_p_2009-2016_v01_r00,DAT-222-en",NULL,OGC:WMS,https://land.discomap.eea.europa.eu/arcgis/services/Fragmentation/Fragmentation_2009_mesh_density/ImageServer/WMSServer?request=GetCapabilities&service=WMS,NULL,2026-06-22 09:51:35.527 +0300
3506,315827,"eea_r_3035_100_m_fga2-s-2009_p_2009-2016_v01_r00,DAT-222-en",NULL,OGC:WMS,https://land.discomap.eea.europa.eu/arcgis/services/Fragmentation/Fragmentation_2009_mesh_density/ImageServer/WMSServer?request=GetCapabilities&service=WMS,NULL,2026-06-22 09:51:35.527 +0300
3522,319471,"eea_r_3035_100_m_fga2-s-2009_p_2009-2016_v01_r00,DAT-222-en",NULL,OGC:WMS,https://land.discomap.eea.europa.eu/arcgis/services/Fragmentation/Fragmentation_2009_mesh_density/ImageServer/WMSServer?request=GetCapabilities&service=WMS,NULL,2026-06-22 09:51:35.527 +0300
3526,320068,"eea_r_3035_100_m_fga2-s-2009_p_2009-2016_v01_r00,DAT-222-en",NULL,OGC:WMS,https://land.discomap.eea.europa.eu/arcgis/services/Fragmentation/Fragmentation_2009_mesh_density/ImageServer/WMSServer?request=GetCapabilities&service=WMS,NULL,2026-06-22 09:51:35.527 +0300
3533,323248,"eea_r_3035_100_m_fga2-s-2009_p_2009-2016_v01_r00,DAT-222-en",NULL,OGC:WMS,https://land.discomap.eea.europa.eu/arcgis/services/Fragmentation/Fragmentation_2009_mesh_density/ImageServer/WMSServer?request=GetCapabilities&service=WMS,NULL,2026-06-22 09:51:35.527 +0300
3536,323923,"eea_r_3035_100_m_fga2-s-2009_p_2009-2016_v01_r00,DAT-222-en",NULL,OGC:WMS,https://land.discomap.eea.europa.eu/arcgis/services/Fragmentation/Fragmentation_2009_mesh_density/ImageServer/WMSServer?request=GetCapabilities&service=WMS,NULL,2026-06-22 09:51:35.527 +0300
3537,325724,"eea_r_3035_100_m_fga2-s-2009_p_2009-2016_v01_r00,DAT-222-en",NULL,OGC:WMS,https://land.discomap.eea.europa.eu/arcgis/services/Fragmentation/Fragmentation_2009_mesh_density/ImageServer/WMSServer?request=GetCapabilities&service=WMS,NULL,2026-06-22 09:51:35.527 +0300
3573,329448,"eea_r_3035_100_m_fga2-s-2009_p_2009-2016_v01_r00,DAT-222-en",NULL,OGC:WMS,https://land.discomap.eea.europa.eu/arcgis/services/Fragmentation/Fragmentation_2009_mesh_density/ImageServer/WMSServer?request=GetCapabilities&service=WMS,NULL,2026-06-22 09:51:35.527 +0300
3577,331574,"eea_r_3035_100_m_fga2-s-2009_p_2009-2016_v01_r00,DAT-222-en",NULL,OGC:WMS,https://land.discomap.eea.europa.eu/arcgis/services/Fragmentation/Fragmentation_2009_mesh_density/ImageServer/WMSServer?request=GetCapabilities&service=WMS,NULL,2026-06-22 09:51:35.527 +0300
3593,335251,"eea_r_3035_100_m_fga2-s-2009_p_2009-2016_v01_r00,DAT-222-en",NULL,OGC:WMS,https://land.discomap.eea.europa.eu/arcgis/services/Fragmentation/Fragmentation_2009_mesh_density/ImageServer/WMSServer?request=GetCapabilities&service=WMS,NULL,2026-06-22 09:51:35.527 +0300
3604,339031,"eea_r_3035_100_m_fga2-s-2009_p_2009-2016_v01_r00,DAT-222-en",NULL,OGC:WMS,https://land.discomap.eea.europa.eu/arcgis/services/Fragmentation/Fragmentation_2009_mesh_density/ImageServer/WMSServer?request=GetCapabilities&service=WMS,NULL,2026-06-22 09:51:35.527 +0300
3607,339705,"eea_r_3035_100_m_fga2-s-2009_p_2009-2016_v01_r00,DAT-222-en",NULL,OGC:WMS,https://land.discomap.eea.europa.eu/arcgis/services/Fragmentation/Fragmentation_2009_mesh_density/ImageServer/WMSServer?request=GetCapabilities&service=WMS,NULL,2026-06-22 09:51:35.527 +0300
3609,341512,"eea_r_3035_100_m_fga2-s-2009_p_2009-2016_v01_r00,DAT-222-en",NULL,OGC:WMS,https://land.discomap.eea.europa.eu/arcgis/services/Fragmentation/Fragmentation_2009_mesh_density/ImageServer/WMSServer?request=GetCapabilities&service=WMS,NULL,2026-06-22 09:51:35.527 +0300
3645,345365,"eea_r_3035_100_m_fga2-s-2009_p_2009-2016_v01_r00,DAT-222-en",NULL,OGC:WMS,https://land.discomap.eea.europa.eu/arcgis/services/Fragmentation/Fragmentation_2009_mesh_density/ImageServer/WMSServer?request=GetCapabilities&service=WMS,NULL,2026-06-22 09:51:35.527 +0300
3649,347388,"eea_r_3035_100_m_fga2-s-2009_p_2009-2016_v01_r00,DAT-222-en",NULL,OGC:WMS,https://land.discomap.eea.europa.eu/arcgis/services/Fragmentation/Fragmentation_2009_mesh_density/ImageServer/WMSServer?request=GetCapabilities&service=WMS,NULL,2026-06-22 09:51:35.527 +0300
3667,351544,"eea_r_3035_100_m_fga2-s-2009_p_2009-2016_v01_r00,DAT-222-en",NULL,OGC:WMS,https://land.discomap.eea.europa.eu/arcgis/services/Fragmentation/Fragmentation_2009_mesh_density/ImageServer/WMSServer?request=GetCapabilities&service=WMS,NULL,2026-06-22 09:51:35.527 +0300
3679,355312,"eea_r_3035_100_m_fga2-s-2009_p_2009-2016_v01_r00,DAT-222-en",NULL,OGC:WMS,https://land.discomap.eea.europa.eu/arcgis/services/Fragmentation/Fragmentation_2009_mesh_density/ImageServer/WMSServer?request=GetCapabilities&service=WMS,NULL,2026-06-22 09:51:35.527 +0300
3682,355987,"eea_r_3035_100_m_fga2-s-2009_p_2009-2016_v01_r00,DAT-222-en",NULL,OGC:WMS,https://land.discomap.eea.europa.eu/arcgis/services/Fragmentation/Fragmentation_2009_mesh_density/ImageServer/WMSServer?request=GetCapabilities&service=WMS,NULL,2026-06-22 09:51:35.527 +0300
3710,362961,"eea_r_3035_100_m_fga2-s-2009_p_2009-2016_v01_r00,DAT-222-en",NULL,OGC:WMS,https://land.discomap.eea.europa.eu/arcgis/services/Fragmentation/Fragmentation_2009_mesh_density/ImageServer/WMSServer?request=GetCapabilities&service=WMS,NULL,2026-06-22 09:51:35.527 +0300
3736,367644,"eea_r_3035_100_m_fga2-s-2009_p_2009-2016_v01_r00,DAT-222-en",NULL,OGC:WMS,https://land.discomap.eea.europa.eu/arcgis/services/Fragmentation/Fragmentation_2009_mesh_density/ImageServer/WMSServer?request=GetCapabilities&service=WMS,NULL,2026-06-22 09:51:35.527 +0300
3767,376472,"eea_r_3035_100_m_fga2-s-2009_p_2009-2016_v01_r00,DAT-222-en",NULL,OGC:WMS,https://land.discomap.eea.europa.eu/arcgis/services/Fragmentation/Fragmentation_2009_mesh_density/ImageServer/WMSServer?request=GetCapabilities&service=WMS,NULL,2026-06-22 09:51:35.527 +0300
3789,381075,"eea_r_3035_100_m_fga2-s-2009_p_2009-2016_v01_r00,DAT-222-en",NULL,OGC:WMS,https://land.discomap.eea.europa.eu/arcgis/services/Fragmentation/Fragmentation_2009_mesh_density/ImageServer/WMSServer?request=GetCapabilities&service=WMS,NULL,2026-06-22 09:51:35.527 +0300
3820,389588,"eea_r_3035_100_m_fga2-s-2009_p_2009-2016_v01_r00,DAT-222-en",NULL,OGC:WMS,https://land.discomap.eea.europa.eu/arcgis/services/Fragmentation/Fragmentation_2009_mesh_density/ImageServer/WMSServer?request=GetCapabilities&service=WMS,NULL,2026-06-22 09:51:35.527 +0300
3842,394092,"eea_r_3035_100_m_fga2-s-2009_p_2009-2016_v01_r00,DAT-222-en",NULL,OGC:WMS,https://land.discomap.eea.europa.eu/arcgis/services/Fragmentation/Fragmentation_2009_mesh_density/ImageServer/WMSServer?request=GetCapabilities&service=WMS,NULL,2026-06-22 09:51:35.527 +0300
3846,394681,"eea_r_3035_100_m_fga2-s-2009_p_2009-2016_v01_r00,DAT-222-en",NULL,OGC:WMS,https://land.discomap.eea.europa.eu/arcgis/services/Fragmentation/Fragmentation_2009_mesh_density/ImageServer/WMSServer?request=GetCapabilities&service=WMS,NULL,2026-06-22 09:51:35.527 +0300
3852,397817,"eea_r_3035_100_m_fga2-s-2009_p_2009-2016_v01_r00,DAT-222-en",NULL,OGC:WMS,https://land.discomap.eea.europa.eu/arcgis/services/Fragmentation/Fragmentation_2009_mesh_density/ImageServer/WMSServer?request=GetCapabilities&service=WMS,NULL,2026-06-22 09:51:35.527 +0300
3855,398428,"eea_r_3035_100_m_fga2-s-2009_p_2009-2016_v01_r00,DAT-222-en",NULL,OGC:WMS,https://land.discomap.eea.europa.eu/arcgis/services/Fragmentation/Fragmentation_2009_mesh_density/ImageServer/WMSServer?request=GetCapabilities&service=WMS,NULL,2026-06-22 09:51:35.527 +0300
3877,404722,"eea_r_3035_100_m_fga2-s-2009_p_2009-2016_v01_r00,DAT-222-en",NULL,OGC:WMS,https://land.discomap.eea.europa.eu/arcgis/services/Fragmentation/Fragmentation_2009_mesh_density/ImageServer/WMSServer?request=GetCapabilities&service=WMS,NULL,2026-06-22 09:51:35.527 +0300
3885,405270,"eea_r_3035_100_m_fga2-s-2009_p_2009-2016_v01_r00,DAT-222-en",NULL,OGC:WMS,https://land.discomap.eea.europa.eu/arcgis/services/Fragmentation/Fragmentation_2009_mesh_density/ImageServer/WMSServer?request=GetCapabilities&service=WMS,NULL,2026-06-22 09:51:35.527 +0300
3886,405281,"eea_r_3035_100_m_fga2-s-2009_p_2009-2016_v01_r00,DAT-222-en",NULL,OGC:WMS,https://land.discomap.eea.europa.eu/arcgis/services/Fragmentation/Fragmentation_2009_mesh_density/ImageServer/WMSServer?request=GetCapabilities&service=WMS,NULL,2026-06-22 09:51:35.527 +0300
3909,409232,"eea_r_3035_100_m_fga2-s-2009_p_2009-2016_v01_r00,DAT-222-en",NULL,OGC:WMS,https://land.discomap.eea.europa.eu/arcgis/services/Fragmentation/Fragmentation_2009_mesh_density/ImageServer/WMSServer?request=GetCapabilities&service=WMS,NULL,2026-06-22 09:51:35.527 +0300
3912,412899,"eea_r_3035_100_m_fga2-s-2009_p_2009-2016_v01_r00,DAT-222-en",NULL,OGC:WMS,https://land.discomap.eea.europa.eu/arcgis/services/Fragmentation/Fragmentation_2009_mesh_density/ImageServer/WMSServer?request=GetCapabilities&service=WMS,NULL,2026-06-22 09:51:35.527 +0300
3928,415685,"eea_r_3035_100_m_fga2-s-2009_p_2009-2016_v01_r00,DAT-222-en",NULL,OGC:WMS,https://land.discomap.eea.europa.eu/arcgis/services/Fragmentation/Fragmentation_2009_mesh_density/ImageServer/WMSServer?request=GetCapabilities&service=WMS,NULL,2026-06-22 09:51:35.527 +0300
3934,419328,"eea_r_3035_100_m_fga2-s-2009_p_2009-2016_v01_r00,DAT-222-en",NULL,OGC:WMS,https://land.discomap.eea.europa.eu/arcgis/services/Fragmentation/Fragmentation_2009_mesh_density/ImageServer/WMSServer?request=GetCapabilities&service=WMS,NULL,2026-06-22 09:51:35.527 +0300
3949,422208,"eea_r_3035_100_m_fga2-s-2009_p_2009-2016_v01_r00,DAT-222-en",NULL,OGC:WMS,https://land.discomap.eea.europa.eu/arcgis/services/Fragmentation/Fragmentation_2009_mesh_density/ImageServer/WMSServer?request=GetCapabilities&service=WMS,NULL,2026-06-22 09:51:35.527 +0300
3952,425841,"eea_r_3035_100_m_fga2-s-2009_p_2009-2016_v01_r00,DAT-222-en",NULL,OGC:WMS,https://land.discomap.eea.europa.eu/arcgis/services/Fragmentation/Fragmentation_2009_mesh_density/ImageServer/WMSServer?request=GetCapabilities&service=WMS,NULL,2026-06-22 09:51:35.527 +0300
3957,426589,"eea_r_3035_100_m_fga2-s-2009_p_2009-2016_v01_r00,DAT-222-en",NULL,OGC:WMS,https://land.discomap.eea.europa.eu/arcgis/services/Fragmentation/Fragmentation_2009_mesh_density/ImageServer/WMSServer?request=GetCapabilities&service=WMS,NULL,2026-06-22 09:51:35.527 +0300
3964,429044,"eea_r_3035_100_m_fga2-s-2009_p_2009-2016_v01_r00,DAT-222-en",NULL,OGC:WMS,https://land.discomap.eea.europa.eu/arcgis/services/Fragmentation/Fragmentation_2009_mesh_density/ImageServer/WMSServer?request=GetCapabilities&service=WMS,NULL,2026-06-22 09:51:35.527 +0300
3975,430680,"eea_r_3035_100_m_fga2-s-2009_p_2009-2016_v01_r00,DAT-222-en",NULL,OGC:WMS,https://land.discomap.eea.europa.eu/arcgis/services/Fragmentation/Fragmentation_2009_mesh_density/ImageServer/WMSServer?request=GetCapabilities&service=WMS,NULL,2026-06-22 09:51:35.527 +0300
3999,438275,"eea_r_3035_100_m_fga2-s-2009_p_2009-2016_v01_r00,DAT-222-en",NULL,OGC:WMS,https://land.discomap.eea.europa.eu/arcgis/services/Fragmentation/Fragmentation_2009_mesh_density/ImageServer/WMSServer?request=GetCapabilities&service=WMS,NULL,2026-06-22 09:51:35.527 +0300
4004,438983,"eea_r_3035_100_m_fga2-s-2009_p_2009-2016_v01_r00,DAT-222-en",NULL,OGC:WMS,https://land.discomap.eea.europa.eu/arcgis/services/Fragmentation/Fragmentation_2009_mesh_density/ImageServer/WMSServer?request=GetCapabilities&service=WMS,NULL,2026-06-22 09:51:35.527 +0300
4005,439329,"eea_r_3035_100_m_fga2-s-2009_p_2009-2016_v01_r00,DAT-222-en",NULL,OGC:WMS,https://land.discomap.eea.europa.eu/arcgis/services/Fragmentation/Fragmentation_2009_mesh_density/ImageServer/WMSServer?request=GetCapabilities&service=WMS,NULL,2026-06-22 09:51:35.527 +0300
4022,442998,"eea_r_3035_100_m_fga2-s-2009_p_2009-2016_v01_r00,DAT-222-en",NULL,OGC:WMS,https://land.discomap.eea.europa.eu/arcgis/services/Fragmentation/Fragmentation_2009_mesh_density/ImageServer/WMSServer?request=GetCapabilities&service=WMS,NULL,2026-06-22 09:51:35.527 +0300
4062,457497,"eea_r_3035_100_m_fga2-s-2009_p_2009-2016_v01_r00,DAT-222-en",NULL,OGC:WMS,https://land.discomap.eea.europa.eu/arcgis/services/Fragmentation/Fragmentation_2009_mesh_density/ImageServer/WMSServer?request=GetCapabilities&service=WMS,NULL,2026-06-22 09:51:35.527 +0300
4075,460455,"eea_r_3035_100_m_fga2-s-2009_p_2009-2016_v01_r00,DAT-222-en",NULL,OGC:WMS,https://land.discomap.eea.europa.eu/arcgis/services/Fragmentation/Fragmentation_2009_mesh_density/ImageServer/WMSServer?request=GetCapabilities&service=WMS,NULL,2026-06-22 09:51:35.527 +0300
4078,464127,"eea_r_3035_100_m_fga2-s-2009_p_2009-2016_v01_r00,DAT-222-en",NULL,OGC:WMS,https://land.discomap.eea.europa.eu/arcgis/services/Fragmentation/Fragmentation_2009_mesh_density/ImageServer/WMSServer?request=GetCapabilities&service=WMS,NULL,2026-06-22 09:51:35.527 +0300
4092,467110,"eea_r_3035_100_m_fga2-s-2009_p_2009-2016_v01_r00,DAT-222-en",NULL,OGC:WMS,https://land.discomap.eea.europa.eu/arcgis/services/Fragmentation/Fragmentation_2009_mesh_density/ImageServer/WMSServer?request=GetCapabilities&service=WMS,NULL,2026-06-22 09:51:35.527 +0300
4096,470769,"eea_r_3035_100_m_fga2-s-2009_p_2009-2016_v01_r00,DAT-222-en",NULL,OGC:WMS,https://land.discomap.eea.europa.eu/arcgis/services/Fragmentation/Fragmentation_2009_mesh_density/ImageServer/WMSServer?request=GetCapabilities&service=WMS,NULL,2026-06-22 09:51:35.527 +0300
4101,471502,"eea_r_3035_100_m_fga2-s-2009_p_2009-2016_v01_r00,DAT-222-en",NULL,OGC:WMS,https://land.discomap.eea.europa.eu/arcgis/services/Fragmentation/Fragmentation_2009_mesh_density/ImageServer/WMSServer?request=GetCapabilities&service=WMS,NULL,2026-06-22 09:51:35.527 +0300
4102,471850,"eea_r_3035_100_m_fga2-s-2009_p_2009-2016_v01_r00,DAT-222-en",NULL,OGC:WMS,https://land.discomap.eea.europa.eu/arcgis/services/Fragmentation/Fragmentation_2009_mesh_density/ImageServer/WMSServer?request=GetCapabilities&service=WMS,NULL,2026-06-22 09:51:35.527 +0300
4117,475541,"eea_r_3035_100_m_fga2-s-2009_p_2009-2016_v01_r00,DAT-222-en",NULL,OGC:WMS,https://land.discomap.eea.europa.eu/arcgis/services/Fragmentation/Fragmentation_2009_mesh_density/ImageServer/WMSServer?request=GetCapabilities&service=WMS,NULL,2026-06-22 09:51:35.527 +0300
4140,483219,"eea_r_3035_100_m_fga2-s-2009_p_2009-2016_v01_r00,DAT-222-en",NULL,OGC:WMS,https://land.discomap.eea.europa.eu/arcgis/services/Fragmentation/Fragmentation_2009_mesh_density/ImageServer/WMSServer?request=GetCapabilities&service=WMS,NULL,2026-06-22 09:51:35.527 +0300
4154,486159,"eea_r_3035_100_m_fga2-s-2009_p_2009-2016_v01_r00,DAT-222-en",NULL,OGC:WMS,https://land.discomap.eea.europa.eu/arcgis/services/Fragmentation/Fragmentation_2009_mesh_density/ImageServer/WMSServer?request=GetCapabilities&service=WMS,NULL,2026-06-22 09:51:35.527 +0300
4158,489828,"eea_r_3035_100_m_fga2-s-2009_p_2009-2016_v01_r00,DAT-222-en",NULL,OGC:WMS,https://land.discomap.eea.europa.eu/arcgis/services/Fragmentation/Fragmentation_2009_mesh_density/ImageServer/WMSServer?request=GetCapabilities&service=WMS,NULL,2026-06-22 09:51:35.527 +0300
4171,492801,"eea_r_3035_100_m_fga2-s-2009_p_2009-2016_v01_r00,DAT-222-en",NULL,OGC:WMS,https://land.discomap.eea.europa.eu/arcgis/services/Fragmentation/Fragmentation_2009_mesh_density/ImageServer/WMSServer?request=GetCapabilities&service=WMS,NULL,2026-06-22 09:51:35.527 +0300
4177,496639,"eea_r_3035_100_m_fga2-s-2009_p_2009-2016_v01_r00,DAT-222-en",NULL,OGC:WMS,https://land.discomap.eea.europa.eu/arcgis/services/Fragmentation/Fragmentation_2009_mesh_density/ImageServer/WMSServer?request=GetCapabilities&service=WMS,NULL,2026-06-22 09:51:35.527 +0300
4193,506772,"eea_r_3035_100_m_fga2-s-2009_p_2009-2016_v01_r00,DAT-222-en",NULL,OGC:WMS,https://land.discomap.eea.europa.eu/arcgis/services/Fragmentation/Fragmentation_2009_mesh_density/ImageServer/WMSServer?request=GetCapabilities&service=WMS,NULL,2026-06-22 09:51:35.527 +0300
4255,516223,"eea_r_3035_100_m_fga2-s-2009_p_2009-2016_v01_r00,DAT-222-en",NULL,OGC:WMS,https://land.discomap.eea.europa.eu/arcgis/services/Fragmentation/Fragmentation_2009_mesh_density/ImageServer/WMSServer?request=GetCapabilities&service=WMS,NULL,2026-06-22 09:51:35.527 +0300
4297,517735,"eea_r_3035_100_m_fga2-s-2009_p_2009-2016_v01_r00,DAT-222-en",NULL,OGC:WMS,https://land.discomap.eea.europa.eu/arcgis/services/Fragmentation/Fragmentation_2009_mesh_density/ImageServer/WMSServer?request=GetCapabilities&service=WMS,NULL,2026-06-22 09:51:35.527 +0300
4300,517843,"eea_r_3035_100_m_fga2-s-2009_p_2009-2016_v01_r00,DAT-222-en",NULL,OGC:WMS,https://land.discomap.eea.europa.eu/arcgis/services/Fragmentation/Fragmentation_2009_mesh_density/ImageServer/WMSServer?request=GetCapabilities&service=WMS,NULL,2026-06-22 09:51:35.527 +0300
4307,518434,"eea_r_3035_100_m_fga2-s-2009_p_2009-2016_v01_r00,DAT-222-en",NULL,OGC:WMS,https://land.discomap.eea.europa.eu/arcgis/services/Fragmentation/Fragmentation_2009_mesh_density/ImageServer/WMSServer?request=GetCapabilities&service=WMS,NULL,2026-06-22 09:51:35.527 +0300
4309,518532,"eea_r_3035_100_m_fga2-s-2009_p_2009-2016_v01_r00,DAT-222-en",NULL,OGC:WMS,https://land.discomap.eea.europa.eu/arcgis/services/Fragmentation/Fragmentation_2009_mesh_density/ImageServer/WMSServer?request=GetCapabilities&service=WMS,NULL,2026-06-22 09:51:35.527 +0300
4420,522352,"eea_r_3035_100_m_fga2-s-2009_p_2009-2016_v01_r00,DAT-222-en",NULL,OGC:WMS,https://land.discomap.eea.europa.eu/arcgis/services/Fragmentation/Fragmentation_2009_mesh_density/ImageServer/WMSServer?request=GetCapabilities&service=WMS,NULL,2026-06-22 09:51:35.527 +0300
4444,525592,"eea_r_3035_100_m_fga2-s-2009_p_2009-2016_v01_r00,DAT-222-en",NULL,OGC:WMS,https://land.discomap.eea.europa.eu/arcgis/services/Fragmentation/Fragmentation_2009_mesh_density/ImageServer/WMSServer?request=GetCapabilities&service=WMS,NULL,2026-06-22 09:51:35.527 +0300
4448,526401,"eea_r_3035_100_m_fga2-s-2009_p_2009-2016_v01_r00,DAT-222-en",NULL,OGC:WMS,https://land.discomap.eea.europa.eu/arcgis/services/Fragmentation/Fragmentation_2009_mesh_density/ImageServer/WMSServer?request=GetCapabilities&service=WMS,NULL,2026-06-22 09:51:35.527 +0300
824,6877,"eea_r_3035_100_m_fga2-s-2012_p_2012-2016_v01_r00,DAT-222-en",NULL,OGC:WMS,https://land.discomap.eea.europa.eu/arcgis/services/Fragmentation/Fragmentation_2012_mesh_density/ImageServer/WMSServer?request=GetCapabilities&service=WMS,NULL,2026-06-22 09:51:35.527 +0300
1355,36153,"eea_r_3035_100_m_fga2-s-2012_p_2012-2016_v01_r00,DAT-222-en",NULL,OGC:WMS,https://land.discomap.eea.europa.eu/arcgis/services/Fragmentation/Fragmentation_2012_mesh_density/ImageServer/WMSServer?request=GetCapabilities&service=WMS,NULL,2026-06-22 09:51:35.527 +0300
1488,16158,"eea_r_3035_100_m_fga2-s-2012_p_2012-2016_v01_r00,DAT-222-en",NULL,OGC:WMS,https://land.discomap.eea.europa.eu/arcgis/services/Fragmentation/Fragmentation_2012_mesh_density/ImageServer/WMSServer?request=GetCapabilities&service=WMS,NULL,2026-06-22 09:51:35.527 +0300
1565,27585,"eea_r_3035_100_m_fga2-s-2012_p_2012-2016_v01_r00,DAT-222-en",NULL,OGC:WMS,https://land.discomap.eea.europa.eu/arcgis/services/Fragmentation/Fragmentation_2012_mesh_density/ImageServer/WMSServer?request=GetCapabilities&service=WMS,NULL,2026-06-22 09:51:35.527 +0300
819,6860,"eea_r_3035_100_m_fga2-s-2015_p_2015-2016_v01_r00,DAT-222-en",NULL,OGC:WMS,https://land.discomap.eea.europa.eu/arcgis/services/Fragmentation/Fragmentation_2015_mesh_density/ImageServer/WMSServer?request=GetCapabilities&service=WMS,NULL,2026-06-22 09:51:35.527 +0300
1352,36141,"eea_r_3035_100_m_fga2-s-2015_p_2015-2016_v01_r00,DAT-222-en",NULL,OGC:WMS,https://land.discomap.eea.europa.eu/arcgis/services/Fragmentation/Fragmentation_2015_mesh_density/ImageServer/WMSServer?request=GetCapabilities&service=WMS,NULL,2026-06-22 09:51:35.527 +0300
1486,16141,"eea_r_3035_100_m_fga2-s-2015_p_2015-2016_v01_r00,DAT-222-en",NULL,OGC:WMS,https://land.discomap.eea.europa.eu/arcgis/services/Fragmentation/Fragmentation_2015_mesh_density/ImageServer/WMSServer?request=GetCapabilities&service=WMS,NULL,2026-06-22 09:51:35.527 +0300
802,6638,"eea_r_3035_100_m_forest-area-2015_p_2014-2016_v01_r00,DAT-216-en",NULL,OGC:WMS,https://forest.discomap.eea.europa.eu/arcgis/services/Forest/Forest_area_2015/MapServer/WMSServer?request=GetCapabilities&service=WMS,NULL,2026-06-22 09:51:35.527 +0300
1476,15919,"eea_r_3035_100_m_forest-area-2015_p_2014-2016_v01_r00,DAT-216-en",NULL,OGC:WMS,https://forest.discomap.eea.europa.eu/arcgis/services/Forest/Forest_area_2015/MapServer/WMSServer?request=GetCapabilities&service=WMS,NULL,2026-06-22 09:51:35.527 +0300
1567,27382,"eea_r_3035_100_m_forest-area-2015_p_2014-2016_v01_r00,DAT-216-en",NULL,OGC:WMS,https://forest.discomap.eea.europa.eu/arcgis/services/Forest/Forest_area_2015/MapServer/WMSServer?request=GetCapabilities&service=WMS,NULL,2026-06-22 09:51:35.527 +0300
745,6306,eea_r_3035_100_m_imd-2006-acc_p_2005-2007_v01_r03,NULL,OGC:WMS,https://land.discomap.eea.europa.eu/arcgis/services/Imperviousness/sealed2006/ImageServer/WMSServer?request=GetCapabilities&service=WMS,NULL,2026-06-22 09:51:35.527 +0300
1465,15603,eea_r_3035_100_m_imd-2006-acc_p_2005-2007_v01_r03,NULL,OGC:WMS,https://land.discomap.eea.europa.eu/arcgis/services/Imperviousness/sealed2006/ImageServer/WMSServer?request=GetCapabilities&service=WMS,NULL,2026-06-22 09:51:35.527 +0300
1557,27008,eea_r_3035_100_m_imd-2006-acc_p_2005-2007_v01_r03,NULL,OGC:WMS,https://land.discomap.eea.europa.eu/arcgis/services/Imperviousness/sealed2006/ImageServer/WMSServer?request=GetCapabilities&service=WMS,NULL,2026-06-22 09:51:35.527 +0300
741,6291,eea_r_3035_100_m_imd-2009-acc_p_2008-2010_v01_r03,NULL,OGC:WMS,https://land.discomap.eea.europa.eu/arcgis/services/Imperviousness/sealed2009/ImageServer/WMSServer?request=GetCapabilities&service=WMS,NULL,2026-06-22 09:51:35.527 +0300
1467,15544,eea_r_3035_100_m_imd-2009-acc_p_2008-2010_v01_r03,NULL,OGC:WMS,https://land.discomap.eea.europa.eu/arcgis/services/Imperviousness/sealed2009/ImageServer/WMSServer?request=GetCapabilities&service=WMS,NULL,2026-06-22 09:51:35.527 +0300
1548,26519,eea_r_3035_100_m_imd-2009-acc_p_2008-2010_v01_r03,NULL,OGC:WMS,https://land.discomap.eea.europa.eu/arcgis/services/Imperviousness/sealed2009/ImageServer/WMSServer?request=GetCapabilities&service=WMS,NULL,2026-06-22 09:51:35.527 +0300
1632,33374,eea_r_3035_100_m_imd-2009-acc_p_2008-2010_v01_r03,NULL,OGC:WMS,https://land.discomap.eea.europa.eu/arcgis/services/Imperviousness/sealed2009/ImageServer/WMSServer?request=GetCapabilities&service=WMS,NULL,2026-06-22 09:51:35.527 +0300
746,6311,eea_r_3035_100_m_imd-2012-acc_p_2011-2013_v01_r03,NULL,OGC:WMS,https://land.discomap.eea.europa.eu/arcgis/services/Imperviousness/sealed2012/ImageServer/WMSServer?request=GetCapabilities&service=WMS,NULL,2026-06-22 09:51:35.527 +0300
1466,15608,eea_r_3035_100_m_imd-2012-acc_p_2011-2013_v01_r03,NULL,OGC:WMS,https://land.discomap.eea.europa.eu/arcgis/services/Imperviousness/sealed2012/ImageServer/WMSServer?request=GetCapabilities&service=WMS,NULL,2026-06-22 09:51:35.527 +0300
1560,27013,eea_r_3035_100_m_imd-2012-acc_p_2011-2013_v01_r03,NULL,OGC:WMS,https://land.discomap.eea.europa.eu/arcgis/services/Imperviousness/sealed2012/ImageServer/WMSServer?request=GetCapabilities&service=WMS,NULL,2026-06-22 09:51:35.527 +0300
31,206,eea_r_3035_100_m_imd-2015-acc_p_2014-2016_v01_r03,NULL,OGC:WMS,https://land.discomap.eea.europa.eu/arcgis/services/Imperviousness/sealed2015/ImageServer/WMSServer?request=GetCapabilities&service=WMS,NULL,2026-06-22 09:51:35.527 +0300
744,6301,eea_r_3035_100_m_imd-2015-acc_p_2014-2016_v01_r03,NULL,OGC:WMS,https://land.discomap.eea.europa.eu/arcgis/services/Imperviousness/sealed2015/ImageServer/WMSServer?request=GetCapabilities&service=WMS,NULL,2026-06-22 09:51:35.527 +0300
1464,15598,eea_r_3035_100_m_imd-2015-acc_p_2014-2016_v01_r03,NULL,OGC:WMS,https://land.discomap.eea.europa.eu/arcgis/services/Imperviousness/sealed2015/ImageServer/WMSServer?request=GetCapabilities&service=WMS,NULL,2026-06-22 09:51:35.527 +0300
1556,27001,eea_r_3035_100_m_imd-2015-acc_p_2014-2016_v01_r03,NULL,OGC:WMS,https://land.discomap.eea.europa.eu/arcgis/services/Imperviousness/sealed2015/ImageServer/WMSServer?request=GetCapabilities&service=WMS,NULL,2026-06-22 09:51:35.527 +0300
556,7036,eea_r_3035_100_m_uhi-modelling_p_2008-2017_v01_r00,NULL,OGC:WMS,https://climate.discomap.eea.europa.eu/arcgis/services/UAMV/Urban_Heat_Island_modelling/MapServer/WMSServer?request=GetCapabilities&service=WMS,NULL,2026-06-22 09:51:35.527 +0300
1368,36277,eea_r_3035_100_m_uhi-modelling_p_2008-2017_v01_r00,NULL,OGC:WMS,https://climate.discomap.eea.europa.eu/arcgis/services/UAMV/Urban_Heat_Island_modelling/MapServer/WMSServer?request=GetCapabilities&service=WMS,NULL,2026-06-22 09:51:35.527 +0300
1504,16337,eea_r_3035_100_m_uhi-modelling_p_2008-2017_v01_r00,NULL,OGC:WMS,https://climate.discomap.eea.europa.eu/arcgis/services/UAMV/Urban_Heat_Island_modelling/MapServer/WMSServer?request=GetCapabilities&service=WMS,NULL,2026-06-22 09:51:35.527 +0300
1585,27751,eea_r_3035_100_m_uhi-modelling_p_2008-2017_v01_r00,NULL,OGC:WMS,https://climate.discomap.eea.europa.eu/arcgis/services/UAMV/Urban_Heat_Island_modelling/MapServer/WMSServer?request=GetCapabilities&service=WMS,NULL,2026-06-22 09:51:35.527 +0300
1929,47980,eea_r_3035_100_m_uhi-modelling_p_2008-2017_v01_r00,NULL,OGC:WMS,https://climate.discomap.eea.europa.eu/arcgis/services/UAMV/Urban_Heat_Island_modelling/MapServer/WMSServer?request=GetCapabilities&service=WMS,NULL,2026-06-22 09:51:35.527 +0300
2190,56465,eea_r_3035_100_m_uhi-modelling_p_2008-2017_v01_r00,NULL,OGC:WMS,https://climate.discomap.eea.europa.eu/arcgis/services/UAMV/Urban_Heat_Island_modelling/MapServer/WMSServer?request=GetCapabilities&service=WMS,NULL,2026-06-22 09:51:35.527 +0300
2596,96961,eea_r_3035_100_m_uhi-modelling_p_2008-2017_v01_r00,NULL,OGC:WMS,https://climate.discomap.eea.europa.eu/arcgis/services/UAMV/Urban_Heat_Island_modelling/MapServer/WMSServer?request=GetCapabilities&service=WMS,NULL,2026-06-22 09:51:35.527 +0300
2600,97727,eea_r_3035_100_m_uhi-modelling_p_2008-2017_v01_r00,NULL,OGC:WMS,https://climate.discomap.eea.europa.eu/arcgis/services/UAMV/Urban_Heat_Island_modelling/MapServer/WMSServer?request=GetCapabilities&service=WMS,NULL,2026-06-22 09:51:35.527 +0300
2643,126673,eea_r_3035_100_m_uhi-modelling_p_2008-2017_v01_r00,NULL,OGC:WMS,https://climate.discomap.eea.europa.eu/arcgis/services/UAMV/Urban_Heat_Island_modelling/MapServer/WMSServer?request=GetCapabilities&service=WMS,NULL,2026-06-22 09:51:35.527 +0300
2700,137759,eea_r_3035_100_m_uhi-modelling_p_2008-2017_v01_r00,NULL,OGC:WMS,https://climate.discomap.eea.europa.eu/arcgis/services/UAMV/Urban_Heat_Island_modelling/MapServer/WMSServer?request=GetCapabilities&service=WMS,NULL,2026-06-22 09:51:35.527 +0300
2702,138143,eea_r_3035_100_m_uhi-modelling_p_2008-2017_v01_r00,NULL,OGC:WMS,https://climate.discomap.eea.europa.eu/arcgis/services/UAMV/Urban_Heat_Island_modelling/MapServer/WMSServer?request=GetCapabilities&service=WMS,NULL,2026-06-22 09:51:35.527 +0300
2718,141711,eea_r_3035_100_m_uhi-modelling_p_2008-2017_v01_r00,NULL,OGC:WMS,https://climate.discomap.eea.europa.eu/arcgis/services/UAMV/Urban_Heat_Island_modelling/MapServer/WMSServer?request=GetCapabilities&service=WMS,NULL,2026-06-22 09:51:35.527 +0300
2722,142334,eea_r_3035_100_m_uhi-modelling_p_2008-2017_v01_r00,NULL,OGC:WMS,https://climate.discomap.eea.europa.eu/arcgis/services/UAMV/Urban_Heat_Island_modelling/MapServer/WMSServer?request=GetCapabilities&service=WMS,NULL,2026-06-22 09:51:35.527 +0300
2760,151793,eea_r_3035_100_m_uhi-modelling_p_2008-2017_v01_r00,NULL,OGC:WMS,https://climate.discomap.eea.europa.eu/arcgis/services/UAMV/Urban_Heat_Island_modelling/MapServer/WMSServer?request=GetCapabilities&service=WMS,NULL,2026-06-22 09:51:35.527 +0300
2764,152402,eea_r_3035_100_m_uhi-modelling_p_2008-2017_v01_r00,NULL,OGC:WMS,https://climate.discomap.eea.europa.eu/arcgis/services/UAMV/Urban_Heat_Island_modelling/MapServer/WMSServer?request=GetCapabilities&service=WMS,NULL,2026-06-22 09:51:35.527 +0300
2773,155224,eea_r_3035_100_m_uhi-modelling_p_2008-2017_v01_r00,NULL,OGC:WMS,https://climate.discomap.eea.europa.eu/arcgis/services/UAMV/Urban_Heat_Island_modelling/MapServer/WMSServer?request=GetCapabilities&service=WMS,NULL,2026-06-22 09:51:35.527 +0300
2809,161539,eea_r_3035_100_m_uhi-modelling_p_2008-2017_v01_r00,NULL,OGC:WMS,https://climate.discomap.eea.europa.eu/arcgis/services/UAMV/Urban_Heat_Island_modelling/MapServer/WMSServer?request=GetCapabilities&service=WMS,NULL,2026-06-22 09:51:35.527 +0300
2811,161911,eea_r_3035_100_m_uhi-modelling_p_2008-2017_v01_r00,NULL,OGC:WMS,https://climate.discomap.eea.europa.eu/arcgis/services/UAMV/Urban_Heat_Island_modelling/MapServer/WMSServer?request=GetCapabilities&service=WMS,NULL,2026-06-22 09:51:35.527 +0300
2827,165398,eea_r_3035_100_m_uhi-modelling_p_2008-2017_v01_r00,NULL,OGC:WMS,https://climate.discomap.eea.europa.eu/arcgis/services/UAMV/Urban_Heat_Island_modelling/MapServer/WMSServer?request=GetCapabilities&service=WMS,NULL,2026-06-22 09:51:35.527 +0300
2831,166007,eea_r_3035_100_m_uhi-modelling_p_2008-2017_v01_r00,NULL,OGC:WMS,https://climate.discomap.eea.europa.eu/arcgis/services/UAMV/Urban_Heat_Island_modelling/MapServer/WMSServer?request=GetCapabilities&service=WMS,NULL,2026-06-22 09:51:35.527 +0300
2868,173037,eea_r_3035_100_m_uhi-modelling_p_2008-2017_v01_r00,NULL,OGC:WMS,https://climate.discomap.eea.europa.eu/arcgis/services/UAMV/Urban_Heat_Island_modelling/MapServer/WMSServer?request=GetCapabilities&service=WMS,NULL,2026-06-22 09:51:35.527 +0300
2873,173642,eea_r_3035_100_m_uhi-modelling_p_2008-2017_v01_r00,NULL,OGC:WMS,https://climate.discomap.eea.europa.eu/arcgis/services/UAMV/Urban_Heat_Island_modelling/MapServer/WMSServer?request=GetCapabilities&service=WMS,NULL,2026-06-22 09:51:35.527 +0300
2882,178040,eea_r_3035_100_m_uhi-modelling_p_2008-2017_v01_r00,NULL,OGC:WMS,https://climate.discomap.eea.europa.eu/arcgis/services/UAMV/Urban_Heat_Island_modelling/MapServer/WMSServer?request=GetCapabilities&service=WMS,NULL,2026-06-22 09:51:35.527 +0300
2903,181840,eea_r_3035_100_m_uhi-modelling_p_2008-2017_v01_r00,NULL,OGC:WMS,https://climate.discomap.eea.europa.eu/arcgis/services/UAMV/Urban_Heat_Island_modelling/MapServer/WMSServer?request=GetCapabilities&service=WMS,NULL,2026-06-22 09:51:35.527 +0300
2919,185557,eea_r_3035_100_m_uhi-modelling_p_2008-2017_v01_r00,NULL,OGC:WMS,https://climate.discomap.eea.europa.eu/arcgis/services/UAMV/Urban_Heat_Island_modelling/MapServer/WMSServer?request=GetCapabilities&service=WMS,NULL,2026-06-22 09:51:35.527 +0300
2934,259496,eea_r_3035_100_m_uhi-modelling_p_2008-2017_v01_r00,NULL,OGC:WMS,https://climate.discomap.eea.europa.eu/arcgis/services/UAMV/Urban_Heat_Island_modelling/MapServer/WMSServer?request=GetCapabilities&service=WMS,NULL,2026-06-22 09:51:35.527 +0300
2976,196481,eea_r_3035_100_m_uhi-modelling_p_2008-2017_v01_r00,NULL,OGC:WMS,https://climate.discomap.eea.europa.eu/arcgis/services/UAMV/Urban_Heat_Island_modelling/MapServer/WMSServer?request=GetCapabilities&service=WMS,NULL,2026-06-22 09:51:35.527 +0300
2997,200272,eea_r_3035_100_m_uhi-modelling_p_2008-2017_v01_r00,NULL,OGC:WMS,https://climate.discomap.eea.europa.eu/arcgis/services/UAMV/Urban_Heat_Island_modelling/MapServer/WMSServer?request=GetCapabilities&service=WMS,NULL,2026-06-22 09:51:35.527 +0300
3002,200886,eea_r_3035_100_m_uhi-modelling_p_2008-2017_v01_r00,NULL,OGC:WMS,https://climate.discomap.eea.europa.eu/arcgis/services/UAMV/Urban_Heat_Island_modelling/MapServer/WMSServer?request=GetCapabilities&service=WMS,NULL,2026-06-22 09:51:35.527 +0300
3011,205341,eea_r_3035_100_m_uhi-modelling_p_2008-2017_v01_r00,NULL,OGC:WMS,https://climate.discomap.eea.europa.eu/arcgis/services/UAMV/Urban_Heat_Island_modelling/MapServer/WMSServer?request=GetCapabilities&service=WMS,NULL,2026-06-22 09:51:35.527 +0300
3045,211140,eea_r_3035_100_m_uhi-modelling_p_2008-2017_v01_r00,NULL,OGC:WMS,https://climate.discomap.eea.europa.eu/arcgis/services/UAMV/Urban_Heat_Island_modelling/MapServer/WMSServer?request=GetCapabilities&service=WMS,NULL,2026-06-22 09:51:35.527 +0300
3047,211511,eea_r_3035_100_m_uhi-modelling_p_2008-2017_v01_r00,NULL,OGC:WMS,https://climate.discomap.eea.europa.eu/arcgis/services/UAMV/Urban_Heat_Island_modelling/MapServer/WMSServer?request=GetCapabilities&service=WMS,NULL,2026-06-22 09:51:35.527 +0300
3087,219333,eea_r_3035_100_m_uhi-modelling_p_2008-2017_v01_r00,NULL,OGC:WMS,https://climate.discomap.eea.europa.eu/arcgis/services/UAMV/Urban_Heat_Island_modelling/MapServer/WMSServer?request=GetCapabilities&service=WMS,NULL,2026-06-22 09:51:35.527 +0300
3092,219933,eea_r_3035_100_m_uhi-modelling_p_2008-2017_v01_r00,NULL,OGC:WMS,https://climate.discomap.eea.europa.eu/arcgis/services/UAMV/Urban_Heat_Island_modelling/MapServer/WMSServer?request=GetCapabilities&service=WMS,NULL,2026-06-22 09:51:35.527 +0300
3102,224346,eea_r_3035_100_m_uhi-modelling_p_2008-2017_v01_r00,NULL,OGC:WMS,https://climate.discomap.eea.europa.eu/arcgis/services/UAMV/Urban_Heat_Island_modelling/MapServer/WMSServer?request=GetCapabilities&service=WMS,NULL,2026-06-22 09:51:35.527 +0300
3136,229872,eea_r_3035_100_m_uhi-modelling_p_2008-2017_v01_r00,NULL,OGC:WMS,https://climate.discomap.eea.europa.eu/arcgis/services/UAMV/Urban_Heat_Island_modelling/MapServer/WMSServer?request=GetCapabilities&service=WMS,NULL,2026-06-22 09:51:35.527 +0300
3152,233533,eea_r_3035_100_m_uhi-modelling_p_2008-2017_v01_r00,NULL,OGC:WMS,https://climate.discomap.eea.europa.eu/arcgis/services/UAMV/Urban_Heat_Island_modelling/MapServer/WMSServer?request=GetCapabilities&service=WMS,NULL,2026-06-22 09:51:35.527 +0300
3174,241320,eea_r_3035_100_m_uhi-modelling_p_2008-2017_v01_r00,NULL,OGC:WMS,https://climate.discomap.eea.europa.eu/arcgis/services/UAMV/Urban_Heat_Island_modelling/MapServer/WMSServer?request=GetCapabilities&service=WMS,NULL,2026-06-22 09:51:35.527 +0300
3273,260091,eea_r_3035_100_m_uhi-modelling_p_2008-2017_v01_r00,NULL,OGC:WMS,https://climate.discomap.eea.europa.eu/arcgis/services/UAMV/Urban_Heat_Island_modelling/MapServer/WMSServer?request=GetCapabilities&service=WMS,NULL,2026-06-22 09:51:35.527 +0300
3321,272198,eea_r_3035_100_m_uhi-modelling_p_2008-2017_v01_r00,NULL,OGC:WMS,https://climate.discomap.eea.europa.eu/arcgis/services/UAMV/Urban_Heat_Island_modelling/MapServer/WMSServer?request=GetCapabilities&service=WMS,NULL,2026-06-22 09:51:35.527 +0300
3325,272798,eea_r_3035_100_m_uhi-modelling_p_2008-2017_v01_r00,NULL,OGC:WMS,https://climate.discomap.eea.europa.eu/arcgis/services/UAMV/Urban_Heat_Island_modelling/MapServer/WMSServer?request=GetCapabilities&service=WMS,NULL,2026-06-22 09:51:35.527 +0300
3333,277023,eea_r_3035_100_m_uhi-modelling_p_2008-2017_v01_r00,NULL,OGC:WMS,https://climate.discomap.eea.europa.eu/arcgis/services/UAMV/Urban_Heat_Island_modelling/MapServer/WMSServer?request=GetCapabilities&service=WMS,NULL,2026-06-22 09:51:35.527 +0300
3337,278777,eea_r_3035_100_m_uhi-modelling_p_2008-2017_v01_r00,NULL,OGC:WMS,https://climate.discomap.eea.europa.eu/arcgis/services/UAMV/Urban_Heat_Island_modelling/MapServer/WMSServer?request=GetCapabilities&service=WMS,NULL,2026-06-22 09:51:35.527 +0300
3381,287919,eea_r_3035_100_m_uhi-modelling_p_2008-2017_v01_r00,NULL,OGC:WMS,https://climate.discomap.eea.europa.eu/arcgis/services/UAMV/Urban_Heat_Island_modelling/MapServer/WMSServer?request=GetCapabilities&service=WMS,NULL,2026-06-22 09:51:35.527 +0300
3386,288516,eea_r_3035_100_m_uhi-modelling_p_2008-2017_v01_r00,NULL,OGC:WMS,https://climate.discomap.eea.europa.eu/arcgis/services/UAMV/Urban_Heat_Island_modelling/MapServer/WMSServer?request=GetCapabilities&service=WMS,NULL,2026-06-22 09:51:35.527 +0300
3395,292718,eea_r_3035_100_m_uhi-modelling_p_2008-2017_v01_r00,NULL,OGC:WMS,https://climate.discomap.eea.europa.eu/arcgis/services/UAMV/Urban_Heat_Island_modelling/MapServer/WMSServer?request=GetCapabilities&service=WMS,NULL,2026-06-22 09:51:35.527 +0300
3404,295432,eea_r_3035_100_m_uhi-modelling_p_2008-2017_v01_r00,NULL,OGC:WMS,https://climate.discomap.eea.europa.eu/arcgis/services/UAMV/Urban_Heat_Island_modelling/MapServer/WMSServer?request=GetCapabilities&service=WMS,NULL,2026-06-22 09:51:35.527 +0300
3452,303775,eea_r_3035_100_m_uhi-modelling_p_2008-2017_v01_r00,NULL,OGC:WMS,https://climate.discomap.eea.europa.eu/arcgis/services/UAMV/Urban_Heat_Island_modelling/MapServer/WMSServer?request=GetCapabilities&service=WMS,NULL,2026-06-22 09:51:35.527 +0300
3457,304382,eea_r_3035_100_m_uhi-modelling_p_2008-2017_v01_r00,NULL,OGC:WMS,https://climate.discomap.eea.europa.eu/arcgis/services/UAMV/Urban_Heat_Island_modelling/MapServer/WMSServer?request=GetCapabilities&service=WMS,NULL,2026-06-22 09:51:35.527 +0300
3466,308584,eea_r_3035_100_m_uhi-modelling_p_2008-2017_v01_r00,NULL,OGC:WMS,https://climate.discomap.eea.europa.eu/arcgis/services/UAMV/Urban_Heat_Island_modelling/MapServer/WMSServer?request=GetCapabilities&service=WMS,NULL,2026-06-22 09:51:35.527 +0300
3475,311291,eea_r_3035_100_m_uhi-modelling_p_2008-2017_v01_r00,NULL,OGC:WMS,https://climate.discomap.eea.europa.eu/arcgis/services/UAMV/Urban_Heat_Island_modelling/MapServer/WMSServer?request=GetCapabilities&service=WMS,NULL,2026-06-22 09:51:35.527 +0300
3523,319481,eea_r_3035_100_m_uhi-modelling_p_2008-2017_v01_r00,NULL,OGC:WMS,https://climate.discomap.eea.europa.eu/arcgis/services/UAMV/Urban_Heat_Island_modelling/MapServer/WMSServer?request=GetCapabilities&service=WMS,NULL,2026-06-22 09:51:35.527 +0300
3545,326994,eea_r_3035_100_m_uhi-modelling_p_2008-2017_v01_r00,NULL,OGC:WMS,https://climate.discomap.eea.europa.eu/arcgis/services/UAMV/Urban_Heat_Island_modelling/MapServer/WMSServer?request=GetCapabilities&service=WMS,NULL,2026-06-22 09:51:35.527 +0300
3594,335261,eea_r_3035_100_m_uhi-modelling_p_2008-2017_v01_r00,NULL,OGC:WMS,https://climate.discomap.eea.europa.eu/arcgis/services/UAMV/Urban_Heat_Island_modelling/MapServer/WMSServer?request=GetCapabilities&service=WMS,NULL,2026-06-22 09:51:35.527 +0300
3599,335857,eea_r_3035_100_m_uhi-modelling_p_2008-2017_v01_r00,NULL,OGC:WMS,https://climate.discomap.eea.europa.eu/arcgis/services/UAMV/Urban_Heat_Island_modelling/MapServer/WMSServer?request=GetCapabilities&service=WMS,NULL,2026-06-22 09:51:35.527 +0300
3608,340110,eea_r_3035_100_m_uhi-modelling_p_2008-2017_v01_r00,NULL,OGC:WMS,https://climate.discomap.eea.europa.eu/arcgis/services/UAMV/Urban_Heat_Island_modelling/MapServer/WMSServer?request=GetCapabilities&service=WMS,NULL,2026-06-22 09:51:35.527 +0300
3617,342770,eea_r_3035_100_m_uhi-modelling_p_2008-2017_v01_r00,NULL,OGC:WMS,https://climate.discomap.eea.europa.eu/arcgis/services/UAMV/Urban_Heat_Island_modelling/MapServer/WMSServer?request=GetCapabilities&service=WMS,NULL,2026-06-22 09:51:35.527 +0300
3668,351554,eea_r_3035_100_m_uhi-modelling_p_2008-2017_v01_r00,NULL,OGC:WMS,https://climate.discomap.eea.europa.eu/arcgis/services/UAMV/Urban_Heat_Island_modelling/MapServer/WMSServer?request=GetCapabilities&service=WMS,NULL,2026-06-22 09:51:35.527 +0300
3673,352146,eea_r_3035_100_m_uhi-modelling_p_2008-2017_v01_r00,NULL,OGC:WMS,https://climate.discomap.eea.europa.eu/arcgis/services/UAMV/Urban_Heat_Island_modelling/MapServer/WMSServer?request=GetCapabilities&service=WMS,NULL,2026-06-22 09:51:35.527 +0300
3737,367654,eea_r_3035_100_m_uhi-modelling_p_2008-2017_v01_r00,NULL,OGC:WMS,https://climate.discomap.eea.europa.eu/arcgis/services/UAMV/Urban_Heat_Island_modelling/MapServer/WMSServer?request=GetCapabilities&service=WMS,NULL,2026-06-22 09:51:35.527 +0300
3741,368240,eea_r_3035_100_m_uhi-modelling_p_2008-2017_v01_r00,NULL,OGC:WMS,https://climate.discomap.eea.europa.eu/arcgis/services/UAMV/Urban_Heat_Island_modelling/MapServer/WMSServer?request=GetCapabilities&service=WMS,NULL,2026-06-22 09:51:35.527 +0300
3790,381085,eea_r_3035_100_m_uhi-modelling_p_2008-2017_v01_r00,NULL,OGC:WMS,https://climate.discomap.eea.europa.eu/arcgis/services/UAMV/Urban_Heat_Island_modelling/MapServer/WMSServer?request=GetCapabilities&service=WMS,NULL,2026-06-22 09:51:35.527 +0300
3794,381684,eea_r_3035_100_m_uhi-modelling_p_2008-2017_v01_r00,NULL,OGC:WMS,https://climate.discomap.eea.europa.eu/arcgis/services/UAMV/Urban_Heat_Island_modelling/MapServer/WMSServer?request=GetCapabilities&service=WMS,NULL,2026-06-22 09:51:35.527 +0300
3843,394102,eea_r_3035_100_m_uhi-modelling_p_2008-2017_v01_r00,NULL,OGC:WMS,https://climate.discomap.eea.europa.eu/arcgis/services/UAMV/Urban_Heat_Island_modelling/MapServer/WMSServer?request=GetCapabilities&service=WMS,NULL,2026-06-22 09:51:35.527 +0300
3849,394703,eea_r_3035_100_m_uhi-modelling_p_2008-2017_v01_r00,NULL,OGC:WMS,https://climate.discomap.eea.europa.eu/arcgis/services/UAMV/Urban_Heat_Island_modelling/MapServer/WMSServer?request=GetCapabilities&service=WMS,NULL,2026-06-22 09:51:35.527 +0300
3976,430690,eea_r_3035_100_m_uhi-modelling_p_2008-2017_v01_r00,NULL,OGC:WMS,https://climate.discomap.eea.europa.eu/arcgis/services/UAMV/Urban_Heat_Island_modelling/MapServer/WMSServer?request=GetCapabilities&service=WMS,NULL,2026-06-22 09:51:35.527 +0300
3980,431300,eea_r_3035_100_m_uhi-modelling_p_2008-2017_v01_r00,NULL,OGC:WMS,https://climate.discomap.eea.europa.eu/arcgis/services/UAMV/Urban_Heat_Island_modelling/MapServer/WMSServer?request=GetCapabilities&service=WMS,NULL,2026-06-22 09:51:35.527 +0300
4023,443008,eea_r_3035_100_m_uhi-modelling_p_2008-2017_v01_r00,NULL,OGC:WMS,https://climate.discomap.eea.europa.eu/arcgis/services/UAMV/Urban_Heat_Island_modelling/MapServer/WMSServer?request=GetCapabilities&service=WMS,NULL,2026-06-22 09:51:35.527 +0300
4027,443644,eea_r_3035_100_m_uhi-modelling_p_2008-2017_v01_r00,NULL,OGC:WMS,https://climate.discomap.eea.europa.eu/arcgis/services/UAMV/Urban_Heat_Island_modelling/MapServer/WMSServer?request=GetCapabilities&service=WMS,NULL,2026-06-22 09:51:35.527 +0300
4118,475551,eea_r_3035_100_m_uhi-modelling_p_2008-2017_v01_r00,NULL,OGC:WMS,https://climate.discomap.eea.europa.eu/arcgis/services/UAMV/Urban_Heat_Island_modelling/MapServer/WMSServer?request=GetCapabilities&service=WMS,NULL,2026-06-22 09:51:35.527 +0300
4122,476141,eea_r_3035_100_m_uhi-modelling_p_2008-2017_v01_r00,NULL,OGC:WMS,https://climate.discomap.eea.europa.eu/arcgis/services/UAMV/Urban_Heat_Island_modelling/MapServer/WMSServer?request=GetCapabilities&service=WMS,NULL,2026-06-22 09:51:35.527 +0300
4421,522361,eea_r_3035_100_m_uhi-modelling_p_2008-2017_v01_r00,NULL,OGC:WMS,https://climate.discomap.eea.europa.eu/arcgis/services/UAMV/Urban_Heat_Island_modelling/MapServer/WMSServer?request=GetCapabilities&service=WMS,NULL,2026-06-22 09:51:35.527 +0300
4432,522723,eea_r_3035_100_m_uhi-modelling_p_2008-2017_v01_r00,NULL,OGC:WMS,https://climate.discomap.eea.europa.eu/arcgis/services/UAMV/Urban_Heat_Island_modelling/MapServer/WMSServer?request=GetCapabilities&service=WMS,NULL,2026-06-22 09:51:35.527 +0300
737,6209,"eea_r_3035_5_km_smoisture-anomalies-gs-2019_p_2000-2019_v01_r00,DAT-247-en",NULL,OGC:WMS,https://land.discomap.eea.europa.eu/arcgis/services/Drought/Growing_Season_Mean_Soil_Moisture_2000_2019/MapServer/WMSServer?request=GetCapabilities&service=WMS,NULL,2026-06-22 09:51:35.527 +0300
1463,15510,"eea_r_3035_5_km_smoisture-anomalies-gs-2019_p_2000-2019_v01_r00,DAT-247-en",NULL,OGC:WMS,https://land.discomap.eea.europa.eu/arcgis/services/Drought/Growing_Season_Mean_Soil_Moisture_2000_2019/MapServer/WMSServer?request=GetCapabilities&service=WMS,NULL,2026-06-22 09:51:35.527 +0300
1555,26938,"eea_r_3035_5_km_smoisture-anomalies-gs-2019_p_2000-2019_v01_r00,DAT-247-en",NULL,OGC:WMS,https://land.discomap.eea.europa.eu/arcgis/services/Drought/Growing_Season_Mean_Soil_Moisture_2000_2019/MapServer/WMSServer?request=GetCapabilities&service=WMS,NULL,2026-06-22 09:51:35.527 +0300
736,6205,eea_r_3035_5_km_smoisture-anomalies-gs-2021_p_2000-2021_v01_r00,NULL,OGC:WMS,https://land.discomap.eea.europa.eu/arcgis/services/Drought/Growing_Season_Mean_Soil_Moisture_2000_2019/MapServer/WMSServer?request=GetCapabilities&service=WMS,NULL,2026-06-22 09:51:35.527 +0300
1462,15506,eea_r_3035_5_km_smoisture-anomalies-gs-2021_p_2000-2021_v01_r00,NULL,OGC:WMS,https://land.discomap.eea.europa.eu/arcgis/services/Drought/Growing_Season_Mean_Soil_Moisture_2000_2019/MapServer/WMSServer?request=GetCapabilities&service=WMS,NULL,2026-06-22 09:51:35.527 +0300
1554,26934,eea_r_3035_5_km_smoisture-anomalies-gs-2021_p_2000-2021_v01_r00,NULL,OGC:WMS,https://land.discomap.eea.europa.eu/arcgis/services/Drought/Growing_Season_Mean_Soil_Moisture_2000_2019/MapServer/WMSServer?request=GetCapabilities&service=WMS,NULL,2026-06-22 09:51:35.527 +0300
72,517,eea_v_3035_1_km_heavy-metals-agri-soil_p_2008-2019_v01_r00,NULL,OGC:WMS,https://land.discomap.eea.europa.eu/arcgis/services/Agriculture/concentrations_of_heavy_metals_in_EU_agricultural_soils/MapServer/WMSServer?request=GetCapabilities&service=WMS,NULL,2026-06-22 09:51:35.527 +0300
705,6086,eea_v_3035_1_km_heavy-metals-agri-soil_p_2008-2019_v01_r00,NULL,OGC:WMS,https://land.discomap.eea.europa.eu/arcgis/services/Agriculture/concentrations_of_heavy_metals_in_EU_agricultural_soils/MapServer/WMSServer?request=GetCapabilities&service=WMS,NULL,2026-06-22 09:51:35.527 +0300
1461,15391,eea_v_3035_1_km_heavy-metals-agri-soil_p_2008-2019_v01_r00,NULL,OGC:WMS,https://land.discomap.eea.europa.eu/arcgis/services/Agriculture/concentrations_of_heavy_metals_in_EU_agricultural_soils/MapServer/WMSServer?request=GetCapabilities&service=WMS,NULL,2026-06-22 09:51:35.527 +0300
739,6262,eea_v_3035_1_km_n-p-agri-soil_p_2008-2019_v01_r00,NULL,OGC:WMS,https://land.discomap.eea.europa.eu/arcgis/services/Agriculture/concentrations_of_nitrogen_phosphorus_in_EU_agricultural_soils/MapServer/WMSServer?request=GetCapabilities&service=WMS,NULL,2026-06-22 09:51:35.527 +0300
1469,15564,eea_v_3035_1_km_n-p-agri-soil_p_2008-2019_v01_r00,NULL,OGC:WMS,https://land.discomap.eea.europa.eu/arcgis/services/Agriculture/concentrations_of_nitrogen_phosphorus_in_EU_agricultural_soils/MapServer/WMSServer?request=GetCapabilities&service=WMS,NULL,2026-06-22 09:51:35.527 +0300
1558,26968,eea_v_3035_1_km_n-p-agri-soil_p_2008-2019_v01_r00,NULL,OGC:WMS,https://land.discomap.eea.europa.eu/arcgis/services/Agriculture/concentrations_of_nitrogen_phosphorus_in_EU_agricultural_soils/MapServer/WMSServer?request=GetCapabilities&service=WMS,NULL,2026-06-22 09:51:35.527 +0300
1924,47897,eea_v_3035_1_km_n-p-agri-soil_p_2008-2019_v01_r00,NULL,OGC:WMS,https://land.discomap.eea.europa.eu/arcgis/services/Agriculture/concentrations_of_nitrogen_phosphorus_in_EU_agricultural_soils/MapServer/WMSServer?request=GetCapabilities&service=WMS,NULL,2026-06-22 09:51:35.527 +0300
4310,518679,eea_v_3035_1_km_n-p-agri-soil_p_2008-2019_v01_r00,NULL,OGC:WMS,https://land.discomap.eea.europa.eu/arcgis/services/Agriculture/concentrations_of_nitrogen_phosphorus_in_EU_agricultural_soils/MapServer/WMSServer?request=GetCapabilities&service=WMS,NULL,2026-06-22 09:51:35.527 +0300
4328,519438,eea_v_3035_1_km_n-p-agri-soil_p_2008-2019_v01_r00,NULL,OGC:WMS,https://land.discomap.eea.europa.eu/arcgis/services/Agriculture/concentrations_of_nitrogen_phosphorus_in_EU_agricultural_soils/MapServer/WMSServer?request=GetCapabilities&service=WMS,NULL,2026-06-22 09:51:35.527 +0300
863,7149,eea_v_3035_100_m_eni-cha-2000-2018_p_2000-2019_v01_r00,NULL,OGC:WMS,https://image.discomap.eea.europa.eu/arcgis/services/ENI_CLC_Pilot/ENI_CHA_Pilot_2000_2018_WM/MapServer/WMSServer?request=GetCapabilities&service=WMS,NULL,2026-06-22 09:51:35.527 +0300
1371,36321,eea_v_3035_100_m_eni-cha-2000-2018_p_2000-2019_v01_r00,NULL,OGC:WMS,https://image.discomap.eea.europa.eu/arcgis/services/ENI_CLC_Pilot/ENI_CHA_Pilot_2000_2018_WM/MapServer/WMSServer?request=GetCapabilities&service=WMS,NULL,2026-06-22 09:51:35.527 +0300
1514,16448,eea_v_3035_100_m_eni-cha-2000-2018_p_2000-2019_v01_r00,NULL,OGC:WMS,https://image.discomap.eea.europa.eu/arcgis/services/ENI_CLC_Pilot/ENI_CHA_Pilot_2000_2018_WM/MapServer/WMSServer?request=GetCapabilities&service=WMS,NULL,2026-06-22 09:51:35.527 +0300
1596,27874,eea_v_3035_100_m_eni-cha-2000-2018_p_2000-2019_v01_r00,NULL,OGC:WMS,https://image.discomap.eea.europa.eu/arcgis/services/ENI_CLC_Pilot/ENI_CHA_Pilot_2000_2018_WM/MapServer/WMSServer?request=GetCapabilities&service=WMS,NULL,2026-06-22 09:51:35.527 +0300
2586,91064,eea_v_3035_100_m_eni-cha-2000-2018_p_2000-2019_v01_r00,NULL,OGC:WMS,https://image.discomap.eea.europa.eu/arcgis/services/ENI_CLC_Pilot/ENI_CHA_Pilot_2000_2018_WM/MapServer/WMSServer?request=GetCapabilities&service=WMS,NULL,2026-06-22 09:51:35.527 +0300
2601,97731,eea_v_3035_100_m_eni-cha-2000-2018_p_2000-2019_v01_r00,NULL,OGC:WMS,https://image.discomap.eea.europa.eu/arcgis/services/ENI_CLC_Pilot/ENI_CHA_Pilot_2000_2018_WM/MapServer/WMSServer?request=GetCapabilities&service=WMS,NULL,2026-06-22 09:51:35.527 +0300
2709,140880,eea_v_3035_100_m_eni-cha-2000-2018_p_2000-2019_v01_r00,NULL,OGC:WMS,https://image.discomap.eea.europa.eu/arcgis/services/ENI_CLC_Pilot/ENI_CHA_Pilot_2000_2018_WM/MapServer/WMSServer?request=GetCapabilities&service=WMS,NULL,2026-06-22 09:51:35.527 +0300
2723,142338,eea_v_3035_100_m_eni-cha-2000-2018_p_2000-2019_v01_r00,NULL,OGC:WMS,https://image.discomap.eea.europa.eu/arcgis/services/ENI_CLC_Pilot/ENI_CHA_Pilot_2000_2018_WM/MapServer/WMSServer?request=GetCapabilities&service=WMS,NULL,2026-06-22 09:51:35.527 +0300
2728,145645,eea_v_3035_100_m_eni-cha-2000-2018_p_2000-2019_v01_r00,NULL,OGC:WMS,https://image.discomap.eea.europa.eu/arcgis/services/ENI_CLC_Pilot/ENI_CHA_Pilot_2000_2018_WM/MapServer/WMSServer?request=GetCapabilities&service=WMS,NULL,2026-06-22 09:51:35.527 +0300
2737,147428,eea_v_3035_100_m_eni-cha-2000-2018_p_2000-2019_v01_r00,NULL,OGC:WMS,https://image.discomap.eea.europa.eu/arcgis/services/ENI_CLC_Pilot/ENI_CHA_Pilot_2000_2018_WM/MapServer/WMSServer?request=GetCapabilities&service=WMS,NULL,2026-06-22 09:51:35.527 +0300
2739,147582,eea_v_3035_100_m_eni-cha-2000-2018_p_2000-2019_v01_r00,NULL,OGC:WMS,https://image.discomap.eea.europa.eu/arcgis/services/ENI_CLC_Pilot/ENI_CHA_Pilot_2000_2018_WM/MapServer/WMSServer?request=GetCapabilities&service=WMS,NULL,2026-06-22 09:51:35.527 +0300
2751,150998,eea_v_3035_100_m_eni-cha-2000-2018_p_2000-2019_v01_r00,NULL,OGC:WMS,https://image.discomap.eea.europa.eu/arcgis/services/ENI_CLC_Pilot/ENI_CHA_Pilot_2000_2018_WM/MapServer/WMSServer?request=GetCapabilities&service=WMS,NULL,2026-06-22 09:51:35.527 +0300
2765,152406,eea_v_3035_100_m_eni-cha-2000-2018_p_2000-2019_v01_r00,NULL,OGC:WMS,https://image.discomap.eea.europa.eu/arcgis/services/ENI_CLC_Pilot/ENI_CHA_Pilot_2000_2018_WM/MapServer/WMSServer?request=GetCapabilities&service=WMS,NULL,2026-06-22 09:51:35.527 +0300
2775,156629,eea_v_3035_100_m_eni-cha-2000-2018_p_2000-2019_v01_r00,NULL,OGC:WMS,https://image.discomap.eea.europa.eu/arcgis/services/ENI_CLC_Pilot/ENI_CHA_Pilot_2000_2018_WM/MapServer/WMSServer?request=GetCapabilities&service=WMS,NULL,2026-06-22 09:51:35.527 +0300
2801,160767,eea_v_3035_100_m_eni-cha-2000-2018_p_2000-2019_v01_r00,NULL,OGC:WMS,https://image.discomap.eea.europa.eu/arcgis/services/ENI_CLC_Pilot/ENI_CHA_Pilot_2000_2018_WM/MapServer/WMSServer?request=GetCapabilities&service=WMS,NULL,2026-06-22 09:51:35.527 +0300
2805,160918,eea_v_3035_100_m_eni-cha-2000-2018_p_2000-2019_v01_r00,NULL,OGC:WMS,https://image.discomap.eea.europa.eu/arcgis/services/ENI_CLC_Pilot/ENI_CHA_Pilot_2000_2018_WM/MapServer/WMSServer?request=GetCapabilities&service=WMS,NULL,2026-06-22 09:51:35.527 +0300
2818,164575,eea_v_3035_100_m_eni-cha-2000-2018_p_2000-2019_v01_r00,NULL,OGC:WMS,https://image.discomap.eea.europa.eu/arcgis/services/ENI_CLC_Pilot/ENI_CHA_Pilot_2000_2018_WM/MapServer/WMSServer?request=GetCapabilities&service=WMS,NULL,2026-06-22 09:51:35.527 +0300
2832,166011,eea_v_3035_100_m_eni-cha-2000-2018_p_2000-2019_v01_r00,NULL,OGC:WMS,https://image.discomap.eea.europa.eu/arcgis/services/ENI_CLC_Pilot/ENI_CHA_Pilot_2000_2018_WM/MapServer/WMSServer?request=GetCapabilities&service=WMS,NULL,2026-06-22 09:51:35.527 +0300
2861,172196,eea_v_3035_100_m_eni-cha-2000-2018_p_2000-2019_v01_r00,NULL,OGC:WMS,https://image.discomap.eea.europa.eu/arcgis/services/ENI_CLC_Pilot/ENI_CHA_Pilot_2000_2018_WM/MapServer/WMSServer?request=GetCapabilities&service=WMS,NULL,2026-06-22 09:51:35.527 +0300
2874,173646,eea_v_3035_100_m_eni-cha-2000-2018_p_2000-2019_v01_r00,NULL,OGC:WMS,https://image.discomap.eea.europa.eu/arcgis/services/ENI_CLC_Pilot/ENI_CHA_Pilot_2000_2018_WM/MapServer/WMSServer?request=GetCapabilities&service=WMS,NULL,2026-06-22 09:51:35.527 +0300
2910,184813,eea_v_3035_100_m_eni-cha-2000-2018_p_2000-2019_v01_r00,NULL,OGC:WMS,https://image.discomap.eea.europa.eu/arcgis/services/ENI_CLC_Pilot/ENI_CHA_Pilot_2000_2018_WM/MapServer/WMSServer?request=GetCapabilities&service=WMS,NULL,2026-06-22 09:51:35.527 +0300
2924,186155,eea_v_3035_100_m_eni-cha-2000-2018_p_2000-2019_v01_r00,NULL,OGC:WMS,https://image.discomap.eea.europa.eu/arcgis/services/ENI_CLC_Pilot/ENI_CHA_Pilot_2000_2018_WM/MapServer/WMSServer?request=GetCapabilities&service=WMS,NULL,2026-06-22 09:51:35.527 +0300
2937,191508,eea_v_3035_100_m_eni-cha-2000-2018_p_2000-2019_v01_r00,NULL,OGC:WMS,https://image.discomap.eea.europa.eu/arcgis/services/ENI_CLC_Pilot/ENI_CHA_Pilot_2000_2018_WM/MapServer/WMSServer?request=GetCapabilities&service=WMS,NULL,2026-06-22 09:51:35.527 +0300
2959,195006,eea_v_3035_100_m_eni-cha-2000-2018_p_2000-2019_v01_r00,NULL,OGC:WMS,https://image.discomap.eea.europa.eu/arcgis/services/ENI_CLC_Pilot/ENI_CHA_Pilot_2000_2018_WM/MapServer/WMSServer?request=GetCapabilities&service=WMS,NULL,2026-06-22 09:51:35.527 +0300
2965,195151,eea_v_3035_100_m_eni-cha-2000-2018_p_2000-2019_v01_r00,NULL,OGC:WMS,https://image.discomap.eea.europa.eu/arcgis/services/ENI_CLC_Pilot/ENI_CHA_Pilot_2000_2018_WM/MapServer/WMSServer?request=GetCapabilities&service=WMS,NULL,2026-06-22 09:51:35.527 +0300
2987,199474,eea_v_3035_100_m_eni-cha-2000-2018_p_2000-2019_v01_r00,NULL,OGC:WMS,https://image.discomap.eea.europa.eu/arcgis/services/ENI_CLC_Pilot/ENI_CHA_Pilot_2000_2018_WM/MapServer/WMSServer?request=GetCapabilities&service=WMS,NULL,2026-06-22 09:51:35.527 +0300
3003,200890,eea_v_3035_100_m_eni-cha-2000-2018_p_2000-2019_v01_r00,NULL,OGC:WMS,https://image.discomap.eea.europa.eu/arcgis/services/ENI_CLC_Pilot/ENI_CHA_Pilot_2000_2018_WM/MapServer/WMSServer?request=GetCapabilities&service=WMS,NULL,2026-06-22 09:51:35.527 +0300
3013,206746,eea_v_3035_100_m_eni-cha-2000-2018_p_2000-2019_v01_r00,NULL,OGC:WMS,https://image.discomap.eea.europa.eu/arcgis/services/ENI_CLC_Pilot/ENI_CHA_Pilot_2000_2018_WM/MapServer/WMSServer?request=GetCapabilities&service=WMS,NULL,2026-06-22 09:51:35.527 +0300
3035,210355,eea_v_3035_100_m_eni-cha-2000-2018_p_2000-2019_v01_r00,NULL,OGC:WMS,https://image.discomap.eea.europa.eu/arcgis/services/ENI_CLC_Pilot/ENI_CHA_Pilot_2000_2018_WM/MapServer/WMSServer?request=GetCapabilities&service=WMS,NULL,2026-06-22 09:51:35.527 +0300
3041,210516,eea_v_3035_100_m_eni-cha-2000-2018_p_2000-2019_v01_r00,NULL,OGC:WMS,https://image.discomap.eea.europa.eu/arcgis/services/ENI_CLC_Pilot/ENI_CHA_Pilot_2000_2018_WM/MapServer/WMSServer?request=GetCapabilities&service=WMS,NULL,2026-06-22 09:51:35.527 +0300
3078,218601,eea_v_3035_100_m_eni-cha-2000-2018_p_2000-2019_v01_r00,NULL,OGC:WMS,https://image.discomap.eea.europa.eu/arcgis/services/ENI_CLC_Pilot/ENI_CHA_Pilot_2000_2018_WM/MapServer/WMSServer?request=GetCapabilities&service=WMS,NULL,2026-06-22 09:51:35.527 +0300
3093,219937,eea_v_3035_100_m_eni-cha-2000-2018_p_2000-2019_v01_r00,NULL,OGC:WMS,https://image.discomap.eea.europa.eu/arcgis/services/ENI_CLC_Pilot/ENI_CHA_Pilot_2000_2018_WM/MapServer/WMSServer?request=GetCapabilities&service=WMS,NULL,2026-06-22 09:51:35.527 +0300
3104,225753,eea_v_3035_100_m_eni-cha-2000-2018_p_2000-2019_v01_r00,NULL,OGC:WMS,https://image.discomap.eea.europa.eu/arcgis/services/ENI_CLC_Pilot/ENI_CHA_Pilot_2000_2018_WM/MapServer/WMSServer?request=GetCapabilities&service=WMS,NULL,2026-06-22 09:51:35.527 +0300
3126,229110,eea_v_3035_100_m_eni-cha-2000-2018_p_2000-2019_v01_r00,NULL,OGC:WMS,https://image.discomap.eea.europa.eu/arcgis/services/ENI_CLC_Pilot/ENI_CHA_Pilot_2000_2018_WM/MapServer/WMSServer?request=GetCapabilities&service=WMS,NULL,2026-06-22 09:51:35.527 +0300
3132,229253,eea_v_3035_100_m_eni-cha-2000-2018_p_2000-2019_v01_r00,NULL,OGC:WMS,https://image.discomap.eea.europa.eu/arcgis/services/ENI_CLC_Pilot/ENI_CHA_Pilot_2000_2018_WM/MapServer/WMSServer?request=GetCapabilities&service=WMS,NULL,2026-06-22 09:51:35.527 +0300
3143,232780,eea_v_3035_100_m_eni-cha-2000-2018_p_2000-2019_v01_r00,NULL,OGC:WMS,https://image.discomap.eea.europa.eu/arcgis/services/ENI_CLC_Pilot/ENI_CHA_Pilot_2000_2018_WM/MapServer/WMSServer?request=GetCapabilities&service=WMS,NULL,2026-06-22 09:51:35.527 +0300
3157,234137,eea_v_3035_100_m_eni-cha-2000-2018_p_2000-2019_v01_r00,NULL,OGC:WMS,https://image.discomap.eea.europa.eu/arcgis/services/ENI_CLC_Pilot/ENI_CHA_Pilot_2000_2018_WM/MapServer/WMSServer?request=GetCapabilities&service=WMS,NULL,2026-06-22 09:51:35.527 +0300
3167,239862,eea_v_3035_100_m_eni-cha-2000-2018_p_2000-2019_v01_r00,NULL,OGC:WMS,https://image.discomap.eea.europa.eu/arcgis/services/ENI_CLC_Pilot/ENI_CHA_Pilot_2000_2018_WM/MapServer/WMSServer?request=GetCapabilities&service=WMS,NULL,2026-06-22 09:51:35.527 +0300
3176,241352,eea_v_3035_100_m_eni-cha-2000-2018_p_2000-2019_v01_r00,NULL,OGC:WMS,https://image.discomap.eea.europa.eu/arcgis/services/ENI_CLC_Pilot/ENI_CHA_Pilot_2000_2018_WM/MapServer/WMSServer?request=GetCapabilities&service=WMS,NULL,2026-06-22 09:51:35.527 +0300
3251,254765,eea_v_3035_100_m_eni-cha-2000-2018_p_2000-2019_v01_r00,NULL,OGC:WMS,https://image.discomap.eea.europa.eu/arcgis/services/ENI_CLC_Pilot/ENI_CHA_Pilot_2000_2018_WM/MapServer/WMSServer?request=GetCapabilities&service=WMS,NULL,2026-06-22 09:51:35.527 +0300
3256,256190,eea_v_3035_100_m_eni-cha-2000-2018_p_2000-2019_v01_r00,NULL,OGC:WMS,https://image.discomap.eea.europa.eu/arcgis/services/ENI_CLC_Pilot/ENI_CHA_Pilot_2000_2018_WM/MapServer/WMSServer?request=GetCapabilities&service=WMS,NULL,2026-06-22 09:51:35.527 +0300
3263,258753,eea_v_3035_100_m_eni-cha-2000-2018_p_2000-2019_v01_r00,NULL,OGC:WMS,https://image.discomap.eea.europa.eu/arcgis/services/ENI_CLC_Pilot/ENI_CHA_Pilot_2000_2018_WM/MapServer/WMSServer?request=GetCapabilities&service=WMS,NULL,2026-06-22 09:51:35.527 +0300
3274,260095,eea_v_3035_100_m_eni-cha-2000-2018_p_2000-2019_v01_r00,NULL,OGC:WMS,https://image.discomap.eea.europa.eu/arcgis/services/ENI_CLC_Pilot/ENI_CHA_Pilot_2000_2018_WM/MapServer/WMSServer?request=GetCapabilities&service=WMS,NULL,2026-06-22 09:51:35.527 +0300
3310,270833,eea_v_3035_100_m_eni-cha-2000-2018_p_2000-2019_v01_r00,NULL,OGC:WMS,https://image.discomap.eea.europa.eu/arcgis/services/ENI_CLC_Pilot/ENI_CHA_Pilot_2000_2018_WM/MapServer/WMSServer?request=GetCapabilities&service=WMS,NULL,2026-06-22 09:51:35.527 +0300
3326,272802,eea_v_3035_100_m_eni-cha-2000-2018_p_2000-2019_v01_r00,NULL,OGC:WMS,https://image.discomap.eea.europa.eu/arcgis/services/ENI_CLC_Pilot/ENI_CHA_Pilot_2000_2018_WM/MapServer/WMSServer?request=GetCapabilities&service=WMS,NULL,2026-06-22 09:51:35.527 +0300
3335,278438,eea_v_3035_100_m_eni-cha-2000-2018_p_2000-2019_v01_r00,NULL,OGC:WMS,https://image.discomap.eea.europa.eu/arcgis/services/ENI_CLC_Pilot/ENI_CHA_Pilot_2000_2018_WM/MapServer/WMSServer?request=GetCapabilities&service=WMS,NULL,2026-06-22 09:51:35.527 +0300
3340,278810,eea_v_3035_100_m_eni-cha-2000-2018_p_2000-2019_v01_r00,NULL,OGC:WMS,https://image.discomap.eea.europa.eu/arcgis/services/ENI_CLC_Pilot/ENI_CHA_Pilot_2000_2018_WM/MapServer/WMSServer?request=GetCapabilities&service=WMS,NULL,2026-06-22 09:51:35.527 +0300
3374,287097,eea_v_3035_100_m_eni-cha-2000-2018_p_2000-2019_v01_r00,NULL,OGC:WMS,https://image.discomap.eea.europa.eu/arcgis/services/ENI_CLC_Pilot/ENI_CHA_Pilot_2000_2018_WM/MapServer/WMSServer?request=GetCapabilities&service=WMS,NULL,2026-06-22 09:51:35.527 +0300
3387,288520,eea_v_3035_100_m_eni-cha-2000-2018_p_2000-2019_v01_r00,NULL,OGC:WMS,https://image.discomap.eea.europa.eu/arcgis/services/ENI_CLC_Pilot/ENI_CHA_Pilot_2000_2018_WM/MapServer/WMSServer?request=GetCapabilities&service=WMS,NULL,2026-06-22 09:51:35.527 +0300
3397,294132,eea_v_3035_100_m_eni-cha-2000-2018_p_2000-2019_v01_r00,NULL,OGC:WMS,https://image.discomap.eea.europa.eu/arcgis/services/ENI_CLC_Pilot/ENI_CHA_Pilot_2000_2018_WM/MapServer/WMSServer?request=GetCapabilities&service=WMS,NULL,2026-06-22 09:51:35.527 +0300
3407,295466,eea_v_3035_100_m_eni-cha-2000-2018_p_2000-2019_v01_r00,NULL,OGC:WMS,https://image.discomap.eea.europa.eu/arcgis/services/ENI_CLC_Pilot/ENI_CHA_Pilot_2000_2018_WM/MapServer/WMSServer?request=GetCapabilities&service=WMS,NULL,2026-06-22 09:51:35.527 +0300
3445,302952,eea_v_3035_100_m_eni-cha-2000-2018_p_2000-2019_v01_r00,NULL,OGC:WMS,https://image.discomap.eea.europa.eu/arcgis/services/ENI_CLC_Pilot/ENI_CHA_Pilot_2000_2018_WM/MapServer/WMSServer?request=GetCapabilities&service=WMS,NULL,2026-06-22 09:51:35.527 +0300
3458,304386,eea_v_3035_100_m_eni-cha-2000-2018_p_2000-2019_v01_r00,NULL,OGC:WMS,https://image.discomap.eea.europa.eu/arcgis/services/ENI_CLC_Pilot/ENI_CHA_Pilot_2000_2018_WM/MapServer/WMSServer?request=GetCapabilities&service=WMS,NULL,2026-06-22 09:51:35.527 +0300
3468,310000,eea_v_3035_100_m_eni-cha-2000-2018_p_2000-2019_v01_r00,NULL,OGC:WMS,https://image.discomap.eea.europa.eu/arcgis/services/ENI_CLC_Pilot/ENI_CHA_Pilot_2000_2018_WM/MapServer/WMSServer?request=GetCapabilities&service=WMS,NULL,2026-06-22 09:51:35.527 +0300
3478,311324,eea_v_3035_100_m_eni-cha-2000-2018_p_2000-2019_v01_r00,NULL,OGC:WMS,https://image.discomap.eea.europa.eu/arcgis/services/ENI_CLC_Pilot/ENI_CHA_Pilot_2000_2018_WM/MapServer/WMSServer?request=GetCapabilities&service=WMS,NULL,2026-06-22 09:51:35.527 +0300
3514,318767,eea_v_3035_100_m_eni-cha-2000-2018_p_2000-2019_v01_r00,NULL,OGC:WMS,https://image.discomap.eea.europa.eu/arcgis/services/ENI_CLC_Pilot/ENI_CHA_Pilot_2000_2018_WM/MapServer/WMSServer?request=GetCapabilities&service=WMS,NULL,2026-06-22 09:51:35.527 +0300
3528,320081,eea_v_3035_100_m_eni-cha-2000-2018_p_2000-2019_v01_r00,NULL,OGC:WMS,https://image.discomap.eea.europa.eu/arcgis/services/ENI_CLC_Pilot/ENI_CHA_Pilot_2000_2018_WM/MapServer/WMSServer?request=GetCapabilities&service=WMS,NULL,2026-06-22 09:51:35.527 +0300
3538,325728,eea_v_3035_100_m_eni-cha-2000-2018_p_2000-2019_v01_r00,NULL,OGC:WMS,https://image.discomap.eea.europa.eu/arcgis/services/ENI_CLC_Pilot/ENI_CHA_Pilot_2000_2018_WM/MapServer/WMSServer?request=GetCapabilities&service=WMS,NULL,2026-06-22 09:51:35.527 +0300
3547,327024,eea_v_3035_100_m_eni-cha-2000-2018_p_2000-2019_v01_r00,NULL,OGC:WMS,https://image.discomap.eea.europa.eu/arcgis/services/ENI_CLC_Pilot/ENI_CHA_Pilot_2000_2018_WM/MapServer/WMSServer?request=GetCapabilities&service=WMS,NULL,2026-06-22 09:51:35.527 +0300
3585,334520,eea_v_3035_100_m_eni-cha-2000-2018_p_2000-2019_v01_r00,NULL,OGC:WMS,https://image.discomap.eea.europa.eu/arcgis/services/ENI_CLC_Pilot/ENI_CHA_Pilot_2000_2018_WM/MapServer/WMSServer?request=GetCapabilities&service=WMS,NULL,2026-06-22 09:51:35.527 +0300
3600,335861,eea_v_3035_100_m_eni-cha-2000-2018_p_2000-2019_v01_r00,NULL,OGC:WMS,https://image.discomap.eea.europa.eu/arcgis/services/ENI_CLC_Pilot/ENI_CHA_Pilot_2000_2018_WM/MapServer/WMSServer?request=GetCapabilities&service=WMS,NULL,2026-06-22 09:51:35.527 +0300
3610,341516,eea_v_3035_100_m_eni-cha-2000-2018_p_2000-2019_v01_r00,NULL,OGC:WMS,https://image.discomap.eea.europa.eu/arcgis/services/ENI_CLC_Pilot/ENI_CHA_Pilot_2000_2018_WM/MapServer/WMSServer?request=GetCapabilities&service=WMS,NULL,2026-06-22 09:51:35.527 +0300
3619,342800,eea_v_3035_100_m_eni-cha-2000-2018_p_2000-2019_v01_r00,NULL,OGC:WMS,https://image.discomap.eea.europa.eu/arcgis/services/ENI_CLC_Pilot/ENI_CHA_Pilot_2000_2018_WM/MapServer/WMSServer?request=GetCapabilities&service=WMS,NULL,2026-06-22 09:51:35.527 +0300
3659,350825,eea_v_3035_100_m_eni-cha-2000-2018_p_2000-2019_v01_r00,NULL,OGC:WMS,https://image.discomap.eea.europa.eu/arcgis/services/ENI_CLC_Pilot/ENI_CHA_Pilot_2000_2018_WM/MapServer/WMSServer?request=GetCapabilities&service=WMS,NULL,2026-06-22 09:51:35.527 +0300
3674,352150,eea_v_3035_100_m_eni-cha-2000-2018_p_2000-2019_v01_r00,NULL,OGC:WMS,https://image.discomap.eea.europa.eu/arcgis/services/ENI_CLC_Pilot/ENI_CHA_Pilot_2000_2018_WM/MapServer/WMSServer?request=GetCapabilities&service=WMS,NULL,2026-06-22 09:51:35.527 +0300
3728,366874,eea_v_3035_100_m_eni-cha-2000-2018_p_2000-2019_v01_r00,NULL,OGC:WMS,https://image.discomap.eea.europa.eu/arcgis/services/ENI_CLC_Pilot/ENI_CHA_Pilot_2000_2018_WM/MapServer/WMSServer?request=GetCapabilities&service=WMS,NULL,2026-06-22 09:51:35.527 +0300
3742,368244,eea_v_3035_100_m_eni-cha-2000-2018_p_2000-2019_v01_r00,NULL,OGC:WMS,https://image.discomap.eea.europa.eu/arcgis/services/ENI_CLC_Pilot/ENI_CHA_Pilot_2000_2018_WM/MapServer/WMSServer?request=GetCapabilities&service=WMS,NULL,2026-06-22 09:51:35.527 +0300
3781,380358,eea_v_3035_100_m_eni-cha-2000-2018_p_2000-2019_v01_r00,NULL,OGC:WMS,https://image.discomap.eea.europa.eu/arcgis/services/ENI_CLC_Pilot/ENI_CHA_Pilot_2000_2018_WM/MapServer/WMSServer?request=GetCapabilities&service=WMS,NULL,2026-06-22 09:51:35.527 +0300
3795,381688,eea_v_3035_100_m_eni-cha-2000-2018_p_2000-2019_v01_r00,NULL,OGC:WMS,https://image.discomap.eea.europa.eu/arcgis/services/ENI_CLC_Pilot/ENI_CHA_Pilot_2000_2018_WM/MapServer/WMSServer?request=GetCapabilities&service=WMS,NULL,2026-06-22 09:51:35.527 +0300
3834,393353,eea_v_3035_100_m_eni-cha-2000-2018_p_2000-2019_v01_r00,NULL,OGC:WMS,https://image.discomap.eea.europa.eu/arcgis/services/ENI_CLC_Pilot/ENI_CHA_Pilot_2000_2018_WM/MapServer/WMSServer?request=GetCapabilities&service=WMS,NULL,2026-06-22 09:51:35.527 +0300
3848,394694,eea_v_3035_100_m_eni-cha-2000-2018_p_2000-2019_v01_r00,NULL,OGC:WMS,https://image.discomap.eea.europa.eu/arcgis/services/ENI_CLC_Pilot/ENI_CHA_Pilot_2000_2018_WM/MapServer/WMSServer?request=GetCapabilities&service=WMS,NULL,2026-06-22 09:51:35.527 +0300
3887,405285,eea_v_3035_100_m_eni-cha-2000-2018_p_2000-2019_v01_r00,NULL,OGC:WMS,https://image.discomap.eea.europa.eu/arcgis/services/ENI_CLC_Pilot/ENI_CHA_Pilot_2000_2018_WM/MapServer/WMSServer?request=GetCapabilities&service=WMS,NULL,2026-06-22 09:51:35.527 +0300
3895,406436,eea_v_3035_100_m_eni-cha-2000-2018_p_2000-2019_v01_r00,NULL,OGC:WMS,https://image.discomap.eea.europa.eu/arcgis/services/ENI_CLC_Pilot/ENI_CHA_Pilot_2000_2018_WM/MapServer/WMSServer?request=GetCapabilities&service=WMS,NULL,2026-06-22 09:51:35.527 +0300
3956,426530,eea_v_3035_100_m_eni-cha-2000-2018_p_2000-2019_v01_r00,NULL,OGC:WMS,https://image.discomap.eea.europa.eu/arcgis/services/ENI_CLC_Pilot/ENI_CHA_Pilot_2000_2018_WM/MapServer/WMSServer?request=GetCapabilities&service=WMS,NULL,2026-06-22 09:51:35.527 +0300
3958,426970,eea_v_3035_100_m_eni-cha-2000-2018_p_2000-2019_v01_r00,NULL,OGC:WMS,https://image.discomap.eea.europa.eu/arcgis/services/ENI_CLC_Pilot/ENI_CHA_Pilot_2000_2018_WM/MapServer/WMSServer?request=GetCapabilities&service=WMS,NULL,2026-06-22 09:51:35.527 +0300
3959,427472,eea_v_3035_100_m_eni-cha-2000-2018_p_2000-2019_v01_r00,NULL,OGC:WMS,https://image.discomap.eea.europa.eu/arcgis/services/ENI_CLC_Pilot/ENI_CHA_Pilot_2000_2018_WM/MapServer/WMSServer?request=GetCapabilities&service=WMS,NULL,2026-06-22 09:51:35.527 +0300
3967,429889,eea_v_3035_100_m_eni-cha-2000-2018_p_2000-2019_v01_r00,NULL,OGC:WMS,https://image.discomap.eea.europa.eu/arcgis/services/ENI_CLC_Pilot/ENI_CHA_Pilot_2000_2018_WM/MapServer/WMSServer?request=GetCapabilities&service=WMS,NULL,2026-06-22 09:51:35.527 +0300
3981,431304,eea_v_3035_100_m_eni-cha-2000-2018_p_2000-2019_v01_r00,NULL,OGC:WMS,https://image.discomap.eea.europa.eu/arcgis/services/ENI_CLC_Pilot/ENI_CHA_Pilot_2000_2018_WM/MapServer/WMSServer?request=GetCapabilities&service=WMS,NULL,2026-06-22 09:51:35.527 +0300
4003,438922,eea_v_3035_100_m_eni-cha-2000-2018_p_2000-2019_v01_r00,NULL,OGC:WMS,https://image.discomap.eea.europa.eu/arcgis/services/ENI_CLC_Pilot/ENI_CHA_Pilot_2000_2018_WM/MapServer/WMSServer?request=GetCapabilities&service=WMS,NULL,2026-06-22 09:51:35.527 +0300
4006,439356,eea_v_3035_100_m_eni-cha-2000-2018_p_2000-2019_v01_r00,NULL,OGC:WMS,https://image.discomap.eea.europa.eu/arcgis/services/ENI_CLC_Pilot/ENI_CHA_Pilot_2000_2018_WM/MapServer/WMSServer?request=GetCapabilities&service=WMS,NULL,2026-06-22 09:51:35.527 +0300
4007,439848,eea_v_3035_100_m_eni-cha-2000-2018_p_2000-2019_v01_r00,NULL,OGC:WMS,https://image.discomap.eea.europa.eu/arcgis/services/ENI_CLC_Pilot/ENI_CHA_Pilot_2000_2018_WM/MapServer/WMSServer?request=GetCapabilities&service=WMS,NULL,2026-06-22 09:51:35.527 +0300
4014,442263,eea_v_3035_100_m_eni-cha-2000-2018_p_2000-2019_v01_r00,NULL,OGC:WMS,https://image.discomap.eea.europa.eu/arcgis/services/ENI_CLC_Pilot/ENI_CHA_Pilot_2000_2018_WM/MapServer/WMSServer?request=GetCapabilities&service=WMS,NULL,2026-06-22 09:51:35.527 +0300
4028,443648,eea_v_3035_100_m_eni-cha-2000-2018_p_2000-2019_v01_r00,NULL,OGC:WMS,https://image.discomap.eea.europa.eu/arcgis/services/ENI_CLC_Pilot/ENI_CHA_Pilot_2000_2018_WM/MapServer/WMSServer?request=GetCapabilities&service=WMS,NULL,2026-06-22 09:51:35.527 +0300
4100,471441,eea_v_3035_100_m_eni-cha-2000-2018_p_2000-2019_v01_r00,NULL,OGC:WMS,https://image.discomap.eea.europa.eu/arcgis/services/ENI_CLC_Pilot/ENI_CHA_Pilot_2000_2018_WM/MapServer/WMSServer?request=GetCapabilities&service=WMS,NULL,2026-06-22 09:51:35.527 +0300
4103,471877,eea_v_3035_100_m_eni-cha-2000-2018_p_2000-2019_v01_r00,NULL,OGC:WMS,https://image.discomap.eea.europa.eu/arcgis/services/ENI_CLC_Pilot/ENI_CHA_Pilot_2000_2018_WM/MapServer/WMSServer?request=GetCapabilities&service=WMS,NULL,2026-06-22 09:51:35.527 +0300
4109,474713,eea_v_3035_100_m_eni-cha-2000-2018_p_2000-2019_v01_r00,NULL,OGC:WMS,https://image.discomap.eea.europa.eu/arcgis/services/ENI_CLC_Pilot/ENI_CHA_Pilot_2000_2018_WM/MapServer/WMSServer?request=GetCapabilities&service=WMS,NULL,2026-06-22 09:51:35.527 +0300
4123,476145,eea_v_3035_100_m_eni-cha-2000-2018_p_2000-2019_v01_r00,NULL,OGC:WMS,https://image.discomap.eea.europa.eu/arcgis/services/ENI_CLC_Pilot/ENI_CHA_Pilot_2000_2018_WM/MapServer/WMSServer?request=GetCapabilities&service=WMS,NULL,2026-06-22 09:51:35.527 +0300
4294,517630,eea_v_3035_100_m_eni-cha-2000-2018_p_2000-2019_v01_r00,NULL,OGC:WMS,https://image.discomap.eea.europa.eu/arcgis/services/ENI_CLC_Pilot/ENI_CHA_Pilot_2000_2018_WM/MapServer/WMSServer?request=GetCapabilities&service=WMS,NULL,2026-06-22 09:51:35.527 +0300
4302,517865,eea_v_3035_100_m_eni-cha-2000-2018_p_2000-2019_v01_r00,NULL,OGC:WMS,https://image.discomap.eea.europa.eu/arcgis/services/ENI_CLC_Pilot/ENI_CHA_Pilot_2000_2018_WM/MapServer/WMSServer?request=GetCapabilities&service=WMS,NULL,2026-06-22 09:51:35.527 +0300
4399,521436,eea_v_3035_100_m_eni-cha-2000-2018_p_2000-2019_v01_r00,NULL,OGC:WMS,https://image.discomap.eea.europa.eu/arcgis/services/ENI_CLC_Pilot/ENI_CHA_Pilot_2000_2018_WM/MapServer/WMSServer?request=GetCapabilities&service=WMS,NULL,2026-06-22 09:51:35.527 +0300
4433,522730,eea_v_3035_100_m_eni-cha-2000-2018_p_2000-2019_v01_r00,NULL,OGC:WMS,https://image.discomap.eea.europa.eu/arcgis/services/ENI_CLC_Pilot/ENI_CHA_Pilot_2000_2018_WM/MapServer/WMSServer?request=GetCapabilities&service=WMS,NULL,2026-06-22 09:51:35.527 +0300
801,6632,"eea_v_3035_25_k_european-mountain_p_2008_v1_r00,DAT-215-en",NULL,OGC:WMS,https://land.discomap.eea.europa.eu/arcgis/services/Land/EuropeanMountainAreas/MapServer/WMSServer?request=GetCapabilities&service=WMS,European mountain areas,2026-06-22 09:51:35.527 +0300
1475,15913,"eea_v_3035_25_k_european-mountain_p_2008_v1_r00,DAT-215-en",NULL,OGC:WMS,https://land.discomap.eea.europa.eu/arcgis/services/Land/EuropeanMountainAreas/MapServer/WMSServer?request=GetCapabilities&service=WMS,European mountain areas,2026-06-22 09:51:35.527 +0300
1566,27374,"eea_v_3035_25_k_european-mountain_p_2008_v1_r00,DAT-215-en",NULL,OGC:WMS,https://land.discomap.eea.europa.eu/arcgis/services/Land/EuropeanMountainAreas/MapServer/WMSServer?request=GetCapabilities&service=WMS,European mountain areas,2026-06-22 09:51:35.527 +0300
740,6265,eea_v_4258_100_k_impervious-area-city_p_2015_v01_r00,NULL,OGC:WMS,https://climate.discomap.eea.europa.eu/arcgis/services/UAMV/Impervious_Areas_Core_City/MapServer/WMSServer?request=GetCapabilities&service=WMS,NULL,2026-06-22 09:51:35.527 +0300
910,36096,eea_v_4258_100_k_impervious-area-city_p_2015_v01_r00,NULL,OGC:WMS,https://climate.discomap.eea.europa.eu/arcgis/services/UAMV/Impervious_Areas_Core_City/MapServer/WMSServer?request=GetCapabilities&service=WMS,NULL,2026-06-22 09:51:35.527 +0300
1470,15567,eea_v_4258_100_k_impervious-area-city_p_2015_v01_r00,NULL,OGC:WMS,https://climate.discomap.eea.europa.eu/arcgis/services/UAMV/Impervious_Areas_Core_City/MapServer/WMSServer?request=GetCapabilities&service=WMS,NULL,2026-06-22 09:51:35.527 +0300
1559,26971,eea_v_4258_100_k_impervious-area-city_p_2015_v01_r00,NULL,OGC:WMS,https://climate.discomap.eea.europa.eu/arcgis/services/UAMV/Impervious_Areas_Core_City/MapServer/WMSServer?request=GetCapabilities&service=WMS,NULL,2026-06-22 09:51:35.527 +0300
1925,47900,eea_v_4258_100_k_impervious-area-city_p_2015_v01_r00,NULL,OGC:WMS,https://climate.discomap.eea.europa.eu/arcgis/services/UAMV/Impervious_Areas_Core_City/MapServer/WMSServer?request=GetCapabilities&service=WMS,NULL,2026-06-22 09:51:35.527 +0300
4311,518682,eea_v_4258_100_k_impervious-area-city_p_2015_v01_r00,NULL,OGC:WMS,https://climate.discomap.eea.europa.eu/arcgis/services/UAMV/Impervious_Areas_Core_City/MapServer/WMSServer?request=GetCapabilities&service=WMS,NULL,2026-06-22 09:51:35.527 +0300
4397,521392,eea_v_4258_100_k_impervious-area-city_p_2015_v01_r00,NULL,OGC:WMS,https://climate.discomap.eea.europa.eu/arcgis/services/UAMV/Impervious_Areas_Core_City/MapServer/WMSServer?request=GetCapabilities&service=WMS,NULL,2026-06-22 09:51:35.527 +0300
738,6255,eea_v_4258_100_k_impervious-area-umz_p_2015_v01_r00,NULL,OGC:WMS,https://climate.discomap.eea.europa.eu/arcgis/services/UAMV/Percentage_Impervious_Area_UMZ_2012/MapServer/WMSServer?request=GetCapabilities&service=WMS,NULL,2026-06-22 09:51:35.527 +0300
848,36088,eea_v_4258_100_k_impervious-area-umz_p_2015_v01_r00,NULL,OGC:WMS,https://climate.discomap.eea.europa.eu/arcgis/services/UAMV/Percentage_Impervious_Area_UMZ_2012/MapServer/WMSServer?request=GetCapabilities&service=WMS,NULL,2026-06-22 09:51:35.527 +0300
1468,15557,eea_v_4258_100_k_impervious-area-umz_p_2015_v01_r00,NULL,OGC:WMS,https://climate.discomap.eea.europa.eu/arcgis/services/UAMV/Percentage_Impervious_Area_UMZ_2012/MapServer/WMSServer?request=GetCapabilities&service=WMS,NULL,2026-06-22 09:51:35.527 +0300
1553,26961,eea_v_4258_100_k_impervious-area-umz_p_2015_v01_r00,NULL,OGC:WMS,https://climate.discomap.eea.europa.eu/arcgis/services/UAMV/Percentage_Impervious_Area_UMZ_2012/MapServer/WMSServer?request=GetCapabilities&service=WMS,NULL,2026-06-22 09:51:35.527 +0300
1923,47891,eea_v_4258_100_k_impervious-area-umz_p_2015_v01_r00,NULL,OGC:WMS,https://climate.discomap.eea.europa.eu/arcgis/services/UAMV/Percentage_Impervious_Area_UMZ_2012/MapServer/WMSServer?request=GetCapabilities&service=WMS,NULL,2026-06-22 09:51:35.527 +0300
4312,518702,eea_v_4258_100_k_impervious-area-umz_p_2015_v01_r00,NULL,OGC:WMS,https://climate.discomap.eea.europa.eu/arcgis/services/UAMV/Percentage_Impervious_Area_UMZ_2012/MapServer/WMSServer?request=GetCapabilities&service=WMS,NULL,2026-06-22 09:51:35.527 +0300
4362,520316,eea_v_4258_100_k_impervious-area-umz_p_2015_v01_r00,NULL,OGC:WMS,https://climate.discomap.eea.europa.eu/arcgis/services/UAMV/Percentage_Impervious_Area_UMZ_2012/MapServer/WMSServer?request=GetCapabilities&service=WMS,NULL,2026-06-22 09:51:35.527 +0300
4379,520775,eea_v_4258_100_k_impervious-area-umz_p_2015_v01_r00,NULL,OGC:WMS,https://climate.discomap.eea.europa.eu/arcgis/services/UAMV/Percentage_Impervious_Area_UMZ_2012/MapServer/WMSServer?request=GetCapabilities&service=WMS,NULL,2026-06-22 09:51:35.527 +0300
4396,521386,eea_v_4258_100_k_impervious-area-umz_p_2015_v01_r00,NULL,OGC:WMS,https://climate.discomap.eea.europa.eu/arcgis/services/UAMV/Percentage_Impervious_Area_UMZ_2012/MapServer/WMSServer?request=GetCapabilities&service=WMS,NULL,2026-06-22 09:51:35.527 +0300
508,7030,eea_v_4326_100_k_uhi-intensity_p_2008-2017_v01_r00,NULL,OGC:WMS,https://climate.discomap.eea.europa.eu/arcgis/services/UAMV/Urban_Heat_Island_Intensity/MapServer/WMSServer?request=GetCapabilities&service=WMS,NULL,2026-06-22 09:51:35.527 +0300
1367,36271,eea_v_4326_100_k_uhi-intensity_p_2008-2017_v01_r00,NULL,OGC:WMS,https://climate.discomap.eea.europa.eu/arcgis/services/UAMV/Urban_Heat_Island_Intensity/MapServer/WMSServer?request=GetCapabilities&service=WMS,NULL,2026-06-22 09:51:35.527 +0300
1503,16331,eea_v_4326_100_k_uhi-intensity_p_2008-2017_v01_r00,NULL,OGC:WMS,https://climate.discomap.eea.europa.eu/arcgis/services/UAMV/Urban_Heat_Island_Intensity/MapServer/WMSServer?request=GetCapabilities&service=WMS,NULL,2026-06-22 09:51:35.527 +0300
1584,27745,eea_v_4326_100_k_uhi-intensity_p_2008-2017_v01_r00,NULL,OGC:WMS,https://climate.discomap.eea.europa.eu/arcgis/services/UAMV/Urban_Heat_Island_Intensity/MapServer/WMSServer?request=GetCapabilities&service=WMS,NULL,2026-06-22 09:51:35.527 +0300
2189,56459,eea_v_4326_100_k_uhi-intensity_p_2008-2017_v01_r00,NULL,OGC:WMS,https://climate.discomap.eea.europa.eu/arcgis/services/UAMV/Urban_Heat_Island_Intensity/MapServer/WMSServer?request=GetCapabilities&service=WMS,NULL,2026-06-22 09:51:35.527 +0300
2554,75963,eea_v_4326_100_k_uhi-intensity_p_2008-2017_v01_r00,NULL,OGC:WMS,https://climate.discomap.eea.europa.eu/arcgis/services/UAMV/Urban_Heat_Island_Intensity/MapServer/WMSServer?request=GetCapabilities&service=WMS,NULL,2026-06-22 09:51:35.527 +0300
2599,97721,eea_v_4326_100_k_uhi-intensity_p_2008-2017_v01_r00,NULL,OGC:WMS,https://climate.discomap.eea.europa.eu/arcgis/services/UAMV/Urban_Heat_Island_Intensity/MapServer/WMSServer?request=GetCapabilities&service=WMS,NULL,2026-06-22 09:51:35.527 +0300
2609,110162,eea_v_4326_100_k_uhi-intensity_p_2008-2017_v01_r00,NULL,OGC:WMS,https://climate.discomap.eea.europa.eu/arcgis/services/UAMV/Urban_Heat_Island_Intensity/MapServer/WMSServer?request=GetCapabilities&service=WMS,NULL,2026-06-22 09:51:35.527 +0300
2610,110167,eea_v_4326_100_k_uhi-intensity_p_2008-2017_v01_r00,NULL,OGC:WMS,https://climate.discomap.eea.europa.eu/arcgis/services/UAMV/Urban_Heat_Island_Intensity/MapServer/WMSServer?request=GetCapabilities&service=WMS,NULL,2026-06-22 09:51:35.527 +0300
2639,122982,eea_v_4326_100_k_uhi-intensity_p_2008-2017_v01_r00,NULL,OGC:WMS,https://climate.discomap.eea.europa.eu/arcgis/services/UAMV/Urban_Heat_Island_Intensity/MapServer/WMSServer?request=GetCapabilities&service=WMS,NULL,2026-06-22 09:51:35.527 +0300
2641,123661,eea_v_4326_100_k_uhi-intensity_p_2008-2017_v01_r00,NULL,OGC:WMS,https://climate.discomap.eea.europa.eu/arcgis/services/UAMV/Urban_Heat_Island_Intensity/MapServer/WMSServer?request=GetCapabilities&service=WMS,NULL,2026-06-22 09:51:35.527 +0300
2696,137150,eea_v_4326_100_k_uhi-intensity_p_2008-2017_v01_r00,NULL,OGC:WMS,https://climate.discomap.eea.europa.eu/arcgis/services/UAMV/Urban_Heat_Island_Intensity/MapServer/WMSServer?request=GetCapabilities&service=WMS,NULL,2026-06-22 09:51:35.527 +0300
2699,137753,eea_v_4326_100_k_uhi-intensity_p_2008-2017_v01_r00,NULL,OGC:WMS,https://climate.discomap.eea.europa.eu/arcgis/services/UAMV/Urban_Heat_Island_Intensity/MapServer/WMSServer?request=GetCapabilities&service=WMS,NULL,2026-06-22 09:51:35.527 +0300
2701,138133,eea_v_4326_100_k_uhi-intensity_p_2008-2017_v01_r00,NULL,OGC:WMS,https://climate.discomap.eea.europa.eu/arcgis/services/UAMV/Urban_Heat_Island_Intensity/MapServer/WMSServer?request=GetCapabilities&service=WMS,NULL,2026-06-22 09:51:35.527 +0300
2721,142328,eea_v_4326_100_k_uhi-intensity_p_2008-2017_v01_r00,NULL,OGC:WMS,https://climate.discomap.eea.europa.eu/arcgis/services/UAMV/Urban_Heat_Island_Intensity/MapServer/WMSServer?request=GetCapabilities&service=WMS,NULL,2026-06-22 09:51:35.527 +0300
2743,148184,eea_v_4326_100_k_uhi-intensity_p_2008-2017_v01_r00,NULL,OGC:WMS,https://climate.discomap.eea.europa.eu/arcgis/services/UAMV/Urban_Heat_Island_Intensity/MapServer/WMSServer?request=GetCapabilities&service=WMS,NULL,2026-06-22 09:51:35.527 +0300
2744,148563,eea_v_4326_100_k_uhi-intensity_p_2008-2017_v01_r00,NULL,OGC:WMS,https://climate.discomap.eea.europa.eu/arcgis/services/UAMV/Urban_Heat_Island_Intensity/MapServer/WMSServer?request=GetCapabilities&service=WMS,NULL,2026-06-22 09:51:35.527 +0300
2763,152396,eea_v_4326_100_k_uhi-intensity_p_2008-2017_v01_r00,NULL,OGC:WMS,https://climate.discomap.eea.europa.eu/arcgis/services/UAMV/Urban_Heat_Island_Intensity/MapServer/WMSServer?request=GetCapabilities&service=WMS,NULL,2026-06-22 09:51:35.527 +0300
2770,154188,eea_v_4326_100_k_uhi-intensity_p_2008-2017_v01_r00,NULL,OGC:WMS,https://climate.discomap.eea.europa.eu/arcgis/services/UAMV/Urban_Heat_Island_Intensity/MapServer/WMSServer?request=GetCapabilities&service=WMS,NULL,2026-06-22 09:51:35.527 +0300
2771,154193,eea_v_4326_100_k_uhi-intensity_p_2008-2017_v01_r00,NULL,OGC:WMS,https://climate.discomap.eea.europa.eu/arcgis/services/UAMV/Urban_Heat_Island_Intensity/MapServer/WMSServer?request=GetCapabilities&service=WMS,NULL,2026-06-22 09:51:35.527 +0300
2804,160911,eea_v_4326_100_k_uhi-intensity_p_2008-2017_v01_r00,NULL,OGC:WMS,https://climate.discomap.eea.europa.eu/arcgis/services/UAMV/Urban_Heat_Island_Intensity/MapServer/WMSServer?request=GetCapabilities&service=WMS,NULL,2026-06-22 09:51:35.527 +0300
2808,161533,eea_v_4326_100_k_uhi-intensity_p_2008-2017_v01_r00,NULL,OGC:WMS,https://climate.discomap.eea.europa.eu/arcgis/services/UAMV/Urban_Heat_Island_Intensity/MapServer/WMSServer?request=GetCapabilities&service=WMS,NULL,2026-06-22 09:51:35.527 +0300
2810,161905,eea_v_4326_100_k_uhi-intensity_p_2008-2017_v01_r00,NULL,OGC:WMS,https://climate.discomap.eea.europa.eu/arcgis/services/UAMV/Urban_Heat_Island_Intensity/MapServer/WMSServer?request=GetCapabilities&service=WMS,NULL,2026-06-22 09:51:35.527 +0300
2830,166001,eea_v_4326_100_k_uhi-intensity_p_2008-2017_v01_r00,NULL,OGC:WMS,https://climate.discomap.eea.europa.eu/arcgis/services/UAMV/Urban_Heat_Island_Intensity/MapServer/WMSServer?request=GetCapabilities&service=WMS,NULL,2026-06-22 09:51:35.527 +0300
2854,169213,eea_v_4326_100_k_uhi-intensity_p_2008-2017_v01_r00,NULL,OGC:WMS,https://climate.discomap.eea.europa.eu/arcgis/services/UAMV/Urban_Heat_Island_Intensity/MapServer/WMSServer?request=GetCapabilities&service=WMS,NULL,2026-06-22 09:51:35.527 +0300
2872,173636,eea_v_4326_100_k_uhi-intensity_p_2008-2017_v01_r00,NULL,OGC:WMS,https://climate.discomap.eea.europa.eu/arcgis/services/UAMV/Urban_Heat_Island_Intensity/MapServer/WMSServer?request=GetCapabilities&service=WMS,NULL,2026-06-22 09:51:35.527 +0300
2879,176989,eea_v_4326_100_k_uhi-intensity_p_2008-2017_v01_r00,NULL,OGC:WMS,https://climate.discomap.eea.europa.eu/arcgis/services/UAMV/Urban_Heat_Island_Intensity/MapServer/WMSServer?request=GetCapabilities&service=WMS,NULL,2026-06-22 09:51:35.527 +0300
2880,176994,eea_v_4326_100_k_uhi-intensity_p_2008-2017_v01_r00,NULL,OGC:WMS,https://climate.discomap.eea.europa.eu/arcgis/services/UAMV/Urban_Heat_Island_Intensity/MapServer/WMSServer?request=GetCapabilities&service=WMS,NULL,2026-06-22 09:51:35.527 +0300
2899,181220,eea_v_4326_100_k_uhi-intensity_p_2008-2017_v01_r00,NULL,OGC:WMS,https://climate.discomap.eea.europa.eu/arcgis/services/UAMV/Urban_Heat_Island_Intensity/MapServer/WMSServer?request=GetCapabilities&service=WMS,NULL,2026-06-22 09:51:35.527 +0300
2902,181834,eea_v_4326_100_k_uhi-intensity_p_2008-2017_v01_r00,NULL,OGC:WMS,https://climate.discomap.eea.europa.eu/arcgis/services/UAMV/Urban_Heat_Island_Intensity/MapServer/WMSServer?request=GetCapabilities&service=WMS,NULL,2026-06-22 09:51:35.527 +0300
2923,186150,eea_v_4326_100_k_uhi-intensity_p_2008-2017_v01_r00,NULL,OGC:WMS,https://climate.discomap.eea.europa.eu/arcgis/services/UAMV/Urban_Heat_Island_Intensity/MapServer/WMSServer?request=GetCapabilities&service=WMS,NULL,2026-06-22 09:51:35.527 +0300
2930,189037,eea_v_4326_100_k_uhi-intensity_p_2008-2017_v01_r00,NULL,OGC:WMS,https://climate.discomap.eea.europa.eu/arcgis/services/UAMV/Urban_Heat_Island_Intensity/MapServer/WMSServer?request=GetCapabilities&service=WMS,NULL,2026-06-22 09:51:35.527 +0300
2931,189042,eea_v_4326_100_k_uhi-intensity_p_2008-2017_v01_r00,NULL,OGC:WMS,https://climate.discomap.eea.europa.eu/arcgis/services/UAMV/Urban_Heat_Island_Intensity/MapServer/WMSServer?request=GetCapabilities&service=WMS,NULL,2026-06-22 09:51:35.527 +0300
2964,195146,eea_v_4326_100_k_uhi-intensity_p_2008-2017_v01_r00,NULL,OGC:WMS,https://climate.discomap.eea.europa.eu/arcgis/services/UAMV/Urban_Heat_Island_Intensity/MapServer/WMSServer?request=GetCapabilities&service=WMS,NULL,2026-06-22 09:51:35.527 +0300
2975,196475,eea_v_4326_100_k_uhi-intensity_p_2008-2017_v01_r00,NULL,OGC:WMS,https://climate.discomap.eea.europa.eu/arcgis/services/UAMV/Urban_Heat_Island_Intensity/MapServer/WMSServer?request=GetCapabilities&service=WMS,NULL,2026-06-22 09:51:35.527 +0300
3001,200880,eea_v_4326_100_k_uhi-intensity_p_2008-2017_v01_r00,NULL,OGC:WMS,https://climate.discomap.eea.europa.eu/arcgis/services/UAMV/Urban_Heat_Island_Intensity/MapServer/WMSServer?request=GetCapabilities&service=WMS,NULL,2026-06-22 09:51:35.527 +0300
3008,204285,eea_v_4326_100_k_uhi-intensity_p_2008-2017_v01_r00,NULL,OGC:WMS,https://climate.discomap.eea.europa.eu/arcgis/services/UAMV/Urban_Heat_Island_Intensity/MapServer/WMSServer?request=GetCapabilities&service=WMS,NULL,2026-06-22 09:51:35.527 +0300
3009,204290,eea_v_4326_100_k_uhi-intensity_p_2008-2017_v01_r00,NULL,OGC:WMS,https://climate.discomap.eea.europa.eu/arcgis/services/UAMV/Urban_Heat_Island_Intensity/MapServer/WMSServer?request=GetCapabilities&service=WMS,NULL,2026-06-22 09:51:35.527 +0300
3040,210511,eea_v_4326_100_k_uhi-intensity_p_2008-2017_v01_r00,NULL,OGC:WMS,https://climate.discomap.eea.europa.eu/arcgis/services/UAMV/Urban_Heat_Island_Intensity/MapServer/WMSServer?request=GetCapabilities&service=WMS,NULL,2026-06-22 09:51:35.527 +0300
3044,211134,eea_v_4326_100_k_uhi-intensity_p_2008-2017_v01_r00,NULL,OGC:WMS,https://climate.discomap.eea.europa.eu/arcgis/services/UAMV/Urban_Heat_Island_Intensity/MapServer/WMSServer?request=GetCapabilities&service=WMS,NULL,2026-06-22 09:51:35.527 +0300
3046,211505,eea_v_4326_100_k_uhi-intensity_p_2008-2017_v01_r00,NULL,OGC:WMS,https://climate.discomap.eea.europa.eu/arcgis/services/UAMV/Urban_Heat_Island_Intensity/MapServer/WMSServer?request=GetCapabilities&service=WMS,NULL,2026-06-22 09:51:35.527 +0300
3068,215068,eea_v_4326_100_k_uhi-intensity_p_2008-2017_v01_r00,NULL,OGC:WMS,https://climate.discomap.eea.europa.eu/arcgis/services/UAMV/Urban_Heat_Island_Intensity/MapServer/WMSServer?request=GetCapabilities&service=WMS,NULL,2026-06-22 09:51:35.527 +0300
3071,215727,eea_v_4326_100_k_uhi-intensity_p_2008-2017_v01_r00,NULL,OGC:WMS,https://climate.discomap.eea.europa.eu/arcgis/services/UAMV/Urban_Heat_Island_Intensity/MapServer/WMSServer?request=GetCapabilities&service=WMS,NULL,2026-06-22 09:51:35.527 +0300
3091,219927,eea_v_4326_100_k_uhi-intensity_p_2008-2017_v01_r00,NULL,OGC:WMS,https://climate.discomap.eea.europa.eu/arcgis/services/UAMV/Urban_Heat_Island_Intensity/MapServer/WMSServer?request=GetCapabilities&service=WMS,NULL,2026-06-22 09:51:35.527 +0300
3099,223279,eea_v_4326_100_k_uhi-intensity_p_2008-2017_v01_r00,NULL,OGC:WMS,https://climate.discomap.eea.europa.eu/arcgis/services/UAMV/Urban_Heat_Island_Intensity/MapServer/WMSServer?request=GetCapabilities&service=WMS,NULL,2026-06-22 09:51:35.527 +0300
3100,223284,eea_v_4326_100_k_uhi-intensity_p_2008-2017_v01_r00,NULL,OGC:WMS,https://climate.discomap.eea.europa.eu/arcgis/services/UAMV/Urban_Heat_Island_Intensity/MapServer/WMSServer?request=GetCapabilities&service=WMS,NULL,2026-06-22 09:51:35.527 +0300
3131,229248,eea_v_4326_100_k_uhi-intensity_p_2008-2017_v01_r00,NULL,OGC:WMS,https://climate.discomap.eea.europa.eu/arcgis/services/UAMV/Urban_Heat_Island_Intensity/MapServer/WMSServer?request=GetCapabilities&service=WMS,NULL,2026-06-22 09:51:35.527 +0300
3135,229866,eea_v_4326_100_k_uhi-intensity_p_2008-2017_v01_r00,NULL,OGC:WMS,https://climate.discomap.eea.europa.eu/arcgis/services/UAMV/Urban_Heat_Island_Intensity/MapServer/WMSServer?request=GetCapabilities&service=WMS,NULL,2026-06-22 09:51:35.527 +0300
3156,234132,eea_v_4326_100_k_uhi-intensity_p_2008-2017_v01_r00,NULL,OGC:WMS,https://climate.discomap.eea.europa.eu/arcgis/services/UAMV/Urban_Heat_Island_Intensity/MapServer/WMSServer?request=GetCapabilities&service=WMS,NULL,2026-06-22 09:51:35.527 +0300
3163,237389,eea_v_4326_100_k_uhi-intensity_p_2008-2017_v01_r00,NULL,OGC:WMS,https://climate.discomap.eea.europa.eu/arcgis/services/UAMV/Urban_Heat_Island_Intensity/MapServer/WMSServer?request=GetCapabilities&service=WMS,NULL,2026-06-22 09:51:35.527 +0300
3164,237394,eea_v_4326_100_k_uhi-intensity_p_2008-2017_v01_r00,NULL,OGC:WMS,https://climate.discomap.eea.europa.eu/arcgis/services/UAMV/Urban_Heat_Island_Intensity/MapServer/WMSServer?request=GetCapabilities&service=WMS,NULL,2026-06-22 09:51:35.527 +0300
3197,243671,eea_v_4326_100_k_uhi-intensity_p_2008-2017_v01_r00,NULL,OGC:WMS,https://climate.discomap.eea.europa.eu/arcgis/services/UAMV/Urban_Heat_Island_Intensity/MapServer/WMSServer?request=GetCapabilities&service=WMS,NULL,2026-06-22 09:51:35.527 +0300
3214,246288,eea_v_4326_100_k_uhi-intensity_p_2008-2017_v01_r00,NULL,OGC:WMS,https://climate.discomap.eea.europa.eu/arcgis/services/UAMV/Urban_Heat_Island_Intensity/MapServer/WMSServer?request=GetCapabilities&service=WMS,NULL,2026-06-22 09:51:35.527 +0300
3215,246662,eea_v_4326_100_k_uhi-intensity_p_2008-2017_v01_r00,NULL,OGC:WMS,https://climate.discomap.eea.europa.eu/arcgis/services/UAMV/Urban_Heat_Island_Intensity/MapServer/WMSServer?request=GetCapabilities&service=WMS,NULL,2026-06-22 09:51:35.527 +0300
3235,249755,eea_v_4326_100_k_uhi-intensity_p_2008-2017_v01_r00,NULL,OGC:WMS,https://climate.discomap.eea.europa.eu/arcgis/services/UAMV/Urban_Heat_Island_Intensity/MapServer/WMSServer?request=GetCapabilities&service=WMS,NULL,2026-06-22 09:51:35.527 +0300
3244,251854,eea_v_4326_100_k_uhi-intensity_p_2008-2017_v01_r00,NULL,OGC:WMS,https://climate.discomap.eea.europa.eu/arcgis/services/UAMV/Urban_Heat_Island_Intensity/MapServer/WMSServer?request=GetCapabilities&service=WMS,NULL,2026-06-22 09:51:35.527 +0300
3272,260085,eea_v_4326_100_k_uhi-intensity_p_2008-2017_v01_r00,NULL,OGC:WMS,https://climate.discomap.eea.europa.eu/arcgis/services/UAMV/Urban_Heat_Island_Intensity/MapServer/WMSServer?request=GetCapabilities&service=WMS,NULL,2026-06-22 09:51:35.527 +0300
3279,263404,eea_v_4326_100_k_uhi-intensity_p_2008-2017_v01_r00,NULL,OGC:WMS,https://climate.discomap.eea.europa.eu/arcgis/services/UAMV/Urban_Heat_Island_Intensity/MapServer/WMSServer?request=GetCapabilities&service=WMS,NULL,2026-06-22 09:51:35.527 +0300
3280,263409,eea_v_4326_100_k_uhi-intensity_p_2008-2017_v01_r00,NULL,OGC:WMS,https://climate.discomap.eea.europa.eu/arcgis/services/UAMV/Urban_Heat_Island_Intensity/MapServer/WMSServer?request=GetCapabilities&service=WMS,NULL,2026-06-22 09:51:35.527 +0300
3296,266823,eea_v_4326_100_k_uhi-intensity_p_2008-2017_v01_r00,NULL,OGC:WMS,https://climate.discomap.eea.europa.eu/arcgis/services/UAMV/Urban_Heat_Island_Intensity/MapServer/WMSServer?request=GetCapabilities&service=WMS,NULL,2026-06-22 09:51:35.527 +0300
3305,269227,eea_v_4326_100_k_uhi-intensity_p_2008-2017_v01_r00,NULL,OGC:WMS,https://climate.discomap.eea.europa.eu/arcgis/services/UAMV/Urban_Heat_Island_Intensity/MapServer/WMSServer?request=GetCapabilities&service=WMS,NULL,2026-06-22 09:51:35.527 +0300
3324,272792,eea_v_4326_100_k_uhi-intensity_p_2008-2017_v01_r00,NULL,OGC:WMS,https://climate.discomap.eea.europa.eu/arcgis/services/UAMV/Urban_Heat_Island_Intensity/MapServer/WMSServer?request=GetCapabilities&service=WMS,NULL,2026-06-22 09:51:35.527 +0300
3330,276035,eea_v_4326_100_k_uhi-intensity_p_2008-2017_v01_r00,NULL,OGC:WMS,https://climate.discomap.eea.europa.eu/arcgis/services/UAMV/Urban_Heat_Island_Intensity/MapServer/WMSServer?request=GetCapabilities&service=WMS,NULL,2026-06-22 09:51:35.527 +0300
3331,276040,eea_v_4326_100_k_uhi-intensity_p_2008-2017_v01_r00,NULL,OGC:WMS,https://climate.discomap.eea.europa.eu/arcgis/services/UAMV/Urban_Heat_Island_Intensity/MapServer/WMSServer?request=GetCapabilities&service=WMS,NULL,2026-06-22 09:51:35.527 +0300
3358,281914,eea_v_4326_100_k_uhi-intensity_p_2008-2017_v01_r00,NULL,OGC:WMS,https://climate.discomap.eea.europa.eu/arcgis/services/UAMV/Urban_Heat_Island_Intensity/MapServer/WMSServer?request=GetCapabilities&service=WMS,NULL,2026-06-22 09:51:35.527 +0300
3367,284302,eea_v_4326_100_k_uhi-intensity_p_2008-2017_v01_r00,NULL,OGC:WMS,https://climate.discomap.eea.europa.eu/arcgis/services/UAMV/Urban_Heat_Island_Intensity/MapServer/WMSServer?request=GetCapabilities&service=WMS,NULL,2026-06-22 09:51:35.527 +0300
3385,288510,eea_v_4326_100_k_uhi-intensity_p_2008-2017_v01_r00,NULL,OGC:WMS,https://climate.discomap.eea.europa.eu/arcgis/services/UAMV/Urban_Heat_Island_Intensity/MapServer/WMSServer?request=GetCapabilities&service=WMS,NULL,2026-06-22 09:51:35.527 +0300
3392,291728,eea_v_4326_100_k_uhi-intensity_p_2008-2017_v01_r00,NULL,OGC:WMS,https://climate.discomap.eea.europa.eu/arcgis/services/UAMV/Urban_Heat_Island_Intensity/MapServer/WMSServer?request=GetCapabilities&service=WMS,NULL,2026-06-22 09:51:35.527 +0300
3393,291733,eea_v_4326_100_k_uhi-intensity_p_2008-2017_v01_r00,NULL,OGC:WMS,https://climate.discomap.eea.europa.eu/arcgis/services/UAMV/Urban_Heat_Island_Intensity/MapServer/WMSServer?request=GetCapabilities&service=WMS,NULL,2026-06-22 09:51:35.527 +0300
3429,297779,eea_v_4326_100_k_uhi-intensity_p_2008-2017_v01_r00,NULL,OGC:WMS,https://climate.discomap.eea.europa.eu/arcgis/services/UAMV/Urban_Heat_Island_Intensity/MapServer/WMSServer?request=GetCapabilities&service=WMS,NULL,2026-06-22 09:51:35.527 +0300
3438,300135,eea_v_4326_100_k_uhi-intensity_p_2008-2017_v01_r00,NULL,OGC:WMS,https://climate.discomap.eea.europa.eu/arcgis/services/UAMV/Urban_Heat_Island_Intensity/MapServer/WMSServer?request=GetCapabilities&service=WMS,NULL,2026-06-22 09:51:35.527 +0300
3456,304376,eea_v_4326_100_k_uhi-intensity_p_2008-2017_v01_r00,NULL,OGC:WMS,https://climate.discomap.eea.europa.eu/arcgis/services/UAMV/Urban_Heat_Island_Intensity/MapServer/WMSServer?request=GetCapabilities&service=WMS,NULL,2026-06-22 09:51:35.527 +0300
3463,307596,eea_v_4326_100_k_uhi-intensity_p_2008-2017_v01_r00,NULL,OGC:WMS,https://climate.discomap.eea.europa.eu/arcgis/services/UAMV/Urban_Heat_Island_Intensity/MapServer/WMSServer?request=GetCapabilities&service=WMS,NULL,2026-06-22 09:51:35.527 +0300
3464,307601,eea_v_4326_100_k_uhi-intensity_p_2008-2017_v01_r00,NULL,OGC:WMS,https://climate.discomap.eea.europa.eu/arcgis/services/UAMV/Urban_Heat_Island_Intensity/MapServer/WMSServer?request=GetCapabilities&service=WMS,NULL,2026-06-22 09:51:35.527 +0300
3498,313596,eea_v_4326_100_k_uhi-intensity_p_2008-2017_v01_r00,NULL,OGC:WMS,https://climate.discomap.eea.europa.eu/arcgis/services/UAMV/Urban_Heat_Island_Intensity/MapServer/WMSServer?request=GetCapabilities&service=WMS,NULL,2026-06-22 09:51:35.527 +0300
3507,315959,eea_v_4326_100_k_uhi-intensity_p_2008-2017_v01_r00,NULL,OGC:WMS,https://climate.discomap.eea.europa.eu/arcgis/services/UAMV/Urban_Heat_Island_Intensity/MapServer/WMSServer?request=GetCapabilities&service=WMS,NULL,2026-06-22 09:51:35.527 +0300
3527,320076,eea_v_4326_100_k_uhi-intensity_p_2008-2017_v01_r00,NULL,OGC:WMS,https://climate.discomap.eea.europa.eu/arcgis/services/UAMV/Urban_Heat_Island_Intensity/MapServer/WMSServer?request=GetCapabilities&service=WMS,NULL,2026-06-22 09:51:35.527 +0300
3534,323252,eea_v_4326_100_k_uhi-intensity_p_2008-2017_v01_r00,NULL,OGC:WMS,https://climate.discomap.eea.europa.eu/arcgis/services/UAMV/Urban_Heat_Island_Intensity/MapServer/WMSServer?request=GetCapabilities&service=WMS,NULL,2026-06-22 09:51:35.527 +0300
3535,323257,eea_v_4326_100_k_uhi-intensity_p_2008-2017_v01_r00,NULL,OGC:WMS,https://climate.discomap.eea.europa.eu/arcgis/services/UAMV/Urban_Heat_Island_Intensity/MapServer/WMSServer?request=GetCapabilities&service=WMS,NULL,2026-06-22 09:51:35.527 +0300
3569,329349,eea_v_4326_100_k_uhi-intensity_p_2008-2017_v01_r00,NULL,OGC:WMS,https://climate.discomap.eea.europa.eu/arcgis/services/UAMV/Urban_Heat_Island_Intensity/MapServer/WMSServer?request=GetCapabilities&service=WMS,NULL,2026-06-22 09:51:35.527 +0300
3578,331702,eea_v_4326_100_k_uhi-intensity_p_2008-2017_v01_r00,NULL,OGC:WMS,https://climate.discomap.eea.europa.eu/arcgis/services/UAMV/Urban_Heat_Island_Intensity/MapServer/WMSServer?request=GetCapabilities&service=WMS,NULL,2026-06-22 09:51:35.527 +0300
3598,335851,eea_v_4326_100_k_uhi-intensity_p_2008-2017_v01_r00,NULL,OGC:WMS,https://climate.discomap.eea.europa.eu/arcgis/services/UAMV/Urban_Heat_Island_Intensity/MapServer/WMSServer?request=GetCapabilities&service=WMS,NULL,2026-06-22 09:51:35.527 +0300
3605,339035,eea_v_4326_100_k_uhi-intensity_p_2008-2017_v01_r00,NULL,OGC:WMS,https://climate.discomap.eea.europa.eu/arcgis/services/UAMV/Urban_Heat_Island_Intensity/MapServer/WMSServer?request=GetCapabilities&service=WMS,NULL,2026-06-22 09:51:35.527 +0300
3606,339040,eea_v_4326_100_k_uhi-intensity_p_2008-2017_v01_r00,NULL,OGC:WMS,https://climate.discomap.eea.europa.eu/arcgis/services/UAMV/Urban_Heat_Island_Intensity/MapServer/WMSServer?request=GetCapabilities&service=WMS,NULL,2026-06-22 09:51:35.527 +0300
3641,345265,eea_v_4326_100_k_uhi-intensity_p_2008-2017_v01_r00,NULL,OGC:WMS,https://climate.discomap.eea.europa.eu/arcgis/services/UAMV/Urban_Heat_Island_Intensity/MapServer/WMSServer?request=GetCapabilities&service=WMS,NULL,2026-06-22 09:51:35.527 +0300
3650,347395,eea_v_4326_100_k_uhi-intensity_p_2008-2017_v01_r00,NULL,OGC:WMS,https://climate.discomap.eea.europa.eu/arcgis/services/UAMV/Urban_Heat_Island_Intensity/MapServer/WMSServer?request=GetCapabilities&service=WMS,NULL,2026-06-22 09:51:35.527 +0300
3672,352140,eea_v_4326_100_k_uhi-intensity_p_2008-2017_v01_r00,NULL,OGC:WMS,https://climate.discomap.eea.europa.eu/arcgis/services/UAMV/Urban_Heat_Island_Intensity/MapServer/WMSServer?request=GetCapabilities&service=WMS,NULL,2026-06-22 09:51:35.527 +0300
3680,355316,eea_v_4326_100_k_uhi-intensity_p_2008-2017_v01_r00,NULL,OGC:WMS,https://climate.discomap.eea.europa.eu/arcgis/services/UAMV/Urban_Heat_Island_Intensity/MapServer/WMSServer?request=GetCapabilities&service=WMS,NULL,2026-06-22 09:51:35.527 +0300
3681,355321,eea_v_4326_100_k_uhi-intensity_p_2008-2017_v01_r00,NULL,OGC:WMS,https://climate.discomap.eea.europa.eu/arcgis/services/UAMV/Urban_Heat_Island_Intensity/MapServer/WMSServer?request=GetCapabilities&service=WMS,NULL,2026-06-22 09:51:35.527 +0300
3683,356048,eea_v_4326_100_k_uhi-intensity_p_2008-2017_v01_r00,NULL,OGC:WMS,https://climate.discomap.eea.europa.eu/arcgis/services/UAMV/Urban_Heat_Island_Intensity/MapServer/WMSServer?request=GetCapabilities&service=WMS,NULL,2026-06-22 09:51:35.527 +0300
3687,356559,eea_v_4326_100_k_uhi-intensity_p_2008-2017_v01_r00,NULL,OGC:WMS,https://climate.discomap.eea.europa.eu/arcgis/services/UAMV/Urban_Heat_Island_Intensity/MapServer/WMSServer?request=GetCapabilities&service=WMS,NULL,2026-06-22 09:51:35.527 +0300
3704,359614,eea_v_4326_100_k_uhi-intensity_p_2008-2017_v01_r00,NULL,OGC:WMS,https://climate.discomap.eea.europa.eu/arcgis/services/UAMV/Urban_Heat_Island_Intensity/MapServer/WMSServer?request=GetCapabilities&service=WMS,NULL,2026-06-22 09:51:35.527 +0300
3711,362995,eea_v_4326_100_k_uhi-intensity_p_2008-2017_v01_r00,NULL,OGC:WMS,https://climate.discomap.eea.europa.eu/arcgis/services/UAMV/Urban_Heat_Island_Intensity/MapServer/WMSServer?request=GetCapabilities&service=WMS,NULL,2026-06-22 09:51:35.527 +0300
3740,368234,eea_v_4326_100_k_uhi-intensity_p_2008-2017_v01_r00,NULL,OGC:WMS,https://climate.discomap.eea.europa.eu/arcgis/services/UAMV/Urban_Heat_Island_Intensity/MapServer/WMSServer?request=GetCapabilities&service=WMS,NULL,2026-06-22 09:51:35.527 +0300
3745,370141,eea_v_4326_100_k_uhi-intensity_p_2008-2017_v01_r00,NULL,OGC:WMS,https://climate.discomap.eea.europa.eu/arcgis/services/UAMV/Urban_Heat_Island_Intensity/MapServer/WMSServer?request=GetCapabilities&service=WMS,NULL,2026-06-22 09:51:35.527 +0300
3760,373051,eea_v_4326_100_k_uhi-intensity_p_2008-2017_v01_r00,NULL,OGC:WMS,https://climate.discomap.eea.europa.eu/arcgis/services/UAMV/Urban_Heat_Island_Intensity/MapServer/WMSServer?request=GetCapabilities&service=WMS,NULL,2026-06-22 09:51:35.527 +0300
3768,376507,eea_v_4326_100_k_uhi-intensity_p_2008-2017_v01_r00,NULL,OGC:WMS,https://climate.discomap.eea.europa.eu/arcgis/services/UAMV/Urban_Heat_Island_Intensity/MapServer/WMSServer?request=GetCapabilities&service=WMS,NULL,2026-06-22 09:51:35.527 +0300
3793,381678,eea_v_4326_100_k_uhi-intensity_p_2008-2017_v01_r00,NULL,OGC:WMS,https://climate.discomap.eea.europa.eu/arcgis/services/UAMV/Urban_Heat_Island_Intensity/MapServer/WMSServer?request=GetCapabilities&service=WMS,NULL,2026-06-22 09:51:35.527 +0300
3798,383373,eea_v_4326_100_k_uhi-intensity_p_2008-2017_v01_r00,NULL,OGC:WMS,https://climate.discomap.eea.europa.eu/arcgis/services/UAMV/Urban_Heat_Island_Intensity/MapServer/WMSServer?request=GetCapabilities&service=WMS,NULL,2026-06-22 09:51:35.527 +0300
3813,386175,eea_v_4326_100_k_uhi-intensity_p_2008-2017_v01_r00,NULL,OGC:WMS,https://climate.discomap.eea.europa.eu/arcgis/services/UAMV/Urban_Heat_Island_Intensity/MapServer/WMSServer?request=GetCapabilities&service=WMS,NULL,2026-06-22 09:51:35.527 +0300
3821,389623,eea_v_4326_100_k_uhi-intensity_p_2008-2017_v01_r00,NULL,OGC:WMS,https://climate.discomap.eea.europa.eu/arcgis/services/UAMV/Urban_Heat_Island_Intensity/MapServer/WMSServer?request=GetCapabilities&service=WMS,NULL,2026-06-22 09:51:35.527 +0300
3847,394689,eea_v_4326_100_k_uhi-intensity_p_2008-2017_v01_r00,NULL,OGC:WMS,https://climate.discomap.eea.europa.eu/arcgis/services/UAMV/Urban_Heat_Island_Intensity/MapServer/WMSServer?request=GetCapabilities&service=WMS,NULL,2026-06-22 09:51:35.527 +0300
3853,397821,eea_v_4326_100_k_uhi-intensity_p_2008-2017_v01_r00,NULL,OGC:WMS,https://climate.discomap.eea.europa.eu/arcgis/services/UAMV/Urban_Heat_Island_Intensity/MapServer/WMSServer?request=GetCapabilities&service=WMS,NULL,2026-06-22 09:51:35.527 +0300
3854,397826,eea_v_4326_100_k_uhi-intensity_p_2008-2017_v01_r00,NULL,OGC:WMS,https://climate.discomap.eea.europa.eu/arcgis/services/UAMV/Urban_Heat_Island_Intensity/MapServer/WMSServer?request=GetCapabilities&service=WMS,NULL,2026-06-22 09:51:35.527 +0300
3870,401317,eea_v_4326_100_k_uhi-intensity_p_2008-2017_v01_r00,NULL,OGC:WMS,https://climate.discomap.eea.europa.eu/arcgis/services/UAMV/Urban_Heat_Island_Intensity/MapServer/WMSServer?request=GetCapabilities&service=WMS,NULL,2026-06-22 09:51:35.527 +0300
3878,404757,eea_v_4326_100_k_uhi-intensity_p_2008-2017_v01_r00,NULL,OGC:WMS,https://climate.discomap.eea.europa.eu/arcgis/services/UAMV/Urban_Heat_Island_Intensity/MapServer/WMSServer?request=GetCapabilities&service=WMS,NULL,2026-06-22 09:51:35.527 +0300
3906,409150,eea_v_4326_100_k_uhi-intensity_p_2008-2017_v01_r00,NULL,OGC:WMS,https://climate.discomap.eea.europa.eu/arcgis/services/UAMV/Urban_Heat_Island_Intensity/MapServer/WMSServer?request=GetCapabilities&service=WMS,NULL,2026-06-22 09:51:35.527 +0300
3913,412933,eea_v_4326_100_k_uhi-intensity_p_2008-2017_v01_r00,NULL,OGC:WMS,https://climate.discomap.eea.europa.eu/arcgis/services/UAMV/Urban_Heat_Island_Intensity/MapServer/WMSServer?request=GetCapabilities&service=WMS,NULL,2026-06-22 09:51:35.527 +0300
3925,415600,eea_v_4326_100_k_uhi-intensity_p_2008-2017_v01_r00,NULL,OGC:WMS,https://climate.discomap.eea.europa.eu/arcgis/services/UAMV/Urban_Heat_Island_Intensity/MapServer/WMSServer?request=GetCapabilities&service=WMS,NULL,2026-06-22 09:51:35.527 +0300
3935,419362,eea_v_4326_100_k_uhi-intensity_p_2008-2017_v01_r00,NULL,OGC:WMS,https://climate.discomap.eea.europa.eu/arcgis/services/UAMV/Urban_Heat_Island_Intensity/MapServer/WMSServer?request=GetCapabilities&service=WMS,NULL,2026-06-22 09:51:35.527 +0300
3946,422128,eea_v_4326_100_k_uhi-intensity_p_2008-2017_v01_r00,NULL,OGC:WMS,https://climate.discomap.eea.europa.eu/arcgis/services/UAMV/Urban_Heat_Island_Intensity/MapServer/WMSServer?request=GetCapabilities&service=WMS,NULL,2026-06-22 09:51:35.527 +0300
3953,425875,eea_v_4326_100_k_uhi-intensity_p_2008-2017_v01_r00,NULL,OGC:WMS,https://climate.discomap.eea.europa.eu/arcgis/services/UAMV/Urban_Heat_Island_Intensity/MapServer/WMSServer?request=GetCapabilities&service=WMS,NULL,2026-06-22 09:51:35.527 +0300
3979,431294,eea_v_4326_100_k_uhi-intensity_p_2008-2017_v01_r00,NULL,OGC:WMS,https://climate.discomap.eea.europa.eu/arcgis/services/UAMV/Urban_Heat_Island_Intensity/MapServer/WMSServer?request=GetCapabilities&service=WMS,NULL,2026-06-22 09:51:35.527 +0300
3984,431565,eea_v_4326_100_k_uhi-intensity_p_2008-2017_v01_r00,NULL,OGC:WMS,https://climate.discomap.eea.europa.eu/arcgis/services/UAMV/Urban_Heat_Island_Intensity/MapServer/WMSServer?request=GetCapabilities&service=WMS,NULL,2026-06-22 09:51:35.527 +0300
3994,434547,eea_v_4326_100_k_uhi-intensity_p_2008-2017_v01_r00,NULL,OGC:WMS,https://climate.discomap.eea.europa.eu/arcgis/services/UAMV/Urban_Heat_Island_Intensity/MapServer/WMSServer?request=GetCapabilities&service=WMS,NULL,2026-06-22 09:51:35.527 +0300
4000,438309,eea_v_4326_100_k_uhi-intensity_p_2008-2017_v01_r00,NULL,OGC:WMS,https://climate.discomap.eea.europa.eu/arcgis/services/UAMV/Urban_Heat_Island_Intensity/MapServer/WMSServer?request=GetCapabilities&service=WMS,NULL,2026-06-22 09:51:35.527 +0300
4026,443638,eea_v_4326_100_k_uhi-intensity_p_2008-2017_v01_r00,NULL,OGC:WMS,https://climate.discomap.eea.europa.eu/arcgis/services/UAMV/Urban_Heat_Island_Intensity/MapServer/WMSServer?request=GetCapabilities&service=WMS,NULL,2026-06-22 09:51:35.527 +0300
4031,443901,eea_v_4326_100_k_uhi-intensity_p_2008-2017_v01_r00,NULL,OGC:WMS,https://climate.discomap.eea.europa.eu/arcgis/services/UAMV/Urban_Heat_Island_Intensity/MapServer/WMSServer?request=GetCapabilities&service=WMS,NULL,2026-06-22 09:51:35.527 +0300
4041,446975,eea_v_4326_100_k_uhi-intensity_p_2008-2017_v01_r00,NULL,OGC:WMS,https://climate.discomap.eea.europa.eu/arcgis/services/UAMV/Urban_Heat_Island_Intensity/MapServer/WMSServer?request=GetCapabilities&service=WMS,NULL,2026-06-22 09:51:35.527 +0300
4046,451246,eea_v_4326_100_k_uhi-intensity_p_2008-2017_v01_r00,NULL,OGC:WMS,https://climate.discomap.eea.europa.eu/arcgis/services/UAMV/Urban_Heat_Island_Intensity/MapServer/WMSServer?request=GetCapabilities&service=WMS,NULL,2026-06-22 09:51:35.527 +0300
4056,453792,eea_v_4326_100_k_uhi-intensity_p_2008-2017_v01_r00,NULL,OGC:WMS,https://climate.discomap.eea.europa.eu/arcgis/services/UAMV/Urban_Heat_Island_Intensity/MapServer/WMSServer?request=GetCapabilities&service=WMS,NULL,2026-06-22 09:51:35.527 +0300
4063,457536,eea_v_4326_100_k_uhi-intensity_p_2008-2017_v01_r00,NULL,OGC:WMS,https://climate.discomap.eea.europa.eu/arcgis/services/UAMV/Urban_Heat_Island_Intensity/MapServer/WMSServer?request=GetCapabilities&service=WMS,NULL,2026-06-22 09:51:35.527 +0300
4072,460319,eea_v_4326_100_k_uhi-intensity_p_2008-2017_v01_r00,NULL,OGC:WMS,https://climate.discomap.eea.europa.eu/arcgis/services/UAMV/Urban_Heat_Island_Intensity/MapServer/WMSServer?request=GetCapabilities&service=WMS,NULL,2026-06-22 09:51:35.527 +0300
4079,464166,eea_v_4326_100_k_uhi-intensity_p_2008-2017_v01_r00,NULL,OGC:WMS,https://climate.discomap.eea.europa.eu/arcgis/services/UAMV/Urban_Heat_Island_Intensity/MapServer/WMSServer?request=GetCapabilities&service=WMS,NULL,2026-06-22 09:51:35.527 +0300
4089,466978,eea_v_4326_100_k_uhi-intensity_p_2008-2017_v01_r00,NULL,OGC:WMS,https://climate.discomap.eea.europa.eu/arcgis/services/UAMV/Urban_Heat_Island_Intensity/MapServer/WMSServer?request=GetCapabilities&service=WMS,NULL,2026-06-22 09:51:35.527 +0300
4097,470809,eea_v_4326_100_k_uhi-intensity_p_2008-2017_v01_r00,NULL,OGC:WMS,https://climate.discomap.eea.europa.eu/arcgis/services/UAMV/Urban_Heat_Island_Intensity/MapServer/WMSServer?request=GetCapabilities&service=WMS,NULL,2026-06-22 09:51:35.527 +0300
4121,476135,eea_v_4326_100_k_uhi-intensity_p_2008-2017_v01_r00,NULL,OGC:WMS,https://climate.discomap.eea.europa.eu/arcgis/services/UAMV/Urban_Heat_Island_Intensity/MapServer/WMSServer?request=GetCapabilities&service=WMS,NULL,2026-06-22 09:51:35.527 +0300
4126,476422,eea_v_4326_100_k_uhi-intensity_p_2008-2017_v01_r00,NULL,OGC:WMS,https://climate.discomap.eea.europa.eu/arcgis/services/UAMV/Urban_Heat_Island_Intensity/MapServer/WMSServer?request=GetCapabilities&service=WMS,NULL,2026-06-22 09:51:35.527 +0300
4135,479418,eea_v_4326_100_k_uhi-intensity_p_2008-2017_v01_r00,NULL,OGC:WMS,https://climate.discomap.eea.europa.eu/arcgis/services/UAMV/Urban_Heat_Island_Intensity/MapServer/WMSServer?request=GetCapabilities&service=WMS,NULL,2026-06-22 09:51:35.527 +0300
4141,483258,eea_v_4326_100_k_uhi-intensity_p_2008-2017_v01_r00,NULL,OGC:WMS,https://climate.discomap.eea.europa.eu/arcgis/services/UAMV/Urban_Heat_Island_Intensity/MapServer/WMSServer?request=GetCapabilities&service=WMS,NULL,2026-06-22 09:51:35.527 +0300
4151,486022,eea_v_4326_100_k_uhi-intensity_p_2008-2017_v01_r00,NULL,OGC:WMS,https://climate.discomap.eea.europa.eu/arcgis/services/UAMV/Urban_Heat_Island_Intensity/MapServer/WMSServer?request=GetCapabilities&service=WMS,NULL,2026-06-22 09:51:35.527 +0300
4159,489868,eea_v_4326_100_k_uhi-intensity_p_2008-2017_v01_r00,NULL,OGC:WMS,https://climate.discomap.eea.europa.eu/arcgis/services/UAMV/Urban_Heat_Island_Intensity/MapServer/WMSServer?request=GetCapabilities&service=WMS,NULL,2026-06-22 09:51:35.527 +0300
4168,492667,eea_v_4326_100_k_uhi-intensity_p_2008-2017_v01_r00,NULL,OGC:WMS,https://climate.discomap.eea.europa.eu/arcgis/services/UAMV/Urban_Heat_Island_Intensity/MapServer/WMSServer?request=GetCapabilities&service=WMS,NULL,2026-06-22 09:51:35.527 +0300
4178,496676,eea_v_4326_100_k_uhi-intensity_p_2008-2017_v01_r00,NULL,OGC:WMS,https://climate.discomap.eea.europa.eu/arcgis/services/UAMV/Urban_Heat_Island_Intensity/MapServer/WMSServer?request=GetCapabilities&service=WMS,NULL,2026-06-22 09:51:35.527 +0300
4208,511657,eea_v_4326_100_k_uhi-intensity_p_2008-2017_v01_r00,NULL,OGC:WMS,https://climate.discomap.eea.europa.eu/arcgis/services/UAMV/Urban_Heat_Island_Intensity/MapServer/WMSServer?request=GetCapabilities&service=WMS,NULL,2026-06-22 09:51:35.527 +0300
4258,516302,eea_v_4326_100_k_uhi-intensity_p_2008-2017_v01_r00,NULL,OGC:WMS,https://climate.discomap.eea.europa.eu/arcgis/services/UAMV/Urban_Heat_Island_Intensity/MapServer/WMSServer?request=GetCapabilities&service=WMS,NULL,2026-06-22 09:51:35.527 +0300
4431,522717,eea_v_4326_100_k_uhi-intensity_p_2008-2017_v01_r00,NULL,OGC:WMS,https://climate.discomap.eea.europa.eu/arcgis/services/UAMV/Urban_Heat_Island_Intensity/MapServer/WMSServer?request=GetCapabilities&service=WMS,NULL,2026-06-22 09:51:35.527 +0300
4445,525596,eea_v_4326_100_k_uhi-intensity_p_2008-2017_v01_r00,NULL,OGC:WMS,https://climate.discomap.eea.europa.eu/arcgis/services/UAMV/Urban_Heat_Island_Intensity/MapServer/WMSServer?request=GetCapabilities&service=WMS,NULL,2026-06-22 09:51:35.527 +0300
4447,525607,eea_v_4326_100_k_uhi-intensity_p_2008-2017_v01_r00,NULL,OGC:WMS,https://climate.discomap.eea.europa.eu/arcgis/services/UAMV/Urban_Heat_Island_Intensity/MapServer/WMSServer?request=GetCapabilities&service=WMS,NULL,2026-06-22 09:51:35.527 +0300
4472,530087,eea_v_4326_100_k_uhi-intensity_p_2008-2017_v01_r00,NULL,OGC:WMS,https://climate.discomap.eea.europa.eu/arcgis/services/UAMV/Urban_Heat_Island_Intensity/MapServer/WMSServer?request=GetCapabilities&service=WMS,NULL,2026-06-22 09:51:35.527 +0300
4479,532659,eea_v_4326_100_k_uhi-intensity_p_2008-2017_v01_r00,NULL,OGC:WMS,https://climate.discomap.eea.europa.eu/arcgis/services/UAMV/Urban_Heat_Island_Intensity/MapServer/WMSServer?request=GetCapabilities&service=WMS,NULL,2026-06-22 09:51:35.527 +0300
4531,535643,eea_v_4326_100_k_uhi-intensity_p_2008-2017_v01_r00,NULL,OGC:WMS,https://climate.discomap.eea.europa.eu/arcgis/services/UAMV/Urban_Heat_Island_Intensity/MapServer/WMSServer?request=GetCapabilities&service=WMS,NULL,2026-06-22 09:51:35.527 +0300
670,5904,f0797a68-1692-11ea-a7c0-a0481ca9e724,nitrogen_0-5cm_mean,OGC:WMS,https://maps.isric.org/mapserv?map=/map/nitrogen.map,NULL,2026-06-22 09:51:35.527 +0300
671,5905,f0797a68-1692-11ea-a7c0-a0481ca9e724,nitrogen_0-5cm_Q0.05,OGC:WMS,https://maps.isric.org/mapserv?map=/map/nitrogen.map,NULL,2026-06-22 09:51:35.527 +0300
672,5906,f0797a68-1692-11ea-a7c0-a0481ca9e724,nitrogen_0-5cm_Q0.5,OGC:WMS,https://maps.isric.org/mapserv?map=/map/nitrogen.map,NULL,2026-06-22 09:51:35.527 +0300
673,5907,f0797a68-1692-11ea-a7c0-a0481ca9e724,nitrogen_0-5cm_Q0.95,OGC:WMS,https://maps.isric.org/mapserv?map=/map/nitrogen.map,NULL,2026-06-22 09:51:35.527 +0300
674,5908,f0797a68-1692-11ea-a7c0-a0481ca9e724,nitrogen_100-200cm_mean,OGC:WMS,https://maps.isric.org/mapserv?map=/map/nitrogen.map,NULL,2026-06-22 09:51:35.527 +0300
675,5909,f0797a68-1692-11ea-a7c0-a0481ca9e724,nitrogen_100-200cm_Q0.05,OGC:WMS,https://maps.isric.org/mapserv?map=/map/nitrogen.map,NULL,2026-06-22 09:51:35.527 +0300
676,5910,f0797a68-1692-11ea-a7c0-a0481ca9e724,nitrogen_100-200cm_Q0.5,OGC:WMS,https://maps.isric.org/mapserv?map=/map/nitrogen.map,NULL,2026-06-22 09:51:35.527 +0300
677,5911,f0797a68-1692-11ea-a7c0-a0481ca9e724,nitrogen_100-200cm_Q0.95,OGC:WMS,https://maps.isric.org/mapserv?map=/map/nitrogen.map,NULL,2026-06-22 09:51:35.527 +0300
678,5912,f0797a68-1692-11ea-a7c0-a0481ca9e724,nitrogen_15-30cm_mean,OGC:WMS,https://maps.isric.org/mapserv?map=/map/nitrogen.map,NULL,2026-06-22 09:51:35.527 +0300
679,5913,f0797a68-1692-11ea-a7c0-a0481ca9e724,nitrogen_15-30cm_Q0.05,OGC:WMS,https://maps.isric.org/mapserv?map=/map/nitrogen.map,NULL,2026-06-22 09:51:35.527 +0300
680,5914,f0797a68-1692-11ea-a7c0-a0481ca9e724,nitrogen_15-30cm_Q0.5,OGC:WMS,https://maps.isric.org/mapserv?map=/map/nitrogen.map,NULL,2026-06-22 09:51:35.527 +0300
681,5915,f0797a68-1692-11ea-a7c0-a0481ca9e724,nitrogen_15-30cm_Q0.95,OGC:WMS,https://maps.isric.org/mapserv?map=/map/nitrogen.map,NULL,2026-06-22 09:51:35.527 +0300
682,5916,f0797a68-1692-11ea-a7c0-a0481ca9e724,nitrogen_30-60cm_mean,OGC:WMS,https://maps.isric.org/mapserv?map=/map/nitrogen.map,NULL,2026-06-22 09:51:35.527 +0300
683,5917,f0797a68-1692-11ea-a7c0-a0481ca9e724,nitrogen_30-60cm_Q0.05,OGC:WMS,https://maps.isric.org/mapserv?map=/map/nitrogen.map,NULL,2026-06-22 09:51:35.527 +0300
684,5918,f0797a68-1692-11ea-a7c0-a0481ca9e724,nitrogen_30-60cm_Q0.5,OGC:WMS,https://maps.isric.org/mapserv?map=/map/nitrogen.map,NULL,2026-06-22 09:51:35.527 +0300
685,5919,f0797a68-1692-11ea-a7c0-a0481ca9e724,nitrogen_30-60cm_Q0.95,OGC:WMS,https://maps.isric.org/mapserv?map=/map/nitrogen.map,NULL,2026-06-22 09:51:35.527 +0300
686,5920,f0797a68-1692-11ea-a7c0-a0481ca9e724,nitrogen_5-15cm_mean,OGC:WMS,https://maps.isric.org/mapserv?map=/map/nitrogen.map,NULL,2026-06-22 09:51:35.527 +0300
687,5921,f0797a68-1692-11ea-a7c0-a0481ca9e724,nitrogen_5-15cm_Q0.05,OGC:WMS,https://maps.isric.org/mapserv?map=/map/nitrogen.map,NULL,2026-06-22 09:51:35.527 +0300
688,5922,f0797a68-1692-11ea-a7c0-a0481ca9e724,nitrogen_5-15cm_Q0.5,OGC:WMS,https://maps.isric.org/mapserv?map=/map/nitrogen.map,NULL,2026-06-22 09:51:35.527 +0300
689,5923,f0797a68-1692-11ea-a7c0-a0481ca9e724,nitrogen_5-15cm_Q0.95,OGC:WMS,https://maps.isric.org/mapserv?map=/map/nitrogen.map,NULL,2026-06-22 09:51:35.527 +0300
690,5924,f0797a68-1692-11ea-a7c0-a0481ca9e724,nitrogen_60-100cm_mean,OGC:WMS,https://maps.isric.org/mapserv?map=/map/nitrogen.map,NULL,2026-06-22 09:51:35.527 +0300
691,5925,f0797a68-1692-11ea-a7c0-a0481ca9e724,nitrogen_60-100cm_Q0.05,OGC:WMS,https://maps.isric.org/mapserv?map=/map/nitrogen.map,NULL,2026-06-22 09:51:35.527 +0300
692,5926,f0797a68-1692-11ea-a7c0-a0481ca9e724,nitrogen_60-100cm_Q0.5,OGC:WMS,https://maps.isric.org/mapserv?map=/map/nitrogen.map,NULL,2026-06-22 09:51:35.527 +0300
693,5927,f0797a68-1692-11ea-a7c0-a0481ca9e724,nitrogen_60-100cm_Q0.95,OGC:WMS,https://maps.isric.org/mapserv?map=/map/nitrogen.map,NULL,2026-06-22 09:51:35.527 +0300
2612,110982,fceb610a-5d35-4a0c-a74b-3117b30b1533,NULL,OGC:WMS,https://service.pdok.nl/tno/bro-wandonderzoek/wms/v1_0?request=getcapabilities&service=WMS,NULL,2026-06-22 09:51:35.527 +0300
4181,506509,fceb610a-5d35-4a0c-a74b-3117b30b1533,NULL,OGC:WMS,https://service.pdok.nl/tno/bro-wandonderzoek/wms/v1_0?request=getcapabilities&service=WMS,NULL,2026-06-22 09:51:35.527 +0300
4205,511291,fceb610a-5d35-4a0c-a74b-3117b30b1533,NULL,OGC:WMS,https://service.pdok.nl/tno/bro-wandonderzoek/wms/v1_0?request=getcapabilities&service=WMS,NULL,2026-06-22 09:51:35.527 +0300
4206,511309,fceb610a-5d35-4a0c-a74b-3117b30b1533,NULL,OGC:WMS,https://service.pdok.nl/tno/bro-wandonderzoek/wms/v1_0?request=getcapabilities&service=WMS,NULL,2026-06-22 09:51:35.527 +0300
277,2328,fffdf08f-8ee8-4802-8354-5e6df694b0c7,6,OGC:WMS,https://services.bgr.de/wms/boden/bodenstoffe/?SERVICE=WMS&REQUEST=GetCapabilities,"In mehreren Forschungsvorhaben wurde ein Konzept zur Ableitung von flächenhaft repräsentativen Hintergrundwerten für Ober- und Unterböden sowie für den Untergrund entwickelt und angewendet. Das Konzept beruht auf einer Zuordnung der 69 bodenkundlichen Legendeneinheiten der BÜK1000N, Version 2.31, zu 15 Bodenausgangsgesteinsgruppen. Außerdem wird für Oberböden zusätzlich nach Landnutzung differenziert. Zur Schaffung eines Datensatzes mit entsprechenden Punktinformationen wurden unterschiedliche Datenbestände aus den Ländern und vom Bund nach Abgleich gegenüber den Mindestanforderungen und inhaltlicher Harmonisierung zusammengeführt. Auf der Grundlage von ca. 5000 harmonisierten Profildaten konnten repräsentative Hintergrundwerte anorganischer Spurenstoffe für Ober- und Unterböden sowie den Untergrund mit einer Flächendeckung von ca. 90% der Bundesrepublik abgeleitet werden und diese werden in der Karte dargestellt. Das genaue Vorgehen bei der Ableitung ist dem Bericht der LABO-Bund/Länder-Arbeitsgemeinschaft Bodenschutz (2003): 'Hintergrundwerte für anorganische und organische Stoffe in Böden, 3. überarbeitete und ergänzte Auflage', zu entnehmen.",2026-06-22 09:51:35.527 +0300
278,2329,fffdf08f-8ee8-4802-8354-5e6df694b0c7,13,OGC:WMS,https://services.bgr.de/wms/boden/bodenstoffe/?SERVICE=WMS&REQUEST=GetCapabilities,"In mehreren Forschungsvorhaben wurde ein Konzept zur Ableitung von flächenhaft repräsentativen Hintergrundwerten für Ober- und Unterböden sowie für den Untergrund entwickelt und angewendet. Das Konzept beruht auf einer Zuordnung der 69 bodenkundlichen Legendeneinheiten der BÜK1000N, Version 2.31, zu 15 Bodenausgangsgesteinsgruppen. Außerdem wird für Oberböden zusätzlich nach Landnutzung differenziert. Zur Schaffung eines Datensatzes mit entsprechenden Punktinformationen wurden unterschiedliche Datenbestände aus den Ländern und vom Bund nach Abgleich gegenüber den Mindestanforderungen und inhaltlicher Harmonisierung zusammengeführt. Auf der Grundlage von ca. 5000 harmonisierten Profildaten konnten repräsentative Hintergrundwerte anorganischer Spurenstoffe für Ober- und Unterböden sowie den Untergrund mit einer Flächendeckung von ca. 90% der Bundesrepublik abgeleitet werden und diese werden in der Karte dargestellt. Das genaue Vorgehen bei der Ableitung ist dem Bericht der LABO-Bund/Länder-Arbeitsgemeinschaft Bodenschutz (2003): 'Hintergrundwerte für anorganische und organische Stoffe in Böden, 3. überarbeitete und ergänzte Auflage', zu entnehmen.",2026-06-22 09:51:35.527 +0300
279,2330,fffdf08f-8ee8-4802-8354-5e6df694b0c7,20,OGC:WMS,https://services.bgr.de/wms/boden/bodenstoffe/?SERVICE=WMS&REQUEST=GetCapabilities,"In mehreren Forschungsvorhaben wurde ein Konzept zur Ableitung von flächenhaft repräsentativen Hintergrundwerten für Ober- und Unterböden sowie für den Untergrund entwickelt und angewendet. Das Konzept beruht auf einer Zuordnung der 69 bodenkundlichen Legendeneinheiten der BÜK1000N, Version 2.31, zu 15 Bodenausgangsgesteinsgruppen. Außerdem wird für Oberböden zusätzlich nach Landnutzung differenziert. Zur Schaffung eines Datensatzes mit entsprechenden Punktinformationen wurden unterschiedliche Datenbestände aus den Ländern und vom Bund nach Abgleich gegenüber den Mindestanforderungen und inhaltlicher Harmonisierung zusammengeführt. Auf der Grundlage von ca. 5000 harmonisierten Profildaten konnten repräsentative Hintergrundwerte anorganischer Spurenstoffe für Ober- und Unterböden sowie den Untergrund mit einer Flächendeckung von ca. 90% der Bundesrepublik abgeleitet werden und diese werden in der Karte dargestellt. Das genaue Vorgehen bei der Ableitung ist dem Bericht der LABO-Bund/Länder-Arbeitsgemeinschaft Bodenschutz (2003): 'Hintergrundwerte für anorganische und organische Stoffe in Böden, 3. überarbeitete und ergänzte Auflage', zu entnehmen.",2026-06-22 09:51:35.527 +0300
280,2331,fffdf08f-8ee8-4802-8354-5e6df694b0c7,34,OGC:WMS,https://services.bgr.de/wms/boden/bodenstoffe/?SERVICE=WMS&REQUEST=GetCapabilities,"In mehreren Forschungsvorhaben wurde ein Konzept zur Ableitung von flächenhaft repräsentativen Hintergrundwerten für Ober- und Unterböden sowie für den Untergrund entwickelt und angewendet. Das Konzept beruht auf einer Zuordnung der 69 bodenkundlichen Legendeneinheiten der BÜK1000N, Version 2.31, zu 15 Bodenausgangsgesteinsgruppen. Außerdem wird für Oberböden zusätzlich nach Landnutzung differenziert. Zur Schaffung eines Datensatzes mit entsprechenden Punktinformationen wurden unterschiedliche Datenbestände aus den Ländern und vom Bund nach Abgleich gegenüber den Mindestanforderungen und inhaltlicher Harmonisierung zusammengeführt. Auf der Grundlage von ca. 5000 harmonisierten Profildaten konnten repräsentative Hintergrundwerte anorganischer Spurenstoffe für Ober- und Unterböden sowie den Untergrund mit einer Flächendeckung von ca. 90% der Bundesrepublik abgeleitet werden und diese werden in der Karte dargestellt. Das genaue Vorgehen bei der Ableitung ist dem Bericht der LABO-Bund/Länder-Arbeitsgemeinschaft Bodenschutz (2003): 'Hintergrundwerte für anorganische und organische Stoffe in Böden, 3. überarbeitete und ergänzte Auflage', zu entnehmen.",2026-06-22 09:51:35.527 +0300
281,2332,fffdf08f-8ee8-4802-8354-5e6df694b0c7,41,OGC:WMS,https://services.bgr.de/wms/boden/bodenstoffe/?SERVICE=WMS&REQUEST=GetCapabilities,"In mehreren Forschungsvorhaben wurde ein Konzept zur Ableitung von flächenhaft repräsentativen Hintergrundwerten für Ober- und Unterböden sowie für den Untergrund entwickelt und angewendet. Das Konzept beruht auf einer Zuordnung der 69 bodenkundlichen Legendeneinheiten der BÜK1000N, Version 2.31, zu 15 Bodenausgangsgesteinsgruppen. Außerdem wird für Oberböden zusätzlich nach Landnutzung differenziert. Zur Schaffung eines Datensatzes mit entsprechenden Punktinformationen wurden unterschiedliche Datenbestände aus den Ländern und vom Bund nach Abgleich gegenüber den Mindestanforderungen und inhaltlicher Harmonisierung zusammengeführt. Auf der Grundlage von ca. 5000 harmonisierten Profildaten konnten repräsentative Hintergrundwerte anorganischer Spurenstoffe für Ober- und Unterböden sowie den Untergrund mit einer Flächendeckung von ca. 90% der Bundesrepublik abgeleitet werden und diese werden in der Karte dargestellt. Das genaue Vorgehen bei der Ableitung ist dem Bericht der LABO-Bund/Länder-Arbeitsgemeinschaft Bodenschutz (2003): 'Hintergrundwerte für anorganische und organische Stoffe in Böden, 3. überarbeitete und ergänzte Auflage', zu entnehmen.",2026-06-22 09:51:35.527 +0300
282,2333,fffdf08f-8ee8-4802-8354-5e6df694b0c7,48,OGC:WMS,https://services.bgr.de/wms/boden/bodenstoffe/?SERVICE=WMS&REQUEST=GetCapabilities,"In mehreren Forschungsvorhaben wurde ein Konzept zur Ableitung von flächenhaft repräsentativen Hintergrundwerten für Ober- und Unterböden sowie für den Untergrund entwickelt und angewendet. Das Konzept beruht auf einer Zuordnung der 69 bodenkundlichen Legendeneinheiten der BÜK1000N, Version 2.31, zu 15 Bodenausgangsgesteinsgruppen. Außerdem wird für Oberböden zusätzlich nach Landnutzung differenziert. Zur Schaffung eines Datensatzes mit entsprechenden Punktinformationen wurden unterschiedliche Datenbestände aus den Ländern und vom Bund nach Abgleich gegenüber den Mindestanforderungen und inhaltlicher Harmonisierung zusammengeführt. Auf der Grundlage von ca. 5000 harmonisierten Profildaten konnten repräsentative Hintergrundwerte anorganischer Spurenstoffe für Ober- und Unterböden sowie den Untergrund mit einer Flächendeckung von ca. 90% der Bundesrepublik abgeleitet werden und diese werden in der Karte dargestellt. Das genaue Vorgehen bei der Ableitung ist dem Bericht der LABO-Bund/Länder-Arbeitsgemeinschaft Bodenschutz (2003): 'Hintergrundwerte für anorganische und organische Stoffe in Böden, 3. überarbeitete und ergänzte Auflage', zu entnehmen.",2026-06-22 09:51:35.527 +0300
283,2334,fffdf08f-8ee8-4802-8354-5e6df694b0c7,62,OGC:WMS,https://services.bgr.de/wms/boden/bodenstoffe/?SERVICE=WMS&REQUEST=GetCapabilities,"In mehreren Forschungsvorhaben wurde ein Konzept zur Ableitung von flächenhaft repräsentativen Hintergrundwerten für Ober- und Unterböden sowie für den Untergrund entwickelt und angewendet. Das Konzept beruht auf einer Zuordnung der 69 bodenkundlichen Legendeneinheiten der BÜK1000N, Version 2.31, zu 15 Bodenausgangsgesteinsgruppen. Außerdem wird für Oberböden zusätzlich nach Landnutzung differenziert. Zur Schaffung eines Datensatzes mit entsprechenden Punktinformationen wurden unterschiedliche Datenbestände aus den Ländern und vom Bund nach Abgleich gegenüber den Mindestanforderungen und inhaltlicher Harmonisierung zusammengeführt. Auf der Grundlage von ca. 5000 harmonisierten Profildaten konnten repräsentative Hintergrundwerte anorganischer Spurenstoffe für Ober- und Unterböden sowie den Untergrund mit einer Flächendeckung von ca. 90% der Bundesrepublik abgeleitet werden und diese werden in der Karte dargestellt. Das genaue Vorgehen bei der Ableitung ist dem Bericht der LABO-Bund/Länder-Arbeitsgemeinschaft Bodenschutz (2003): 'Hintergrundwerte für anorganische und organische Stoffe in Böden, 3. überarbeitete und ergänzte Auflage', zu entnehmen.",2026-06-22 09:51:35.527 +0300
284,2335,fffdf08f-8ee8-4802-8354-5e6df694b0c7,"4,6,13,20,27,34,41,48,55,62,69,76,83,90,97,104",ogc:wms,https://services.bgr.de/wms/boden/bodenstoffe/?SERVICE=WMS&REQUEST=GetCapabilities,NULL,2026-06-22 09:51:35.527 +0300
2479,69291,http://id.igeo.pt/cdg/35821c18-cea8-47c4-bde0-4580d6808c11,NULL,OGC:WMS-1.3.0-http-get-map,https://geoservices.madeira.gov.pt/geoserver/SO_CARTASOLOS/wms?VERSION=1.3.0&service=WMS&REQUEST=GetCapabilities,NULL,2026-06-22 09:51:35.527 +0300
2480,69294,http://id.igeo.pt/cdg/35821c18-cea8-47c4-bde0-4580d6808c11,NULL,OGC:WMS-1.3.0-http-get-map,https://geoservices.madeira.gov.pt/geoserver/SO_CARTASOLOS/wms?VERSION=1.3.0&service=WMS&REQUEST=GetCapabilities,NULL,2026-06-22 09:51:35.527 +0300
2619,114646,http://id.igeo.pt/cdg/35821c18-cea8-47c4-bde0-4580d6808c11,NULL,OGC:WMS-1.3.0-http-get-map,https://geoservices.madeira.gov.pt/geoserver/SO_CARTASOLOS/wms?VERSION=1.3.0&service=WMS&REQUEST=GetCapabilities,NULL,2026-06-22 09:51:35.527 +0300
2636,122580,http://id.igeo.pt/cdg/35821c18-cea8-47c4-bde0-4580d6808c11,NULL,OGC:WMS-1.3.0-http-get-map,https://geoservices.madeira.gov.pt/geoserver/SO_CARTASOLOS/wms?VERSION=1.3.0&service=WMS&REQUEST=GetCapabilities,NULL,2026-06-22 09:51:35.527 +0300
2637,122662,http://id.igeo.pt/cdg/35821c18-cea8-47c4-bde0-4580d6808c11,NULL,OGC:WMS-1.3.0-http-get-map,https://geoservices.madeira.gov.pt/geoserver/SO_CARTASOLOS/wms?VERSION=1.3.0&service=WMS&REQUEST=GetCapabilities,NULL,2026-06-22 09:51:35.527 +0300
2679,135257,http://id.igeo.pt/cdg/35821c18-cea8-47c4-bde0-4580d6808c11,NULL,OGC:WMS-1.3.0-http-get-map,https://geoservices.madeira.gov.pt/geoserver/SO_CARTASOLOS/wms?VERSION=1.3.0&service=WMS&REQUEST=GetCapabilities,NULL,2026-06-22 09:51:35.527 +0300
2694,137044,http://id.igeo.pt/cdg/35821c18-cea8-47c4-bde0-4580d6808c11,NULL,OGC:WMS-1.3.0-http-get-map,https://geoservices.madeira.gov.pt/geoserver/SO_CARTASOLOS/wms?VERSION=1.3.0&service=WMS&REQUEST=GetCapabilities,NULL,2026-06-22 09:51:35.527 +0300
2695,137108,http://id.igeo.pt/cdg/35821c18-cea8-47c4-bde0-4580d6808c11,NULL,OGC:WMS-1.3.0-http-get-map,https://geoservices.madeira.gov.pt/geoserver/SO_CARTASOLOS/wms?VERSION=1.3.0&service=WMS&REQUEST=GetCapabilities,NULL,2026-06-22 09:51:35.527 +0300
2783,158532,http://id.igeo.pt/cdg/35821c18-cea8-47c4-bde0-4580d6808c11,NULL,OGC:WMS-1.3.0-http-get-map,https://geoservices.madeira.gov.pt/geoserver/SO_CARTASOLOS/wms?VERSION=1.3.0&service=WMS&REQUEST=GetCapabilities,NULL,2026-06-22 09:51:35.527 +0300
2791,160069,http://id.igeo.pt/cdg/35821c18-cea8-47c4-bde0-4580d6808c11,NULL,OGC:WMS-1.3.0-http-get-map,https://geoservices.madeira.gov.pt/geoserver/SO_CARTASOLOS/wms?VERSION=1.3.0&service=WMS&REQUEST=GetCapabilities,NULL,2026-06-22 09:51:35.527 +0300
2838,166685,http://id.igeo.pt/cdg/35821c18-cea8-47c4-bde0-4580d6808c11,NULL,OGC:WMS-1.3.0-http-get-map,https://geoservices.madeira.gov.pt/geoserver/SO_CARTASOLOS/wms?VERSION=1.3.0&service=WMS&REQUEST=GetCapabilities,NULL,2026-06-22 09:51:35.527 +0300
2849,168486,http://id.igeo.pt/cdg/35821c18-cea8-47c4-bde0-4580d6808c11,NULL,OGC:WMS-1.3.0-http-get-map,https://geoservices.madeira.gov.pt/geoserver/SO_CARTASOLOS/wms?VERSION=1.3.0&service=WMS&REQUEST=GetCapabilities,NULL,2026-06-22 09:51:35.527 +0300
2850,168549,http://id.igeo.pt/cdg/35821c18-cea8-47c4-bde0-4580d6808c11,NULL,OGC:WMS-1.3.0-http-get-map,https://geoservices.madeira.gov.pt/geoserver/SO_CARTASOLOS/wms?VERSION=1.3.0&service=WMS&REQUEST=GetCapabilities,NULL,2026-06-22 09:51:35.527 +0300
2885,178115,http://id.igeo.pt/cdg/35821c18-cea8-47c4-bde0-4580d6808c11,NULL,OGC:WMS-1.3.0-http-get-map,https://geoservices.madeira.gov.pt/geoserver/SO_CARTASOLOS/wms?VERSION=1.3.0&service=WMS&REQUEST=GetCapabilities,NULL,2026-06-22 09:51:35.527 +0300
2890,181121,http://id.igeo.pt/cdg/35821c18-cea8-47c4-bde0-4580d6808c11,NULL,OGC:WMS-1.3.0-http-get-map,https://geoservices.madeira.gov.pt/geoserver/SO_CARTASOLOS/wms?VERSION=1.3.0&service=WMS&REQUEST=GetCapabilities,NULL,2026-06-22 09:51:35.527 +0300
2897,181183,http://id.igeo.pt/cdg/35821c18-cea8-47c4-bde0-4580d6808c11,NULL,OGC:WMS-1.3.0-http-get-map,https://geoservices.madeira.gov.pt/geoserver/SO_CARTASOLOS/wms?VERSION=1.3.0&service=WMS&REQUEST=GetCapabilities,NULL,2026-06-22 09:51:35.527 +0300
2945,193143,http://id.igeo.pt/cdg/35821c18-cea8-47c4-bde0-4580d6808c11,NULL,OGC:WMS-1.3.0-http-get-map,https://geoservices.madeira.gov.pt/geoserver/SO_CARTASOLOS/wms?VERSION=1.3.0&service=WMS&REQUEST=GetCapabilities,NULL,2026-06-22 09:51:35.527 +0300
2961,195056,http://id.igeo.pt/cdg/35821c18-cea8-47c4-bde0-4580d6808c11,NULL,OGC:WMS-1.3.0-http-get-map,https://geoservices.madeira.gov.pt/geoserver/SO_CARTASOLOS/wms?VERSION=1.3.0&service=WMS&REQUEST=GetCapabilities,NULL,2026-06-22 09:51:35.527 +0300
2962,195109,http://id.igeo.pt/cdg/35821c18-cea8-47c4-bde0-4580d6808c11,NULL,OGC:WMS-1.3.0-http-get-map,https://geoservices.madeira.gov.pt/geoserver/SO_CARTASOLOS/wms?VERSION=1.3.0&service=WMS&REQUEST=GetCapabilities,NULL,2026-06-22 09:51:35.527 +0300
2969,195314,http://id.igeo.pt/cdg/35821c18-cea8-47c4-bde0-4580d6808c11,NULL,OGC:WMS-1.3.0-http-get-map,https://geoservices.madeira.gov.pt/geoserver/SO_CARTASOLOS/wms?VERSION=1.3.0&service=WMS&REQUEST=GetCapabilities,NULL,2026-06-22 09:51:35.527 +0300
2983,197104,http://id.igeo.pt/cdg/35821c18-cea8-47c4-bde0-4580d6808c11,NULL,OGC:WMS-1.3.0-http-get-map,https://geoservices.madeira.gov.pt/geoserver/SO_CARTASOLOS/wms?VERSION=1.3.0&service=WMS&REQUEST=GetCapabilities,NULL,2026-06-22 09:51:35.527 +0300
3021,208505,http://id.igeo.pt/cdg/35821c18-cea8-47c4-bde0-4580d6808c11,NULL,OGC:WMS-1.3.0-http-get-map,https://geoservices.madeira.gov.pt/geoserver/SO_CARTASOLOS/wms?VERSION=1.3.0&service=WMS&REQUEST=GetCapabilities,NULL,2026-06-22 09:51:35.527 +0300
3037,210419,http://id.igeo.pt/cdg/35821c18-cea8-47c4-bde0-4580d6808c11,NULL,OGC:WMS-1.3.0-http-get-map,https://geoservices.madeira.gov.pt/geoserver/SO_CARTASOLOS/wms?VERSION=1.3.0&service=WMS&REQUEST=GetCapabilities,NULL,2026-06-22 09:51:35.527 +0300
3038,210474,http://id.igeo.pt/cdg/35821c18-cea8-47c4-bde0-4580d6808c11,NULL,OGC:WMS-1.3.0-http-get-map,https://geoservices.madeira.gov.pt/geoserver/SO_CARTASOLOS/wms?VERSION=1.3.0&service=WMS&REQUEST=GetCapabilities,NULL,2026-06-22 09:51:35.527 +0300
3053,212862,http://id.igeo.pt/cdg/35821c18-cea8-47c4-bde0-4580d6808c11,NULL,OGC:WMS-1.3.0-http-get-map,https://geoservices.madeira.gov.pt/geoserver/SO_CARTASOLOS/wms?VERSION=1.3.0&service=WMS&REQUEST=GetCapabilities,NULL,2026-06-22 09:51:35.527 +0300
3065,214787,http://id.igeo.pt/cdg/35821c18-cea8-47c4-bde0-4580d6808c11,NULL,OGC:WMS-1.3.0-http-get-map,https://geoservices.madeira.gov.pt/geoserver/SO_CARTASOLOS/wms?VERSION=1.3.0&service=WMS&REQUEST=GetCapabilities,NULL,2026-06-22 09:51:35.527 +0300
3066,214947,http://id.igeo.pt/cdg/35821c18-cea8-47c4-bde0-4580d6808c11,NULL,OGC:WMS-1.3.0-http-get-map,https://geoservices.madeira.gov.pt/geoserver/SO_CARTASOLOS/wms?VERSION=1.3.0&service=WMS&REQUEST=GetCapabilities,NULL,2026-06-22 09:51:35.527 +0300
3112,227254,http://id.igeo.pt/cdg/35821c18-cea8-47c4-bde0-4580d6808c11,NULL,OGC:WMS-1.3.0-http-get-map,https://geoservices.madeira.gov.pt/geoserver/SO_CARTASOLOS/wms?VERSION=1.3.0&service=WMS&REQUEST=GetCapabilities,NULL,2026-06-22 09:51:35.527 +0300
3128,229160,http://id.igeo.pt/cdg/35821c18-cea8-47c4-bde0-4580d6808c11,NULL,OGC:WMS-1.3.0-http-get-map,https://geoservices.madeira.gov.pt/geoserver/SO_CARTASOLOS/wms?VERSION=1.3.0&service=WMS&REQUEST=GetCapabilities,NULL,2026-06-22 09:51:35.527 +0300
3129,229211,http://id.igeo.pt/cdg/35821c18-cea8-47c4-bde0-4580d6808c11,NULL,OGC:WMS-1.3.0-http-get-map,https://geoservices.madeira.gov.pt/geoserver/SO_CARTASOLOS/wms?VERSION=1.3.0&service=WMS&REQUEST=GetCapabilities,NULL,2026-06-22 09:51:35.527 +0300
3179,241373,http://id.igeo.pt/cdg/35821c18-cea8-47c4-bde0-4580d6808c11,NULL,OGC:WMS-1.3.0-http-get-map,https://geoservices.madeira.gov.pt/geoserver/SO_CARTASOLOS/wms?VERSION=1.3.0&service=WMS&REQUEST=GetCapabilities,NULL,2026-06-22 09:51:35.527 +0300
3194,243581,http://id.igeo.pt/cdg/35821c18-cea8-47c4-bde0-4580d6808c11,NULL,OGC:WMS-1.3.0-http-get-map,https://geoservices.madeira.gov.pt/geoserver/SO_CARTASOLOS/wms?VERSION=1.3.0&service=WMS&REQUEST=GetCapabilities,NULL,2026-06-22 09:51:35.527 +0300
3195,243636,http://id.igeo.pt/cdg/35821c18-cea8-47c4-bde0-4580d6808c11,NULL,OGC:WMS-1.3.0-http-get-map,https://geoservices.madeira.gov.pt/geoserver/SO_CARTASOLOS/wms?VERSION=1.3.0&service=WMS&REQUEST=GetCapabilities,NULL,2026-06-22 09:51:35.527 +0300
3222,247107,http://id.igeo.pt/cdg/35821c18-cea8-47c4-bde0-4580d6808c11,NULL,OGC:WMS-1.3.0-http-get-map,https://geoservices.madeira.gov.pt/geoserver/SO_CARTASOLOS/wms?VERSION=1.3.0&service=WMS&REQUEST=GetCapabilities,NULL,2026-06-22 09:51:35.527 +0300
3233,249487,http://id.igeo.pt/cdg/35821c18-cea8-47c4-bde0-4580d6808c11,NULL,OGC:WMS-1.3.0-http-get-map,https://geoservices.madeira.gov.pt/geoserver/SO_CARTASOLOS/wms?VERSION=1.3.0&service=WMS&REQUEST=GetCapabilities,NULL,2026-06-22 09:51:35.527 +0300
3234,249618,http://id.igeo.pt/cdg/35821c18-cea8-47c4-bde0-4580d6808c11,NULL,OGC:WMS-1.3.0-http-get-map,https://geoservices.madeira.gov.pt/geoserver/SO_CARTASOLOS/wms?VERSION=1.3.0&service=WMS&REQUEST=GetCapabilities,NULL,2026-06-22 09:51:35.527 +0300
3284,263594,http://id.igeo.pt/cdg/35821c18-cea8-47c4-bde0-4580d6808c11,NULL,OGC:WMS-1.3.0-http-get-map,https://geoservices.madeira.gov.pt/geoserver/SO_CARTASOLOS/wms?VERSION=1.3.0&service=WMS&REQUEST=GetCapabilities,NULL,2026-06-22 09:51:35.527 +0300
3294,266685,http://id.igeo.pt/cdg/35821c18-cea8-47c4-bde0-4580d6808c11,NULL,OGC:WMS-1.3.0-http-get-map,https://geoservices.madeira.gov.pt/geoserver/SO_CARTASOLOS/wms?VERSION=1.3.0&service=WMS&REQUEST=GetCapabilities,NULL,2026-06-22 09:51:35.527 +0300
3295,266775,http://id.igeo.pt/cdg/35821c18-cea8-47c4-bde0-4580d6808c11,NULL,OGC:WMS-1.3.0-http-get-map,https://geoservices.madeira.gov.pt/geoserver/SO_CARTASOLOS/wms?VERSION=1.3.0&service=WMS&REQUEST=GetCapabilities,NULL,2026-06-22 09:51:35.527 +0300
3343,278831,http://id.igeo.pt/cdg/35821c18-cea8-47c4-bde0-4580d6808c11,NULL,OGC:WMS-1.3.0-http-get-map,https://geoservices.madeira.gov.pt/geoserver/SO_CARTASOLOS/wms?VERSION=1.3.0&service=WMS&REQUEST=GetCapabilities,NULL,2026-06-22 09:51:35.527 +0300
3349,280056,http://id.igeo.pt/cdg/35821c18-cea8-47c4-bde0-4580d6808c11,NULL,OGC:WMS-1.3.0-http-get-map,https://geoservices.madeira.gov.pt/geoserver/SO_CARTASOLOS/wms?VERSION=1.3.0&service=WMS&REQUEST=GetCapabilities,NULL,2026-06-22 09:51:35.527 +0300
3410,295487,http://id.igeo.pt/cdg/35821c18-cea8-47c4-bde0-4580d6808c11,NULL,OGC:WMS-1.3.0-http-get-map,https://geoservices.madeira.gov.pt/geoserver/SO_CARTASOLOS/wms?VERSION=1.3.0&service=WMS&REQUEST=GetCapabilities,NULL,2026-06-22 09:51:35.527 +0300
3416,295754,http://id.igeo.pt/cdg/35821c18-cea8-47c4-bde0-4580d6808c11,NULL,OGC:WMS-1.3.0-http-get-map,https://geoservices.madeira.gov.pt/geoserver/SO_CARTASOLOS/wms?VERSION=1.3.0&service=WMS&REQUEST=GetCapabilities,NULL,2026-06-22 09:51:35.527 +0300
3481,311345,http://id.igeo.pt/cdg/35821c18-cea8-47c4-bde0-4580d6808c11,NULL,OGC:WMS-1.3.0-http-get-map,https://geoservices.madeira.gov.pt/geoserver/SO_CARTASOLOS/wms?VERSION=1.3.0&service=WMS&REQUEST=GetCapabilities,NULL,2026-06-22 09:51:35.527 +0300
3495,313505,http://id.igeo.pt/cdg/35821c18-cea8-47c4-bde0-4580d6808c11,NULL,OGC:WMS-1.3.0-http-get-map,https://geoservices.madeira.gov.pt/geoserver/SO_CARTASOLOS/wms?VERSION=1.3.0&service=WMS&REQUEST=GetCapabilities,NULL,2026-06-22 09:51:35.527 +0300
3496,313561,http://id.igeo.pt/cdg/35821c18-cea8-47c4-bde0-4580d6808c11,NULL,OGC:WMS-1.3.0-http-get-map,https://geoservices.madeira.gov.pt/geoserver/SO_CARTASOLOS/wms?VERSION=1.3.0&service=WMS&REQUEST=GetCapabilities,NULL,2026-06-22 09:51:35.527 +0300
3550,327045,http://id.igeo.pt/cdg/35821c18-cea8-47c4-bde0-4580d6808c11,NULL,OGC:WMS-1.3.0-http-get-map,https://geoservices.madeira.gov.pt/geoserver/SO_CARTASOLOS/wms?VERSION=1.3.0&service=WMS&REQUEST=GetCapabilities,NULL,2026-06-22 09:51:35.527 +0300
3558,327456,http://id.igeo.pt/cdg/35821c18-cea8-47c4-bde0-4580d6808c11,NULL,OGC:WMS-1.3.0-http-get-map,https://geoservices.madeira.gov.pt/geoserver/SO_CARTASOLOS/wms?VERSION=1.3.0&service=WMS&REQUEST=GetCapabilities,NULL,2026-06-22 09:51:35.527 +0300
3622,342821,http://id.igeo.pt/cdg/35821c18-cea8-47c4-bde0-4580d6808c11,NULL,OGC:WMS-1.3.0-http-get-map,https://geoservices.madeira.gov.pt/geoserver/SO_CARTASOLOS/wms?VERSION=1.3.0&service=WMS&REQUEST=GetCapabilities,NULL,2026-06-22 09:51:35.527 +0300
3630,343795,http://id.igeo.pt/cdg/35821c18-cea8-47c4-bde0-4580d6808c11,NULL,OGC:WMS-1.3.0-http-get-map,https://geoservices.madeira.gov.pt/geoserver/SO_CARTASOLOS/wms?VERSION=1.3.0&service=WMS&REQUEST=GetCapabilities,NULL,2026-06-22 09:51:35.527 +0300
3692,356609,http://id.igeo.pt/cdg/35821c18-cea8-47c4-bde0-4580d6808c11,NULL,OGC:WMS-1.3.0-http-get-map,https://geoservices.madeira.gov.pt/geoserver/SO_CARTASOLOS/wms?VERSION=1.3.0&service=WMS&REQUEST=GetCapabilities,NULL,2026-06-22 09:51:35.527 +0300
3697,357280,http://id.igeo.pt/cdg/35821c18-cea8-47c4-bde0-4580d6808c11,NULL,OGC:WMS-1.3.0-http-get-map,https://geoservices.madeira.gov.pt/geoserver/SO_CARTASOLOS/wms?VERSION=1.3.0&service=WMS&REQUEST=GetCapabilities,NULL,2026-06-22 09:51:35.527 +0300
3749,370173,http://id.igeo.pt/cdg/35821c18-cea8-47c4-bde0-4580d6808c11,NULL,OGC:WMS-1.3.0-http-get-map,https://geoservices.madeira.gov.pt/geoserver/SO_CARTASOLOS/wms?VERSION=1.3.0&service=WMS&REQUEST=GetCapabilities,NULL,2026-06-22 09:51:35.527 +0300
3757,372949,http://id.igeo.pt/cdg/35821c18-cea8-47c4-bde0-4580d6808c11,NULL,OGC:WMS-1.3.0-http-get-map,https://geoservices.madeira.gov.pt/geoserver/SO_CARTASOLOS/wms?VERSION=1.3.0&service=WMS&REQUEST=GetCapabilities,NULL,2026-06-22 09:51:35.527 +0300
3758,373010,http://id.igeo.pt/cdg/35821c18-cea8-47c4-bde0-4580d6808c11,NULL,OGC:WMS-1.3.0-http-get-map,https://geoservices.madeira.gov.pt/geoserver/SO_CARTASOLOS/wms?VERSION=1.3.0&service=WMS&REQUEST=GetCapabilities,NULL,2026-06-22 09:51:35.527 +0300
3802,383405,http://id.igeo.pt/cdg/35821c18-cea8-47c4-bde0-4580d6808c11,NULL,OGC:WMS-1.3.0-http-get-map,https://geoservices.madeira.gov.pt/geoserver/SO_CARTASOLOS/wms?VERSION=1.3.0&service=WMS&REQUEST=GetCapabilities,NULL,2026-06-22 09:51:35.527 +0300
3810,386075,http://id.igeo.pt/cdg/35821c18-cea8-47c4-bde0-4580d6808c11,NULL,OGC:WMS-1.3.0-http-get-map,https://geoservices.madeira.gov.pt/geoserver/SO_CARTASOLOS/wms?VERSION=1.3.0&service=WMS&REQUEST=GetCapabilities,NULL,2026-06-22 09:51:35.527 +0300
3811,386136,http://id.igeo.pt/cdg/35821c18-cea8-47c4-bde0-4580d6808c11,NULL,OGC:WMS-1.3.0-http-get-map,https://geoservices.madeira.gov.pt/geoserver/SO_CARTASOLOS/wms?VERSION=1.3.0&service=WMS&REQUEST=GetCapabilities,NULL,2026-06-22 09:51:35.527 +0300
3859,398630,http://id.igeo.pt/cdg/35821c18-cea8-47c4-bde0-4580d6808c11,NULL,OGC:WMS-1.3.0-http-get-map,https://geoservices.madeira.gov.pt/geoserver/SO_CARTASOLOS/wms?VERSION=1.3.0&service=WMS&REQUEST=GetCapabilities,NULL,2026-06-22 09:51:35.527 +0300
3867,401212,http://id.igeo.pt/cdg/35821c18-cea8-47c4-bde0-4580d6808c11,NULL,OGC:WMS-1.3.0-http-get-map,https://geoservices.madeira.gov.pt/geoserver/SO_CARTASOLOS/wms?VERSION=1.3.0&service=WMS&REQUEST=GetCapabilities,NULL,2026-06-22 09:51:35.527 +0300
3868,401278,http://id.igeo.pt/cdg/35821c18-cea8-47c4-bde0-4580d6808c11,NULL,OGC:WMS-1.3.0-http-get-map,https://geoservices.madeira.gov.pt/geoserver/SO_CARTASOLOS/wms?VERSION=1.3.0&service=WMS&REQUEST=GetCapabilities,NULL,2026-06-22 09:51:35.527 +0300
3898,406454,http://id.igeo.pt/cdg/35821c18-cea8-47c4-bde0-4580d6808c11,NULL,OGC:WMS-1.3.0-http-get-map,https://geoservices.madeira.gov.pt/geoserver/SO_CARTASOLOS/wms?VERSION=1.3.0&service=WMS&REQUEST=GetCapabilities,NULL,2026-06-22 09:51:35.527 +0300
3905,408862,http://id.igeo.pt/cdg/35821c18-cea8-47c4-bde0-4580d6808c11,NULL,OGC:WMS-1.3.0-http-get-map,https://geoservices.madeira.gov.pt/geoserver/SO_CARTASOLOS/wms?VERSION=1.3.0&service=WMS&REQUEST=GetCapabilities,NULL,2026-06-22 09:51:35.527 +0300
3918,413253,http://id.igeo.pt/cdg/35821c18-cea8-47c4-bde0-4580d6808c11,NULL,OGC:WMS-1.3.0-http-get-map,https://geoservices.madeira.gov.pt/geoserver/SO_CARTASOLOS/wms?VERSION=1.3.0&service=WMS&REQUEST=GetCapabilities,NULL,2026-06-22 09:51:35.527 +0300
3924,415416,http://id.igeo.pt/cdg/35821c18-cea8-47c4-bde0-4580d6808c11,NULL,OGC:WMS-1.3.0-http-get-map,https://geoservices.madeira.gov.pt/geoserver/SO_CARTASOLOS/wms?VERSION=1.3.0&service=WMS&REQUEST=GetCapabilities,NULL,2026-06-22 09:51:35.527 +0300
3940,419787,http://id.igeo.pt/cdg/35821c18-cea8-47c4-bde0-4580d6808c11,NULL,OGC:WMS-1.3.0-http-get-map,https://geoservices.madeira.gov.pt/geoserver/SO_CARTASOLOS/wms?VERSION=1.3.0&service=WMS&REQUEST=GetCapabilities,NULL,2026-06-22 09:51:35.527 +0300
3945,421895,http://id.igeo.pt/cdg/35821c18-cea8-47c4-bde0-4580d6808c11,NULL,OGC:WMS-1.3.0-http-get-map,https://geoservices.madeira.gov.pt/geoserver/SO_CARTASOLOS/wms?VERSION=1.3.0&service=WMS&REQUEST=GetCapabilities,NULL,2026-06-22 09:51:35.527 +0300
3988,431595,http://id.igeo.pt/cdg/35821c18-cea8-47c4-bde0-4580d6808c11,NULL,OGC:WMS-1.3.0-http-get-map,https://geoservices.madeira.gov.pt/geoserver/SO_CARTASOLOS/wms?VERSION=1.3.0&service=WMS&REQUEST=GetCapabilities,NULL,2026-06-22 09:51:35.527 +0300
3993,434351,http://id.igeo.pt/cdg/35821c18-cea8-47c4-bde0-4580d6808c11,NULL,OGC:WMS-1.3.0-http-get-map,https://geoservices.madeira.gov.pt/geoserver/SO_CARTASOLOS/wms?VERSION=1.3.0&service=WMS&REQUEST=GetCapabilities,NULL,2026-06-22 09:51:35.527 +0300
4035,443931,http://id.igeo.pt/cdg/35821c18-cea8-47c4-bde0-4580d6808c11,NULL,OGC:WMS-1.3.0-http-get-map,https://geoservices.madeira.gov.pt/geoserver/SO_CARTASOLOS/wms?VERSION=1.3.0&service=WMS&REQUEST=GetCapabilities,NULL,2026-06-22 09:51:35.527 +0300
4040,446767,http://id.igeo.pt/cdg/35821c18-cea8-47c4-bde0-4580d6808c11,NULL,OGC:WMS-1.3.0-http-get-map,https://geoservices.madeira.gov.pt/geoserver/SO_CARTASOLOS/wms?VERSION=1.3.0&service=WMS&REQUEST=GetCapabilities,NULL,2026-06-22 09:51:35.527 +0300
4050,451298,http://id.igeo.pt/cdg/35821c18-cea8-47c4-bde0-4580d6808c11,NULL,OGC:WMS-1.3.0-http-get-map,https://geoservices.madeira.gov.pt/geoserver/SO_CARTASOLOS/wms?VERSION=1.3.0&service=WMS&REQUEST=GetCapabilities,NULL,2026-06-22 09:51:35.527 +0300
4055,453554,http://id.igeo.pt/cdg/35821c18-cea8-47c4-bde0-4580d6808c11,NULL,OGC:WMS-1.3.0-http-get-map,https://geoservices.madeira.gov.pt/geoserver/SO_CARTASOLOS/wms?VERSION=1.3.0&service=WMS&REQUEST=GetCapabilities,NULL,2026-06-22 09:51:35.527 +0300
4067,457888,http://id.igeo.pt/cdg/35821c18-cea8-47c4-bde0-4580d6808c11,NULL,OGC:WMS-1.3.0-http-get-map,https://geoservices.madeira.gov.pt/geoserver/SO_CARTASOLOS/wms?VERSION=1.3.0&service=WMS&REQUEST=GetCapabilities,NULL,2026-06-22 09:51:35.527 +0300
4071,460127,http://id.igeo.pt/cdg/35821c18-cea8-47c4-bde0-4580d6808c11,NULL,OGC:WMS-1.3.0-http-get-map,https://geoservices.madeira.gov.pt/geoserver/SO_CARTASOLOS/wms?VERSION=1.3.0&service=WMS&REQUEST=GetCapabilities,NULL,2026-06-22 09:51:35.527 +0300
4084,464540,http://id.igeo.pt/cdg/35821c18-cea8-47c4-bde0-4580d6808c11,NULL,OGC:WMS-1.3.0-http-get-map,https://geoservices.madeira.gov.pt/geoserver/SO_CARTASOLOS/wms?VERSION=1.3.0&service=WMS&REQUEST=GetCapabilities,NULL,2026-06-22 09:51:35.527 +0300
4088,466787,http://id.igeo.pt/cdg/35821c18-cea8-47c4-bde0-4580d6808c11,NULL,OGC:WMS-1.3.0-http-get-map,https://geoservices.madeira.gov.pt/geoserver/SO_CARTASOLOS/wms?VERSION=1.3.0&service=WMS&REQUEST=GetCapabilities,NULL,2026-06-22 09:51:35.527 +0300
4130,476464,http://id.igeo.pt/cdg/35821c18-cea8-47c4-bde0-4580d6808c11,NULL,OGC:WMS-1.3.0-http-get-map,https://geoservices.madeira.gov.pt/geoserver/SO_CARTASOLOS/wms?VERSION=1.3.0&service=WMS&REQUEST=GetCapabilities,NULL,2026-06-22 09:51:35.527 +0300
4134,479215,http://id.igeo.pt/cdg/35821c18-cea8-47c4-bde0-4580d6808c11,NULL,OGC:WMS-1.3.0-http-get-map,https://geoservices.madeira.gov.pt/geoserver/SO_CARTASOLOS/wms?VERSION=1.3.0&service=WMS&REQUEST=GetCapabilities,NULL,2026-06-22 09:51:35.527 +0300
4145,483536,http://id.igeo.pt/cdg/35821c18-cea8-47c4-bde0-4580d6808c11,NULL,OGC:WMS-1.3.0-http-get-map,https://geoservices.madeira.gov.pt/geoserver/SO_CARTASOLOS/wms?VERSION=1.3.0&service=WMS&REQUEST=GetCapabilities,NULL,2026-06-22 09:51:35.527 +0300
4150,485784,http://id.igeo.pt/cdg/35821c18-cea8-47c4-bde0-4580d6808c11,NULL,OGC:WMS-1.3.0-http-get-map,https://geoservices.madeira.gov.pt/geoserver/SO_CARTASOLOS/wms?VERSION=1.3.0&service=WMS&REQUEST=GetCapabilities,NULL,2026-06-22 09:51:35.527 +0300
4163,490241,http://id.igeo.pt/cdg/35821c18-cea8-47c4-bde0-4580d6808c11,NULL,OGC:WMS-1.3.0-http-get-map,https://geoservices.madeira.gov.pt/geoserver/SO_CARTASOLOS/wms?VERSION=1.3.0&service=WMS&REQUEST=GetCapabilities,NULL,2026-06-22 09:51:35.527 +0300
4167,492478,http://id.igeo.pt/cdg/35821c18-cea8-47c4-bde0-4580d6808c11,NULL,OGC:WMS-1.3.0-http-get-map,https://geoservices.madeira.gov.pt/geoserver/SO_CARTASOLOS/wms?VERSION=1.3.0&service=WMS&REQUEST=GetCapabilities,NULL,2026-06-22 09:51:35.527 +0300
4203,507674,http://id.igeo.pt/cdg/35821c18-cea8-47c4-bde0-4580d6808c11,NULL,OGC:WMS-1.3.0-http-get-map,https://geoservices.madeira.gov.pt/geoserver/SO_CARTASOLOS/wms?VERSION=1.3.0&service=WMS&REQUEST=GetCapabilities,NULL,2026-06-22 09:51:35.527 +0300
4207,511350,http://id.igeo.pt/cdg/35821c18-cea8-47c4-bde0-4580d6808c11,NULL,OGC:WMS-1.3.0-http-get-map,https://geoservices.madeira.gov.pt/geoserver/SO_CARTASOLOS/wms?VERSION=1.3.0&service=WMS&REQUEST=GetCapabilities,NULL,2026-06-22 09:51:35.527 +0300
4456,526920,http://id.igeo.pt/cdg/35821c18-cea8-47c4-bde0-4580d6808c11,NULL,OGC:WMS-1.3.0-http-get-map,https://geoservices.madeira.gov.pt/geoserver/SO_CARTASOLOS/wms?VERSION=1.3.0&service=WMS&REQUEST=GetCapabilities,NULL,2026-06-22 09:51:35.527 +0300
4471,529872,http://id.igeo.pt/cdg/35821c18-cea8-47c4-bde0-4580d6808c11,NULL,OGC:WMS-1.3.0-http-get-map,https://geoservices.madeira.gov.pt/geoserver/SO_CARTASOLOS/wms?VERSION=1.3.0&service=WMS&REQUEST=GetCapabilities,NULL,2026-06-22 09:51:35.527 +0300
4488,532792,http://id.igeo.pt/cdg/35821c18-cea8-47c4-bde0-4580d6808c11,NULL,OGC:WMS-1.3.0-http-get-map,https://geoservices.madeira.gov.pt/geoserver/SO_CARTASOLOS/wms?VERSION=1.3.0&service=WMS&REQUEST=GetCapabilities,NULL,2026-06-22 09:51:35.527 +0300
4530,535458,http://id.igeo.pt/cdg/35821c18-cea8-47c4-bde0-4580d6808c11,NULL,OGC:WMS-1.3.0-http-get-map,https://geoservices.madeira.gov.pt/geoserver/SO_CARTASOLOS/wms?VERSION=1.3.0&service=WMS&REQUEST=GetCapabilities,NULL,2026-06-22 09:51:35.527 +0300
2206,56522,http://paikkatiedot.fi/so/1000835,NULL,http://www.opengis.net/def/serviceType/ogc/wms,https://avoin.metsakeskus.fi/rajapinnat/v1/stand/ows?,NULL,2026-06-22 09:51:35.527 +0300
2635,122555,http://paikkatiedot.fi/so/1000835,NULL,http://www.opengis.net/def/serviceType/ogc/wms,https://avoin.metsakeskus.fi/rajapinnat/v1/stand/ows?,NULL,2026-06-22 09:51:35.527 +0300
2675,132488,http://paikkatiedot.fi/so/1000835,NULL,http://www.opengis.net/def/serviceType/ogc/wms,https://avoin.metsakeskus.fi/rajapinnat/v1/stand/ows?,NULL,2026-06-22 09:51:35.527 +0300
2693,137015,http://paikkatiedot.fi/so/1000835,NULL,http://www.opengis.net/def/serviceType/ogc/wms,https://avoin.metsakeskus.fi/rajapinnat/v1/stand/ows?,NULL,2026-06-22 09:51:35.527 +0300
2705,138292,http://paikkatiedot.fi/so/1000835,NULL,http://www.opengis.net/def/serviceType/ogc/wms,https://avoin.metsakeskus.fi/rajapinnat/v1/stand/ows?,NULL,2026-06-22 09:51:35.527 +0300
2738,147449,http://paikkatiedot.fi/so/1000835,NULL,http://www.opengis.net/def/serviceType/ogc/wms,https://avoin.metsakeskus.fi/rajapinnat/v1/stand/ows?,NULL,2026-06-22 09:51:35.527 +0300
2747,148718,http://paikkatiedot.fi/so/1000835,NULL,http://www.opengis.net/def/serviceType/ogc/wms,https://avoin.metsakeskus.fi/rajapinnat/v1/stand/ows?,NULL,2026-06-22 09:51:35.527 +0300
2802,160789,http://paikkatiedot.fi/so/1000835,NULL,http://www.opengis.net/def/serviceType/ogc/wms,https://avoin.metsakeskus.fi/rajapinnat/v1/stand/ows?,NULL,2026-06-22 09:51:35.527 +0300
2814,162020,http://paikkatiedot.fi/so/1000835,NULL,http://www.opengis.net/def/serviceType/ogc/wms,https://avoin.metsakeskus.fi/rajapinnat/v1/stand/ows?,NULL,2026-06-22 09:51:35.527 +0300
2848,168468,http://paikkatiedot.fi/so/1000835,NULL,http://www.opengis.net/def/serviceType/ogc/wms,https://avoin.metsakeskus.fi/rajapinnat/v1/stand/ows?,NULL,2026-06-22 09:51:35.527 +0300
2857,169885,http://paikkatiedot.fi/so/1000835,NULL,http://www.opengis.net/def/serviceType/ogc/wms,https://avoin.metsakeskus.fi/rajapinnat/v1/stand/ows?,NULL,2026-06-22 09:51:35.527 +0300
2896,181096,http://paikkatiedot.fi/so/1000835,NULL,http://www.opengis.net/def/serviceType/ogc/wms,https://avoin.metsakeskus.fi/rajapinnat/v1/stand/ows?,NULL,2026-06-22 09:51:35.527 +0300
2906,182608,http://paikkatiedot.fi/so/1000835,NULL,http://www.opengis.net/def/serviceType/ogc/wms,https://avoin.metsakeskus.fi/rajapinnat/v1/stand/ows?,NULL,2026-06-22 09:51:35.527 +0300
2960,195033,http://paikkatiedot.fi/so/1000835,NULL,http://www.opengis.net/def/serviceType/ogc/wms,https://avoin.metsakeskus.fi/rajapinnat/v1/stand/ows?,NULL,2026-06-22 09:51:35.527 +0300
2978,197067,http://paikkatiedot.fi/so/1000835,NULL,http://www.opengis.net/def/serviceType/ogc/wms,https://avoin.metsakeskus.fi/rajapinnat/v1/stand/ows?,NULL,2026-06-22 09:51:35.527 +0300
3036,210384,http://paikkatiedot.fi/so/1000835,NULL,http://www.opengis.net/def/serviceType/ogc/wms,https://avoin.metsakeskus.fi/rajapinnat/v1/stand/ows?,NULL,2026-06-22 09:51:35.527 +0300
3050,211613,http://paikkatiedot.fi/so/1000835,NULL,http://www.opengis.net/def/serviceType/ogc/wms,https://avoin.metsakeskus.fi/rajapinnat/v1/stand/ows?,NULL,2026-06-22 09:51:35.527 +0300
3064,214702,http://paikkatiedot.fi/so/1000835,NULL,http://www.opengis.net/def/serviceType/ogc/wms,https://avoin.metsakeskus.fi/rajapinnat/v1/stand/ows?,NULL,2026-06-22 09:51:35.527 +0300
3074,216497,http://paikkatiedot.fi/so/1000835,NULL,http://www.opengis.net/def/serviceType/ogc/wms,https://avoin.metsakeskus.fi/rajapinnat/v1/stand/ows?,NULL,2026-06-22 09:51:35.527 +0300
3127,229137,http://paikkatiedot.fi/so/1000835,NULL,http://www.opengis.net/def/serviceType/ogc/wms,https://avoin.metsakeskus.fi/rajapinnat/v1/stand/ows?,NULL,2026-06-22 09:51:35.527 +0300
3139,230634,http://paikkatiedot.fi/so/1000835,NULL,http://www.opengis.net/def/serviceType/ogc/wms,https://avoin.metsakeskus.fi/rajapinnat/v1/stand/ows?,NULL,2026-06-22 09:51:35.527 +0300
3193,243561,http://paikkatiedot.fi/so/1000835,NULL,http://www.opengis.net/def/serviceType/ogc/wms,https://avoin.metsakeskus.fi/rajapinnat/v1/stand/ows?,NULL,2026-06-22 09:51:35.527 +0300
3206,245587,http://paikkatiedot.fi/so/1000835,NULL,http://www.opengis.net/def/serviceType/ogc/wms,https://avoin.metsakeskus.fi/rajapinnat/v1/stand/ows?,NULL,2026-06-22 09:51:35.527 +0300
3232,249399,http://paikkatiedot.fi/so/1000835,NULL,http://www.opengis.net/def/serviceType/ogc/wms,https://avoin.metsakeskus.fi/rajapinnat/v1/stand/ows?,NULL,2026-06-22 09:51:35.527 +0300
3241,251211,http://paikkatiedot.fi/so/1000835,NULL,http://www.opengis.net/def/serviceType/ogc/wms,https://avoin.metsakeskus.fi/rajapinnat/v1/stand/ows?,NULL,2026-06-22 09:51:35.527 +0300
3293,266638,http://paikkatiedot.fi/so/1000835,NULL,http://www.opengis.net/def/serviceType/ogc/wms,https://avoin.metsakeskus.fi/rajapinnat/v1/stand/ows?,NULL,2026-06-22 09:51:35.527 +0300
3302,268604,http://paikkatiedot.fi/so/1000835,NULL,http://www.opengis.net/def/serviceType/ogc/wms,https://avoin.metsakeskus.fi/rajapinnat/v1/stand/ows?,NULL,2026-06-22 09:51:35.527 +0300
3356,281801,http://paikkatiedot.fi/so/1000835,NULL,http://www.opengis.net/def/serviceType/ogc/wms,https://avoin.metsakeskus.fi/rajapinnat/v1/stand/ows?,NULL,2026-06-22 09:51:35.527 +0300
3364,283663,http://paikkatiedot.fi/so/1000835,NULL,http://www.opengis.net/def/serviceType/ogc/wms,https://avoin.metsakeskus.fi/rajapinnat/v1/stand/ows?,NULL,2026-06-22 09:51:35.527 +0300
3427,297667,http://paikkatiedot.fi/so/1000835,NULL,http://www.opengis.net/def/serviceType/ogc/wms,https://avoin.metsakeskus.fi/rajapinnat/v1/stand/ows?,NULL,2026-06-22 09:51:35.527 +0300
3435,299523,http://paikkatiedot.fi/so/1000835,NULL,http://www.opengis.net/def/serviceType/ogc/wms,https://avoin.metsakeskus.fi/rajapinnat/v1/stand/ows?,NULL,2026-06-22 09:51:35.527 +0300
3494,313478,http://paikkatiedot.fi/so/1000835,NULL,http://www.opengis.net/def/serviceType/ogc/wms,https://avoin.metsakeskus.fi/rajapinnat/v1/stand/ows?,NULL,2026-06-22 09:51:35.527 +0300
3504,315343,http://paikkatiedot.fi/so/1000835,NULL,http://www.opengis.net/def/serviceType/ogc/wms,https://avoin.metsakeskus.fi/rajapinnat/v1/stand/ows?,NULL,2026-06-22 09:51:35.527 +0300
3567,329248,http://paikkatiedot.fi/so/1000835,NULL,http://www.opengis.net/def/serviceType/ogc/wms,https://avoin.metsakeskus.fi/rajapinnat/v1/stand/ows?,NULL,2026-06-22 09:51:35.527 +0300
3575,331078,http://paikkatiedot.fi/so/1000835,NULL,http://www.opengis.net/def/serviceType/ogc/wms,https://avoin.metsakeskus.fi/rajapinnat/v1/stand/ows?,NULL,2026-06-22 09:51:35.527 +0300
3639,345168,http://paikkatiedot.fi/so/1000835,NULL,http://www.opengis.net/def/serviceType/ogc/wms,https://avoin.metsakeskus.fi/rajapinnat/v1/stand/ows?,NULL,2026-06-22 09:51:35.527 +0300
3647,347348,http://paikkatiedot.fi/so/1000835,NULL,http://www.opengis.net/def/serviceType/ogc/wms,https://avoin.metsakeskus.fi/rajapinnat/v1/stand/ows?,NULL,2026-06-22 09:51:35.527 +0300
3703,359530,http://paikkatiedot.fi/so/1000835,NULL,http://www.opengis.net/def/serviceType/ogc/wms,https://avoin.metsakeskus.fi/rajapinnat/v1/stand/ows?,NULL,2026-06-22 09:51:35.527 +0300
3707,359654,http://paikkatiedot.fi/so/1000835,NULL,http://www.opengis.net/def/serviceType/ogc/wms,https://avoin.metsakeskus.fi/rajapinnat/v1/stand/ows?,NULL,2026-06-22 09:51:35.527 +0300
3756,372931,http://paikkatiedot.fi/so/1000835,NULL,http://www.opengis.net/def/serviceType/ogc/wms,https://avoin.metsakeskus.fi/rajapinnat/v1/stand/ows?,NULL,2026-06-22 09:51:35.527 +0300
3764,373115,http://paikkatiedot.fi/so/1000835,NULL,http://www.opengis.net/def/serviceType/ogc/wms,https://avoin.metsakeskus.fi/rajapinnat/v1/stand/ows?,NULL,2026-06-22 09:51:35.527 +0300
3809,386057,http://paikkatiedot.fi/so/1000835,NULL,http://www.opengis.net/def/serviceType/ogc/wms,https://avoin.metsakeskus.fi/rajapinnat/v1/stand/ows?,NULL,2026-06-22 09:51:35.527 +0300
3817,386230,http://paikkatiedot.fi/so/1000835,NULL,http://www.opengis.net/def/serviceType/ogc/wms,https://avoin.metsakeskus.fi/rajapinnat/v1/stand/ows?,NULL,2026-06-22 09:51:35.527 +0300
3866,401190,http://paikkatiedot.fi/so/1000835,NULL,http://www.opengis.net/def/serviceType/ogc/wms,https://avoin.metsakeskus.fi/rajapinnat/v1/stand/ows?,NULL,2026-06-22 09:51:35.527 +0300
3874,401369,http://paikkatiedot.fi/so/1000835,NULL,http://www.opengis.net/def/serviceType/ogc/wms,https://avoin.metsakeskus.fi/rajapinnat/v1/stand/ows?,NULL,2026-06-22 09:51:35.527 +0300
3902,406609,http://paikkatiedot.fi/so/1000835,NULL,http://www.opengis.net/def/serviceType/ogc/wms,https://avoin.metsakeskus.fi/rajapinnat/v1/stand/ows?,NULL,2026-06-22 09:51:35.527 +0300
3920,413381,http://paikkatiedot.fi/so/1000835,NULL,http://www.opengis.net/def/serviceType/ogc/wms,https://avoin.metsakeskus.fi/rajapinnat/v1/stand/ows?,NULL,2026-06-22 09:51:35.527 +0300
3922,413471,http://paikkatiedot.fi/so/1000835,NULL,http://www.opengis.net/def/serviceType/ogc/wms,https://avoin.metsakeskus.fi/rajapinnat/v1/stand/ows?,NULL,2026-06-22 09:51:35.527 +0300
3942,419910,http://paikkatiedot.fi/so/1000835,NULL,http://www.opengis.net/def/serviceType/ogc/wms,https://avoin.metsakeskus.fi/rajapinnat/v1/stand/ows?,NULL,2026-06-22 09:51:35.527 +0300
3961,427835,http://paikkatiedot.fi/so/1000835,NULL,http://www.opengis.net/def/serviceType/ogc/wms,https://avoin.metsakeskus.fi/rajapinnat/v1/stand/ows?,NULL,2026-06-22 09:51:35.527 +0300
3990,431738,http://paikkatiedot.fi/so/1000835,NULL,http://www.opengis.net/def/serviceType/ogc/wms,https://avoin.metsakeskus.fi/rajapinnat/v1/stand/ows?,NULL,2026-06-22 09:51:35.527 +0300
4009,440210,http://paikkatiedot.fi/so/1000835,NULL,http://www.opengis.net/def/serviceType/ogc/wms,https://avoin.metsakeskus.fi/rajapinnat/v1/stand/ows?,NULL,2026-06-22 09:51:35.527 +0300
4037,444074,http://paikkatiedot.fi/so/1000835,NULL,http://www.opengis.net/def/serviceType/ogc/wms,https://avoin.metsakeskus.fi/rajapinnat/v1/stand/ows?,NULL,2026-06-22 09:51:35.527 +0300
4105,472743,http://paikkatiedot.fi/so/1000835,NULL,http://www.opengis.net/def/serviceType/ogc/wms,https://avoin.metsakeskus.fi/rajapinnat/v1/stand/ows?,NULL,2026-06-22 09:51:35.527 +0300
4192,506543,http://paikkatiedot.fi/so/1000835,NULL,http://www.opengis.net/def/serviceType/ogc/wms,https://avoin.metsakeskus.fi/rajapinnat/v1/stand/ows?,NULL,2026-06-22 09:51:35.527 +0300
4334,519742,http://paikkatiedot.fi/so/1000835,NULL,http://www.opengis.net/def/serviceType/ogc/wms,https://avoin.metsakeskus.fi/rajapinnat/v1/stand/ows?,NULL,2026-06-22 09:51:35.527 +0300
2440,68906,https://data.inspire.gv.at/b0ab02b4-f172-41fb-ade8-cc3c46b322df,NULL,OGC:WMS-http-get-map,https://haleconnect.com/ows/services/org.224.7bb653af-d47e-4231-9496-1e6552cacaa3_wms?SERVICE=WMS&REQUEST=GetCapabilities&VERSION=1.3.0,BORIS - Bodeninformationssystem Österreich,2026-06-22 09:51:35.527 +0300
2441,68911,https://data.inspire.gv.at/b0ab02b4-f172-41fb-ade8-cc3c46b322df,NULL,OGC:WMS-http-get-map,https://haleconnect.com/ows/services/org.224.7bb653af-d47e-4231-9496-1e6552cacaa3_wms?SERVICE=WMS&REQUEST=GetCapabilities&VERSION=1.3.0,BORIS - Bodeninformationssystem Österreich,2026-06-22 09:51:35.527 +0300
2442,68916,https://data.inspire.gv.at/b0ab02b4-f172-41fb-ade8-cc3c46b322df,NULL,OGC:WMS-http-get-map,https://haleconnect.com/ows/services/org.224.7bb653af-d47e-4231-9496-1e6552cacaa3_wms?SERVICE=WMS&REQUEST=GetCapabilities&VERSION=1.3.0,BORIS - Bodeninformationssystem Österreich,2026-06-22 09:51:35.527 +0300
2443,68921,https://data.inspire.gv.at/b0ab02b4-f172-41fb-ade8-cc3c46b322df,NULL,OGC:WMS-http-get-map,https://haleconnect.com/ows/services/org.224.7bb653af-d47e-4231-9496-1e6552cacaa3_wms?SERVICE=WMS&REQUEST=GetCapabilities&VERSION=1.3.0,BORIS - Bodeninformationssystem Österreich,2026-06-22 09:51:35.527 +0300
2486,69340,https://registry.gdi-de.org/id/de.be.csw/0f13a6e6-3e3f-32f6-af9b-b5179d479363,NULL,Darstellungsdienst - pH-Werte des Oberbodens 2020 (Umweltatlas) (WMS),https://gdi.berlin.de/services/wms/ua_boden_ph_2020?request=GetCapabilities&service=WMS,Darstellungsdienst - pH-Werte des Oberbodens 2020 (Umweltatlas) (WMS),2026-06-22 09:51:35.527 +0300
2658,132400,https://registry.gdi-de.org/id/de.be.csw/0f13a6e6-3e3f-32f6-af9b-b5179d479363,NULL,Darstellungsdienst - pH-Werte des Oberbodens 2020 (Umweltatlas) (WMS),https://gdi.berlin.de/services/wms/ua_boden_ph_2020?request=GetCapabilities&service=WMS,Darstellungsdienst - pH-Werte des Oberbodens 2020 (Umweltatlas) (WMS),2026-06-22 09:51:35.527 +0300
2683,135263,https://registry.gdi-de.org/id/de.be.csw/0f13a6e6-3e3f-32f6-af9b-b5179d479363,NULL,Darstellungsdienst - pH-Werte des Oberbodens 2020 (Umweltatlas) (WMS),https://gdi.berlin.de/services/wms/ua_boden_ph_2020?request=GetCapabilities&service=WMS,Darstellungsdienst - pH-Werte des Oberbodens 2020 (Umweltatlas) (WMS),2026-06-22 09:51:35.527 +0300
2733,146519,https://registry.gdi-de.org/id/de.be.csw/0f13a6e6-3e3f-32f6-af9b-b5179d479363,NULL,Darstellungsdienst - pH-Werte des Oberbodens 2020 (Umweltatlas) (WMS),https://gdi.berlin.de/services/wms/ua_boden_ph_2020?request=GetCapabilities&service=WMS,Darstellungsdienst - pH-Werte des Oberbodens 2020 (Umweltatlas) (WMS),2026-06-22 09:51:35.527 +0300
2735,147323,https://registry.gdi-de.org/id/de.be.csw/0f13a6e6-3e3f-32f6-af9b-b5179d479363,NULL,Darstellungsdienst - pH-Werte des Oberbodens 2020 (Umweltatlas) (WMS),https://gdi.berlin.de/services/wms/ua_boden_ph_2020?request=GetCapabilities&service=WMS,Darstellungsdienst - pH-Werte des Oberbodens 2020 (Umweltatlas) (WMS),2026-06-22 09:51:35.527 +0300
2780,157045,https://registry.gdi-de.org/id/de.be.csw/0f13a6e6-3e3f-32f6-af9b-b5179d479363,NULL,Darstellungsdienst - pH-Werte des Oberbodens 2020 (Umweltatlas) (WMS),https://gdi.berlin.de/services/wms/ua_boden_ph_2020?request=GetCapabilities&service=WMS,Darstellungsdienst - pH-Werte des Oberbodens 2020 (Umweltatlas) (WMS),2026-06-22 09:51:35.527 +0300
2787,158538,https://registry.gdi-de.org/id/de.be.csw/0f13a6e6-3e3f-32f6-af9b-b5179d479363,NULL,Darstellungsdienst - pH-Werte des Oberbodens 2020 (Umweltatlas) (WMS),https://gdi.berlin.de/services/wms/ua_boden_ph_2020?request=GetCapabilities&service=WMS,Darstellungsdienst - pH-Werte des Oberbodens 2020 (Umweltatlas) (WMS),2026-06-22 09:51:35.527 +0300
2942,191915,https://registry.gdi-de.org/id/de.be.csw/0f13a6e6-3e3f-32f6-af9b-b5179d479363,NULL,Darstellungsdienst - pH-Werte des Oberbodens 2020 (Umweltatlas) (WMS),https://gdi.berlin.de/services/wms/ua_boden_ph_2020?request=GetCapabilities&service=WMS,Darstellungsdienst - pH-Werte des Oberbodens 2020 (Umweltatlas) (WMS),2026-06-22 09:51:35.527 +0300
2949,193149,https://registry.gdi-de.org/id/de.be.csw/0f13a6e6-3e3f-32f6-af9b-b5179d479363,NULL,Darstellungsdienst - pH-Werte des Oberbodens 2020 (Umweltatlas) (WMS),https://gdi.berlin.de/services/wms/ua_boden_ph_2020?request=GetCapabilities&service=WMS,Darstellungsdienst - pH-Werte des Oberbodens 2020 (Umweltatlas) (WMS),2026-06-22 09:51:35.527 +0300
3018,207159,https://registry.gdi-de.org/id/de.be.csw/0f13a6e6-3e3f-32f6-af9b-b5179d479363,NULL,Darstellungsdienst - pH-Werte des Oberbodens 2020 (Umweltatlas) (WMS),https://gdi.berlin.de/services/wms/ua_boden_ph_2020?request=GetCapabilities&service=WMS,Darstellungsdienst - pH-Werte des Oberbodens 2020 (Umweltatlas) (WMS),2026-06-22 09:51:35.527 +0300
3025,208511,https://registry.gdi-de.org/id/de.be.csw/0f13a6e6-3e3f-32f6-af9b-b5179d479363,NULL,Darstellungsdienst - pH-Werte des Oberbodens 2020 (Umweltatlas) (WMS),https://gdi.berlin.de/services/wms/ua_boden_ph_2020?request=GetCapabilities&service=WMS,Darstellungsdienst - pH-Werte des Oberbodens 2020 (Umweltatlas) (WMS),2026-06-22 09:51:35.527 +0300
3109,226157,https://registry.gdi-de.org/id/de.be.csw/0f13a6e6-3e3f-32f6-af9b-b5179d479363,NULL,Darstellungsdienst - pH-Werte des Oberbodens 2020 (Umweltatlas) (WMS),https://gdi.berlin.de/services/wms/ua_boden_ph_2020?request=GetCapabilities&service=WMS,Darstellungsdienst - pH-Werte des Oberbodens 2020 (Umweltatlas) (WMS),2026-06-22 09:51:35.527 +0300
3116,227260,https://registry.gdi-de.org/id/de.be.csw/0f13a6e6-3e3f-32f6-af9b-b5179d479363,NULL,Darstellungsdienst - pH-Werte des Oberbodens 2020 (Umweltatlas) (WMS),https://gdi.berlin.de/services/wms/ua_boden_ph_2020?request=GetCapabilities&service=WMS,Darstellungsdienst - pH-Werte des Oberbodens 2020 (Umweltatlas) (WMS),2026-06-22 09:51:35.527 +0300
3172,240266,https://registry.gdi-de.org/id/de.be.csw/0f13a6e6-3e3f-32f6-af9b-b5179d479363,NULL,Darstellungsdienst - pH-Werte des Oberbodens 2020 (Umweltatlas) (WMS),https://gdi.berlin.de/services/wms/ua_boden_ph_2020?request=GetCapabilities&service=WMS,Darstellungsdienst - pH-Werte des Oberbodens 2020 (Umweltatlas) (WMS),2026-06-22 09:51:35.527 +0300
3183,241379,https://registry.gdi-de.org/id/de.be.csw/0f13a6e6-3e3f-32f6-af9b-b5179d479363,NULL,Darstellungsdienst - pH-Werte des Oberbodens 2020 (Umweltatlas) (WMS),https://gdi.berlin.de/services/wms/ua_boden_ph_2020?request=GetCapabilities&service=WMS,Darstellungsdienst - pH-Werte des Oberbodens 2020 (Umweltatlas) (WMS),2026-06-22 09:51:35.527 +0300
3402,294545,https://registry.gdi-de.org/id/de.be.csw/0f13a6e6-3e3f-32f6-af9b-b5179d479363,NULL,Darstellungsdienst - pH-Werte des Oberbodens 2020 (Umweltatlas) (WMS),https://gdi.berlin.de/services/wms/ua_boden_ph_2020?request=GetCapabilities&service=WMS,Darstellungsdienst - pH-Werte des Oberbodens 2020 (Umweltatlas) (WMS),2026-06-22 09:51:35.527 +0300
3418,295757,https://registry.gdi-de.org/id/de.be.csw/0f13a6e6-3e3f-32f6-af9b-b5179d479363,NULL,Darstellungsdienst - pH-Werte des Oberbodens 2020 (Umweltatlas) (WMS),https://gdi.berlin.de/services/wms/ua_boden_ph_2020?request=GetCapabilities&service=WMS,Darstellungsdienst - pH-Werte des Oberbodens 2020 (Umweltatlas) (WMS),2026-06-22 09:51:35.527 +0300
3473,310413,https://registry.gdi-de.org/id/de.be.csw/0f13a6e6-3e3f-32f6-af9b-b5179d479363,NULL,Darstellungsdienst - pH-Werte des Oberbodens 2020 (Umweltatlas) (WMS),https://gdi.berlin.de/services/wms/ua_boden_ph_2020?request=GetCapabilities&service=WMS,Darstellungsdienst - pH-Werte des Oberbodens 2020 (Umweltatlas) (WMS),2026-06-22 09:51:35.527 +0300
3489,313175,https://registry.gdi-de.org/id/de.be.csw/0f13a6e6-3e3f-32f6-af9b-b5179d479363,NULL,Darstellungsdienst - pH-Werte des Oberbodens 2020 (Umweltatlas) (WMS),https://gdi.berlin.de/services/wms/ua_boden_ph_2020?request=GetCapabilities&service=WMS,Darstellungsdienst - pH-Werte des Oberbodens 2020 (Umweltatlas) (WMS),2026-06-22 09:51:35.527 +0300
3543,326132,https://registry.gdi-de.org/id/de.be.csw/0f13a6e6-3e3f-32f6-af9b-b5179d479363,NULL,Darstellungsdienst - pH-Werte des Oberbodens 2020 (Umweltatlas) (WMS),https://gdi.berlin.de/services/wms/ua_boden_ph_2020?request=GetCapabilities&service=WMS,Darstellungsdienst - pH-Werte des Oberbodens 2020 (Umweltatlas) (WMS),2026-06-22 09:51:35.527 +0300
3554,327055,https://registry.gdi-de.org/id/de.be.csw/0f13a6e6-3e3f-32f6-af9b-b5179d479363,NULL,Darstellungsdienst - pH-Werte des Oberbodens 2020 (Umweltatlas) (WMS),https://gdi.berlin.de/services/wms/ua_boden_ph_2020?request=GetCapabilities&service=WMS,Darstellungsdienst - pH-Werte des Oberbodens 2020 (Umweltatlas) (WMS),2026-06-22 09:51:35.527 +0300
3615,341920,https://registry.gdi-de.org/id/de.be.csw/0f13a6e6-3e3f-32f6-af9b-b5179d479363,NULL,Darstellungsdienst - pH-Werte des Oberbodens 2020 (Umweltatlas) (WMS),https://gdi.berlin.de/services/wms/ua_boden_ph_2020?request=GetCapabilities&service=WMS,Darstellungsdienst - pH-Werte des Oberbodens 2020 (Umweltatlas) (WMS),2026-06-22 09:51:35.527 +0300
3626,342831,https://registry.gdi-de.org/id/de.be.csw/0f13a6e6-3e3f-32f6-af9b-b5179d479363,NULL,Darstellungsdienst - pH-Werte des Oberbodens 2020 (Umweltatlas) (WMS),https://gdi.berlin.de/services/wms/ua_boden_ph_2020?request=GetCapabilities&service=WMS,Darstellungsdienst - pH-Werte des Oberbodens 2020 (Umweltatlas) (WMS),2026-06-22 09:51:35.527 +0300
3891,405666,https://registry.gdi-de.org/id/de.be.csw/0f13a6e6-3e3f-32f6-af9b-b5179d479363,NULL,Darstellungsdienst - pH-Werte des Oberbodens 2020 (Umweltatlas) (WMS),https://gdi.berlin.de/services/wms/ua_boden_ph_2020?request=GetCapabilities&service=WMS,Darstellungsdienst - pH-Werte des Oberbodens 2020 (Umweltatlas) (WMS),2026-06-22 09:51:35.527 +0300
3900,406457,https://registry.gdi-de.org/id/de.be.csw/0f13a6e6-3e3f-32f6-af9b-b5179d479363,NULL,Darstellungsdienst - pH-Werte des Oberbodens 2020 (Umweltatlas) (WMS),https://gdi.berlin.de/services/wms/ua_boden_ph_2020?request=GetCapabilities&service=WMS,Darstellungsdienst - pH-Werte des Oberbodens 2020 (Umweltatlas) (WMS),2026-06-22 09:51:35.527 +0300
2168,49187,https://registry.gdi-de.org/id/de.be.csw/10f8e25e-217d-34dd-b6e5-e4b1c70be8a5,NULL,Darstellungsdienst - Boden im INSPIRE-Datenmodell (Bodengesellschaften und Bodenarten 2020) (WMS),https://gdi.berlin.de/services/wms/so_bogeboa2020?request=GetCapabilities&service=WMS,Darstellungsdienst - Boden im INSPIRE-Datenmodell (Bodengesellschaften und Bodenarten 2020) (WMS),2026-06-22 09:51:35.527 +0300
2297,56944,https://registry.gdi-de.org/id/de.be.csw/10f8e25e-217d-34dd-b6e5-e4b1c70be8a5,NULL,Darstellungsdienst - Boden im INSPIRE-Datenmodell (Bodengesellschaften und Bodenarten 2020) (WMS),https://gdi.berlin.de/services/wms/so_bogeboa2020?request=GetCapabilities&service=WMS,Darstellungsdienst - Boden im INSPIRE-Datenmodell (Bodengesellschaften und Bodenarten 2020) (WMS),2026-06-22 09:51:35.527 +0300
4474,530202,https://registry.gdi-de.org/id/de.be.csw/10f8e25e-217d-34dd-b6e5-e4b1c70be8a5,NULL,Darstellungsdienst - Boden im INSPIRE-Datenmodell (Bodengesellschaften und Bodenarten 2020) (WMS),https://gdi.berlin.de/services/wms/so_bogeboa2020?request=GetCapabilities&service=WMS,Darstellungsdienst - Boden im INSPIRE-Datenmodell (Bodengesellschaften und Bodenarten 2020) (WMS),2026-06-22 09:51:35.527 +0300
4533,535743,https://registry.gdi-de.org/id/de.be.csw/10f8e25e-217d-34dd-b6e5-e4b1c70be8a5,NULL,Darstellungsdienst - Boden im INSPIRE-Datenmodell (Bodengesellschaften und Bodenarten 2020) (WMS),https://gdi.berlin.de/services/wms/so_bogeboa2020?request=GetCapabilities&service=WMS,Darstellungsdienst - Boden im INSPIRE-Datenmodell (Bodengesellschaften und Bodenarten 2020) (WMS),2026-06-22 09:51:35.527 +0300
4534,535759,https://registry.gdi-de.org/id/de.be.csw/10f8e25e-217d-34dd-b6e5-e4b1c70be8a5,NULL,Darstellungsdienst - Boden im INSPIRE-Datenmodell (Bodengesellschaften und Bodenarten 2020) (WMS),https://gdi.berlin.de/services/wms/so_bogeboa2020?request=GetCapabilities&service=WMS,Darstellungsdienst - Boden im INSPIRE-Datenmodell (Bodengesellschaften und Bodenarten 2020) (WMS),2026-06-22 09:51:35.527 +0300
4535,535763,https://registry.gdi-de.org/id/de.be.csw/10f8e25e-217d-34dd-b6e5-e4b1c70be8a5,NULL,Darstellungsdienst - Boden im INSPIRE-Datenmodell (Bodengesellschaften und Bodenarten 2020) (WMS),https://gdi.berlin.de/services/wms/so_bogeboa2020?request=GetCapabilities&service=WMS,Darstellungsdienst - Boden im INSPIRE-Datenmodell (Bodengesellschaften und Bodenarten 2020) (WMS),2026-06-22 09:51:35.527 +0300
4536,535776,https://registry.gdi-de.org/id/de.be.csw/10f8e25e-217d-34dd-b6e5-e4b1c70be8a5,NULL,Darstellungsdienst - Boden im INSPIRE-Datenmodell (Bodengesellschaften und Bodenarten 2020) (WMS),https://gdi.berlin.de/services/wms/so_bogeboa2020?request=GetCapabilities&service=WMS,Darstellungsdienst - Boden im INSPIRE-Datenmodell (Bodengesellschaften und Bodenarten 2020) (WMS),2026-06-22 09:51:35.527 +0300
4539,535805,https://registry.gdi-de.org/id/de.be.csw/10f8e25e-217d-34dd-b6e5-e4b1c70be8a5,NULL,Darstellungsdienst - Boden im INSPIRE-Datenmodell (Bodengesellschaften und Bodenarten 2020) (WMS),https://gdi.berlin.de/services/wms/so_bogeboa2020?request=GetCapabilities&service=WMS,Darstellungsdienst - Boden im INSPIRE-Datenmodell (Bodengesellschaften und Bodenarten 2020) (WMS),2026-06-22 09:51:35.527 +0300
4540,535809,https://registry.gdi-de.org/id/de.be.csw/10f8e25e-217d-34dd-b6e5-e4b1c70be8a5,NULL,Darstellungsdienst - Boden im INSPIRE-Datenmodell (Bodengesellschaften und Bodenarten 2020) (WMS),https://gdi.berlin.de/services/wms/so_bogeboa2020?request=GetCapabilities&service=WMS,Darstellungsdienst - Boden im INSPIRE-Datenmodell (Bodengesellschaften und Bodenarten 2020) (WMS),2026-06-22 09:51:35.527 +0300
1736,44199,https://registry.gdi-de.org/id/de.be.csw/145a97bf-df5f-3aeb-a085-b012c968509e,NULL,Darstellungsdienst - Puffer- und Filterfunktion der Böden 2020 (Umweltatlas) (WMS),https://gdi.berlin.de/services/wms/ua_boden_pufffkt_2020?request=GetCapabilities&service=WMS,Darstellungsdienst - Puffer- und Filterfunktion der Böden 2020 (Umweltatlas) (WMS),2026-06-22 09:51:35.527 +0300
3208,245610,https://registry.gdi-de.org/id/de.be.csw/145a97bf-df5f-3aeb-a085-b012c968509e,NULL,Darstellungsdienst - Puffer- und Filterfunktion der Böden 2020 (Umweltatlas) (WMS),https://gdi.berlin.de/services/wms/ua_boden_pufffkt_2020?request=GetCapabilities&service=WMS,Darstellungsdienst - Puffer- und Filterfunktion der Böden 2020 (Umweltatlas) (WMS),2026-06-22 09:51:35.527 +0300
4280,516992,https://registry.gdi-de.org/id/de.be.csw/145a97bf-df5f-3aeb-a085-b012c968509e,NULL,Darstellungsdienst - Puffer- und Filterfunktion der Böden 2020 (Umweltatlas) (WMS),https://gdi.berlin.de/services/wms/ua_boden_pufffkt_2020?request=GetCapabilities&service=WMS,Darstellungsdienst - Puffer- und Filterfunktion der Böden 2020 (Umweltatlas) (WMS),2026-06-22 09:51:35.527 +0300
4281,516995,https://registry.gdi-de.org/id/de.be.csw/145a97bf-df5f-3aeb-a085-b012c968509e,NULL,Darstellungsdienst - Puffer- und Filterfunktion der Böden 2020 (Umweltatlas) (WMS),https://gdi.berlin.de/services/wms/ua_boden_pufffkt_2020?request=GetCapabilities&service=WMS,Darstellungsdienst - Puffer- und Filterfunktion der Böden 2020 (Umweltatlas) (WMS),2026-06-22 09:51:35.527 +0300
4282,516997,https://registry.gdi-de.org/id/de.be.csw/145a97bf-df5f-3aeb-a085-b012c968509e,NULL,Darstellungsdienst - Puffer- und Filterfunktion der Böden 2020 (Umweltatlas) (WMS),https://gdi.berlin.de/services/wms/ua_boden_pufffkt_2020?request=GetCapabilities&service=WMS,Darstellungsdienst - Puffer- und Filterfunktion der Böden 2020 (Umweltatlas) (WMS),2026-06-22 09:51:35.527 +0300
4283,517000,https://registry.gdi-de.org/id/de.be.csw/145a97bf-df5f-3aeb-a085-b012c968509e,NULL,Darstellungsdienst - Puffer- und Filterfunktion der Böden 2020 (Umweltatlas) (WMS),https://gdi.berlin.de/services/wms/ua_boden_pufffkt_2020?request=GetCapabilities&service=WMS,Darstellungsdienst - Puffer- und Filterfunktion der Böden 2020 (Umweltatlas) (WMS),2026-06-22 09:51:35.527 +0300
4284,517002,https://registry.gdi-de.org/id/de.be.csw/145a97bf-df5f-3aeb-a085-b012c968509e,NULL,Darstellungsdienst - Puffer- und Filterfunktion der Böden 2020 (Umweltatlas) (WMS),https://gdi.berlin.de/services/wms/ua_boden_pufffkt_2020?request=GetCapabilities&service=WMS,Darstellungsdienst - Puffer- und Filterfunktion der Böden 2020 (Umweltatlas) (WMS),2026-06-22 09:51:35.527 +0300
4285,517005,https://registry.gdi-de.org/id/de.be.csw/145a97bf-df5f-3aeb-a085-b012c968509e,NULL,Darstellungsdienst - Puffer- und Filterfunktion der Böden 2020 (Umweltatlas) (WMS),https://gdi.berlin.de/services/wms/ua_boden_pufffkt_2020?request=GetCapabilities&service=WMS,Darstellungsdienst - Puffer- und Filterfunktion der Böden 2020 (Umweltatlas) (WMS),2026-06-22 09:51:35.527 +0300
4286,517007,https://registry.gdi-de.org/id/de.be.csw/145a97bf-df5f-3aeb-a085-b012c968509e,NULL,Darstellungsdienst - Puffer- und Filterfunktion der Böden 2020 (Umweltatlas) (WMS),https://gdi.berlin.de/services/wms/ua_boden_pufffkt_2020?request=GetCapabilities&service=WMS,Darstellungsdienst - Puffer- und Filterfunktion der Böden 2020 (Umweltatlas) (WMS),2026-06-22 09:51:35.527 +0300
4291,517577,https://registry.gdi-de.org/id/de.be.csw/145a97bf-df5f-3aeb-a085-b012c968509e,NULL,Darstellungsdienst - Puffer- und Filterfunktion der Böden 2020 (Umweltatlas) (WMS),https://gdi.berlin.de/services/wms/ua_boden_pufffkt_2020?request=GetCapabilities&service=WMS,Darstellungsdienst - Puffer- und Filterfunktion der Böden 2020 (Umweltatlas) (WMS),2026-06-22 09:51:35.527 +0300
4303,518013,https://registry.gdi-de.org/id/de.be.csw/145a97bf-df5f-3aeb-a085-b012c968509e,NULL,Darstellungsdienst - Puffer- und Filterfunktion der Böden 2020 (Umweltatlas) (WMS),https://gdi.berlin.de/services/wms/ua_boden_pufffkt_2020?request=GetCapabilities&service=WMS,Darstellungsdienst - Puffer- und Filterfunktion der Böden 2020 (Umweltatlas) (WMS),2026-06-22 09:51:35.527 +0300
4337,519832,https://registry.gdi-de.org/id/de.be.csw/145a97bf-df5f-3aeb-a085-b012c968509e,NULL,Darstellungsdienst - Puffer- und Filterfunktion der Böden 2020 (Umweltatlas) (WMS),https://gdi.berlin.de/services/wms/ua_boden_pufffkt_2020?request=GetCapabilities&service=WMS,Darstellungsdienst - Puffer- und Filterfunktion der Böden 2020 (Umweltatlas) (WMS),2026-06-22 09:51:35.527 +0300
2061,48678,https://registry.gdi-de.org/id/de.be.csw/1d1e7b5d-4d86-3ad7-8570-5245b55b6b33,NULL,Downloaddienst - Forstliche Standorteinheiten (WFS),https://gdi.berlin.de/services/wfs/forststandort?request=GetCapabilities&service=WFS,Downloaddienst - Forstliche Standorteinheiten (WFS),2026-06-22 09:51:35.527 +0300
4191,506534,https://registry.gdi-de.org/id/de.be.csw/1d1e7b5d-4d86-3ad7-8570-5245b55b6b33,NULL,Downloaddienst - Forstliche Standorteinheiten (WFS),https://gdi.berlin.de/services/wfs/forststandort?request=GetCapabilities&service=WFS,Downloaddienst - Forstliche Standorteinheiten (WFS),2026-06-22 09:51:35.527 +0300
4214,512278,https://registry.gdi-de.org/id/de.be.csw/1d1e7b5d-4d86-3ad7-8570-5245b55b6b33,NULL,Downloaddienst - Forstliche Standorteinheiten (WFS),https://gdi.berlin.de/services/wfs/forststandort?request=GetCapabilities&service=WFS,Downloaddienst - Forstliche Standorteinheiten (WFS),2026-06-22 09:51:35.527 +0300
2060,48677,https://registry.gdi-de.org/id/de.be.csw/1d1e7b5d-4d86-3ad7-8570-5245b55b6b33,NULL,Darstellungsdienst - Forstliche Standorteinheiten (WMS),https://gdi.berlin.de/services/wms/forststandort?request=GetCapabilities&service=WMS,Darstellungsdienst - Forstliche Standorteinheiten (WMS),2026-06-22 09:51:35.527 +0300
4190,506533,https://registry.gdi-de.org/id/de.be.csw/1d1e7b5d-4d86-3ad7-8570-5245b55b6b33,NULL,Darstellungsdienst - Forstliche Standorteinheiten (WMS),https://gdi.berlin.de/services/wms/forststandort?request=GetCapabilities&service=WMS,Darstellungsdienst - Forstliche Standorteinheiten (WMS),2026-06-22 09:51:35.527 +0300
4213,512277,https://registry.gdi-de.org/id/de.be.csw/1d1e7b5d-4d86-3ad7-8570-5245b55b6b33,NULL,Darstellungsdienst - Forstliche Standorteinheiten (WMS),https://gdi.berlin.de/services/wms/forststandort?request=GetCapabilities&service=WMS,Darstellungsdienst - Forstliche Standorteinheiten (WMS),2026-06-22 09:51:35.527 +0300
2434,68898,https://registry.gdi-de.org/id/de.be.csw/32db5c0b-78bb-3f4e-b7e5-6e63a8cacc7f,NULL,Downloaddienst - Bodengesellschaften 2020 (Umweltatlas) (WFS),https://gdi.berlin.de/services/wfs/ua_bodengesellschaften_2020?request=GetCapabilities&service=WFS,Downloaddienst - Bodengesellschaften 2020 (Umweltatlas) (WFS),2026-06-22 09:51:35.527 +0300
2435,68899,https://registry.gdi-de.org/id/de.be.csw/32db5c0b-78bb-3f4e-b7e5-6e63a8cacc7f,NULL,Downloaddienst - Bodengesellschaften 2020 (Umweltatlas) (WFS),https://gdi.berlin.de/services/wfs/ua_bodengesellschaften_2020?request=GetCapabilities&service=WFS,Downloaddienst - Bodengesellschaften 2020 (Umweltatlas) (WFS),2026-06-22 09:51:35.527 +0300
2436,68900,https://registry.gdi-de.org/id/de.be.csw/32db5c0b-78bb-3f4e-b7e5-6e63a8cacc7f,NULL,Downloaddienst - Bodengesellschaften 2020 (Umweltatlas) (WFS),https://gdi.berlin.de/services/wfs/ua_bodengesellschaften_2020?request=GetCapabilities&service=WFS,Downloaddienst - Bodengesellschaften 2020 (Umweltatlas) (WFS),2026-06-22 09:51:35.527 +0300
2437,68901,https://registry.gdi-de.org/id/de.be.csw/32db5c0b-78bb-3f4e-b7e5-6e63a8cacc7f,NULL,Downloaddienst - Bodengesellschaften 2020 (Umweltatlas) (WFS),https://gdi.berlin.de/services/wfs/ua_bodengesellschaften_2020?request=GetCapabilities&service=WFS,Downloaddienst - Bodengesellschaften 2020 (Umweltatlas) (WFS),2026-06-22 09:51:35.527 +0300
1967,48192,https://registry.gdi-de.org/id/de.be.csw/3c3d6dfc-b127-3c7d-971f-207ed5b9d206,NULL,Darstellungsdienst - Leistungsfähigkeit der Böden 2020 (Umweltatlas) (WMS),https://gdi.berlin.de/services/wms/ua_boden_leist_2020?request=GetCapabilities&service=WMS,Darstellungsdienst - Leistungsfähigkeit der Böden 2020 (Umweltatlas) (WMS),2026-06-22 09:51:35.527 +0300
2588,91068,https://registry.gdi-de.org/id/de.be.csw/3c3d6dfc-b127-3c7d-971f-207ed5b9d206,NULL,Darstellungsdienst - Leistungsfähigkeit der Böden 2020 (Umweltatlas) (WMS),https://gdi.berlin.de/services/wms/ua_boden_leist_2020?request=GetCapabilities&service=WMS,Darstellungsdienst - Leistungsfähigkeit der Böden 2020 (Umweltatlas) (WMS),2026-06-22 09:51:35.527 +0300
2597,96967,https://registry.gdi-de.org/id/de.be.csw/3c3d6dfc-b127-3c7d-971f-207ed5b9d206,NULL,Darstellungsdienst - Leistungsfähigkeit der Böden 2020 (Umweltatlas) (WMS),https://gdi.berlin.de/services/wms/ua_boden_leist_2020?request=GetCapabilities&service=WMS,Darstellungsdienst - Leistungsfähigkeit der Böden 2020 (Umweltatlas) (WMS),2026-06-22 09:51:35.527 +0300
2711,140884,https://registry.gdi-de.org/id/de.be.csw/3c3d6dfc-b127-3c7d-971f-207ed5b9d206,NULL,Darstellungsdienst - Leistungsfähigkeit der Böden 2020 (Umweltatlas) (WMS),https://gdi.berlin.de/services/wms/ua_boden_leist_2020?request=GetCapabilities&service=WMS,Darstellungsdienst - Leistungsfähigkeit der Böden 2020 (Umweltatlas) (WMS),2026-06-22 09:51:35.527 +0300
2720,141724,https://registry.gdi-de.org/id/de.be.csw/3c3d6dfc-b127-3c7d-971f-207ed5b9d206,NULL,Darstellungsdienst - Leistungsfähigkeit der Böden 2020 (Umweltatlas) (WMS),https://gdi.berlin.de/services/wms/ua_boden_leist_2020?request=GetCapabilities&service=WMS,Darstellungsdienst - Leistungsfähigkeit der Böden 2020 (Umweltatlas) (WMS),2026-06-22 09:51:35.527 +0300
2753,151002,https://registry.gdi-de.org/id/de.be.csw/3c3d6dfc-b127-3c7d-971f-207ed5b9d206,NULL,Darstellungsdienst - Leistungsfähigkeit der Böden 2020 (Umweltatlas) (WMS),https://gdi.berlin.de/services/wms/ua_boden_leist_2020?request=GetCapabilities&service=WMS,Darstellungsdienst - Leistungsfähigkeit der Böden 2020 (Umweltatlas) (WMS),2026-06-22 09:51:35.527 +0300
2762,151806,https://registry.gdi-de.org/id/de.be.csw/3c3d6dfc-b127-3c7d-971f-207ed5b9d206,NULL,Darstellungsdienst - Leistungsfähigkeit der Böden 2020 (Umweltatlas) (WMS),https://gdi.berlin.de/services/wms/ua_boden_leist_2020?request=GetCapabilities&service=WMS,Darstellungsdienst - Leistungsfähigkeit der Böden 2020 (Umweltatlas) (WMS),2026-06-22 09:51:35.527 +0300
2820,164579,https://registry.gdi-de.org/id/de.be.csw/3c3d6dfc-b127-3c7d-971f-207ed5b9d206,NULL,Darstellungsdienst - Leistungsfähigkeit der Böden 2020 (Umweltatlas) (WMS),https://gdi.berlin.de/services/wms/ua_boden_leist_2020?request=GetCapabilities&service=WMS,Darstellungsdienst - Leistungsfähigkeit der Böden 2020 (Umweltatlas) (WMS),2026-06-22 09:51:35.527 +0300
2829,165411,https://registry.gdi-de.org/id/de.be.csw/3c3d6dfc-b127-3c7d-971f-207ed5b9d206,NULL,Darstellungsdienst - Leistungsfähigkeit der Böden 2020 (Umweltatlas) (WMS),https://gdi.berlin.de/services/wms/ua_boden_leist_2020?request=GetCapabilities&service=WMS,Darstellungsdienst - Leistungsfähigkeit der Böden 2020 (Umweltatlas) (WMS),2026-06-22 09:51:35.527 +0300
2863,172200,https://registry.gdi-de.org/id/de.be.csw/3c3d6dfc-b127-3c7d-971f-207ed5b9d206,NULL,Darstellungsdienst - Leistungsfähigkeit der Böden 2020 (Umweltatlas) (WMS),https://gdi.berlin.de/services/wms/ua_boden_leist_2020?request=GetCapabilities&service=WMS,Darstellungsdienst - Leistungsfähigkeit der Böden 2020 (Umweltatlas) (WMS),2026-06-22 09:51:35.527 +0300
2870,173048,https://registry.gdi-de.org/id/de.be.csw/3c3d6dfc-b127-3c7d-971f-207ed5b9d206,NULL,Darstellungsdienst - Leistungsfähigkeit der Böden 2020 (Umweltatlas) (WMS),https://gdi.berlin.de/services/wms/ua_boden_leist_2020?request=GetCapabilities&service=WMS,Darstellungsdienst - Leistungsfähigkeit der Böden 2020 (Umweltatlas) (WMS),2026-06-22 09:51:35.527 +0300
2912,184817,https://registry.gdi-de.org/id/de.be.csw/3c3d6dfc-b127-3c7d-971f-207ed5b9d206,NULL,Darstellungsdienst - Leistungsfähigkeit der Böden 2020 (Umweltatlas) (WMS),https://gdi.berlin.de/services/wms/ua_boden_leist_2020?request=GetCapabilities&service=WMS,Darstellungsdienst - Leistungsfähigkeit der Böden 2020 (Umweltatlas) (WMS),2026-06-22 09:51:35.527 +0300
2920,185563,https://registry.gdi-de.org/id/de.be.csw/3c3d6dfc-b127-3c7d-971f-207ed5b9d206,NULL,Darstellungsdienst - Leistungsfähigkeit der Böden 2020 (Umweltatlas) (WMS),https://gdi.berlin.de/services/wms/ua_boden_leist_2020?request=GetCapabilities&service=WMS,Darstellungsdienst - Leistungsfähigkeit der Böden 2020 (Umweltatlas) (WMS),2026-06-22 09:51:35.527 +0300
2928,186169,https://registry.gdi-de.org/id/de.be.csw/3c3d6dfc-b127-3c7d-971f-207ed5b9d206,NULL,Darstellungsdienst - Leistungsfähigkeit der Böden 2020 (Umweltatlas) (WMS),https://gdi.berlin.de/services/wms/ua_boden_leist_2020?request=GetCapabilities&service=WMS,Darstellungsdienst - Leistungsfähigkeit der Böden 2020 (Umweltatlas) (WMS),2026-06-22 09:51:35.527 +0300
2989,199478,https://registry.gdi-de.org/id/de.be.csw/3c3d6dfc-b127-3c7d-971f-207ed5b9d206,NULL,Darstellungsdienst - Leistungsfähigkeit der Böden 2020 (Umweltatlas) (WMS),https://gdi.berlin.de/services/wms/ua_boden_leist_2020?request=GetCapabilities&service=WMS,Darstellungsdienst - Leistungsfähigkeit der Böden 2020 (Umweltatlas) (WMS),2026-06-22 09:51:35.527 +0300
2999,200285,https://registry.gdi-de.org/id/de.be.csw/3c3d6dfc-b127-3c7d-971f-207ed5b9d206,NULL,Darstellungsdienst - Leistungsfähigkeit der Böden 2020 (Umweltatlas) (WMS),https://gdi.berlin.de/services/wms/ua_boden_leist_2020?request=GetCapabilities&service=WMS,Darstellungsdienst - Leistungsfähigkeit der Böden 2020 (Umweltatlas) (WMS),2026-06-22 09:51:35.527 +0300
3080,218605,https://registry.gdi-de.org/id/de.be.csw/3c3d6dfc-b127-3c7d-971f-207ed5b9d206,NULL,Darstellungsdienst - Leistungsfähigkeit der Böden 2020 (Umweltatlas) (WMS),https://gdi.berlin.de/services/wms/ua_boden_leist_2020?request=GetCapabilities&service=WMS,Darstellungsdienst - Leistungsfähigkeit der Böden 2020 (Umweltatlas) (WMS),2026-06-22 09:51:35.527 +0300
3089,219346,https://registry.gdi-de.org/id/de.be.csw/3c3d6dfc-b127-3c7d-971f-207ed5b9d206,NULL,Darstellungsdienst - Leistungsfähigkeit der Böden 2020 (Umweltatlas) (WMS),https://gdi.berlin.de/services/wms/ua_boden_leist_2020?request=GetCapabilities&service=WMS,Darstellungsdienst - Leistungsfähigkeit der Böden 2020 (Umweltatlas) (WMS),2026-06-22 09:51:35.527 +0300
3097,219956,https://registry.gdi-de.org/id/de.be.csw/3c3d6dfc-b127-3c7d-971f-207ed5b9d206,NULL,Darstellungsdienst - Leistungsfähigkeit der Böden 2020 (Umweltatlas) (WMS),https://gdi.berlin.de/services/wms/ua_boden_leist_2020?request=GetCapabilities&service=WMS,Darstellungsdienst - Leistungsfähigkeit der Böden 2020 (Umweltatlas) (WMS),2026-06-22 09:51:35.527 +0300
3145,232784,https://registry.gdi-de.org/id/de.be.csw/3c3d6dfc-b127-3c7d-971f-207ed5b9d206,NULL,Darstellungsdienst - Leistungsfähigkeit der Böden 2020 (Umweltatlas) (WMS),https://gdi.berlin.de/services/wms/ua_boden_leist_2020?request=GetCapabilities&service=WMS,Darstellungsdienst - Leistungsfähigkeit der Böden 2020 (Umweltatlas) (WMS),2026-06-22 09:51:35.527 +0300
3153,233541,https://registry.gdi-de.org/id/de.be.csw/3c3d6dfc-b127-3c7d-971f-207ed5b9d206,NULL,Darstellungsdienst - Leistungsfähigkeit der Böden 2020 (Umweltatlas) (WMS),https://gdi.berlin.de/services/wms/ua_boden_leist_2020?request=GetCapabilities&service=WMS,Darstellungsdienst - Leistungsfähigkeit der Böden 2020 (Umweltatlas) (WMS),2026-06-22 09:51:35.527 +0300
3161,234151,https://registry.gdi-de.org/id/de.be.csw/3c3d6dfc-b127-3c7d-971f-207ed5b9d206,NULL,Darstellungsdienst - Leistungsfähigkeit der Böden 2020 (Umweltatlas) (WMS),https://gdi.berlin.de/services/wms/ua_boden_leist_2020?request=GetCapabilities&service=WMS,Darstellungsdienst - Leistungsfähigkeit der Böden 2020 (Umweltatlas) (WMS),2026-06-22 09:51:35.527 +0300
3207,245592,https://registry.gdi-de.org/id/de.be.csw/3c3d6dfc-b127-3c7d-971f-207ed5b9d206,NULL,Darstellungsdienst - Leistungsfähigkeit der Böden 2020 (Umweltatlas) (WMS),https://gdi.berlin.de/services/wms/ua_boden_leist_2020?request=GetCapabilities&service=WMS,Darstellungsdienst - Leistungsfähigkeit der Böden 2020 (Umweltatlas) (WMS),2026-06-22 09:51:35.527 +0300
3218,246831,https://registry.gdi-de.org/id/de.be.csw/3c3d6dfc-b127-3c7d-971f-207ed5b9d206,NULL,Darstellungsdienst - Leistungsfähigkeit der Böden 2020 (Umweltatlas) (WMS),https://gdi.berlin.de/services/wms/ua_boden_leist_2020?request=GetCapabilities&service=WMS,Darstellungsdienst - Leistungsfähigkeit der Böden 2020 (Umweltatlas) (WMS),2026-06-22 09:51:35.527 +0300
3242,251219,https://registry.gdi-de.org/id/de.be.csw/3c3d6dfc-b127-3c7d-971f-207ed5b9d206,NULL,Darstellungsdienst - Leistungsfähigkeit der Böden 2020 (Umweltatlas) (WMS),https://gdi.berlin.de/services/wms/ua_boden_leist_2020?request=GetCapabilities&service=WMS,Darstellungsdienst - Leistungsfähigkeit der Böden 2020 (Umweltatlas) (WMS),2026-06-22 09:51:35.527 +0300
3248,252441,https://registry.gdi-de.org/id/de.be.csw/3c3d6dfc-b127-3c7d-971f-207ed5b9d206,NULL,Darstellungsdienst - Leistungsfähigkeit der Böden 2020 (Umweltatlas) (WMS),https://gdi.berlin.de/services/wms/ua_boden_leist_2020?request=GetCapabilities&service=WMS,Darstellungsdienst - Leistungsfähigkeit der Böden 2020 (Umweltatlas) (WMS),2026-06-22 09:51:35.527 +0300
3253,254769,https://registry.gdi-de.org/id/de.be.csw/3c3d6dfc-b127-3c7d-971f-207ed5b9d206,NULL,Darstellungsdienst - Leistungsfähigkeit der Böden 2020 (Umweltatlas) (WMS),https://gdi.berlin.de/services/wms/ua_boden_leist_2020?request=GetCapabilities&service=WMS,Darstellungsdienst - Leistungsfähigkeit der Böden 2020 (Umweltatlas) (WMS),2026-06-22 09:51:35.527 +0300
3260,257022,https://registry.gdi-de.org/id/de.be.csw/3c3d6dfc-b127-3c7d-971f-207ed5b9d206,NULL,Darstellungsdienst - Leistungsfähigkeit der Böden 2020 (Umweltatlas) (WMS),https://gdi.berlin.de/services/wms/ua_boden_leist_2020?request=GetCapabilities&service=WMS,Darstellungsdienst - Leistungsfähigkeit der Böden 2020 (Umweltatlas) (WMS),2026-06-22 09:51:35.527 +0300
3265,258757,https://registry.gdi-de.org/id/de.be.csw/3c3d6dfc-b127-3c7d-971f-207ed5b9d206,NULL,Darstellungsdienst - Leistungsfähigkeit der Böden 2020 (Umweltatlas) (WMS),https://gdi.berlin.de/services/wms/ua_boden_leist_2020?request=GetCapabilities&service=WMS,Darstellungsdienst - Leistungsfähigkeit der Böden 2020 (Umweltatlas) (WMS),2026-06-22 09:51:35.527 +0300
3271,259513,https://registry.gdi-de.org/id/de.be.csw/3c3d6dfc-b127-3c7d-971f-207ed5b9d206,NULL,Darstellungsdienst - Leistungsfähigkeit der Böden 2020 (Umweltatlas) (WMS),https://gdi.berlin.de/services/wms/ua_boden_leist_2020?request=GetCapabilities&service=WMS,Darstellungsdienst - Leistungsfähigkeit der Böden 2020 (Umweltatlas) (WMS),2026-06-22 09:51:35.527 +0300
3303,268612,https://registry.gdi-de.org/id/de.be.csw/3c3d6dfc-b127-3c7d-971f-207ed5b9d206,NULL,Darstellungsdienst - Leistungsfähigkeit der Böden 2020 (Umweltatlas) (WMS),https://gdi.berlin.de/services/wms/ua_boden_leist_2020?request=GetCapabilities&service=WMS,Darstellungsdienst - Leistungsfähigkeit der Böden 2020 (Umweltatlas) (WMS),2026-06-22 09:51:35.527 +0300
3309,269968,https://registry.gdi-de.org/id/de.be.csw/3c3d6dfc-b127-3c7d-971f-207ed5b9d206,NULL,Darstellungsdienst - Leistungsfähigkeit der Böden 2020 (Umweltatlas) (WMS),https://gdi.berlin.de/services/wms/ua_boden_leist_2020?request=GetCapabilities&service=WMS,Darstellungsdienst - Leistungsfähigkeit der Böden 2020 (Umweltatlas) (WMS),2026-06-22 09:51:35.527 +0300
3313,270843,https://registry.gdi-de.org/id/de.be.csw/3c3d6dfc-b127-3c7d-971f-207ed5b9d206,NULL,Darstellungsdienst - Leistungsfähigkeit der Böden 2020 (Umweltatlas) (WMS),https://gdi.berlin.de/services/wms/ua_boden_leist_2020?request=GetCapabilities&service=WMS,Darstellungsdienst - Leistungsfähigkeit der Böden 2020 (Umweltatlas) (WMS),2026-06-22 09:51:35.527 +0300
3322,272204,https://registry.gdi-de.org/id/de.be.csw/3c3d6dfc-b127-3c7d-971f-207ed5b9d206,NULL,Darstellungsdienst - Leistungsfähigkeit der Böden 2020 (Umweltatlas) (WMS),https://gdi.berlin.de/services/wms/ua_boden_leist_2020?request=GetCapabilities&service=WMS,Darstellungsdienst - Leistungsfähigkeit der Böden 2020 (Umweltatlas) (WMS),2026-06-22 09:51:35.527 +0300
3365,283671,https://registry.gdi-de.org/id/de.be.csw/3c3d6dfc-b127-3c7d-971f-207ed5b9d206,NULL,Darstellungsdienst - Leistungsfähigkeit der Böden 2020 (Umweltatlas) (WMS),https://gdi.berlin.de/services/wms/ua_boden_leist_2020?request=GetCapabilities&service=WMS,Darstellungsdienst - Leistungsfähigkeit der Böden 2020 (Umweltatlas) (WMS),2026-06-22 09:51:35.527 +0300
3371,284927,https://registry.gdi-de.org/id/de.be.csw/3c3d6dfc-b127-3c7d-971f-207ed5b9d206,NULL,Darstellungsdienst - Leistungsfähigkeit der Böden 2020 (Umweltatlas) (WMS),https://gdi.berlin.de/services/wms/ua_boden_leist_2020?request=GetCapabilities&service=WMS,Darstellungsdienst - Leistungsfähigkeit der Böden 2020 (Umweltatlas) (WMS),2026-06-22 09:51:35.527 +0300
3376,287101,https://registry.gdi-de.org/id/de.be.csw/3c3d6dfc-b127-3c7d-971f-207ed5b9d206,NULL,Darstellungsdienst - Leistungsfähigkeit der Böden 2020 (Umweltatlas) (WMS),https://gdi.berlin.de/services/wms/ua_boden_leist_2020?request=GetCapabilities&service=WMS,Darstellungsdienst - Leistungsfähigkeit der Böden 2020 (Umweltatlas) (WMS),2026-06-22 09:51:35.527 +0300
3383,287934,https://registry.gdi-de.org/id/de.be.csw/3c3d6dfc-b127-3c7d-971f-207ed5b9d206,NULL,Darstellungsdienst - Leistungsfähigkeit der Böden 2020 (Umweltatlas) (WMS),https://gdi.berlin.de/services/wms/ua_boden_leist_2020?request=GetCapabilities&service=WMS,Darstellungsdienst - Leistungsfähigkeit der Böden 2020 (Umweltatlas) (WMS),2026-06-22 09:51:35.527 +0300
3436,299531,https://registry.gdi-de.org/id/de.be.csw/3c3d6dfc-b127-3c7d-971f-207ed5b9d206,NULL,Darstellungsdienst - Leistungsfähigkeit der Böden 2020 (Umweltatlas) (WMS),https://gdi.berlin.de/services/wms/ua_boden_leist_2020?request=GetCapabilities&service=WMS,Darstellungsdienst - Leistungsfähigkeit der Böden 2020 (Umweltatlas) (WMS),2026-06-22 09:51:35.527 +0300
3442,300862,https://registry.gdi-de.org/id/de.be.csw/3c3d6dfc-b127-3c7d-971f-207ed5b9d206,NULL,Darstellungsdienst - Leistungsfähigkeit der Böden 2020 (Umweltatlas) (WMS),https://gdi.berlin.de/services/wms/ua_boden_leist_2020?request=GetCapabilities&service=WMS,Darstellungsdienst - Leistungsfähigkeit der Böden 2020 (Umweltatlas) (WMS),2026-06-22 09:51:35.527 +0300
3447,302956,https://registry.gdi-de.org/id/de.be.csw/3c3d6dfc-b127-3c7d-971f-207ed5b9d206,NULL,Darstellungsdienst - Leistungsfähigkeit der Böden 2020 (Umweltatlas) (WMS),https://gdi.berlin.de/services/wms/ua_boden_leist_2020?request=GetCapabilities&service=WMS,Darstellungsdienst - Leistungsfähigkeit der Böden 2020 (Umweltatlas) (WMS),2026-06-22 09:51:35.527 +0300
3454,303790,https://registry.gdi-de.org/id/de.be.csw/3c3d6dfc-b127-3c7d-971f-207ed5b9d206,NULL,Darstellungsdienst - Leistungsfähigkeit der Böden 2020 (Umweltatlas) (WMS),https://gdi.berlin.de/services/wms/ua_boden_leist_2020?request=GetCapabilities&service=WMS,Darstellungsdienst - Leistungsfähigkeit der Böden 2020 (Umweltatlas) (WMS),2026-06-22 09:51:35.527 +0300
3505,315351,https://registry.gdi-de.org/id/de.be.csw/3c3d6dfc-b127-3c7d-971f-207ed5b9d206,NULL,Darstellungsdienst - Leistungsfähigkeit der Böden 2020 (Umweltatlas) (WMS),https://gdi.berlin.de/services/wms/ua_boden_leist_2020?request=GetCapabilities&service=WMS,Darstellungsdienst - Leistungsfähigkeit der Böden 2020 (Umweltatlas) (WMS),2026-06-22 09:51:35.527 +0300
3511,316726,https://registry.gdi-de.org/id/de.be.csw/3c3d6dfc-b127-3c7d-971f-207ed5b9d206,NULL,Darstellungsdienst - Leistungsfähigkeit der Böden 2020 (Umweltatlas) (WMS),https://gdi.berlin.de/services/wms/ua_boden_leist_2020?request=GetCapabilities&service=WMS,Darstellungsdienst - Leistungsfähigkeit der Böden 2020 (Umweltatlas) (WMS),2026-06-22 09:51:35.527 +0300
3516,318771,https://registry.gdi-de.org/id/de.be.csw/3c3d6dfc-b127-3c7d-971f-207ed5b9d206,NULL,Darstellungsdienst - Leistungsfähigkeit der Böden 2020 (Umweltatlas) (WMS),https://gdi.berlin.de/services/wms/ua_boden_leist_2020?request=GetCapabilities&service=WMS,Darstellungsdienst - Leistungsfähigkeit der Böden 2020 (Umweltatlas) (WMS),2026-06-22 09:51:35.527 +0300
3524,319493,https://registry.gdi-de.org/id/de.be.csw/3c3d6dfc-b127-3c7d-971f-207ed5b9d206,NULL,Darstellungsdienst - Leistungsfähigkeit der Böden 2020 (Umweltatlas) (WMS),https://gdi.berlin.de/services/wms/ua_boden_leist_2020?request=GetCapabilities&service=WMS,Darstellungsdienst - Leistungsfähigkeit der Böden 2020 (Umweltatlas) (WMS),2026-06-22 09:51:35.527 +0300
3532,320097,https://registry.gdi-de.org/id/de.be.csw/3c3d6dfc-b127-3c7d-971f-207ed5b9d206,NULL,Darstellungsdienst - Leistungsfähigkeit der Böden 2020 (Umweltatlas) (WMS),https://gdi.berlin.de/services/wms/ua_boden_leist_2020?request=GetCapabilities&service=WMS,Darstellungsdienst - Leistungsfähigkeit der Böden 2020 (Umweltatlas) (WMS),2026-06-22 09:51:35.527 +0300
3576,331086,https://registry.gdi-de.org/id/de.be.csw/3c3d6dfc-b127-3c7d-971f-207ed5b9d206,NULL,Darstellungsdienst - Leistungsfähigkeit der Böden 2020 (Umweltatlas) (WMS),https://gdi.berlin.de/services/wms/ua_boden_leist_2020?request=GetCapabilities&service=WMS,Darstellungsdienst - Leistungsfähigkeit der Böden 2020 (Umweltatlas) (WMS),2026-06-22 09:51:35.527 +0300
3582,332463,https://registry.gdi-de.org/id/de.be.csw/3c3d6dfc-b127-3c7d-971f-207ed5b9d206,NULL,Darstellungsdienst - Leistungsfähigkeit der Böden 2020 (Umweltatlas) (WMS),https://gdi.berlin.de/services/wms/ua_boden_leist_2020?request=GetCapabilities&service=WMS,Darstellungsdienst - Leistungsfähigkeit der Böden 2020 (Umweltatlas) (WMS),2026-06-22 09:51:35.527 +0300
3587,334524,https://registry.gdi-de.org/id/de.be.csw/3c3d6dfc-b127-3c7d-971f-207ed5b9d206,NULL,Darstellungsdienst - Leistungsfähigkeit der Böden 2020 (Umweltatlas) (WMS),https://gdi.berlin.de/services/wms/ua_boden_leist_2020?request=GetCapabilities&service=WMS,Darstellungsdienst - Leistungsfähigkeit der Böden 2020 (Umweltatlas) (WMS),2026-06-22 09:51:35.527 +0300
3596,335278,https://registry.gdi-de.org/id/de.be.csw/3c3d6dfc-b127-3c7d-971f-207ed5b9d206,NULL,Darstellungsdienst - Leistungsfähigkeit der Böden 2020 (Umweltatlas) (WMS),https://gdi.berlin.de/services/wms/ua_boden_leist_2020?request=GetCapabilities&service=WMS,Darstellungsdienst - Leistungsfähigkeit der Böden 2020 (Umweltatlas) (WMS),2026-06-22 09:51:35.527 +0300
3648,347356,https://registry.gdi-de.org/id/de.be.csw/3c3d6dfc-b127-3c7d-971f-207ed5b9d206,NULL,Darstellungsdienst - Leistungsfähigkeit der Böden 2020 (Umweltatlas) (WMS),https://gdi.berlin.de/services/wms/ua_boden_leist_2020?request=GetCapabilities&service=WMS,Darstellungsdienst - Leistungsfähigkeit der Böden 2020 (Umweltatlas) (WMS),2026-06-22 09:51:35.527 +0300
3656,348774,https://registry.gdi-de.org/id/de.be.csw/3c3d6dfc-b127-3c7d-971f-207ed5b9d206,NULL,Darstellungsdienst - Leistungsfähigkeit der Böden 2020 (Umweltatlas) (WMS),https://gdi.berlin.de/services/wms/ua_boden_leist_2020?request=GetCapabilities&service=WMS,Darstellungsdienst - Leistungsfähigkeit der Böden 2020 (Umweltatlas) (WMS),2026-06-22 09:51:35.527 +0300
3661,350829,https://registry.gdi-de.org/id/de.be.csw/3c3d6dfc-b127-3c7d-971f-207ed5b9d206,NULL,Darstellungsdienst - Leistungsfähigkeit der Böden 2020 (Umweltatlas) (WMS),https://gdi.berlin.de/services/wms/ua_boden_leist_2020?request=GetCapabilities&service=WMS,Darstellungsdienst - Leistungsfähigkeit der Böden 2020 (Umweltatlas) (WMS),2026-06-22 09:51:35.527 +0300
3670,351567,https://registry.gdi-de.org/id/de.be.csw/3c3d6dfc-b127-3c7d-971f-207ed5b9d206,NULL,Darstellungsdienst - Leistungsfähigkeit der Böden 2020 (Umweltatlas) (WMS),https://gdi.berlin.de/services/wms/ua_boden_leist_2020?request=GetCapabilities&service=WMS,Darstellungsdienst - Leistungsfähigkeit der Böden 2020 (Umweltatlas) (WMS),2026-06-22 09:51:35.527 +0300
3678,352169,https://registry.gdi-de.org/id/de.be.csw/3c3d6dfc-b127-3c7d-971f-207ed5b9d206,NULL,Darstellungsdienst - Leistungsfähigkeit der Böden 2020 (Umweltatlas) (WMS),https://gdi.berlin.de/services/wms/ua_boden_leist_2020?request=GetCapabilities&service=WMS,Darstellungsdienst - Leistungsfähigkeit der Böden 2020 (Umweltatlas) (WMS),2026-06-22 09:51:35.527 +0300
3718,363463,https://registry.gdi-de.org/id/de.be.csw/3c3d6dfc-b127-3c7d-971f-207ed5b9d206,NULL,Darstellungsdienst - Leistungsfähigkeit der Böden 2020 (Umweltatlas) (WMS),https://gdi.berlin.de/services/wms/ua_boden_leist_2020?request=GetCapabilities&service=WMS,Darstellungsdienst - Leistungsfähigkeit der Böden 2020 (Umweltatlas) (WMS),2026-06-22 09:51:35.527 +0300
3724,364794,https://registry.gdi-de.org/id/de.be.csw/3c3d6dfc-b127-3c7d-971f-207ed5b9d206,NULL,Darstellungsdienst - Leistungsfähigkeit der Böden 2020 (Umweltatlas) (WMS),https://gdi.berlin.de/services/wms/ua_boden_leist_2020?request=GetCapabilities&service=WMS,Darstellungsdienst - Leistungsfähigkeit der Böden 2020 (Umweltatlas) (WMS),2026-06-22 09:51:35.527 +0300
3730,366878,https://registry.gdi-de.org/id/de.be.csw/3c3d6dfc-b127-3c7d-971f-207ed5b9d206,NULL,Darstellungsdienst - Leistungsfähigkeit der Böden 2020 (Umweltatlas) (WMS),https://gdi.berlin.de/services/wms/ua_boden_leist_2020?request=GetCapabilities&service=WMS,Darstellungsdienst - Leistungsfähigkeit der Böden 2020 (Umweltatlas) (WMS),2026-06-22 09:51:35.527 +0300
3738,367662,https://registry.gdi-de.org/id/de.be.csw/3c3d6dfc-b127-3c7d-971f-207ed5b9d206,NULL,Darstellungsdienst - Leistungsfähigkeit der Böden 2020 (Umweltatlas) (WMS),https://gdi.berlin.de/services/wms/ua_boden_leist_2020?request=GetCapabilities&service=WMS,Darstellungsdienst - Leistungsfähigkeit der Böden 2020 (Umweltatlas) (WMS),2026-06-22 09:51:35.527 +0300
3771,376897,https://registry.gdi-de.org/id/de.be.csw/3c3d6dfc-b127-3c7d-971f-207ed5b9d206,NULL,Darstellungsdienst - Leistungsfähigkeit der Böden 2020 (Umweltatlas) (WMS),https://gdi.berlin.de/services/wms/ua_boden_leist_2020?request=GetCapabilities&service=WMS,Darstellungsdienst - Leistungsfähigkeit der Böden 2020 (Umweltatlas) (WMS),2026-06-22 09:51:35.527 +0300
3777,378282,https://registry.gdi-de.org/id/de.be.csw/3c3d6dfc-b127-3c7d-971f-207ed5b9d206,NULL,Darstellungsdienst - Leistungsfähigkeit der Böden 2020 (Umweltatlas) (WMS),https://gdi.berlin.de/services/wms/ua_boden_leist_2020?request=GetCapabilities&service=WMS,Darstellungsdienst - Leistungsfähigkeit der Böden 2020 (Umweltatlas) (WMS),2026-06-22 09:51:35.527 +0300
3783,380362,https://registry.gdi-de.org/id/de.be.csw/3c3d6dfc-b127-3c7d-971f-207ed5b9d206,NULL,Darstellungsdienst - Leistungsfähigkeit der Böden 2020 (Umweltatlas) (WMS),https://gdi.berlin.de/services/wms/ua_boden_leist_2020?request=GetCapabilities&service=WMS,Darstellungsdienst - Leistungsfähigkeit der Böden 2020 (Umweltatlas) (WMS),2026-06-22 09:51:35.527 +0300
3791,381091,https://registry.gdi-de.org/id/de.be.csw/3c3d6dfc-b127-3c7d-971f-207ed5b9d206,NULL,Darstellungsdienst - Leistungsfähigkeit der Böden 2020 (Umweltatlas) (WMS),https://gdi.berlin.de/services/wms/ua_boden_leist_2020?request=GetCapabilities&service=WMS,Darstellungsdienst - Leistungsfähigkeit der Böden 2020 (Umweltatlas) (WMS),2026-06-22 09:51:35.527 +0300
3824,390013,https://registry.gdi-de.org/id/de.be.csw/3c3d6dfc-b127-3c7d-971f-207ed5b9d206,NULL,Darstellungsdienst - Leistungsfähigkeit der Böden 2020 (Umweltatlas) (WMS),https://gdi.berlin.de/services/wms/ua_boden_leist_2020?request=GetCapabilities&service=WMS,Darstellungsdienst - Leistungsfähigkeit der Böden 2020 (Umweltatlas) (WMS),2026-06-22 09:51:35.527 +0300
3830,391218,https://registry.gdi-de.org/id/de.be.csw/3c3d6dfc-b127-3c7d-971f-207ed5b9d206,NULL,Darstellungsdienst - Leistungsfähigkeit der Böden 2020 (Umweltatlas) (WMS),https://gdi.berlin.de/services/wms/ua_boden_leist_2020?request=GetCapabilities&service=WMS,Darstellungsdienst - Leistungsfähigkeit der Böden 2020 (Umweltatlas) (WMS),2026-06-22 09:51:35.527 +0300
3836,393357,https://registry.gdi-de.org/id/de.be.csw/3c3d6dfc-b127-3c7d-971f-207ed5b9d206,NULL,Darstellungsdienst - Leistungsfähigkeit der Böden 2020 (Umweltatlas) (WMS),https://gdi.berlin.de/services/wms/ua_boden_leist_2020?request=GetCapabilities&service=WMS,Darstellungsdienst - Leistungsfähigkeit der Böden 2020 (Umweltatlas) (WMS),2026-06-22 09:51:35.527 +0300
3844,394108,https://registry.gdi-de.org/id/de.be.csw/3c3d6dfc-b127-3c7d-971f-207ed5b9d206,NULL,Darstellungsdienst - Leistungsfähigkeit der Böden 2020 (Umweltatlas) (WMS),https://gdi.berlin.de/services/wms/ua_boden_leist_2020?request=GetCapabilities&service=WMS,Darstellungsdienst - Leistungsfähigkeit der Böden 2020 (Umweltatlas) (WMS),2026-06-22 09:51:35.527 +0300
3881,405176,https://registry.gdi-de.org/id/de.be.csw/3c3d6dfc-b127-3c7d-971f-207ed5b9d206,NULL,Darstellungsdienst - Leistungsfähigkeit der Böden 2020 (Umweltatlas) (WMS),https://gdi.berlin.de/services/wms/ua_boden_leist_2020?request=GetCapabilities&service=WMS,Darstellungsdienst - Leistungsfähigkeit der Böden 2020 (Umweltatlas) (WMS),2026-06-22 09:51:35.527 +0300
3889,405661,https://registry.gdi-de.org/id/de.be.csw/3c3d6dfc-b127-3c7d-971f-207ed5b9d206,NULL,Darstellungsdienst - Leistungsfähigkeit der Böden 2020 (Umweltatlas) (WMS),https://gdi.berlin.de/services/wms/ua_boden_leist_2020?request=GetCapabilities&service=WMS,Darstellungsdienst - Leistungsfähigkeit der Böden 2020 (Umweltatlas) (WMS),2026-06-22 09:51:35.527 +0300
3969,429894,https://registry.gdi-de.org/id/de.be.csw/3c3d6dfc-b127-3c7d-971f-207ed5b9d206,NULL,Darstellungsdienst - Leistungsfähigkeit der Böden 2020 (Umweltatlas) (WMS),https://gdi.berlin.de/services/wms/ua_boden_leist_2020?request=GetCapabilities&service=WMS,Darstellungsdienst - Leistungsfähigkeit der Böden 2020 (Umweltatlas) (WMS),2026-06-22 09:51:35.527 +0300
3977,430698,https://registry.gdi-de.org/id/de.be.csw/3c3d6dfc-b127-3c7d-971f-207ed5b9d206,NULL,Darstellungsdienst - Leistungsfähigkeit der Böden 2020 (Umweltatlas) (WMS),https://gdi.berlin.de/services/wms/ua_boden_leist_2020?request=GetCapabilities&service=WMS,Darstellungsdienst - Leistungsfähigkeit der Böden 2020 (Umweltatlas) (WMS),2026-06-22 09:51:35.527 +0300
4016,442268,https://registry.gdi-de.org/id/de.be.csw/3c3d6dfc-b127-3c7d-971f-207ed5b9d206,NULL,Darstellungsdienst - Leistungsfähigkeit der Böden 2020 (Umweltatlas) (WMS),https://gdi.berlin.de/services/wms/ua_boden_leist_2020?request=GetCapabilities&service=WMS,Darstellungsdienst - Leistungsfähigkeit der Böden 2020 (Umweltatlas) (WMS),2026-06-22 09:51:35.527 +0300
4024,443015,https://registry.gdi-de.org/id/de.be.csw/3c3d6dfc-b127-3c7d-971f-207ed5b9d206,NULL,Darstellungsdienst - Leistungsfähigkeit der Böden 2020 (Umweltatlas) (WMS),https://gdi.berlin.de/services/wms/ua_boden_leist_2020?request=GetCapabilities&service=WMS,Darstellungsdienst - Leistungsfähigkeit der Böden 2020 (Umweltatlas) (WMS),2026-06-22 09:51:35.527 +0300
4111,474718,https://registry.gdi-de.org/id/de.be.csw/3c3d6dfc-b127-3c7d-971f-207ed5b9d206,NULL,Darstellungsdienst - Leistungsfähigkeit der Böden 2020 (Umweltatlas) (WMS),https://gdi.berlin.de/services/wms/ua_boden_leist_2020?request=GetCapabilities&service=WMS,Darstellungsdienst - Leistungsfähigkeit der Böden 2020 (Umweltatlas) (WMS),2026-06-22 09:51:35.527 +0300
4119,475558,https://registry.gdi-de.org/id/de.be.csw/3c3d6dfc-b127-3c7d-971f-207ed5b9d206,NULL,Darstellungsdienst - Leistungsfähigkeit der Böden 2020 (Umweltatlas) (WMS),https://gdi.berlin.de/services/wms/ua_boden_leist_2020?request=GetCapabilities&service=WMS,Darstellungsdienst - Leistungsfähigkeit der Böden 2020 (Umweltatlas) (WMS),2026-06-22 09:51:35.527 +0300
4406,521470,https://registry.gdi-de.org/id/de.be.csw/3c3d6dfc-b127-3c7d-971f-207ed5b9d206,NULL,Darstellungsdienst - Leistungsfähigkeit der Böden 2020 (Umweltatlas) (WMS),https://gdi.berlin.de/services/wms/ua_boden_leist_2020?request=GetCapabilities&service=WMS,Darstellungsdienst - Leistungsfähigkeit der Böden 2020 (Umweltatlas) (WMS),2026-06-22 09:51:35.527 +0300
4427,522385,https://registry.gdi-de.org/id/de.be.csw/3c3d6dfc-b127-3c7d-971f-207ed5b9d206,NULL,Darstellungsdienst - Leistungsfähigkeit der Böden 2020 (Umweltatlas) (WMS),https://gdi.berlin.de/services/wms/ua_boden_leist_2020?request=GetCapabilities&service=WMS,Darstellungsdienst - Leistungsfähigkeit der Böden 2020 (Umweltatlas) (WMS),2026-06-22 09:51:35.527 +0300
1951,48094,https://registry.gdi-de.org/id/de.be.csw/60ef5d6c-f8ac-311d-a4c9-e050b0d13b7b,NULL,Downloaddienst - Regelungsfunktion für den Wasserhaushalt der Böden 2020 (Umweltatlas) (WFS),https://gdi.berlin.de/services/wfs/ua_boden_regelfkt_2020?request=GetCapabilities&service=WFS,Downloaddienst - Regelungsfunktion für den Wasserhaushalt der Böden 2020 (Umweltatlas) (WFS),2026-06-22 09:51:35.527 +0300
2484,69322,https://registry.gdi-de.org/id/de.be.csw/60ef5d6c-f8ac-311d-a4c9-e050b0d13b7b,NULL,Downloaddienst - Regelungsfunktion für den Wasserhaushalt der Böden 2020 (Umweltatlas) (WFS),https://gdi.berlin.de/services/wfs/ua_boden_regelfkt_2020?request=GetCapabilities&service=WFS,Downloaddienst - Regelungsfunktion für den Wasserhaushalt der Böden 2020 (Umweltatlas) (WFS),2026-06-22 09:51:35.527 +0300
2574,77848,https://registry.gdi-de.org/id/de.be.csw/60ef5d6c-f8ac-311d-a4c9-e050b0d13b7b,NULL,Downloaddienst - Regelungsfunktion für den Wasserhaushalt der Böden 2020 (Umweltatlas) (WFS),https://gdi.berlin.de/services/wfs/ua_boden_regelfkt_2020?request=GetCapabilities&service=WFS,Downloaddienst - Regelungsfunktion für den Wasserhaushalt der Böden 2020 (Umweltatlas) (WFS),2026-06-22 09:51:35.527 +0300
2621,114655,https://registry.gdi-de.org/id/de.be.csw/60ef5d6c-f8ac-311d-a4c9-e050b0d13b7b,NULL,Downloaddienst - Regelungsfunktion für den Wasserhaushalt der Böden 2020 (Umweltatlas) (WFS),https://gdi.berlin.de/services/wfs/ua_boden_regelfkt_2020?request=GetCapabilities&service=WFS,Downloaddienst - Regelungsfunktion für den Wasserhaushalt der Böden 2020 (Umweltatlas) (WFS),2026-06-22 09:51:35.527 +0300
2632,122419,https://registry.gdi-de.org/id/de.be.csw/60ef5d6c-f8ac-311d-a4c9-e050b0d13b7b,NULL,Downloaddienst - Regelungsfunktion für den Wasserhaushalt der Böden 2020 (Umweltatlas) (WFS),https://gdi.berlin.de/services/wfs/ua_boden_regelfkt_2020?request=GetCapabilities&service=WFS,Downloaddienst - Regelungsfunktion für den Wasserhaushalt der Böden 2020 (Umweltatlas) (WFS),2026-06-22 09:51:35.527 +0300
2682,135262,https://registry.gdi-de.org/id/de.be.csw/60ef5d6c-f8ac-311d-a4c9-e050b0d13b7b,NULL,Downloaddienst - Regelungsfunktion für den Wasserhaushalt der Böden 2020 (Umweltatlas) (WFS),https://gdi.berlin.de/services/wfs/ua_boden_regelfkt_2020?request=GetCapabilities&service=WFS,Downloaddienst - Regelungsfunktion für den Wasserhaushalt der Böden 2020 (Umweltatlas) (WFS),2026-06-22 09:51:35.527 +0300
2690,136934,https://registry.gdi-de.org/id/de.be.csw/60ef5d6c-f8ac-311d-a4c9-e050b0d13b7b,NULL,Downloaddienst - Regelungsfunktion für den Wasserhaushalt der Böden 2020 (Umweltatlas) (WFS),https://gdi.berlin.de/services/wfs/ua_boden_regelfkt_2020?request=GetCapabilities&service=WFS,Downloaddienst - Regelungsfunktion für den Wasserhaushalt der Böden 2020 (Umweltatlas) (WFS),2026-06-22 09:51:35.527 +0300
2786,158537,https://registry.gdi-de.org/id/de.be.csw/60ef5d6c-f8ac-311d-a4c9-e050b0d13b7b,NULL,Downloaddienst - Regelungsfunktion für den Wasserhaushalt der Böden 2020 (Umweltatlas) (WFS),https://gdi.berlin.de/services/wfs/ua_boden_regelfkt_2020?request=GetCapabilities&service=WFS,Downloaddienst - Regelungsfunktion für den Wasserhaushalt der Böden 2020 (Umweltatlas) (WFS),2026-06-22 09:51:35.527 +0300
2800,160725,https://registry.gdi-de.org/id/de.be.csw/60ef5d6c-f8ac-311d-a4c9-e050b0d13b7b,NULL,Downloaddienst - Regelungsfunktion für den Wasserhaushalt der Böden 2020 (Umweltatlas) (WFS),https://gdi.berlin.de/services/wfs/ua_boden_regelfkt_2020?request=GetCapabilities&service=WFS,Downloaddienst - Regelungsfunktion für den Wasserhaushalt der Böden 2020 (Umweltatlas) (WFS),2026-06-22 09:51:35.527 +0300
2840,166688,https://registry.gdi-de.org/id/de.be.csw/60ef5d6c-f8ac-311d-a4c9-e050b0d13b7b,NULL,Downloaddienst - Regelungsfunktion für den Wasserhaushalt der Böden 2020 (Umweltatlas) (WFS),https://gdi.berlin.de/services/wfs/ua_boden_regelfkt_2020?request=GetCapabilities&service=WFS,Downloaddienst - Regelungsfunktion für den Wasserhaushalt der Böden 2020 (Umweltatlas) (WFS),2026-06-22 09:51:35.527 +0300
2845,168365,https://registry.gdi-de.org/id/de.be.csw/60ef5d6c-f8ac-311d-a4c9-e050b0d13b7b,NULL,Downloaddienst - Regelungsfunktion für den Wasserhaushalt der Böden 2020 (Umweltatlas) (WFS),https://gdi.berlin.de/services/wfs/ua_boden_regelfkt_2020?request=GetCapabilities&service=WFS,Downloaddienst - Regelungsfunktion für den Wasserhaushalt der Böden 2020 (Umweltatlas) (WFS),2026-06-22 09:51:35.527 +0300
2887,178118,https://registry.gdi-de.org/id/de.be.csw/60ef5d6c-f8ac-311d-a4c9-e050b0d13b7b,NULL,Downloaddienst - Regelungsfunktion für den Wasserhaushalt der Böden 2020 (Umweltatlas) (WFS),https://gdi.berlin.de/services/wfs/ua_boden_regelfkt_2020?request=GetCapabilities&service=WFS,Downloaddienst - Regelungsfunktion für den Wasserhaushalt der Böden 2020 (Umweltatlas) (WFS),2026-06-22 09:51:35.527 +0300
2893,181013,https://registry.gdi-de.org/id/de.be.csw/60ef5d6c-f8ac-311d-a4c9-e050b0d13b7b,NULL,Downloaddienst - Regelungsfunktion für den Wasserhaushalt der Böden 2020 (Umweltatlas) (WFS),https://gdi.berlin.de/services/wfs/ua_boden_regelfkt_2020?request=GetCapabilities&service=WFS,Downloaddienst - Regelungsfunktion für den Wasserhaushalt der Böden 2020 (Umweltatlas) (WFS),2026-06-22 09:51:35.527 +0300
2948,193148,https://registry.gdi-de.org/id/de.be.csw/60ef5d6c-f8ac-311d-a4c9-e050b0d13b7b,NULL,Downloaddienst - Regelungsfunktion für den Wasserhaushalt der Böden 2020 (Umweltatlas) (WFS),https://gdi.berlin.de/services/wfs/ua_boden_regelfkt_2020?request=GetCapabilities&service=WFS,Downloaddienst - Regelungsfunktion für den Wasserhaushalt der Böden 2020 (Umweltatlas) (WFS),2026-06-22 09:51:35.527 +0300
2956,194949,https://registry.gdi-de.org/id/de.be.csw/60ef5d6c-f8ac-311d-a4c9-e050b0d13b7b,NULL,Downloaddienst - Regelungsfunktion für den Wasserhaushalt der Böden 2020 (Umweltatlas) (WFS),https://gdi.berlin.de/services/wfs/ua_boden_regelfkt_2020?request=GetCapabilities&service=WFS,Downloaddienst - Regelungsfunktion für den Wasserhaushalt der Böden 2020 (Umweltatlas) (WFS),2026-06-22 09:51:35.527 +0300
2971,195317,https://registry.gdi-de.org/id/de.be.csw/60ef5d6c-f8ac-311d-a4c9-e050b0d13b7b,NULL,Downloaddienst - Regelungsfunktion für den Wasserhaushalt der Böden 2020 (Umweltatlas) (WFS),https://gdi.berlin.de/services/wfs/ua_boden_regelfkt_2020?request=GetCapabilities&service=WFS,Downloaddienst - Regelungsfunktion für den Wasserhaushalt der Böden 2020 (Umweltatlas) (WFS),2026-06-22 09:51:35.527 +0300
2980,197076,https://registry.gdi-de.org/id/de.be.csw/60ef5d6c-f8ac-311d-a4c9-e050b0d13b7b,NULL,Downloaddienst - Regelungsfunktion für den Wasserhaushalt der Böden 2020 (Umweltatlas) (WFS),https://gdi.berlin.de/services/wfs/ua_boden_regelfkt_2020?request=GetCapabilities&service=WFS,Downloaddienst - Regelungsfunktion für den Wasserhaushalt der Böden 2020 (Umweltatlas) (WFS),2026-06-22 09:51:35.527 +0300
3024,208510,https://registry.gdi-de.org/id/de.be.csw/60ef5d6c-f8ac-311d-a4c9-e050b0d13b7b,NULL,Downloaddienst - Regelungsfunktion für den Wasserhaushalt der Böden 2020 (Umweltatlas) (WFS),https://gdi.berlin.de/services/wfs/ua_boden_regelfkt_2020?request=GetCapabilities&service=WFS,Downloaddienst - Regelungsfunktion für den Wasserhaushalt der Böden 2020 (Umweltatlas) (WFS),2026-06-22 09:51:35.527 +0300
3032,210296,https://registry.gdi-de.org/id/de.be.csw/60ef5d6c-f8ac-311d-a4c9-e050b0d13b7b,NULL,Downloaddienst - Regelungsfunktion für den Wasserhaushalt der Böden 2020 (Umweltatlas) (WFS),https://gdi.berlin.de/services/wfs/ua_boden_regelfkt_2020?request=GetCapabilities&service=WFS,Downloaddienst - Regelungsfunktion für den Wasserhaushalt der Böden 2020 (Umweltatlas) (WFS),2026-06-22 09:51:35.527 +0300
3055,212865,https://registry.gdi-de.org/id/de.be.csw/60ef5d6c-f8ac-311d-a4c9-e050b0d13b7b,NULL,Downloaddienst - Regelungsfunktion für den Wasserhaushalt der Böden 2020 (Umweltatlas) (WFS),https://gdi.berlin.de/services/wfs/ua_boden_regelfkt_2020?request=GetCapabilities&service=WFS,Downloaddienst - Regelungsfunktion für den Wasserhaushalt der Böden 2020 (Umweltatlas) (WFS),2026-06-22 09:51:35.527 +0300
3061,214521,https://registry.gdi-de.org/id/de.be.csw/60ef5d6c-f8ac-311d-a4c9-e050b0d13b7b,NULL,Downloaddienst - Regelungsfunktion für den Wasserhaushalt der Böden 2020 (Umweltatlas) (WFS),https://gdi.berlin.de/services/wfs/ua_boden_regelfkt_2020?request=GetCapabilities&service=WFS,Downloaddienst - Regelungsfunktion für den Wasserhaushalt der Böden 2020 (Umweltatlas) (WFS),2026-06-22 09:51:35.527 +0300
3115,227259,https://registry.gdi-de.org/id/de.be.csw/60ef5d6c-f8ac-311d-a4c9-e050b0d13b7b,NULL,Downloaddienst - Regelungsfunktion für den Wasserhaushalt der Böden 2020 (Umweltatlas) (WFS),https://gdi.berlin.de/services/wfs/ua_boden_regelfkt_2020?request=GetCapabilities&service=WFS,Downloaddienst - Regelungsfunktion für den Wasserhaushalt der Böden 2020 (Umweltatlas) (WFS),2026-06-22 09:51:35.527 +0300
3123,229053,https://registry.gdi-de.org/id/de.be.csw/60ef5d6c-f8ac-311d-a4c9-e050b0d13b7b,NULL,Downloaddienst - Regelungsfunktion für den Wasserhaushalt der Böden 2020 (Umweltatlas) (WFS),https://gdi.berlin.de/services/wfs/ua_boden_regelfkt_2020?request=GetCapabilities&service=WFS,Downloaddienst - Regelungsfunktion für den Wasserhaushalt der Böden 2020 (Umweltatlas) (WFS),2026-06-22 09:51:35.527 +0300
3182,241378,https://registry.gdi-de.org/id/de.be.csw/60ef5d6c-f8ac-311d-a4c9-e050b0d13b7b,NULL,Downloaddienst - Regelungsfunktion für den Wasserhaushalt der Böden 2020 (Umweltatlas) (WFS),https://gdi.berlin.de/services/wfs/ua_boden_regelfkt_2020?request=GetCapabilities&service=WFS,Downloaddienst - Regelungsfunktion für den Wasserhaushalt der Böden 2020 (Umweltatlas) (WFS),2026-06-22 09:51:35.527 +0300
3190,243481,https://registry.gdi-de.org/id/de.be.csw/60ef5d6c-f8ac-311d-a4c9-e050b0d13b7b,NULL,Downloaddienst - Regelungsfunktion für den Wasserhaushalt der Böden 2020 (Umweltatlas) (WFS),https://gdi.berlin.de/services/wfs/ua_boden_regelfkt_2020?request=GetCapabilities&service=WFS,Downloaddienst - Regelungsfunktion für den Wasserhaushalt der Böden 2020 (Umweltatlas) (WFS),2026-06-22 09:51:35.527 +0300
3224,247110,https://registry.gdi-de.org/id/de.be.csw/60ef5d6c-f8ac-311d-a4c9-e050b0d13b7b,NULL,Downloaddienst - Regelungsfunktion für den Wasserhaushalt der Böden 2020 (Umweltatlas) (WFS),https://gdi.berlin.de/services/wfs/ua_boden_regelfkt_2020?request=GetCapabilities&service=WFS,Downloaddienst - Regelungsfunktion für den Wasserhaushalt der Böden 2020 (Umweltatlas) (WFS),2026-06-22 09:51:35.527 +0300
3240,250161,https://registry.gdi-de.org/id/de.be.csw/60ef5d6c-f8ac-311d-a4c9-e050b0d13b7b,NULL,Downloaddienst - Regelungsfunktion für den Wasserhaushalt der Böden 2020 (Umweltatlas) (WFS),https://gdi.berlin.de/services/wfs/ua_boden_regelfkt_2020?request=GetCapabilities&service=WFS,Downloaddienst - Regelungsfunktion für den Wasserhaushalt der Böden 2020 (Umweltatlas) (WFS),2026-06-22 09:51:35.527 +0300
3286,263597,https://registry.gdi-de.org/id/de.be.csw/60ef5d6c-f8ac-311d-a4c9-e050b0d13b7b,NULL,Downloaddienst - Regelungsfunktion für den Wasserhaushalt der Böden 2020 (Umweltatlas) (WFS),https://gdi.berlin.de/services/wfs/ua_boden_regelfkt_2020?request=GetCapabilities&service=WFS,Downloaddienst - Regelungsfunktion für den Wasserhaushalt der Böden 2020 (Umweltatlas) (WFS),2026-06-22 09:51:35.527 +0300
3301,266974,https://registry.gdi-de.org/id/de.be.csw/60ef5d6c-f8ac-311d-a4c9-e050b0d13b7b,NULL,Downloaddienst - Regelungsfunktion für den Wasserhaushalt der Böden 2020 (Umweltatlas) (WFS),https://gdi.berlin.de/services/wfs/ua_boden_regelfkt_2020?request=GetCapabilities&service=WFS,Downloaddienst - Regelungsfunktion für den Wasserhaushalt der Böden 2020 (Umweltatlas) (WFS),2026-06-22 09:51:35.527 +0300
3345,278834,https://registry.gdi-de.org/id/de.be.csw/60ef5d6c-f8ac-311d-a4c9-e050b0d13b7b,NULL,Downloaddienst - Regelungsfunktion für den Wasserhaushalt der Böden 2020 (Umweltatlas) (WFS),https://gdi.berlin.de/services/wfs/ua_boden_regelfkt_2020?request=GetCapabilities&service=WFS,Downloaddienst - Regelungsfunktion für den Wasserhaushalt der Böden 2020 (Umweltatlas) (WFS),2026-06-22 09:51:35.527 +0300
3363,282028,https://registry.gdi-de.org/id/de.be.csw/60ef5d6c-f8ac-311d-a4c9-e050b0d13b7b,NULL,Downloaddienst - Regelungsfunktion für den Wasserhaushalt der Böden 2020 (Umweltatlas) (WFS),https://gdi.berlin.de/services/wfs/ua_boden_regelfkt_2020?request=GetCapabilities&service=WFS,Downloaddienst - Regelungsfunktion für den Wasserhaushalt der Böden 2020 (Umweltatlas) (WFS),2026-06-22 09:51:35.527 +0300
3412,295490,https://registry.gdi-de.org/id/de.be.csw/60ef5d6c-f8ac-311d-a4c9-e050b0d13b7b,NULL,Downloaddienst - Regelungsfunktion für den Wasserhaushalt der Böden 2020 (Umweltatlas) (WFS),https://gdi.berlin.de/services/wfs/ua_boden_regelfkt_2020?request=GetCapabilities&service=WFS,Downloaddienst - Regelungsfunktion für den Wasserhaushalt der Böden 2020 (Umweltatlas) (WFS),2026-06-22 09:51:35.527 +0300
3434,297896,https://registry.gdi-de.org/id/de.be.csw/60ef5d6c-f8ac-311d-a4c9-e050b0d13b7b,NULL,Downloaddienst - Regelungsfunktion für den Wasserhaushalt der Böden 2020 (Umweltatlas) (WFS),https://gdi.berlin.de/services/wfs/ua_boden_regelfkt_2020?request=GetCapabilities&service=WFS,Downloaddienst - Regelungsfunktion für den Wasserhaushalt der Böden 2020 (Umweltatlas) (WFS),2026-06-22 09:51:35.527 +0300
3483,311348,https://registry.gdi-de.org/id/de.be.csw/60ef5d6c-f8ac-311d-a4c9-e050b0d13b7b,NULL,Downloaddienst - Regelungsfunktion für den Wasserhaushalt der Böden 2020 (Umweltatlas) (WFS),https://gdi.berlin.de/services/wfs/ua_boden_regelfkt_2020?request=GetCapabilities&service=WFS,Downloaddienst - Regelungsfunktion für den Wasserhaushalt der Böden 2020 (Umweltatlas) (WFS),2026-06-22 09:51:35.527 +0300
3503,313716,https://registry.gdi-de.org/id/de.be.csw/60ef5d6c-f8ac-311d-a4c9-e050b0d13b7b,NULL,Downloaddienst - Regelungsfunktion für den Wasserhaushalt der Böden 2020 (Umweltatlas) (WFS),https://gdi.berlin.de/services/wfs/ua_boden_regelfkt_2020?request=GetCapabilities&service=WFS,Downloaddienst - Regelungsfunktion für den Wasserhaushalt der Böden 2020 (Umweltatlas) (WFS),2026-06-22 09:51:35.527 +0300
3553,327050,https://registry.gdi-de.org/id/de.be.csw/60ef5d6c-f8ac-311d-a4c9-e050b0d13b7b,NULL,Downloaddienst - Regelungsfunktion für den Wasserhaushalt der Böden 2020 (Umweltatlas) (WFS),https://gdi.berlin.de/services/wfs/ua_boden_regelfkt_2020?request=GetCapabilities&service=WFS,Downloaddienst - Regelungsfunktion für den Wasserhaushalt der Böden 2020 (Umweltatlas) (WFS),2026-06-22 09:51:35.527 +0300
3574,329451,https://registry.gdi-de.org/id/de.be.csw/60ef5d6c-f8ac-311d-a4c9-e050b0d13b7b,NULL,Downloaddienst - Regelungsfunktion für den Wasserhaushalt der Böden 2020 (Umweltatlas) (WFS),https://gdi.berlin.de/services/wfs/ua_boden_regelfkt_2020?request=GetCapabilities&service=WFS,Downloaddienst - Regelungsfunktion für den Wasserhaushalt der Böden 2020 (Umweltatlas) (WFS),2026-06-22 09:51:35.527 +0300
3625,342826,https://registry.gdi-de.org/id/de.be.csw/60ef5d6c-f8ac-311d-a4c9-e050b0d13b7b,NULL,Downloaddienst - Regelungsfunktion für den Wasserhaushalt der Böden 2020 (Umweltatlas) (WFS),https://gdi.berlin.de/services/wfs/ua_boden_regelfkt_2020?request=GetCapabilities&service=WFS,Downloaddienst - Regelungsfunktion für den Wasserhaushalt der Böden 2020 (Umweltatlas) (WFS),2026-06-22 09:51:35.527 +0300
3646,345368,https://registry.gdi-de.org/id/de.be.csw/60ef5d6c-f8ac-311d-a4c9-e050b0d13b7b,NULL,Downloaddienst - Regelungsfunktion für den Wasserhaushalt der Böden 2020 (Umweltatlas) (WFS),https://gdi.berlin.de/services/wfs/ua_boden_regelfkt_2020?request=GetCapabilities&service=WFS,Downloaddienst - Regelungsfunktion für den Wasserhaushalt der Böden 2020 (Umweltatlas) (WFS),2026-06-22 09:51:35.527 +0300
3694,356612,https://registry.gdi-de.org/id/de.be.csw/60ef5d6c-f8ac-311d-a4c9-e050b0d13b7b,NULL,Downloaddienst - Regelungsfunktion für den Wasserhaushalt der Böden 2020 (Umweltatlas) (WFS),https://gdi.berlin.de/services/wfs/ua_boden_regelfkt_2020?request=GetCapabilities&service=WFS,Downloaddienst - Regelungsfunktion für den Wasserhaushalt der Böden 2020 (Umweltatlas) (WFS),2026-06-22 09:51:35.527 +0300
3708,359655,https://registry.gdi-de.org/id/de.be.csw/60ef5d6c-f8ac-311d-a4c9-e050b0d13b7b,NULL,Downloaddienst - Regelungsfunktion für den Wasserhaushalt der Böden 2020 (Umweltatlas) (WFS),https://gdi.berlin.de/services/wfs/ua_boden_regelfkt_2020?request=GetCapabilities&service=WFS,Downloaddienst - Regelungsfunktion für den Wasserhaushalt der Böden 2020 (Umweltatlas) (WFS),2026-06-22 09:51:35.527 +0300
3709,359671,https://registry.gdi-de.org/id/de.be.csw/60ef5d6c-f8ac-311d-a4c9-e050b0d13b7b,NULL,Downloaddienst - Regelungsfunktion für den Wasserhaushalt der Böden 2020 (Umweltatlas) (WFS),https://gdi.berlin.de/services/wfs/ua_boden_regelfkt_2020?request=GetCapabilities&service=WFS,Downloaddienst - Regelungsfunktion für den Wasserhaushalt der Böden 2020 (Umweltatlas) (WFS),2026-06-22 09:51:35.527 +0300
3751,370176,https://registry.gdi-de.org/id/de.be.csw/60ef5d6c-f8ac-311d-a4c9-e050b0d13b7b,NULL,Downloaddienst - Regelungsfunktion für den Wasserhaushalt der Böden 2020 (Umweltatlas) (WFS),https://gdi.berlin.de/services/wfs/ua_boden_regelfkt_2020?request=GetCapabilities&service=WFS,Downloaddienst - Regelungsfunktion für den Wasserhaushalt der Böden 2020 (Umweltatlas) (WFS),2026-06-22 09:51:35.527 +0300
3765,373116,https://registry.gdi-de.org/id/de.be.csw/60ef5d6c-f8ac-311d-a4c9-e050b0d13b7b,NULL,Downloaddienst - Regelungsfunktion für den Wasserhaushalt der Böden 2020 (Umweltatlas) (WFS),https://gdi.berlin.de/services/wfs/ua_boden_regelfkt_2020?request=GetCapabilities&service=WFS,Downloaddienst - Regelungsfunktion für den Wasserhaushalt der Böden 2020 (Umweltatlas) (WFS),2026-06-22 09:51:35.527 +0300
3766,373133,https://registry.gdi-de.org/id/de.be.csw/60ef5d6c-f8ac-311d-a4c9-e050b0d13b7b,NULL,Downloaddienst - Regelungsfunktion für den Wasserhaushalt der Böden 2020 (Umweltatlas) (WFS),https://gdi.berlin.de/services/wfs/ua_boden_regelfkt_2020?request=GetCapabilities&service=WFS,Downloaddienst - Regelungsfunktion für den Wasserhaushalt der Böden 2020 (Umweltatlas) (WFS),2026-06-22 09:51:35.527 +0300
3804,383408,https://registry.gdi-de.org/id/de.be.csw/60ef5d6c-f8ac-311d-a4c9-e050b0d13b7b,NULL,Downloaddienst - Regelungsfunktion für den Wasserhaushalt der Böden 2020 (Umweltatlas) (WFS),https://gdi.berlin.de/services/wfs/ua_boden_regelfkt_2020?request=GetCapabilities&service=WFS,Downloaddienst - Regelungsfunktion für den Wasserhaushalt der Böden 2020 (Umweltatlas) (WFS),2026-06-22 09:51:35.527 +0300
3818,386231,https://registry.gdi-de.org/id/de.be.csw/60ef5d6c-f8ac-311d-a4c9-e050b0d13b7b,NULL,Downloaddienst - Regelungsfunktion für den Wasserhaushalt der Böden 2020 (Umweltatlas) (WFS),https://gdi.berlin.de/services/wfs/ua_boden_regelfkt_2020?request=GetCapabilities&service=WFS,Downloaddienst - Regelungsfunktion für den Wasserhaushalt der Böden 2020 (Umweltatlas) (WFS),2026-06-22 09:51:35.527 +0300
3819,386248,https://registry.gdi-de.org/id/de.be.csw/60ef5d6c-f8ac-311d-a4c9-e050b0d13b7b,NULL,Downloaddienst - Regelungsfunktion für den Wasserhaushalt der Böden 2020 (Umweltatlas) (WFS),https://gdi.berlin.de/services/wfs/ua_boden_regelfkt_2020?request=GetCapabilities&service=WFS,Downloaddienst - Regelungsfunktion für den Wasserhaushalt der Böden 2020 (Umweltatlas) (WFS),2026-06-22 09:51:35.527 +0300
3861,398633,https://registry.gdi-de.org/id/de.be.csw/60ef5d6c-f8ac-311d-a4c9-e050b0d13b7b,NULL,Downloaddienst - Regelungsfunktion für den Wasserhaushalt der Böden 2020 (Umweltatlas) (WFS),https://gdi.berlin.de/services/wfs/ua_boden_regelfkt_2020?request=GetCapabilities&service=WFS,Downloaddienst - Regelungsfunktion für den Wasserhaushalt der Böden 2020 (Umweltatlas) (WFS),2026-06-22 09:51:35.527 +0300
3875,401370,https://registry.gdi-de.org/id/de.be.csw/60ef5d6c-f8ac-311d-a4c9-e050b0d13b7b,NULL,Downloaddienst - Regelungsfunktion für den Wasserhaushalt der Böden 2020 (Umweltatlas) (WFS),https://gdi.berlin.de/services/wfs/ua_boden_regelfkt_2020?request=GetCapabilities&service=WFS,Downloaddienst - Regelungsfunktion für den Wasserhaushalt der Böden 2020 (Umweltatlas) (WFS),2026-06-22 09:51:35.527 +0300
3876,401387,https://registry.gdi-de.org/id/de.be.csw/60ef5d6c-f8ac-311d-a4c9-e050b0d13b7b,NULL,Downloaddienst - Regelungsfunktion für den Wasserhaushalt der Böden 2020 (Umweltatlas) (WFS),https://gdi.berlin.de/services/wfs/ua_boden_regelfkt_2020?request=GetCapabilities&service=WFS,Downloaddienst - Regelungsfunktion für den Wasserhaushalt der Böden 2020 (Umweltatlas) (WFS),2026-06-22 09:51:35.527 +0300
4196,507532,https://registry.gdi-de.org/id/de.be.csw/60ef5d6c-f8ac-311d-a4c9-e050b0d13b7b,NULL,Downloaddienst - Regelungsfunktion für den Wasserhaushalt der Böden 2020 (Umweltatlas) (WFS),https://gdi.berlin.de/services/wfs/ua_boden_regelfkt_2020?request=GetCapabilities&service=WFS,Downloaddienst - Regelungsfunktion für den Wasserhaushalt der Böden 2020 (Umweltatlas) (WFS),2026-06-22 09:51:35.527 +0300
4212,511906,https://registry.gdi-de.org/id/de.be.csw/60ef5d6c-f8ac-311d-a4c9-e050b0d13b7b,NULL,Downloaddienst - Regelungsfunktion für den Wasserhaushalt der Böden 2020 (Umweltatlas) (WFS),https://gdi.berlin.de/services/wfs/ua_boden_regelfkt_2020?request=GetCapabilities&service=WFS,Downloaddienst - Regelungsfunktion für den Wasserhaushalt der Böden 2020 (Umweltatlas) (WFS),2026-06-22 09:51:35.527 +0300
2234,56656,https://registry.gdi-de.org/id/de.be.csw/641f335c-63e7-315f-8d3a-64d48daa0e68,NULL,Downloaddienst - Wasserversorgung der Böden 2020 (Umweltatlas) (WFS),https://gdi.berlin.de/services/wfs/ua_boden_wasserversorgung_2020?request=GetCapabilities&service=WFS,Downloaddienst - Wasserversorgung der Böden 2020 (Umweltatlas) (WFS),2026-06-22 09:51:35.527 +0300
2457,69155,https://registry.gdi-de.org/id/de.be.csw/641f335c-63e7-315f-8d3a-64d48daa0e68,NULL,Downloaddienst - Wasserversorgung der Böden 2020 (Umweltatlas) (WFS),https://gdi.berlin.de/services/wfs/ua_boden_wasserversorgung_2020?request=GetCapabilities&service=WFS,Downloaddienst - Wasserversorgung der Böden 2020 (Umweltatlas) (WFS),2026-06-22 09:51:35.527 +0300
2602,97739,https://registry.gdi-de.org/id/de.be.csw/641f335c-63e7-315f-8d3a-64d48daa0e68,NULL,Downloaddienst - Wasserversorgung der Böden 2020 (Umweltatlas) (WFS),https://gdi.berlin.de/services/wfs/ua_boden_wasserversorgung_2020?request=GetCapabilities&service=WFS,Downloaddienst - Wasserversorgung der Böden 2020 (Umweltatlas) (WFS),2026-06-22 09:51:35.527 +0300
2617,114624,https://registry.gdi-de.org/id/de.be.csw/641f335c-63e7-315f-8d3a-64d48daa0e68,NULL,Downloaddienst - Wasserversorgung der Böden 2020 (Umweltatlas) (WFS),https://gdi.berlin.de/services/wfs/ua_boden_wasserversorgung_2020?request=GetCapabilities&service=WFS,Downloaddienst - Wasserversorgung der Böden 2020 (Umweltatlas) (WFS),2026-06-22 09:51:35.527 +0300
2725,142350,https://registry.gdi-de.org/id/de.be.csw/641f335c-63e7-315f-8d3a-64d48daa0e68,NULL,Downloaddienst - Wasserversorgung der Böden 2020 (Umweltatlas) (WFS),https://gdi.berlin.de/services/wfs/ua_boden_wasserversorgung_2020?request=GetCapabilities&service=WFS,Downloaddienst - Wasserversorgung der Böden 2020 (Umweltatlas) (WFS),2026-06-22 09:51:35.527 +0300
2732,146518,https://registry.gdi-de.org/id/de.be.csw/641f335c-63e7-315f-8d3a-64d48daa0e68,NULL,Downloaddienst - Wasserversorgung der Böden 2020 (Umweltatlas) (WFS),https://gdi.berlin.de/services/wfs/ua_boden_wasserversorgung_2020?request=GetCapabilities&service=WFS,Downloaddienst - Wasserversorgung der Böden 2020 (Umweltatlas) (WFS),2026-06-22 09:51:35.527 +0300
2767,152418,https://registry.gdi-de.org/id/de.be.csw/641f335c-63e7-315f-8d3a-64d48daa0e68,NULL,Downloaddienst - Wasserversorgung der Böden 2020 (Umweltatlas) (WFS),https://gdi.berlin.de/services/wfs/ua_boden_wasserversorgung_2020?request=GetCapabilities&service=WFS,Downloaddienst - Wasserversorgung der Böden 2020 (Umweltatlas) (WFS),2026-06-22 09:51:35.527 +0300
2779,157044,https://registry.gdi-de.org/id/de.be.csw/641f335c-63e7-315f-8d3a-64d48daa0e68,NULL,Downloaddienst - Wasserversorgung der Böden 2020 (Umweltatlas) (WFS),https://gdi.berlin.de/services/wfs/ua_boden_wasserversorgung_2020?request=GetCapabilities&service=WFS,Downloaddienst - Wasserversorgung der Böden 2020 (Umweltatlas) (WFS),2026-06-22 09:51:35.527 +0300
2834,166023,https://registry.gdi-de.org/id/de.be.csw/641f335c-63e7-315f-8d3a-64d48daa0e68,NULL,Downloaddienst - Wasserversorgung der Böden 2020 (Umweltatlas) (WFS),https://gdi.berlin.de/services/wfs/ua_boden_wasserversorgung_2020?request=GetCapabilities&service=WFS,Downloaddienst - Wasserversorgung der Böden 2020 (Umweltatlas) (WFS),2026-06-22 09:51:35.527 +0300
2836,166677,https://registry.gdi-de.org/id/de.be.csw/641f335c-63e7-315f-8d3a-64d48daa0e68,NULL,Downloaddienst - Wasserversorgung der Böden 2020 (Umweltatlas) (WFS),https://gdi.berlin.de/services/wfs/ua_boden_wasserversorgung_2020?request=GetCapabilities&service=WFS,Downloaddienst - Wasserversorgung der Böden 2020 (Umweltatlas) (WFS),2026-06-22 09:51:35.527 +0300
2875,173656,https://registry.gdi-de.org/id/de.be.csw/641f335c-63e7-315f-8d3a-64d48daa0e68,NULL,Downloaddienst - Wasserversorgung der Böden 2020 (Umweltatlas) (WFS),https://gdi.berlin.de/services/wfs/ua_boden_wasserversorgung_2020?request=GetCapabilities&service=WFS,Downloaddienst - Wasserversorgung der Böden 2020 (Umweltatlas) (WFS),2026-06-22 09:51:35.527 +0300
2883,178104,https://registry.gdi-de.org/id/de.be.csw/641f335c-63e7-315f-8d3a-64d48daa0e68,NULL,Downloaddienst - Wasserversorgung der Böden 2020 (Umweltatlas) (WFS),https://gdi.berlin.de/services/wfs/ua_boden_wasserversorgung_2020?request=GetCapabilities&service=WFS,Downloaddienst - Wasserversorgung der Böden 2020 (Umweltatlas) (WFS),2026-06-22 09:51:35.527 +0300
2926,186162,https://registry.gdi-de.org/id/de.be.csw/641f335c-63e7-315f-8d3a-64d48daa0e68,NULL,Downloaddienst - Wasserversorgung der Böden 2020 (Umweltatlas) (WFS),https://gdi.berlin.de/services/wfs/ua_boden_wasserversorgung_2020?request=GetCapabilities&service=WFS,Downloaddienst - Wasserversorgung der Böden 2020 (Umweltatlas) (WFS),2026-06-22 09:51:35.527 +0300
2941,191914,https://registry.gdi-de.org/id/de.be.csw/641f335c-63e7-315f-8d3a-64d48daa0e68,NULL,Downloaddienst - Wasserversorgung der Böden 2020 (Umweltatlas) (WFS),https://gdi.berlin.de/services/wfs/ua_boden_wasserversorgung_2020?request=GetCapabilities&service=WFS,Downloaddienst - Wasserversorgung der Böden 2020 (Umweltatlas) (WFS),2026-06-22 09:51:35.527 +0300
3005,200902,https://registry.gdi-de.org/id/de.be.csw/641f335c-63e7-315f-8d3a-64d48daa0e68,NULL,Downloaddienst - Wasserversorgung der Böden 2020 (Umweltatlas) (WFS),https://gdi.berlin.de/services/wfs/ua_boden_wasserversorgung_2020?request=GetCapabilities&service=WFS,Downloaddienst - Wasserversorgung der Böden 2020 (Umweltatlas) (WFS),2026-06-22 09:51:35.527 +0300
3017,207158,https://registry.gdi-de.org/id/de.be.csw/641f335c-63e7-315f-8d3a-64d48daa0e68,NULL,Downloaddienst - Wasserversorgung der Böden 2020 (Umweltatlas) (WFS),https://gdi.berlin.de/services/wfs/ua_boden_wasserversorgung_2020?request=GetCapabilities&service=WFS,Downloaddienst - Wasserversorgung der Böden 2020 (Umweltatlas) (WFS),2026-06-22 09:51:35.527 +0300
3095,219949,https://registry.gdi-de.org/id/de.be.csw/641f335c-63e7-315f-8d3a-64d48daa0e68,NULL,Downloaddienst - Wasserversorgung der Böden 2020 (Umweltatlas) (WFS),https://gdi.berlin.de/services/wfs/ua_boden_wasserversorgung_2020?request=GetCapabilities&service=WFS,Downloaddienst - Wasserversorgung der Böden 2020 (Umweltatlas) (WFS),2026-06-22 09:51:35.527 +0300
3108,226156,https://registry.gdi-de.org/id/de.be.csw/641f335c-63e7-315f-8d3a-64d48daa0e68,NULL,Downloaddienst - Wasserversorgung der Böden 2020 (Umweltatlas) (WFS),https://gdi.berlin.de/services/wfs/ua_boden_wasserversorgung_2020?request=GetCapabilities&service=WFS,Downloaddienst - Wasserversorgung der Böden 2020 (Umweltatlas) (WFS),2026-06-22 09:51:35.527 +0300
3159,234144,https://registry.gdi-de.org/id/de.be.csw/641f335c-63e7-315f-8d3a-64d48daa0e68,NULL,Downloaddienst - Wasserversorgung der Böden 2020 (Umweltatlas) (WFS),https://gdi.berlin.de/services/wfs/ua_boden_wasserversorgung_2020?request=GetCapabilities&service=WFS,Downloaddienst - Wasserversorgung der Böden 2020 (Umweltatlas) (WFS),2026-06-22 09:51:35.527 +0300
3171,240265,https://registry.gdi-de.org/id/de.be.csw/641f335c-63e7-315f-8d3a-64d48daa0e68,NULL,Downloaddienst - Wasserversorgung der Böden 2020 (Umweltatlas) (WFS),https://gdi.berlin.de/services/wfs/ua_boden_wasserversorgung_2020?request=GetCapabilities&service=WFS,Downloaddienst - Wasserversorgung der Böden 2020 (Umweltatlas) (WFS),2026-06-22 09:51:35.527 +0300
3275,260105,https://registry.gdi-de.org/id/de.be.csw/641f335c-63e7-315f-8d3a-64d48daa0e68,NULL,Downloaddienst - Wasserversorgung der Böden 2020 (Umweltatlas) (WFS),https://gdi.berlin.de/services/wfs/ua_boden_wasserversorgung_2020?request=GetCapabilities&service=WFS,Downloaddienst - Wasserversorgung der Böden 2020 (Umweltatlas) (WFS),2026-06-22 09:51:35.527 +0300
3282,263583,https://registry.gdi-de.org/id/de.be.csw/641f335c-63e7-315f-8d3a-64d48daa0e68,NULL,Downloaddienst - Wasserversorgung der Böden 2020 (Umweltatlas) (WFS),https://gdi.berlin.de/services/wfs/ua_boden_wasserversorgung_2020?request=GetCapabilities&service=WFS,Downloaddienst - Wasserversorgung der Böden 2020 (Umweltatlas) (WFS),2026-06-22 09:51:35.527 +0300
3327,272812,https://registry.gdi-de.org/id/de.be.csw/641f335c-63e7-315f-8d3a-64d48daa0e68,NULL,Downloaddienst - Wasserversorgung der Böden 2020 (Umweltatlas) (WFS),https://gdi.berlin.de/services/wfs/ua_boden_wasserversorgung_2020?request=GetCapabilities&service=WFS,Downloaddienst - Wasserversorgung der Böden 2020 (Umweltatlas) (WFS),2026-06-22 09:51:35.527 +0300
3339,278806,https://registry.gdi-de.org/id/de.be.csw/641f335c-63e7-315f-8d3a-64d48daa0e68,NULL,Downloaddienst - Wasserversorgung der Böden 2020 (Umweltatlas) (WFS),https://gdi.berlin.de/services/wfs/ua_boden_wasserversorgung_2020?request=GetCapabilities&service=WFS,Downloaddienst - Wasserversorgung der Böden 2020 (Umweltatlas) (WFS),2026-06-22 09:51:35.527 +0300
3388,288530,https://registry.gdi-de.org/id/de.be.csw/641f335c-63e7-315f-8d3a-64d48daa0e68,NULL,Downloaddienst - Wasserversorgung der Böden 2020 (Umweltatlas) (WFS),https://gdi.berlin.de/services/wfs/ua_boden_wasserversorgung_2020?request=GetCapabilities&service=WFS,Downloaddienst - Wasserversorgung der Böden 2020 (Umweltatlas) (WFS),2026-06-22 09:51:35.527 +0300
3401,294544,https://registry.gdi-de.org/id/de.be.csw/641f335c-63e7-315f-8d3a-64d48daa0e68,NULL,Downloaddienst - Wasserversorgung der Böden 2020 (Umweltatlas) (WFS),https://gdi.berlin.de/services/wfs/ua_boden_wasserversorgung_2020?request=GetCapabilities&service=WFS,Downloaddienst - Wasserversorgung der Böden 2020 (Umweltatlas) (WFS),2026-06-22 09:51:35.527 +0300
3406,295462,https://registry.gdi-de.org/id/de.be.csw/641f335c-63e7-315f-8d3a-64d48daa0e68,NULL,Downloaddienst - Wasserversorgung der Böden 2020 (Umweltatlas) (WFS),https://gdi.berlin.de/services/wfs/ua_boden_wasserversorgung_2020?request=GetCapabilities&service=WFS,Downloaddienst - Wasserversorgung der Böden 2020 (Umweltatlas) (WFS),2026-06-22 09:51:35.527 +0300
3459,304396,https://registry.gdi-de.org/id/de.be.csw/641f335c-63e7-315f-8d3a-64d48daa0e68,NULL,Downloaddienst - Wasserversorgung der Böden 2020 (Umweltatlas) (WFS),https://gdi.berlin.de/services/wfs/ua_boden_wasserversorgung_2020?request=GetCapabilities&service=WFS,Downloaddienst - Wasserversorgung der Böden 2020 (Umweltatlas) (WFS),2026-06-22 09:51:35.527 +0300
3472,310412,https://registry.gdi-de.org/id/de.be.csw/641f335c-63e7-315f-8d3a-64d48daa0e68,NULL,Downloaddienst - Wasserversorgung der Böden 2020 (Umweltatlas) (WFS),https://gdi.berlin.de/services/wfs/ua_boden_wasserversorgung_2020?request=GetCapabilities&service=WFS,Downloaddienst - Wasserversorgung der Böden 2020 (Umweltatlas) (WFS),2026-06-22 09:51:35.527 +0300
3477,311320,https://registry.gdi-de.org/id/de.be.csw/641f335c-63e7-315f-8d3a-64d48daa0e68,NULL,Downloaddienst - Wasserversorgung der Böden 2020 (Umweltatlas) (WFS),https://gdi.berlin.de/services/wfs/ua_boden_wasserversorgung_2020?request=GetCapabilities&service=WFS,Downloaddienst - Wasserversorgung der Böden 2020 (Umweltatlas) (WFS),2026-06-22 09:51:35.527 +0300
3529,320086,https://registry.gdi-de.org/id/de.be.csw/641f335c-63e7-315f-8d3a-64d48daa0e68,NULL,Downloaddienst - Wasserversorgung der Böden 2020 (Umweltatlas) (WFS),https://gdi.berlin.de/services/wfs/ua_boden_wasserversorgung_2020?request=GetCapabilities&service=WFS,Downloaddienst - Wasserversorgung der Böden 2020 (Umweltatlas) (WFS),2026-06-22 09:51:35.527 +0300
3542,326131,https://registry.gdi-de.org/id/de.be.csw/641f335c-63e7-315f-8d3a-64d48daa0e68,NULL,Downloaddienst - Wasserversorgung der Böden 2020 (Umweltatlas) (WFS),https://gdi.berlin.de/services/wfs/ua_boden_wasserversorgung_2020?request=GetCapabilities&service=WFS,Downloaddienst - Wasserversorgung der Böden 2020 (Umweltatlas) (WFS),2026-06-22 09:51:35.527 +0300
3601,335871,https://registry.gdi-de.org/id/de.be.csw/641f335c-63e7-315f-8d3a-64d48daa0e68,NULL,Downloaddienst - Wasserversorgung der Böden 2020 (Umweltatlas) (WFS),https://gdi.berlin.de/services/wfs/ua_boden_wasserversorgung_2020?request=GetCapabilities&service=WFS,Downloaddienst - Wasserversorgung der Böden 2020 (Umweltatlas) (WFS),2026-06-22 09:51:35.527 +0300
3614,341919,https://registry.gdi-de.org/id/de.be.csw/641f335c-63e7-315f-8d3a-64d48daa0e68,NULL,Downloaddienst - Wasserversorgung der Böden 2020 (Umweltatlas) (WFS),https://gdi.berlin.de/services/wfs/ua_boden_wasserversorgung_2020?request=GetCapabilities&service=WFS,Downloaddienst - Wasserversorgung der Böden 2020 (Umweltatlas) (WFS),2026-06-22 09:51:35.527 +0300
3675,352160,https://registry.gdi-de.org/id/de.be.csw/641f335c-63e7-315f-8d3a-64d48daa0e68,NULL,Downloaddienst - Wasserversorgung der Böden 2020 (Umweltatlas) (WFS),https://gdi.berlin.de/services/wfs/ua_boden_wasserversorgung_2020?request=GetCapabilities&service=WFS,Downloaddienst - Wasserversorgung der Böden 2020 (Umweltatlas) (WFS),2026-06-22 09:51:35.527 +0300
3690,356596,https://registry.gdi-de.org/id/de.be.csw/641f335c-63e7-315f-8d3a-64d48daa0e68,NULL,Downloaddienst - Wasserversorgung der Böden 2020 (Umweltatlas) (WFS),https://gdi.berlin.de/services/wfs/ua_boden_wasserversorgung_2020?request=GetCapabilities&service=WFS,Downloaddienst - Wasserversorgung der Böden 2020 (Umweltatlas) (WFS),2026-06-22 09:51:35.527 +0300
3743,368254,https://registry.gdi-de.org/id/de.be.csw/641f335c-63e7-315f-8d3a-64d48daa0e68,NULL,Downloaddienst - Wasserversorgung der Böden 2020 (Umweltatlas) (WFS),https://gdi.berlin.de/services/wfs/ua_boden_wasserversorgung_2020?request=GetCapabilities&service=WFS,Downloaddienst - Wasserversorgung der Böden 2020 (Umweltatlas) (WFS),2026-06-22 09:51:35.527 +0300
3747,370165,https://registry.gdi-de.org/id/de.be.csw/641f335c-63e7-315f-8d3a-64d48daa0e68,NULL,Downloaddienst - Wasserversorgung der Böden 2020 (Umweltatlas) (WFS),https://gdi.berlin.de/services/wfs/ua_boden_wasserversorgung_2020?request=GetCapabilities&service=WFS,Downloaddienst - Wasserversorgung der Böden 2020 (Umweltatlas) (WFS),2026-06-22 09:51:35.527 +0300
3796,381698,https://registry.gdi-de.org/id/de.be.csw/641f335c-63e7-315f-8d3a-64d48daa0e68,NULL,Downloaddienst - Wasserversorgung der Böden 2020 (Umweltatlas) (WFS),https://gdi.berlin.de/services/wfs/ua_boden_wasserversorgung_2020?request=GetCapabilities&service=WFS,Downloaddienst - Wasserversorgung der Böden 2020 (Umweltatlas) (WFS),2026-06-22 09:51:35.527 +0300
3800,383397,https://registry.gdi-de.org/id/de.be.csw/641f335c-63e7-315f-8d3a-64d48daa0e68,NULL,Downloaddienst - Wasserversorgung der Böden 2020 (Umweltatlas) (WFS),https://gdi.berlin.de/services/wfs/ua_boden_wasserversorgung_2020?request=GetCapabilities&service=WFS,Downloaddienst - Wasserversorgung der Böden 2020 (Umweltatlas) (WFS),2026-06-22 09:51:35.527 +0300
3850,394709,https://registry.gdi-de.org/id/de.be.csw/641f335c-63e7-315f-8d3a-64d48daa0e68,NULL,Downloaddienst - Wasserversorgung der Böden 2020 (Umweltatlas) (WFS),https://gdi.berlin.de/services/wfs/ua_boden_wasserversorgung_2020?request=GetCapabilities&service=WFS,Downloaddienst - Wasserversorgung der Böden 2020 (Umweltatlas) (WFS),2026-06-22 09:51:35.527 +0300
3857,398615,https://registry.gdi-de.org/id/de.be.csw/641f335c-63e7-315f-8d3a-64d48daa0e68,NULL,Downloaddienst - Wasserversorgung der Böden 2020 (Umweltatlas) (WFS),https://gdi.berlin.de/services/wfs/ua_boden_wasserversorgung_2020?request=GetCapabilities&service=WFS,Downloaddienst - Wasserversorgung der Böden 2020 (Umweltatlas) (WFS),2026-06-22 09:51:35.527 +0300
3982,431314,https://registry.gdi-de.org/id/de.be.csw/641f335c-63e7-315f-8d3a-64d48daa0e68,NULL,Downloaddienst - Wasserversorgung der Böden 2020 (Umweltatlas) (WFS),https://gdi.berlin.de/services/wfs/ua_boden_wasserversorgung_2020?request=GetCapabilities&service=WFS,Downloaddienst - Wasserversorgung der Böden 2020 (Umweltatlas) (WFS),2026-06-22 09:51:35.527 +0300
3986,431588,https://registry.gdi-de.org/id/de.be.csw/641f335c-63e7-315f-8d3a-64d48daa0e68,NULL,Downloaddienst - Wasserversorgung der Böden 2020 (Umweltatlas) (WFS),https://gdi.berlin.de/services/wfs/ua_boden_wasserversorgung_2020?request=GetCapabilities&service=WFS,Downloaddienst - Wasserversorgung der Böden 2020 (Umweltatlas) (WFS),2026-06-22 09:51:35.527 +0300
4029,443658,https://registry.gdi-de.org/id/de.be.csw/641f335c-63e7-315f-8d3a-64d48daa0e68,NULL,Downloaddienst - Wasserversorgung der Böden 2020 (Umweltatlas) (WFS),https://gdi.berlin.de/services/wfs/ua_boden_wasserversorgung_2020?request=GetCapabilities&service=WFS,Downloaddienst - Wasserversorgung der Böden 2020 (Umweltatlas) (WFS),2026-06-22 09:51:35.527 +0300
4033,443924,https://registry.gdi-de.org/id/de.be.csw/641f335c-63e7-315f-8d3a-64d48daa0e68,NULL,Downloaddienst - Wasserversorgung der Böden 2020 (Umweltatlas) (WFS),https://gdi.berlin.de/services/wfs/ua_boden_wasserversorgung_2020?request=GetCapabilities&service=WFS,Downloaddienst - Wasserversorgung der Böden 2020 (Umweltatlas) (WFS),2026-06-22 09:51:35.527 +0300
4124,476155,https://registry.gdi-de.org/id/de.be.csw/641f335c-63e7-315f-8d3a-64d48daa0e68,NULL,Downloaddienst - Wasserversorgung der Böden 2020 (Umweltatlas) (WFS),https://gdi.berlin.de/services/wfs/ua_boden_wasserversorgung_2020?request=GetCapabilities&service=WFS,Downloaddienst - Wasserversorgung der Böden 2020 (Umweltatlas) (WFS),2026-06-22 09:51:35.527 +0300
4128,476453,https://registry.gdi-de.org/id/de.be.csw/641f335c-63e7-315f-8d3a-64d48daa0e68,NULL,Downloaddienst - Wasserversorgung der Böden 2020 (Umweltatlas) (WFS),https://gdi.berlin.de/services/wfs/ua_boden_wasserversorgung_2020?request=GetCapabilities&service=WFS,Downloaddienst - Wasserversorgung der Böden 2020 (Umweltatlas) (WFS),2026-06-22 09:51:35.527 +0300
4436,522754,https://registry.gdi-de.org/id/de.be.csw/641f335c-63e7-315f-8d3a-64d48daa0e68,NULL,Downloaddienst - Wasserversorgung der Böden 2020 (Umweltatlas) (WFS),https://gdi.berlin.de/services/wfs/ua_boden_wasserversorgung_2020?request=GetCapabilities&service=WFS,Downloaddienst - Wasserversorgung der Böden 2020 (Umweltatlas) (WFS),2026-06-22 09:51:35.527 +0300
4454,526871,https://registry.gdi-de.org/id/de.be.csw/641f335c-63e7-315f-8d3a-64d48daa0e68,NULL,Downloaddienst - Wasserversorgung der Böden 2020 (Umweltatlas) (WFS),https://gdi.berlin.de/services/wfs/ua_boden_wasserversorgung_2020?request=GetCapabilities&service=WFS,Downloaddienst - Wasserversorgung der Böden 2020 (Umweltatlas) (WFS),2026-06-22 09:51:35.527 +0300
2232,56646,https://registry.gdi-de.org/id/de.be.csw/757e6225-bc3f-3f1d-b5b0-709eb50018a8,NULL,Downloaddienst - Mittelmaßstäbige Landwirtschaftliche Standortkartierung (MMK) (WFS),https://gdi.berlin.de/services/wfs/mmk2004?request=GetCapabilities&service=WFS,Downloaddienst - Mittelmaßstäbige Landwirtschaftliche Standortkartierung (MMK) (WFS),2026-06-22 09:51:35.527 +0300
4185,506496,https://registry.gdi-de.org/id/de.be.csw/757e6225-bc3f-3f1d-b5b0-709eb50018a8,NULL,Downloaddienst - Mittelmaßstäbige Landwirtschaftliche Standortkartierung (MMK) (WFS),https://gdi.berlin.de/services/wfs/mmk2004?request=GetCapabilities&service=WFS,Downloaddienst - Mittelmaßstäbige Landwirtschaftliche Standortkartierung (MMK) (WFS),2026-06-22 09:51:35.527 +0300
4265,516648,https://registry.gdi-de.org/id/de.be.csw/757e6225-bc3f-3f1d-b5b0-709eb50018a8,NULL,Downloaddienst - Mittelmaßstäbige Landwirtschaftliche Standortkartierung (MMK) (WFS),https://gdi.berlin.de/services/wfs/mmk2004?request=GetCapabilities&service=WFS,Downloaddienst - Mittelmaßstäbige Landwirtschaftliche Standortkartierung (MMK) (WFS),2026-06-22 09:51:35.527 +0300
1957,48110,https://registry.gdi-de.org/id/de.be.csw/79d91507-b5bd-3394-93ee-6a5e136267f9,NULL,Darstellungsdienst - Boden im INSPIRE-Datenmodell (Bodenkundliche Kartierungen) (WMS),https://gdi.berlin.de/services/wms/so_boka?request=GetCapabilities&service=WMS,Darstellungsdienst - Boden im INSPIRE-Datenmodell (Bodenkundliche Kartierungen) (WMS),2026-06-22 09:51:35.527 +0300
2604,109479,https://registry.gdi-de.org/id/de.be.csw/79d91507-b5bd-3394-93ee-6a5e136267f9,NULL,Darstellungsdienst - Boden im INSPIRE-Datenmodell (Bodenkundliche Kartierungen) (WMS),https://gdi.berlin.de/services/wms/so_boka?request=GetCapabilities&service=WMS,Darstellungsdienst - Boden im INSPIRE-Datenmodell (Bodenkundliche Kartierungen) (WMS),2026-06-22 09:51:35.527 +0300
4418,522278,https://registry.gdi-de.org/id/de.be.csw/79d91507-b5bd-3394-93ee-6a5e136267f9,NULL,Darstellungsdienst - Boden im INSPIRE-Datenmodell (Bodenkundliche Kartierungen) (WMS),https://gdi.berlin.de/services/wms/so_boka?request=GetCapabilities&service=WMS,Darstellungsdienst - Boden im INSPIRE-Datenmodell (Bodenkundliche Kartierungen) (WMS),2026-06-22 09:51:35.527 +0300
4419,522280,https://registry.gdi-de.org/id/de.be.csw/79d91507-b5bd-3394-93ee-6a5e136267f9,NULL,Darstellungsdienst - Boden im INSPIRE-Datenmodell (Bodenkundliche Kartierungen) (WMS),https://gdi.berlin.de/services/wms/so_boka?request=GetCapabilities&service=WMS,Darstellungsdienst - Boden im INSPIRE-Datenmodell (Bodenkundliche Kartierungen) (WMS),2026-06-22 09:51:35.527 +0300
4423,522372,https://registry.gdi-de.org/id/de.be.csw/79d91507-b5bd-3394-93ee-6a5e136267f9,NULL,Darstellungsdienst - Boden im INSPIRE-Datenmodell (Bodenkundliche Kartierungen) (WMS),https://gdi.berlin.de/services/wms/so_boka?request=GetCapabilities&service=WMS,Darstellungsdienst - Boden im INSPIRE-Datenmodell (Bodenkundliche Kartierungen) (WMS),2026-06-22 09:51:35.527 +0300
4425,522379,https://registry.gdi-de.org/id/de.be.csw/79d91507-b5bd-3394-93ee-6a5e136267f9,NULL,Darstellungsdienst - Boden im INSPIRE-Datenmodell (Bodenkundliche Kartierungen) (WMS),https://gdi.berlin.de/services/wms/so_boka?request=GetCapabilities&service=WMS,Darstellungsdienst - Boden im INSPIRE-Datenmodell (Bodenkundliche Kartierungen) (WMS),2026-06-22 09:51:35.527 +0300
4426,522382,https://registry.gdi-de.org/id/de.be.csw/79d91507-b5bd-3394-93ee-6a5e136267f9,NULL,Darstellungsdienst - Boden im INSPIRE-Datenmodell (Bodenkundliche Kartierungen) (WMS),https://gdi.berlin.de/services/wms/so_boka?request=GetCapabilities&service=WMS,Darstellungsdienst - Boden im INSPIRE-Datenmodell (Bodenkundliche Kartierungen) (WMS),2026-06-22 09:51:35.527 +0300
4441,525085,https://registry.gdi-de.org/id/de.be.csw/79d91507-b5bd-3394-93ee-6a5e136267f9,NULL,Darstellungsdienst - Boden im INSPIRE-Datenmodell (Bodenkundliche Kartierungen) (WMS),https://gdi.berlin.de/services/wms/so_boka?request=GetCapabilities&service=WMS,Darstellungsdienst - Boden im INSPIRE-Datenmodell (Bodenkundliche Kartierungen) (WMS),2026-06-22 09:51:35.527 +0300
1994,48348,https://registry.gdi-de.org/id/de.be.csw/7c59bcbd-4086-3c87-a679-1cce480d054b,NULL,Darstellungsdienst - Kühlleistung der Böden mit Berücksichtigung der Versiegelung 2020 (Umweltatlas) (WMS),https://gdi.berlin.de/services/wms/ua_boden_bklmv_2020?request=GetCapabilities&service=WMS,Darstellungsdienst - Kühlleistung der Böden mit Berücksichtigung der Versiegelung 2020 (Umweltatlas) (WMS),2026-06-22 09:51:35.527 +0300
2592,96667,https://registry.gdi-de.org/id/de.be.csw/7c59bcbd-4086-3c87-a679-1cce480d054b,NULL,Darstellungsdienst - Kühlleistung der Böden mit Berücksichtigung der Versiegelung 2020 (Umweltatlas) (WMS),https://gdi.berlin.de/services/wms/ua_boden_bklmv_2020?request=GetCapabilities&service=WMS,Darstellungsdienst - Kühlleistung der Böden mit Berücksichtigung der Versiegelung 2020 (Umweltatlas) (WMS),2026-06-22 09:51:35.527 +0300
2598,96975,https://registry.gdi-de.org/id/de.be.csw/7c59bcbd-4086-3c87-a679-1cce480d054b,NULL,Darstellungsdienst - Kühlleistung der Böden mit Berücksichtigung der Versiegelung 2020 (Umweltatlas) (WMS),https://gdi.berlin.de/services/wms/ua_boden_bklmv_2020?request=GetCapabilities&service=WMS,Darstellungsdienst - Kühlleistung der Böden mit Berücksichtigung der Versiegelung 2020 (Umweltatlas) (WMS),2026-06-22 09:51:35.527 +0300
2715,141482,https://registry.gdi-de.org/id/de.be.csw/7c59bcbd-4086-3c87-a679-1cce480d054b,NULL,Darstellungsdienst - Kühlleistung der Böden mit Berücksichtigung der Versiegelung 2020 (Umweltatlas) (WMS),https://gdi.berlin.de/services/wms/ua_boden_bklmv_2020?request=GetCapabilities&service=WMS,Darstellungsdienst - Kühlleistung der Böden mit Berücksichtigung der Versiegelung 2020 (Umweltatlas) (WMS),2026-06-22 09:51:35.527 +0300
2724,142348,https://registry.gdi-de.org/id/de.be.csw/7c59bcbd-4086-3c87-a679-1cce480d054b,NULL,Darstellungsdienst - Kühlleistung der Böden mit Berücksichtigung der Versiegelung 2020 (Umweltatlas) (WMS),https://gdi.berlin.de/services/wms/ua_boden_bklmv_2020?request=GetCapabilities&service=WMS,Darstellungsdienst - Kühlleistung der Böden mit Berücksichtigung der Versiegelung 2020 (Umweltatlas) (WMS),2026-06-22 09:51:35.527 +0300
2757,151568,https://registry.gdi-de.org/id/de.be.csw/7c59bcbd-4086-3c87-a679-1cce480d054b,NULL,Darstellungsdienst - Kühlleistung der Böden mit Berücksichtigung der Versiegelung 2020 (Umweltatlas) (WMS),https://gdi.berlin.de/services/wms/ua_boden_bklmv_2020?request=GetCapabilities&service=WMS,Darstellungsdienst - Kühlleistung der Böden mit Berücksichtigung der Versiegelung 2020 (Umweltatlas) (WMS),2026-06-22 09:51:35.527 +0300
2766,152416,https://registry.gdi-de.org/id/de.be.csw/7c59bcbd-4086-3c87-a679-1cce480d054b,NULL,Darstellungsdienst - Kühlleistung der Böden mit Berücksichtigung der Versiegelung 2020 (Umweltatlas) (WMS),https://gdi.berlin.de/services/wms/ua_boden_bklmv_2020?request=GetCapabilities&service=WMS,Darstellungsdienst - Kühlleistung der Böden mit Berücksichtigung der Versiegelung 2020 (Umweltatlas) (WMS),2026-06-22 09:51:35.527 +0300
2824,165170,https://registry.gdi-de.org/id/de.be.csw/7c59bcbd-4086-3c87-a679-1cce480d054b,NULL,Darstellungsdienst - Kühlleistung der Böden mit Berücksichtigung der Versiegelung 2020 (Umweltatlas) (WMS),https://gdi.berlin.de/services/wms/ua_boden_bklmv_2020?request=GetCapabilities&service=WMS,Darstellungsdienst - Kühlleistung der Böden mit Berücksichtigung der Versiegelung 2020 (Umweltatlas) (WMS),2026-06-22 09:51:35.527 +0300
2833,166021,https://registry.gdi-de.org/id/de.be.csw/7c59bcbd-4086-3c87-a679-1cce480d054b,NULL,Darstellungsdienst - Kühlleistung der Böden mit Berücksichtigung der Versiegelung 2020 (Umweltatlas) (WMS),https://gdi.berlin.de/services/wms/ua_boden_bklmv_2020?request=GetCapabilities&service=WMS,Darstellungsdienst - Kühlleistung der Böden mit Berücksichtigung der Versiegelung 2020 (Umweltatlas) (WMS),2026-06-22 09:51:35.527 +0300
2866,172801,https://registry.gdi-de.org/id/de.be.csw/7c59bcbd-4086-3c87-a679-1cce480d054b,NULL,Darstellungsdienst - Kühlleistung der Böden mit Berücksichtigung der Versiegelung 2020 (Umweltatlas) (WMS),https://gdi.berlin.de/services/wms/ua_boden_bklmv_2020?request=GetCapabilities&service=WMS,Darstellungsdienst - Kühlleistung der Böden mit Berücksichtigung der Versiegelung 2020 (Umweltatlas) (WMS),2026-06-22 09:51:35.527 +0300
2871,173060,https://registry.gdi-de.org/id/de.be.csw/7c59bcbd-4086-3c87-a679-1cce480d054b,NULL,Darstellungsdienst - Kühlleistung der Böden mit Berücksichtigung der Versiegelung 2020 (Umweltatlas) (WMS),https://gdi.berlin.de/services/wms/ua_boden_bklmv_2020?request=GetCapabilities&service=WMS,Darstellungsdienst - Kühlleistung der Böden mit Berücksichtigung der Versiegelung 2020 (Umweltatlas) (WMS),2026-06-22 09:51:35.527 +0300
2916,185343,https://registry.gdi-de.org/id/de.be.csw/7c59bcbd-4086-3c87-a679-1cce480d054b,NULL,Darstellungsdienst - Kühlleistung der Böden mit Berücksichtigung der Versiegelung 2020 (Umweltatlas) (WMS),https://gdi.berlin.de/services/wms/ua_boden_bklmv_2020?request=GetCapabilities&service=WMS,Darstellungsdienst - Kühlleistung der Böden mit Berücksichtigung der Versiegelung 2020 (Umweltatlas) (WMS),2026-06-22 09:51:35.527 +0300
2921,185571,https://registry.gdi-de.org/id/de.be.csw/7c59bcbd-4086-3c87-a679-1cce480d054b,NULL,Darstellungsdienst - Kühlleistung der Böden mit Berücksichtigung der Versiegelung 2020 (Umweltatlas) (WMS),https://gdi.berlin.de/services/wms/ua_boden_bklmv_2020?request=GetCapabilities&service=WMS,Darstellungsdienst - Kühlleistung der Böden mit Berücksichtigung der Versiegelung 2020 (Umweltatlas) (WMS),2026-06-22 09:51:35.527 +0300
2925,186160,https://registry.gdi-de.org/id/de.be.csw/7c59bcbd-4086-3c87-a679-1cce480d054b,NULL,Darstellungsdienst - Kühlleistung der Böden mit Berücksichtigung der Versiegelung 2020 (Umweltatlas) (WMS),https://gdi.berlin.de/services/wms/ua_boden_bklmv_2020?request=GetCapabilities&service=WMS,Darstellungsdienst - Kühlleistung der Böden mit Berücksichtigung der Versiegelung 2020 (Umweltatlas) (WMS),2026-06-22 09:51:35.527 +0300
2993,200043,https://registry.gdi-de.org/id/de.be.csw/7c59bcbd-4086-3c87-a679-1cce480d054b,NULL,Darstellungsdienst - Kühlleistung der Böden mit Berücksichtigung der Versiegelung 2020 (Umweltatlas) (WMS),https://gdi.berlin.de/services/wms/ua_boden_bklmv_2020?request=GetCapabilities&service=WMS,Darstellungsdienst - Kühlleistung der Böden mit Berücksichtigung der Versiegelung 2020 (Umweltatlas) (WMS),2026-06-22 09:51:35.527 +0300
3004,200900,https://registry.gdi-de.org/id/de.be.csw/7c59bcbd-4086-3c87-a679-1cce480d054b,NULL,Darstellungsdienst - Kühlleistung der Böden mit Berücksichtigung der Versiegelung 2020 (Umweltatlas) (WMS),https://gdi.berlin.de/services/wms/ua_boden_bklmv_2020?request=GetCapabilities&service=WMS,Darstellungsdienst - Kühlleistung der Böden mit Berücksichtigung der Versiegelung 2020 (Umweltatlas) (WMS),2026-06-22 09:51:35.527 +0300
3084,219116,https://registry.gdi-de.org/id/de.be.csw/7c59bcbd-4086-3c87-a679-1cce480d054b,NULL,Darstellungsdienst - Kühlleistung der Böden mit Berücksichtigung der Versiegelung 2020 (Umweltatlas) (WMS),https://gdi.berlin.de/services/wms/ua_boden_bklmv_2020?request=GetCapabilities&service=WMS,Darstellungsdienst - Kühlleistung der Böden mit Berücksichtigung der Versiegelung 2020 (Umweltatlas) (WMS),2026-06-22 09:51:35.527 +0300
3090,219354,https://registry.gdi-de.org/id/de.be.csw/7c59bcbd-4086-3c87-a679-1cce480d054b,NULL,Darstellungsdienst - Kühlleistung der Böden mit Berücksichtigung der Versiegelung 2020 (Umweltatlas) (WMS),https://gdi.berlin.de/services/wms/ua_boden_bklmv_2020?request=GetCapabilities&service=WMS,Darstellungsdienst - Kühlleistung der Böden mit Berücksichtigung der Versiegelung 2020 (Umweltatlas) (WMS),2026-06-22 09:51:35.527 +0300
3094,219947,https://registry.gdi-de.org/id/de.be.csw/7c59bcbd-4086-3c87-a679-1cce480d054b,NULL,Darstellungsdienst - Kühlleistung der Böden mit Berücksichtigung der Versiegelung 2020 (Umweltatlas) (WMS),https://gdi.berlin.de/services/wms/ua_boden_bklmv_2020?request=GetCapabilities&service=WMS,Darstellungsdienst - Kühlleistung der Böden mit Berücksichtigung der Versiegelung 2020 (Umweltatlas) (WMS),2026-06-22 09:51:35.527 +0300
3149,233305,https://registry.gdi-de.org/id/de.be.csw/7c59bcbd-4086-3c87-a679-1cce480d054b,NULL,Darstellungsdienst - Kühlleistung der Böden mit Berücksichtigung der Versiegelung 2020 (Umweltatlas) (WMS),https://gdi.berlin.de/services/wms/ua_boden_bklmv_2020?request=GetCapabilities&service=WMS,Darstellungsdienst - Kühlleistung der Böden mit Berücksichtigung der Versiegelung 2020 (Umweltatlas) (WMS),2026-06-22 09:51:35.527 +0300
3154,233549,https://registry.gdi-de.org/id/de.be.csw/7c59bcbd-4086-3c87-a679-1cce480d054b,NULL,Darstellungsdienst - Kühlleistung der Böden mit Berücksichtigung der Versiegelung 2020 (Umweltatlas) (WMS),https://gdi.berlin.de/services/wms/ua_boden_bklmv_2020?request=GetCapabilities&service=WMS,Darstellungsdienst - Kühlleistung der Böden mit Berücksichtigung der Versiegelung 2020 (Umweltatlas) (WMS),2026-06-22 09:51:35.527 +0300
3158,234142,https://registry.gdi-de.org/id/de.be.csw/7c59bcbd-4086-3c87-a679-1cce480d054b,NULL,Darstellungsdienst - Kühlleistung der Böden mit Berücksichtigung der Versiegelung 2020 (Umweltatlas) (WMS),https://gdi.berlin.de/services/wms/ua_boden_bklmv_2020?request=GetCapabilities&service=WMS,Darstellungsdienst - Kühlleistung der Böden mit Berücksichtigung der Versiegelung 2020 (Umweltatlas) (WMS),2026-06-22 09:51:35.527 +0300
3269,259274,https://registry.gdi-de.org/id/de.be.csw/7c59bcbd-4086-3c87-a679-1cce480d054b,NULL,Darstellungsdienst - Kühlleistung der Böden mit Berücksichtigung der Versiegelung 2020 (Umweltatlas) (WMS),https://gdi.berlin.de/services/wms/ua_boden_bklmv_2020?request=GetCapabilities&service=WMS,Darstellungsdienst - Kühlleistung der Böden mit Berücksichtigung der Versiegelung 2020 (Umweltatlas) (WMS),2026-06-22 09:51:35.527 +0300
3276,260106,https://registry.gdi-de.org/id/de.be.csw/7c59bcbd-4086-3c87-a679-1cce480d054b,NULL,Darstellungsdienst - Kühlleistung der Böden mit Berücksichtigung der Versiegelung 2020 (Umweltatlas) (WMS),https://gdi.berlin.de/services/wms/ua_boden_bklmv_2020?request=GetCapabilities&service=WMS,Darstellungsdienst - Kühlleistung der Böden mit Berücksichtigung der Versiegelung 2020 (Umweltatlas) (WMS),2026-06-22 09:51:35.527 +0300
3318,271793,https://registry.gdi-de.org/id/de.be.csw/7c59bcbd-4086-3c87-a679-1cce480d054b,NULL,Darstellungsdienst - Kühlleistung der Böden mit Berücksichtigung der Versiegelung 2020 (Umweltatlas) (WMS),https://gdi.berlin.de/services/wms/ua_boden_bklmv_2020?request=GetCapabilities&service=WMS,Darstellungsdienst - Kühlleistung der Böden mit Berücksichtigung der Versiegelung 2020 (Umweltatlas) (WMS),2026-06-22 09:51:35.527 +0300
3323,272212,https://registry.gdi-de.org/id/de.be.csw/7c59bcbd-4086-3c87-a679-1cce480d054b,NULL,Darstellungsdienst - Kühlleistung der Böden mit Berücksichtigung der Versiegelung 2020 (Umweltatlas) (WMS),https://gdi.berlin.de/services/wms/ua_boden_bklmv_2020?request=GetCapabilities&service=WMS,Darstellungsdienst - Kühlleistung der Böden mit Berücksichtigung der Versiegelung 2020 (Umweltatlas) (WMS),2026-06-22 09:51:35.527 +0300
3379,287695,https://registry.gdi-de.org/id/de.be.csw/7c59bcbd-4086-3c87-a679-1cce480d054b,NULL,Darstellungsdienst - Kühlleistung der Böden mit Berücksichtigung der Versiegelung 2020 (Umweltatlas) (WMS),https://gdi.berlin.de/services/wms/ua_boden_bklmv_2020?request=GetCapabilities&service=WMS,Darstellungsdienst - Kühlleistung der Böden mit Berücksichtigung der Versiegelung 2020 (Umweltatlas) (WMS),2026-06-22 09:51:35.527 +0300
3384,287942,https://registry.gdi-de.org/id/de.be.csw/7c59bcbd-4086-3c87-a679-1cce480d054b,NULL,Darstellungsdienst - Kühlleistung der Böden mit Berücksichtigung der Versiegelung 2020 (Umweltatlas) (WMS),https://gdi.berlin.de/services/wms/ua_boden_bklmv_2020?request=GetCapabilities&service=WMS,Darstellungsdienst - Kühlleistung der Böden mit Berücksichtigung der Versiegelung 2020 (Umweltatlas) (WMS),2026-06-22 09:51:35.527 +0300
3450,303474,https://registry.gdi-de.org/id/de.be.csw/7c59bcbd-4086-3c87-a679-1cce480d054b,NULL,Darstellungsdienst - Kühlleistung der Böden mit Berücksichtigung der Versiegelung 2020 (Umweltatlas) (WMS),https://gdi.berlin.de/services/wms/ua_boden_bklmv_2020?request=GetCapabilities&service=WMS,Darstellungsdienst - Kühlleistung der Böden mit Berücksichtigung der Versiegelung 2020 (Umweltatlas) (WMS),2026-06-22 09:51:35.527 +0300
3455,303798,https://registry.gdi-de.org/id/de.be.csw/7c59bcbd-4086-3c87-a679-1cce480d054b,NULL,Darstellungsdienst - Kühlleistung der Böden mit Berücksichtigung der Versiegelung 2020 (Umweltatlas) (WMS),https://gdi.berlin.de/services/wms/ua_boden_bklmv_2020?request=GetCapabilities&service=WMS,Darstellungsdienst - Kühlleistung der Böden mit Berücksichtigung der Versiegelung 2020 (Umweltatlas) (WMS),2026-06-22 09:51:35.527 +0300
3520,319266,https://registry.gdi-de.org/id/de.be.csw/7c59bcbd-4086-3c87-a679-1cce480d054b,NULL,Darstellungsdienst - Kühlleistung der Böden mit Berücksichtigung der Versiegelung 2020 (Umweltatlas) (WMS),https://gdi.berlin.de/services/wms/ua_boden_bklmv_2020?request=GetCapabilities&service=WMS,Darstellungsdienst - Kühlleistung der Böden mit Berücksichtigung der Versiegelung 2020 (Umweltatlas) (WMS),2026-06-22 09:51:35.527 +0300
3525,319501,https://registry.gdi-de.org/id/de.be.csw/7c59bcbd-4086-3c87-a679-1cce480d054b,NULL,Darstellungsdienst - Kühlleistung der Böden mit Berücksichtigung der Versiegelung 2020 (Umweltatlas) (WMS),https://gdi.berlin.de/services/wms/ua_boden_bklmv_2020?request=GetCapabilities&service=WMS,Darstellungsdienst - Kühlleistung der Böden mit Berücksichtigung der Versiegelung 2020 (Umweltatlas) (WMS),2026-06-22 09:51:35.527 +0300
3530,320087,https://registry.gdi-de.org/id/de.be.csw/7c59bcbd-4086-3c87-a679-1cce480d054b,NULL,Darstellungsdienst - Kühlleistung der Böden mit Berücksichtigung der Versiegelung 2020 (Umweltatlas) (WMS),https://gdi.berlin.de/services/wms/ua_boden_bklmv_2020?request=GetCapabilities&service=WMS,Darstellungsdienst - Kühlleistung der Böden mit Berücksichtigung der Versiegelung 2020 (Umweltatlas) (WMS),2026-06-22 09:51:35.527 +0300
3591,335041,https://registry.gdi-de.org/id/de.be.csw/7c59bcbd-4086-3c87-a679-1cce480d054b,NULL,Darstellungsdienst - Kühlleistung der Böden mit Berücksichtigung der Versiegelung 2020 (Umweltatlas) (WMS),https://gdi.berlin.de/services/wms/ua_boden_bklmv_2020?request=GetCapabilities&service=WMS,Darstellungsdienst - Kühlleistung der Böden mit Berücksichtigung der Versiegelung 2020 (Umweltatlas) (WMS),2026-06-22 09:51:35.527 +0300
3597,335287,https://registry.gdi-de.org/id/de.be.csw/7c59bcbd-4086-3c87-a679-1cce480d054b,NULL,Darstellungsdienst - Kühlleistung der Böden mit Berücksichtigung der Versiegelung 2020 (Umweltatlas) (WMS),https://gdi.berlin.de/services/wms/ua_boden_bklmv_2020?request=GetCapabilities&service=WMS,Darstellungsdienst - Kühlleistung der Böden mit Berücksichtigung der Versiegelung 2020 (Umweltatlas) (WMS),2026-06-22 09:51:35.527 +0300
3602,335872,https://registry.gdi-de.org/id/de.be.csw/7c59bcbd-4086-3c87-a679-1cce480d054b,NULL,Darstellungsdienst - Kühlleistung der Böden mit Berücksichtigung der Versiegelung 2020 (Umweltatlas) (WMS),https://gdi.berlin.de/services/wms/ua_boden_bklmv_2020?request=GetCapabilities&service=WMS,Darstellungsdienst - Kühlleistung der Böden mit Berücksichtigung der Versiegelung 2020 (Umweltatlas) (WMS),2026-06-22 09:51:35.527 +0300
3665,351338,https://registry.gdi-de.org/id/de.be.csw/7c59bcbd-4086-3c87-a679-1cce480d054b,NULL,Darstellungsdienst - Kühlleistung der Böden mit Berücksichtigung der Versiegelung 2020 (Umweltatlas) (WMS),https://gdi.berlin.de/services/wms/ua_boden_bklmv_2020?request=GetCapabilities&service=WMS,Darstellungsdienst - Kühlleistung der Böden mit Berücksichtigung der Versiegelung 2020 (Umweltatlas) (WMS),2026-06-22 09:51:35.527 +0300
3671,351575,https://registry.gdi-de.org/id/de.be.csw/7c59bcbd-4086-3c87-a679-1cce480d054b,NULL,Darstellungsdienst - Kühlleistung der Böden mit Berücksichtigung der Versiegelung 2020 (Umweltatlas) (WMS),https://gdi.berlin.de/services/wms/ua_boden_bklmv_2020?request=GetCapabilities&service=WMS,Darstellungsdienst - Kühlleistung der Böden mit Berücksichtigung der Versiegelung 2020 (Umweltatlas) (WMS),2026-06-22 09:51:35.527 +0300
3676,352161,https://registry.gdi-de.org/id/de.be.csw/7c59bcbd-4086-3c87-a679-1cce480d054b,NULL,Darstellungsdienst - Kühlleistung der Böden mit Berücksichtigung der Versiegelung 2020 (Umweltatlas) (WMS),https://gdi.berlin.de/services/wms/ua_boden_bklmv_2020?request=GetCapabilities&service=WMS,Darstellungsdienst - Kühlleistung der Böden mit Berücksichtigung der Versiegelung 2020 (Umweltatlas) (WMS),2026-06-22 09:51:35.527 +0300
3734,367369,https://registry.gdi-de.org/id/de.be.csw/7c59bcbd-4086-3c87-a679-1cce480d054b,NULL,Darstellungsdienst - Kühlleistung der Böden mit Berücksichtigung der Versiegelung 2020 (Umweltatlas) (WMS),https://gdi.berlin.de/services/wms/ua_boden_bklmv_2020?request=GetCapabilities&service=WMS,Darstellungsdienst - Kühlleistung der Böden mit Berücksichtigung der Versiegelung 2020 (Umweltatlas) (WMS),2026-06-22 09:51:35.527 +0300
3739,367670,https://registry.gdi-de.org/id/de.be.csw/7c59bcbd-4086-3c87-a679-1cce480d054b,NULL,Darstellungsdienst - Kühlleistung der Böden mit Berücksichtigung der Versiegelung 2020 (Umweltatlas) (WMS),https://gdi.berlin.de/services/wms/ua_boden_bklmv_2020?request=GetCapabilities&service=WMS,Darstellungsdienst - Kühlleistung der Böden mit Berücksichtigung der Versiegelung 2020 (Umweltatlas) (WMS),2026-06-22 09:51:35.527 +0300
3787,380862,https://registry.gdi-de.org/id/de.be.csw/7c59bcbd-4086-3c87-a679-1cce480d054b,NULL,Darstellungsdienst - Kühlleistung der Böden mit Berücksichtigung der Versiegelung 2020 (Umweltatlas) (WMS),https://gdi.berlin.de/services/wms/ua_boden_bklmv_2020?request=GetCapabilities&service=WMS,Darstellungsdienst - Kühlleistung der Böden mit Berücksichtigung der Versiegelung 2020 (Umweltatlas) (WMS),2026-06-22 09:51:35.527 +0300
3792,381099,https://registry.gdi-de.org/id/de.be.csw/7c59bcbd-4086-3c87-a679-1cce480d054b,NULL,Darstellungsdienst - Kühlleistung der Böden mit Berücksichtigung der Versiegelung 2020 (Umweltatlas) (WMS),https://gdi.berlin.de/services/wms/ua_boden_bklmv_2020?request=GetCapabilities&service=WMS,Darstellungsdienst - Kühlleistung der Böden mit Berücksichtigung der Versiegelung 2020 (Umweltatlas) (WMS),2026-06-22 09:51:35.527 +0300
3840,393866,https://registry.gdi-de.org/id/de.be.csw/7c59bcbd-4086-3c87-a679-1cce480d054b,NULL,Darstellungsdienst - Kühlleistung der Böden mit Berücksichtigung der Versiegelung 2020 (Umweltatlas) (WMS),https://gdi.berlin.de/services/wms/ua_boden_bklmv_2020?request=GetCapabilities&service=WMS,Darstellungsdienst - Kühlleistung der Böden mit Berücksichtigung der Versiegelung 2020 (Umweltatlas) (WMS),2026-06-22 09:51:35.527 +0300
3845,394116,https://registry.gdi-de.org/id/de.be.csw/7c59bcbd-4086-3c87-a679-1cce480d054b,NULL,Darstellungsdienst - Kühlleistung der Böden mit Berücksichtigung der Versiegelung 2020 (Umweltatlas) (WMS),https://gdi.berlin.de/services/wms/ua_boden_bklmv_2020?request=GetCapabilities&service=WMS,Darstellungsdienst - Kühlleistung der Böden mit Berücksichtigung der Versiegelung 2020 (Umweltatlas) (WMS),2026-06-22 09:51:35.527 +0300
3973,430453,https://registry.gdi-de.org/id/de.be.csw/7c59bcbd-4086-3c87-a679-1cce480d054b,NULL,Darstellungsdienst - Kühlleistung der Böden mit Berücksichtigung der Versiegelung 2020 (Umweltatlas) (WMS),https://gdi.berlin.de/services/wms/ua_boden_bklmv_2020?request=GetCapabilities&service=WMS,Darstellungsdienst - Kühlleistung der Böden mit Berücksichtigung der Versiegelung 2020 (Umweltatlas) (WMS),2026-06-22 09:51:35.527 +0300
3978,430707,https://registry.gdi-de.org/id/de.be.csw/7c59bcbd-4086-3c87-a679-1cce480d054b,NULL,Darstellungsdienst - Kühlleistung der Böden mit Berücksichtigung der Versiegelung 2020 (Umweltatlas) (WMS),https://gdi.berlin.de/services/wms/ua_boden_bklmv_2020?request=GetCapabilities&service=WMS,Darstellungsdienst - Kühlleistung der Böden mit Berücksichtigung der Versiegelung 2020 (Umweltatlas) (WMS),2026-06-22 09:51:35.527 +0300
4020,442776,https://registry.gdi-de.org/id/de.be.csw/7c59bcbd-4086-3c87-a679-1cce480d054b,NULL,Darstellungsdienst - Kühlleistung der Böden mit Berücksichtigung der Versiegelung 2020 (Umweltatlas) (WMS),https://gdi.berlin.de/services/wms/ua_boden_bklmv_2020?request=GetCapabilities&service=WMS,Darstellungsdienst - Kühlleistung der Böden mit Berücksichtigung der Versiegelung 2020 (Umweltatlas) (WMS),2026-06-22 09:51:35.527 +0300
4025,443024,https://registry.gdi-de.org/id/de.be.csw/7c59bcbd-4086-3c87-a679-1cce480d054b,NULL,Darstellungsdienst - Kühlleistung der Böden mit Berücksichtigung der Versiegelung 2020 (Umweltatlas) (WMS),https://gdi.berlin.de/services/wms/ua_boden_bklmv_2020?request=GetCapabilities&service=WMS,Darstellungsdienst - Kühlleistung der Böden mit Berücksichtigung der Versiegelung 2020 (Umweltatlas) (WMS),2026-06-22 09:51:35.527 +0300
4115,475221,https://registry.gdi-de.org/id/de.be.csw/7c59bcbd-4086-3c87-a679-1cce480d054b,NULL,Darstellungsdienst - Kühlleistung der Böden mit Berücksichtigung der Versiegelung 2020 (Umweltatlas) (WMS),https://gdi.berlin.de/services/wms/ua_boden_bklmv_2020?request=GetCapabilities&service=WMS,Darstellungsdienst - Kühlleistung der Böden mit Berücksichtigung der Versiegelung 2020 (Umweltatlas) (WMS),2026-06-22 09:51:35.527 +0300
4120,475567,https://registry.gdi-de.org/id/de.be.csw/7c59bcbd-4086-3c87-a679-1cce480d054b,NULL,Darstellungsdienst - Kühlleistung der Böden mit Berücksichtigung der Versiegelung 2020 (Umweltatlas) (WMS),https://gdi.berlin.de/services/wms/ua_boden_bklmv_2020?request=GetCapabilities&service=WMS,Darstellungsdienst - Kühlleistung der Böden mit Berücksichtigung der Versiegelung 2020 (Umweltatlas) (WMS),2026-06-22 09:51:35.527 +0300
4413,522013,https://registry.gdi-de.org/id/de.be.csw/7c59bcbd-4086-3c87-a679-1cce480d054b,NULL,Darstellungsdienst - Kühlleistung der Böden mit Berücksichtigung der Versiegelung 2020 (Umweltatlas) (WMS),https://gdi.berlin.de/services/wms/ua_boden_bklmv_2020?request=GetCapabilities&service=WMS,Darstellungsdienst - Kühlleistung der Böden mit Berücksichtigung der Versiegelung 2020 (Umweltatlas) (WMS),2026-06-22 09:51:35.527 +0300
4430,522409,https://registry.gdi-de.org/id/de.be.csw/7c59bcbd-4086-3c87-a679-1cce480d054b,NULL,Darstellungsdienst - Kühlleistung der Böden mit Berücksichtigung der Versiegelung 2020 (Umweltatlas) (WMS),https://gdi.berlin.de/services/wms/ua_boden_bklmv_2020?request=GetCapabilities&service=WMS,Darstellungsdienst - Kühlleistung der Böden mit Berücksichtigung der Versiegelung 2020 (Umweltatlas) (WMS),2026-06-22 09:51:35.527 +0300
4437,522757,https://registry.gdi-de.org/id/de.be.csw/7c59bcbd-4086-3c87-a679-1cce480d054b,NULL,Darstellungsdienst - Kühlleistung der Böden mit Berücksichtigung der Versiegelung 2020 (Umweltatlas) (WMS),https://gdi.berlin.de/services/wms/ua_boden_bklmv_2020?request=GetCapabilities&service=WMS,Darstellungsdienst - Kühlleistung der Böden mit Berücksichtigung der Versiegelung 2020 (Umweltatlas) (WMS),2026-06-22 09:51:35.527 +0300
1977,48283,https://registry.gdi-de.org/id/de.be.csw/82fa2fef-6087-3cd3-b903-3c5a77edb1c2,NULL,Darstellungsdienst - Archivfunktion der Böden für die Naturgeschichte 2020 (Umweltatlas) (WMS),https://gdi.berlin.de/services/wms/ua_boden_archivfkt_2020?request=GetCapabilities&service=WMS,Darstellungsdienst - Archivfunktion der Böden für die Naturgeschichte 2020 (Umweltatlas) (WMS),2026-06-22 09:51:35.527 +0300
2657,132393,https://registry.gdi-de.org/id/de.be.csw/82fa2fef-6087-3cd3-b903-3c5a77edb1c2,NULL,Darstellungsdienst - Archivfunktion der Böden für die Naturgeschichte 2020 (Umweltatlas) (WMS),https://gdi.berlin.de/services/wms/ua_boden_archivfkt_2020?request=GetCapabilities&service=WMS,Darstellungsdienst - Archivfunktion der Böden für die Naturgeschichte 2020 (Umweltatlas) (WMS),2026-06-22 09:51:35.527 +0300
2680,135258,https://registry.gdi-de.org/id/de.be.csw/82fa2fef-6087-3cd3-b903-3c5a77edb1c2,NULL,Darstellungsdienst - Archivfunktion der Böden für die Naturgeschichte 2020 (Umweltatlas) (WMS),https://gdi.berlin.de/services/wms/ua_boden_archivfkt_2020?request=GetCapabilities&service=WMS,Darstellungsdienst - Archivfunktion der Böden für die Naturgeschichte 2020 (Umweltatlas) (WMS),2026-06-22 09:51:35.527 +0300
2731,146516,https://registry.gdi-de.org/id/de.be.csw/82fa2fef-6087-3cd3-b903-3c5a77edb1c2,NULL,Darstellungsdienst - Archivfunktion der Böden für die Naturgeschichte 2020 (Umweltatlas) (WMS),https://gdi.berlin.de/services/wms/ua_boden_archivfkt_2020?request=GetCapabilities&service=WMS,Darstellungsdienst - Archivfunktion der Böden für die Naturgeschichte 2020 (Umweltatlas) (WMS),2026-06-22 09:51:35.527 +0300
2736,147333,https://registry.gdi-de.org/id/de.be.csw/82fa2fef-6087-3cd3-b903-3c5a77edb1c2,NULL,Darstellungsdienst - Archivfunktion der Böden für die Naturgeschichte 2020 (Umweltatlas) (WMS),https://gdi.berlin.de/services/wms/ua_boden_archivfkt_2020?request=GetCapabilities&service=WMS,Darstellungsdienst - Archivfunktion der Böden für die Naturgeschichte 2020 (Umweltatlas) (WMS),2026-06-22 09:51:35.527 +0300
2778,157042,https://registry.gdi-de.org/id/de.be.csw/82fa2fef-6087-3cd3-b903-3c5a77edb1c2,NULL,Darstellungsdienst - Archivfunktion der Böden für die Naturgeschichte 2020 (Umweltatlas) (WMS),https://gdi.berlin.de/services/wms/ua_boden_archivfkt_2020?request=GetCapabilities&service=WMS,Darstellungsdienst - Archivfunktion der Böden für die Naturgeschichte 2020 (Umweltatlas) (WMS),2026-06-22 09:51:35.527 +0300
2784,158533,https://registry.gdi-de.org/id/de.be.csw/82fa2fef-6087-3cd3-b903-3c5a77edb1c2,NULL,Darstellungsdienst - Archivfunktion der Böden für die Naturgeschichte 2020 (Umweltatlas) (WMS),https://gdi.berlin.de/services/wms/ua_boden_archivfkt_2020?request=GetCapabilities&service=WMS,Darstellungsdienst - Archivfunktion der Böden für die Naturgeschichte 2020 (Umweltatlas) (WMS),2026-06-22 09:51:35.527 +0300
2940,191912,https://registry.gdi-de.org/id/de.be.csw/82fa2fef-6087-3cd3-b903-3c5a77edb1c2,NULL,Darstellungsdienst - Archivfunktion der Böden für die Naturgeschichte 2020 (Umweltatlas) (WMS),https://gdi.berlin.de/services/wms/ua_boden_archivfkt_2020?request=GetCapabilities&service=WMS,Darstellungsdienst - Archivfunktion der Böden für die Naturgeschichte 2020 (Umweltatlas) (WMS),2026-06-22 09:51:35.527 +0300
2946,193144,https://registry.gdi-de.org/id/de.be.csw/82fa2fef-6087-3cd3-b903-3c5a77edb1c2,NULL,Darstellungsdienst - Archivfunktion der Böden für die Naturgeschichte 2020 (Umweltatlas) (WMS),https://gdi.berlin.de/services/wms/ua_boden_archivfkt_2020?request=GetCapabilities&service=WMS,Darstellungsdienst - Archivfunktion der Böden für die Naturgeschichte 2020 (Umweltatlas) (WMS),2026-06-22 09:51:35.527 +0300
3016,207156,https://registry.gdi-de.org/id/de.be.csw/82fa2fef-6087-3cd3-b903-3c5a77edb1c2,NULL,Darstellungsdienst - Archivfunktion der Böden für die Naturgeschichte 2020 (Umweltatlas) (WMS),https://gdi.berlin.de/services/wms/ua_boden_archivfkt_2020?request=GetCapabilities&service=WMS,Darstellungsdienst - Archivfunktion der Böden für die Naturgeschichte 2020 (Umweltatlas) (WMS),2026-06-22 09:51:35.527 +0300
3022,208506,https://registry.gdi-de.org/id/de.be.csw/82fa2fef-6087-3cd3-b903-3c5a77edb1c2,NULL,Darstellungsdienst - Archivfunktion der Böden für die Naturgeschichte 2020 (Umweltatlas) (WMS),https://gdi.berlin.de/services/wms/ua_boden_archivfkt_2020?request=GetCapabilities&service=WMS,Darstellungsdienst - Archivfunktion der Böden für die Naturgeschichte 2020 (Umweltatlas) (WMS),2026-06-22 09:51:35.527 +0300
3107,226154,https://registry.gdi-de.org/id/de.be.csw/82fa2fef-6087-3cd3-b903-3c5a77edb1c2,NULL,Darstellungsdienst - Archivfunktion der Böden für die Naturgeschichte 2020 (Umweltatlas) (WMS),https://gdi.berlin.de/services/wms/ua_boden_archivfkt_2020?request=GetCapabilities&service=WMS,Darstellungsdienst - Archivfunktion der Böden für die Naturgeschichte 2020 (Umweltatlas) (WMS),2026-06-22 09:51:35.527 +0300
3113,227255,https://registry.gdi-de.org/id/de.be.csw/82fa2fef-6087-3cd3-b903-3c5a77edb1c2,NULL,Darstellungsdienst - Archivfunktion der Böden für die Naturgeschichte 2020 (Umweltatlas) (WMS),https://gdi.berlin.de/services/wms/ua_boden_archivfkt_2020?request=GetCapabilities&service=WMS,Darstellungsdienst - Archivfunktion der Böden für die Naturgeschichte 2020 (Umweltatlas) (WMS),2026-06-22 09:51:35.527 +0300
3170,240263,https://registry.gdi-de.org/id/de.be.csw/82fa2fef-6087-3cd3-b903-3c5a77edb1c2,NULL,Darstellungsdienst - Archivfunktion der Böden für die Naturgeschichte 2020 (Umweltatlas) (WMS),https://gdi.berlin.de/services/wms/ua_boden_archivfkt_2020?request=GetCapabilities&service=WMS,Darstellungsdienst - Archivfunktion der Böden für die Naturgeschichte 2020 (Umweltatlas) (WMS),2026-06-22 09:51:35.527 +0300
3180,241374,https://registry.gdi-de.org/id/de.be.csw/82fa2fef-6087-3cd3-b903-3c5a77edb1c2,NULL,Darstellungsdienst - Archivfunktion der Böden für die Naturgeschichte 2020 (Umweltatlas) (WMS),https://gdi.berlin.de/services/wms/ua_boden_archivfkt_2020?request=GetCapabilities&service=WMS,Darstellungsdienst - Archivfunktion der Böden für die Naturgeschichte 2020 (Umweltatlas) (WMS),2026-06-22 09:51:35.527 +0300
3400,294542,https://registry.gdi-de.org/id/de.be.csw/82fa2fef-6087-3cd3-b903-3c5a77edb1c2,NULL,Darstellungsdienst - Archivfunktion der Böden für die Naturgeschichte 2020 (Umweltatlas) (WMS),https://gdi.berlin.de/services/wms/ua_boden_archivfkt_2020?request=GetCapabilities&service=WMS,Darstellungsdienst - Archivfunktion der Böden für die Naturgeschichte 2020 (Umweltatlas) (WMS),2026-06-22 09:51:35.527 +0300
3417,295755,https://registry.gdi-de.org/id/de.be.csw/82fa2fef-6087-3cd3-b903-3c5a77edb1c2,NULL,Darstellungsdienst - Archivfunktion der Böden für die Naturgeschichte 2020 (Umweltatlas) (WMS),https://gdi.berlin.de/services/wms/ua_boden_archivfkt_2020?request=GetCapabilities&service=WMS,Darstellungsdienst - Archivfunktion der Böden für die Naturgeschichte 2020 (Umweltatlas) (WMS),2026-06-22 09:51:35.527 +0300
3471,310410,https://registry.gdi-de.org/id/de.be.csw/82fa2fef-6087-3cd3-b903-3c5a77edb1c2,NULL,Darstellungsdienst - Archivfunktion der Böden für die Naturgeschichte 2020 (Umweltatlas) (WMS),https://gdi.berlin.de/services/wms/ua_boden_archivfkt_2020?request=GetCapabilities&service=WMS,Darstellungsdienst - Archivfunktion der Böden für die Naturgeschichte 2020 (Umweltatlas) (WMS),2026-06-22 09:51:35.527 +0300
3490,313220,https://registry.gdi-de.org/id/de.be.csw/82fa2fef-6087-3cd3-b903-3c5a77edb1c2,NULL,Darstellungsdienst - Archivfunktion der Böden für die Naturgeschichte 2020 (Umweltatlas) (WMS),https://gdi.berlin.de/services/wms/ua_boden_archivfkt_2020?request=GetCapabilities&service=WMS,Darstellungsdienst - Archivfunktion der Böden für die Naturgeschichte 2020 (Umweltatlas) (WMS),2026-06-22 09:51:35.527 +0300
3541,326129,https://registry.gdi-de.org/id/de.be.csw/82fa2fef-6087-3cd3-b903-3c5a77edb1c2,NULL,Darstellungsdienst - Archivfunktion der Böden für die Naturgeschichte 2020 (Umweltatlas) (WMS),https://gdi.berlin.de/services/wms/ua_boden_archivfkt_2020?request=GetCapabilities&service=WMS,Darstellungsdienst - Archivfunktion der Böden für die Naturgeschichte 2020 (Umweltatlas) (WMS),2026-06-22 09:51:35.527 +0300
3551,327046,https://registry.gdi-de.org/id/de.be.csw/82fa2fef-6087-3cd3-b903-3c5a77edb1c2,NULL,Darstellungsdienst - Archivfunktion der Böden für die Naturgeschichte 2020 (Umweltatlas) (WMS),https://gdi.berlin.de/services/wms/ua_boden_archivfkt_2020?request=GetCapabilities&service=WMS,Darstellungsdienst - Archivfunktion der Böden für die Naturgeschichte 2020 (Umweltatlas) (WMS),2026-06-22 09:51:35.527 +0300
3613,341917,https://registry.gdi-de.org/id/de.be.csw/82fa2fef-6087-3cd3-b903-3c5a77edb1c2,NULL,Darstellungsdienst - Archivfunktion der Böden für die Naturgeschichte 2020 (Umweltatlas) (WMS),https://gdi.berlin.de/services/wms/ua_boden_archivfkt_2020?request=GetCapabilities&service=WMS,Darstellungsdienst - Archivfunktion der Böden für die Naturgeschichte 2020 (Umweltatlas) (WMS),2026-06-22 09:51:35.527 +0300
3623,342822,https://registry.gdi-de.org/id/de.be.csw/82fa2fef-6087-3cd3-b903-3c5a77edb1c2,NULL,Darstellungsdienst - Archivfunktion der Böden für die Naturgeschichte 2020 (Umweltatlas) (WMS),https://gdi.berlin.de/services/wms/ua_boden_archivfkt_2020?request=GetCapabilities&service=WMS,Darstellungsdienst - Archivfunktion der Böden für die Naturgeschichte 2020 (Umweltatlas) (WMS),2026-06-22 09:51:35.527 +0300
3890,405664,https://registry.gdi-de.org/id/de.be.csw/82fa2fef-6087-3cd3-b903-3c5a77edb1c2,NULL,Darstellungsdienst - Archivfunktion der Böden für die Naturgeschichte 2020 (Umweltatlas) (WMS),https://gdi.berlin.de/services/wms/ua_boden_archivfkt_2020?request=GetCapabilities&service=WMS,Darstellungsdienst - Archivfunktion der Böden für die Naturgeschichte 2020 (Umweltatlas) (WMS),2026-06-22 09:51:35.527 +0300
3899,406455,https://registry.gdi-de.org/id/de.be.csw/82fa2fef-6087-3cd3-b903-3c5a77edb1c2,NULL,Darstellungsdienst - Archivfunktion der Böden für die Naturgeschichte 2020 (Umweltatlas) (WMS),https://gdi.berlin.de/services/wms/ua_boden_archivfkt_2020?request=GetCapabilities&service=WMS,Darstellungsdienst - Archivfunktion der Böden für die Naturgeschichte 2020 (Umweltatlas) (WMS),2026-06-22 09:51:35.527 +0300
1936,48026,https://registry.gdi-de.org/id/de.be.csw/99a6d2c0-0515-3af2-b9e7-75c8bd555c13,NULL,Downloaddienst - Lebensraumfunktion für naturnahe und seltene Pflanzengesellschaften der Böden 2020 (Umweltatlas) (WFS),https://gdi.berlin.de/services/wfs/ua_boden_lebensfkt_2020?request=GetCapabilities&service=WFS,Downloaddienst - Lebensraumfunktion für naturnahe und seltene Pflanzengesellschaften der Böden 2020 (Umweltatlas) (WFS),2026-06-22 09:51:35.527 +0300
4173,496326,https://registry.gdi-de.org/id/de.be.csw/99a6d2c0-0515-3af2-b9e7-75c8bd555c13,NULL,Downloaddienst - Lebensraumfunktion für naturnahe und seltene Pflanzengesellschaften der Böden 2020 (Umweltatlas) (WFS),https://gdi.berlin.de/services/wfs/ua_boden_lebensfkt_2020?request=GetCapabilities&service=WFS,Downloaddienst - Lebensraumfunktion für naturnahe und seltene Pflanzengesellschaften der Böden 2020 (Umweltatlas) (WFS),2026-06-22 09:51:35.527 +0300
4180,498585,https://registry.gdi-de.org/id/de.be.csw/99a6d2c0-0515-3af2-b9e7-75c8bd555c13,NULL,Downloaddienst - Lebensraumfunktion für naturnahe und seltene Pflanzengesellschaften der Böden 2020 (Umweltatlas) (WFS),https://gdi.berlin.de/services/wfs/ua_boden_lebensfkt_2020?request=GetCapabilities&service=WFS,Downloaddienst - Lebensraumfunktion für naturnahe und seltene Pflanzengesellschaften der Böden 2020 (Umweltatlas) (WFS),2026-06-22 09:51:35.527 +0300
4235,515530,https://registry.gdi-de.org/id/de.be.csw/99a6d2c0-0515-3af2-b9e7-75c8bd555c13,NULL,Downloaddienst - Lebensraumfunktion für naturnahe und seltene Pflanzengesellschaften der Böden 2020 (Umweltatlas) (WFS),https://gdi.berlin.de/services/wfs/ua_boden_lebensfkt_2020?request=GetCapabilities&service=WFS,Downloaddienst - Lebensraumfunktion für naturnahe und seltene Pflanzengesellschaften der Böden 2020 (Umweltatlas) (WFS),2026-06-22 09:51:35.527 +0300
4424,522374,https://registry.gdi-de.org/id/de.be.csw/99a6d2c0-0515-3af2-b9e7-75c8bd555c13,NULL,Downloaddienst - Lebensraumfunktion für naturnahe und seltene Pflanzengesellschaften der Böden 2020 (Umweltatlas) (WFS),https://gdi.berlin.de/services/wfs/ua_boden_lebensfkt_2020?request=GetCapabilities&service=WFS,Downloaddienst - Lebensraumfunktion für naturnahe und seltene Pflanzengesellschaften der Böden 2020 (Umweltatlas) (WFS),2026-06-22 09:51:35.527 +0300
1964,48181,https://registry.gdi-de.org/id/de.be.csw/a54329fc-9976-323c-8c44-b9728d551ea9,NULL,Downloaddienst - Kühlleistung der Böden ohne Berücksichtigung der Versiegelung 2020 (Umweltatlas) (WFS),https://gdi.berlin.de/services/wfs/ua_boden_bklov_2020?request=GetCapabilities&service=WFS,Downloaddienst - Kühlleistung der Böden ohne Berücksichtigung der Versiegelung 2020 (Umweltatlas) (WFS),2026-06-22 09:51:35.527 +0300
2572,77828,https://registry.gdi-de.org/id/de.be.csw/a54329fc-9976-323c-8c44-b9728d551ea9,NULL,Downloaddienst - Kühlleistung der Böden ohne Berücksichtigung der Versiegelung 2020 (Umweltatlas) (WFS),https://gdi.berlin.de/services/wfs/ua_boden_bklov_2020?request=GetCapabilities&service=WFS,Downloaddienst - Kühlleistung der Böden ohne Berücksichtigung der Versiegelung 2020 (Umweltatlas) (WFS),2026-06-22 09:51:35.527 +0300
2582,84633,https://registry.gdi-de.org/id/de.be.csw/a54329fc-9976-323c-8c44-b9728d551ea9,NULL,Downloaddienst - Kühlleistung der Böden ohne Berücksichtigung der Versiegelung 2020 (Umweltatlas) (WFS),https://gdi.berlin.de/services/wfs/ua_boden_bklov_2020?request=GetCapabilities&service=WFS,Downloaddienst - Kühlleistung der Böden ohne Berücksichtigung der Versiegelung 2020 (Umweltatlas) (WFS),2026-06-22 09:51:35.527 +0300
2614,112744,https://registry.gdi-de.org/id/de.be.csw/a54329fc-9976-323c-8c44-b9728d551ea9,NULL,Downloaddienst - Kühlleistung der Böden ohne Berücksichtigung der Versiegelung 2020 (Umweltatlas) (WFS),https://gdi.berlin.de/services/wfs/ua_boden_bklov_2020?request=GetCapabilities&service=WFS,Downloaddienst - Kühlleistung der Böden ohne Berücksichtigung der Versiegelung 2020 (Umweltatlas) (WFS),2026-06-22 09:51:35.527 +0300
2616,114373,https://registry.gdi-de.org/id/de.be.csw/a54329fc-9976-323c-8c44-b9728d551ea9,NULL,Downloaddienst - Kühlleistung der Böden ohne Berücksichtigung der Versiegelung 2020 (Umweltatlas) (WFS),https://gdi.berlin.de/services/wfs/ua_boden_bklov_2020?request=GetCapabilities&service=WFS,Downloaddienst - Kühlleistung der Böden ohne Berücksichtigung der Versiegelung 2020 (Umweltatlas) (WFS),2026-06-22 09:51:35.527 +0300
2706,138293,https://registry.gdi-de.org/id/de.be.csw/a54329fc-9976-323c-8c44-b9728d551ea9,NULL,Downloaddienst - Kühlleistung der Böden ohne Berücksichtigung der Versiegelung 2020 (Umweltatlas) (WFS),https://gdi.berlin.de/services/wfs/ua_boden_bklov_2020?request=GetCapabilities&service=WFS,Downloaddienst - Kühlleistung der Böden ohne Berücksichtigung der Versiegelung 2020 (Umweltatlas) (WFS),2026-06-22 09:51:35.527 +0300
2708,139935,https://registry.gdi-de.org/id/de.be.csw/a54329fc-9976-323c-8c44-b9728d551ea9,NULL,Downloaddienst - Kühlleistung der Böden ohne Berücksichtigung der Versiegelung 2020 (Umweltatlas) (WFS),https://gdi.berlin.de/services/wfs/ua_boden_bklov_2020?request=GetCapabilities&service=WFS,Downloaddienst - Kühlleistung der Böden ohne Berücksichtigung der Versiegelung 2020 (Umweltatlas) (WFS),2026-06-22 09:51:35.527 +0300
2748,148719,https://registry.gdi-de.org/id/de.be.csw/a54329fc-9976-323c-8c44-b9728d551ea9,NULL,Downloaddienst - Kühlleistung der Böden ohne Berücksichtigung der Versiegelung 2020 (Umweltatlas) (WFS),https://gdi.berlin.de/services/wfs/ua_boden_bklov_2020?request=GetCapabilities&service=WFS,Downloaddienst - Kühlleistung der Böden ohne Berücksichtigung der Versiegelung 2020 (Umweltatlas) (WFS),2026-06-22 09:51:35.527 +0300
2750,150107,https://registry.gdi-de.org/id/de.be.csw/a54329fc-9976-323c-8c44-b9728d551ea9,NULL,Downloaddienst - Kühlleistung der Böden ohne Berücksichtigung der Versiegelung 2020 (Umweltatlas) (WFS),https://gdi.berlin.de/services/wfs/ua_boden_bklov_2020?request=GetCapabilities&service=WFS,Downloaddienst - Kühlleistung der Böden ohne Berücksichtigung der Versiegelung 2020 (Umweltatlas) (WFS),2026-06-22 09:51:35.527 +0300
2815,162021,https://registry.gdi-de.org/id/de.be.csw/a54329fc-9976-323c-8c44-b9728d551ea9,NULL,Downloaddienst - Kühlleistung der Böden ohne Berücksichtigung der Versiegelung 2020 (Umweltatlas) (WFS),https://gdi.berlin.de/services/wfs/ua_boden_bklov_2020?request=GetCapabilities&service=WFS,Downloaddienst - Kühlleistung der Böden ohne Berücksichtigung der Versiegelung 2020 (Umweltatlas) (WFS),2026-06-22 09:51:35.527 +0300
2817,163667,https://registry.gdi-de.org/id/de.be.csw/a54329fc-9976-323c-8c44-b9728d551ea9,NULL,Downloaddienst - Kühlleistung der Böden ohne Berücksichtigung der Versiegelung 2020 (Umweltatlas) (WFS),https://gdi.berlin.de/services/wfs/ua_boden_bklov_2020?request=GetCapabilities&service=WFS,Downloaddienst - Kühlleistung der Böden ohne Berücksichtigung der Versiegelung 2020 (Umweltatlas) (WFS),2026-06-22 09:51:35.527 +0300
2858,169886,https://registry.gdi-de.org/id/de.be.csw/a54329fc-9976-323c-8c44-b9728d551ea9,NULL,Downloaddienst - Kühlleistung der Böden ohne Berücksichtigung der Versiegelung 2020 (Umweltatlas) (WFS),https://gdi.berlin.de/services/wfs/ua_boden_bklov_2020?request=GetCapabilities&service=WFS,Downloaddienst - Kühlleistung der Böden ohne Berücksichtigung der Versiegelung 2020 (Umweltatlas) (WFS),2026-06-22 09:51:35.527 +0300
2860,171332,https://registry.gdi-de.org/id/de.be.csw/a54329fc-9976-323c-8c44-b9728d551ea9,NULL,Downloaddienst - Kühlleistung der Böden ohne Berücksichtigung der Versiegelung 2020 (Umweltatlas) (WFS),https://gdi.berlin.de/services/wfs/ua_boden_bklov_2020?request=GetCapabilities&service=WFS,Downloaddienst - Kühlleistung der Böden ohne Berücksichtigung der Versiegelung 2020 (Umweltatlas) (WFS),2026-06-22 09:51:35.527 +0300
2907,182609,https://registry.gdi-de.org/id/de.be.csw/a54329fc-9976-323c-8c44-b9728d551ea9,NULL,Downloaddienst - Kühlleistung der Böden ohne Berücksichtigung der Versiegelung 2020 (Umweltatlas) (WFS),https://gdi.berlin.de/services/wfs/ua_boden_bklov_2020?request=GetCapabilities&service=WFS,Downloaddienst - Kühlleistung der Böden ohne Berücksichtigung der Versiegelung 2020 (Umweltatlas) (WFS),2026-06-22 09:51:35.527 +0300
2909,183973,https://registry.gdi-de.org/id/de.be.csw/a54329fc-9976-323c-8c44-b9728d551ea9,NULL,Downloaddienst - Kühlleistung der Böden ohne Berücksichtigung der Versiegelung 2020 (Umweltatlas) (WFS),https://gdi.berlin.de/services/wfs/ua_boden_bklov_2020?request=GetCapabilities&service=WFS,Downloaddienst - Kühlleistung der Böden ohne Berücksichtigung der Versiegelung 2020 (Umweltatlas) (WFS),2026-06-22 09:51:35.527 +0300
2979,197069,https://registry.gdi-de.org/id/de.be.csw/a54329fc-9976-323c-8c44-b9728d551ea9,NULL,Downloaddienst - Kühlleistung der Böden ohne Berücksichtigung der Versiegelung 2020 (Umweltatlas) (WFS),https://gdi.berlin.de/services/wfs/ua_boden_bklov_2020?request=GetCapabilities&service=WFS,Downloaddienst - Kühlleistung der Böden ohne Berücksichtigung der Versiegelung 2020 (Umweltatlas) (WFS),2026-06-22 09:51:35.527 +0300
2986,198577,https://registry.gdi-de.org/id/de.be.csw/a54329fc-9976-323c-8c44-b9728d551ea9,NULL,Downloaddienst - Kühlleistung der Böden ohne Berücksichtigung der Versiegelung 2020 (Umweltatlas) (WFS),https://gdi.berlin.de/services/wfs/ua_boden_bklov_2020?request=GetCapabilities&service=WFS,Downloaddienst - Kühlleistung der Böden ohne Berücksichtigung der Versiegelung 2020 (Umweltatlas) (WFS),2026-06-22 09:51:35.527 +0300
3051,211614,https://registry.gdi-de.org/id/de.be.csw/a54329fc-9976-323c-8c44-b9728d551ea9,NULL,Downloaddienst - Kühlleistung der Böden ohne Berücksichtigung der Versiegelung 2020 (Umweltatlas) (WFS),https://gdi.berlin.de/services/wfs/ua_boden_bklov_2020?request=GetCapabilities&service=WFS,Downloaddienst - Kühlleistung der Böden ohne Berücksichtigung der Versiegelung 2020 (Umweltatlas) (WFS),2026-06-22 09:51:35.527 +0300
3056,212867,https://registry.gdi-de.org/id/de.be.csw/a54329fc-9976-323c-8c44-b9728d551ea9,NULL,Downloaddienst - Kühlleistung der Böden ohne Berücksichtigung der Versiegelung 2020 (Umweltatlas) (WFS),https://gdi.berlin.de/services/wfs/ua_boden_bklov_2020?request=GetCapabilities&service=WFS,Downloaddienst - Kühlleistung der Böden ohne Berücksichtigung der Versiegelung 2020 (Umweltatlas) (WFS),2026-06-22 09:51:35.527 +0300
3075,216498,https://registry.gdi-de.org/id/de.be.csw/a54329fc-9976-323c-8c44-b9728d551ea9,NULL,Downloaddienst - Kühlleistung der Böden ohne Berücksichtigung der Versiegelung 2020 (Umweltatlas) (WFS),https://gdi.berlin.de/services/wfs/ua_boden_bklov_2020?request=GetCapabilities&service=WFS,Downloaddienst - Kühlleistung der Böden ohne Berücksichtigung der Versiegelung 2020 (Umweltatlas) (WFS),2026-06-22 09:51:35.527 +0300
3077,217769,https://registry.gdi-de.org/id/de.be.csw/a54329fc-9976-323c-8c44-b9728d551ea9,NULL,Downloaddienst - Kühlleistung der Böden ohne Berücksichtigung der Versiegelung 2020 (Umweltatlas) (WFS),https://gdi.berlin.de/services/wfs/ua_boden_bklov_2020?request=GetCapabilities&service=WFS,Downloaddienst - Kühlleistung der Böden ohne Berücksichtigung der Versiegelung 2020 (Umweltatlas) (WFS),2026-06-22 09:51:35.527 +0300
3140,230635,https://registry.gdi-de.org/id/de.be.csw/a54329fc-9976-323c-8c44-b9728d551ea9,NULL,Downloaddienst - Kühlleistung der Böden ohne Berücksichtigung der Versiegelung 2020 (Umweltatlas) (WFS),https://gdi.berlin.de/services/wfs/ua_boden_bklov_2020?request=GetCapabilities&service=WFS,Downloaddienst - Kühlleistung der Böden ohne Berücksichtigung der Versiegelung 2020 (Umweltatlas) (WFS),2026-06-22 09:51:35.527 +0300
3142,231944,https://registry.gdi-de.org/id/de.be.csw/a54329fc-9976-323c-8c44-b9728d551ea9,NULL,Downloaddienst - Kühlleistung der Böden ohne Berücksichtigung der Versiegelung 2020 (Umweltatlas) (WFS),https://gdi.berlin.de/services/wfs/ua_boden_bklov_2020?request=GetCapabilities&service=WFS,Downloaddienst - Kühlleistung der Böden ohne Berücksichtigung der Versiegelung 2020 (Umweltatlas) (WFS),2026-06-22 09:51:35.527 +0300
3217,246822,https://registry.gdi-de.org/id/de.be.csw/a54329fc-9976-323c-8c44-b9728d551ea9,NULL,Downloaddienst - Kühlleistung der Böden ohne Berücksichtigung der Versiegelung 2020 (Umweltatlas) (WFS),https://gdi.berlin.de/services/wfs/ua_boden_bklov_2020?request=GetCapabilities&service=WFS,Downloaddienst - Kühlleistung der Böden ohne Berücksichtigung der Versiegelung 2020 (Umweltatlas) (WFS),2026-06-22 09:51:35.527 +0300
3225,247112,https://registry.gdi-de.org/id/de.be.csw/a54329fc-9976-323c-8c44-b9728d551ea9,NULL,Downloaddienst - Kühlleistung der Böden ohne Berücksichtigung der Versiegelung 2020 (Umweltatlas) (WFS),https://gdi.berlin.de/services/wfs/ua_boden_bklov_2020?request=GetCapabilities&service=WFS,Downloaddienst - Kühlleistung der Böden ohne Berücksichtigung der Versiegelung 2020 (Umweltatlas) (WFS),2026-06-22 09:51:35.527 +0300
3247,252432,https://registry.gdi-de.org/id/de.be.csw/a54329fc-9976-323c-8c44-b9728d551ea9,NULL,Downloaddienst - Kühlleistung der Böden ohne Berücksichtigung der Versiegelung 2020 (Umweltatlas) (WFS),https://gdi.berlin.de/services/wfs/ua_boden_bklov_2020?request=GetCapabilities&service=WFS,Downloaddienst - Kühlleistung der Böden ohne Berücksichtigung der Versiegelung 2020 (Umweltatlas) (WFS),2026-06-22 09:51:35.527 +0300
3250,253847,https://registry.gdi-de.org/id/de.be.csw/a54329fc-9976-323c-8c44-b9728d551ea9,NULL,Downloaddienst - Kühlleistung der Böden ohne Berücksichtigung der Versiegelung 2020 (Umweltatlas) (WFS),https://gdi.berlin.de/services/wfs/ua_boden_bklov_2020?request=GetCapabilities&service=WFS,Downloaddienst - Kühlleistung der Böden ohne Berücksichtigung der Versiegelung 2020 (Umweltatlas) (WFS),2026-06-22 09:51:35.527 +0300
3259,257013,https://registry.gdi-de.org/id/de.be.csw/a54329fc-9976-323c-8c44-b9728d551ea9,NULL,Downloaddienst - Kühlleistung der Böden ohne Berücksichtigung der Versiegelung 2020 (Umweltatlas) (WFS),https://gdi.berlin.de/services/wfs/ua_boden_bklov_2020?request=GetCapabilities&service=WFS,Downloaddienst - Kühlleistung der Böden ohne Berücksichtigung der Versiegelung 2020 (Umweltatlas) (WFS),2026-06-22 09:51:35.527 +0300
3262,257943,https://registry.gdi-de.org/id/de.be.csw/a54329fc-9976-323c-8c44-b9728d551ea9,NULL,Downloaddienst - Kühlleistung der Böden ohne Berücksichtigung der Versiegelung 2020 (Umweltatlas) (WFS),https://gdi.berlin.de/services/wfs/ua_boden_bklov_2020?request=GetCapabilities&service=WFS,Downloaddienst - Kühlleistung der Böden ohne Berücksichtigung der Versiegelung 2020 (Umweltatlas) (WFS),2026-06-22 09:51:35.527 +0300
3308,269959,https://registry.gdi-de.org/id/de.be.csw/a54329fc-9976-323c-8c44-b9728d551ea9,NULL,Downloaddienst - Kühlleistung der Böden ohne Berücksichtigung der Versiegelung 2020 (Umweltatlas) (WFS),https://gdi.berlin.de/services/wfs/ua_boden_bklov_2020?request=GetCapabilities&service=WFS,Downloaddienst - Kühlleistung der Böden ohne Berücksichtigung der Versiegelung 2020 (Umweltatlas) (WFS),2026-06-22 09:51:35.527 +0300
3317,271791,https://registry.gdi-de.org/id/de.be.csw/a54329fc-9976-323c-8c44-b9728d551ea9,NULL,Downloaddienst - Kühlleistung der Böden ohne Berücksichtigung der Versiegelung 2020 (Umweltatlas) (WFS),https://gdi.berlin.de/services/wfs/ua_boden_bklov_2020?request=GetCapabilities&service=WFS,Downloaddienst - Kühlleistung der Böden ohne Berücksichtigung der Versiegelung 2020 (Umweltatlas) (WFS),2026-06-22 09:51:35.527 +0300
3370,284918,https://registry.gdi-de.org/id/de.be.csw/a54329fc-9976-323c-8c44-b9728d551ea9,NULL,Downloaddienst - Kühlleistung der Böden ohne Berücksichtigung der Versiegelung 2020 (Umweltatlas) (WFS),https://gdi.berlin.de/services/wfs/ua_boden_bklov_2020?request=GetCapabilities&service=WFS,Downloaddienst - Kühlleistung der Böden ohne Berücksichtigung der Versiegelung 2020 (Umweltatlas) (WFS),2026-06-22 09:51:35.527 +0300
3373,286236,https://registry.gdi-de.org/id/de.be.csw/a54329fc-9976-323c-8c44-b9728d551ea9,NULL,Downloaddienst - Kühlleistung der Böden ohne Berücksichtigung der Versiegelung 2020 (Umweltatlas) (WFS),https://gdi.berlin.de/services/wfs/ua_boden_bklov_2020?request=GetCapabilities&service=WFS,Downloaddienst - Kühlleistung der Böden ohne Berücksichtigung der Versiegelung 2020 (Umweltatlas) (WFS),2026-06-22 09:51:35.527 +0300
3441,300853,https://registry.gdi-de.org/id/de.be.csw/a54329fc-9976-323c-8c44-b9728d551ea9,NULL,Downloaddienst - Kühlleistung der Böden ohne Berücksichtigung der Versiegelung 2020 (Umweltatlas) (WFS),https://gdi.berlin.de/services/wfs/ua_boden_bklov_2020?request=GetCapabilities&service=WFS,Downloaddienst - Kühlleistung der Böden ohne Berücksichtigung der Versiegelung 2020 (Umweltatlas) (WFS),2026-06-22 09:51:35.527 +0300
3444,302110,https://registry.gdi-de.org/id/de.be.csw/a54329fc-9976-323c-8c44-b9728d551ea9,NULL,Downloaddienst - Kühlleistung der Böden ohne Berücksichtigung der Versiegelung 2020 (Umweltatlas) (WFS),https://gdi.berlin.de/services/wfs/ua_boden_bklov_2020?request=GetCapabilities&service=WFS,Downloaddienst - Kühlleistung der Böden ohne Berücksichtigung der Versiegelung 2020 (Umweltatlas) (WFS),2026-06-22 09:51:35.527 +0300
3510,316718,https://registry.gdi-de.org/id/de.be.csw/a54329fc-9976-323c-8c44-b9728d551ea9,NULL,Downloaddienst - Kühlleistung der Böden ohne Berücksichtigung der Versiegelung 2020 (Umweltatlas) (WFS),https://gdi.berlin.de/services/wfs/ua_boden_bklov_2020?request=GetCapabilities&service=WFS,Downloaddienst - Kühlleistung der Böden ohne Berücksichtigung der Versiegelung 2020 (Umweltatlas) (WFS),2026-06-22 09:51:35.527 +0300
3513,317942,https://registry.gdi-de.org/id/de.be.csw/a54329fc-9976-323c-8c44-b9728d551ea9,NULL,Downloaddienst - Kühlleistung der Böden ohne Berücksichtigung der Versiegelung 2020 (Umweltatlas) (WFS),https://gdi.berlin.de/services/wfs/ua_boden_bklov_2020?request=GetCapabilities&service=WFS,Downloaddienst - Kühlleistung der Böden ohne Berücksichtigung der Versiegelung 2020 (Umweltatlas) (WFS),2026-06-22 09:51:35.527 +0300
3581,332454,https://registry.gdi-de.org/id/de.be.csw/a54329fc-9976-323c-8c44-b9728d551ea9,NULL,Downloaddienst - Kühlleistung der Böden ohne Berücksichtigung der Versiegelung 2020 (Umweltatlas) (WFS),https://gdi.berlin.de/services/wfs/ua_boden_bklov_2020?request=GetCapabilities&service=WFS,Downloaddienst - Kühlleistung der Böden ohne Berücksichtigung der Versiegelung 2020 (Umweltatlas) (WFS),2026-06-22 09:51:35.527 +0300
3584,333691,https://registry.gdi-de.org/id/de.be.csw/a54329fc-9976-323c-8c44-b9728d551ea9,NULL,Downloaddienst - Kühlleistung der Böden ohne Berücksichtigung der Versiegelung 2020 (Umweltatlas) (WFS),https://gdi.berlin.de/services/wfs/ua_boden_bklov_2020?request=GetCapabilities&service=WFS,Downloaddienst - Kühlleistung der Böden ohne Berücksichtigung der Versiegelung 2020 (Umweltatlas) (WFS),2026-06-22 09:51:35.527 +0300
3655,348765,https://registry.gdi-de.org/id/de.be.csw/a54329fc-9976-323c-8c44-b9728d551ea9,NULL,Downloaddienst - Kühlleistung der Böden ohne Berücksichtigung der Versiegelung 2020 (Umweltatlas) (WFS),https://gdi.berlin.de/services/wfs/ua_boden_bklov_2020?request=GetCapabilities&service=WFS,Downloaddienst - Kühlleistung der Böden ohne Berücksichtigung der Versiegelung 2020 (Umweltatlas) (WFS),2026-06-22 09:51:35.527 +0300
3658,349998,https://registry.gdi-de.org/id/de.be.csw/a54329fc-9976-323c-8c44-b9728d551ea9,NULL,Downloaddienst - Kühlleistung der Böden ohne Berücksichtigung der Versiegelung 2020 (Umweltatlas) (WFS),https://gdi.berlin.de/services/wfs/ua_boden_bklov_2020?request=GetCapabilities&service=WFS,Downloaddienst - Kühlleistung der Böden ohne Berücksichtigung der Versiegelung 2020 (Umweltatlas) (WFS),2026-06-22 09:51:35.527 +0300
3723,364787,https://registry.gdi-de.org/id/de.be.csw/a54329fc-9976-323c-8c44-b9728d551ea9,NULL,Downloaddienst - Kühlleistung der Böden ohne Berücksichtigung der Versiegelung 2020 (Umweltatlas) (WFS),https://gdi.berlin.de/services/wfs/ua_boden_bklov_2020?request=GetCapabilities&service=WFS,Downloaddienst - Kühlleistung der Böden ohne Berücksichtigung der Versiegelung 2020 (Umweltatlas) (WFS),2026-06-22 09:51:35.527 +0300
3727,366043,https://registry.gdi-de.org/id/de.be.csw/a54329fc-9976-323c-8c44-b9728d551ea9,NULL,Downloaddienst - Kühlleistung der Böden ohne Berücksichtigung der Versiegelung 2020 (Umweltatlas) (WFS),https://gdi.berlin.de/services/wfs/ua_boden_bklov_2020?request=GetCapabilities&service=WFS,Downloaddienst - Kühlleistung der Böden ohne Berücksichtigung der Versiegelung 2020 (Umweltatlas) (WFS),2026-06-22 09:51:35.527 +0300
3776,378275,https://registry.gdi-de.org/id/de.be.csw/a54329fc-9976-323c-8c44-b9728d551ea9,NULL,Downloaddienst - Kühlleistung der Böden ohne Berücksichtigung der Versiegelung 2020 (Umweltatlas) (WFS),https://gdi.berlin.de/services/wfs/ua_boden_bklov_2020?request=GetCapabilities&service=WFS,Downloaddienst - Kühlleistung der Böden ohne Berücksichtigung der Versiegelung 2020 (Umweltatlas) (WFS),2026-06-22 09:51:35.527 +0300
3780,379477,https://registry.gdi-de.org/id/de.be.csw/a54329fc-9976-323c-8c44-b9728d551ea9,NULL,Downloaddienst - Kühlleistung der Böden ohne Berücksichtigung der Versiegelung 2020 (Umweltatlas) (WFS),https://gdi.berlin.de/services/wfs/ua_boden_bklov_2020?request=GetCapabilities&service=WFS,Downloaddienst - Kühlleistung der Böden ohne Berücksichtigung der Versiegelung 2020 (Umweltatlas) (WFS),2026-06-22 09:51:35.527 +0300
3829,391211,https://registry.gdi-de.org/id/de.be.csw/a54329fc-9976-323c-8c44-b9728d551ea9,NULL,Downloaddienst - Kühlleistung der Böden ohne Berücksichtigung der Versiegelung 2020 (Umweltatlas) (WFS),https://gdi.berlin.de/services/wfs/ua_boden_bklov_2020?request=GetCapabilities&service=WFS,Downloaddienst - Kühlleistung der Böden ohne Berücksichtigung der Versiegelung 2020 (Umweltatlas) (WFS),2026-06-22 09:51:35.527 +0300
3833,392504,https://registry.gdi-de.org/id/de.be.csw/a54329fc-9976-323c-8c44-b9728d551ea9,NULL,Downloaddienst - Kühlleistung der Böden ohne Berücksichtigung der Versiegelung 2020 (Umweltatlas) (WFS),https://gdi.berlin.de/services/wfs/ua_boden_bklov_2020?request=GetCapabilities&service=WFS,Downloaddienst - Kühlleistung der Böden ohne Berücksichtigung der Versiegelung 2020 (Umweltatlas) (WFS),2026-06-22 09:51:35.527 +0300
3962,427840,https://registry.gdi-de.org/id/de.be.csw/a54329fc-9976-323c-8c44-b9728d551ea9,NULL,Downloaddienst - Kühlleistung der Böden ohne Berücksichtigung der Versiegelung 2020 (Umweltatlas) (WFS),https://gdi.berlin.de/services/wfs/ua_boden_bklov_2020?request=GetCapabilities&service=WFS,Downloaddienst - Kühlleistung der Böden ohne Berücksichtigung der Versiegelung 2020 (Umweltatlas) (WFS),2026-06-22 09:51:35.527 +0300
3966,429054,https://registry.gdi-de.org/id/de.be.csw/a54329fc-9976-323c-8c44-b9728d551ea9,NULL,Downloaddienst - Kühlleistung der Böden ohne Berücksichtigung der Versiegelung 2020 (Umweltatlas) (WFS),https://gdi.berlin.de/services/wfs/ua_boden_bklov_2020?request=GetCapabilities&service=WFS,Downloaddienst - Kühlleistung der Böden ohne Berücksichtigung der Versiegelung 2020 (Umweltatlas) (WFS),2026-06-22 09:51:35.527 +0300
4010,440215,https://registry.gdi-de.org/id/de.be.csw/a54329fc-9976-323c-8c44-b9728d551ea9,NULL,Downloaddienst - Kühlleistung der Böden ohne Berücksichtigung der Versiegelung 2020 (Umweltatlas) (WFS),https://gdi.berlin.de/services/wfs/ua_boden_bklov_2020?request=GetCapabilities&service=WFS,Downloaddienst - Kühlleistung der Böden ohne Berücksichtigung der Versiegelung 2020 (Umweltatlas) (WFS),2026-06-22 09:51:35.527 +0300
4013,441377,https://registry.gdi-de.org/id/de.be.csw/a54329fc-9976-323c-8c44-b9728d551ea9,NULL,Downloaddienst - Kühlleistung der Böden ohne Berücksichtigung der Versiegelung 2020 (Umweltatlas) (WFS),https://gdi.berlin.de/services/wfs/ua_boden_bklov_2020?request=GetCapabilities&service=WFS,Downloaddienst - Kühlleistung der Böden ohne Berücksichtigung der Versiegelung 2020 (Umweltatlas) (WFS),2026-06-22 09:51:35.527 +0300
4106,472745,https://registry.gdi-de.org/id/de.be.csw/a54329fc-9976-323c-8c44-b9728d551ea9,NULL,Downloaddienst - Kühlleistung der Böden ohne Berücksichtigung der Versiegelung 2020 (Umweltatlas) (WFS),https://gdi.berlin.de/services/wfs/ua_boden_bklov_2020?request=GetCapabilities&service=WFS,Downloaddienst - Kühlleistung der Böden ohne Berücksichtigung der Versiegelung 2020 (Umweltatlas) (WFS),2026-06-22 09:51:35.527 +0300
4108,473847,https://registry.gdi-de.org/id/de.be.csw/a54329fc-9976-323c-8c44-b9728d551ea9,NULL,Downloaddienst - Kühlleistung der Böden ohne Berücksichtigung der Versiegelung 2020 (Umweltatlas) (WFS),https://gdi.berlin.de/services/wfs/ua_boden_bklov_2020?request=GetCapabilities&service=WFS,Downloaddienst - Kühlleistung der Böden ohne Berücksichtigung der Versiegelung 2020 (Umweltatlas) (WFS),2026-06-22 09:51:35.527 +0300
4335,519760,https://registry.gdi-de.org/id/de.be.csw/a54329fc-9976-323c-8c44-b9728d551ea9,NULL,Downloaddienst - Kühlleistung der Böden ohne Berücksichtigung der Versiegelung 2020 (Umweltatlas) (WFS),https://gdi.berlin.de/services/wfs/ua_boden_bklov_2020?request=GetCapabilities&service=WFS,Downloaddienst - Kühlleistung der Böden ohne Berücksichtigung der Versiegelung 2020 (Umweltatlas) (WFS),2026-06-22 09:51:35.527 +0300
4369,520383,https://registry.gdi-de.org/id/de.be.csw/a54329fc-9976-323c-8c44-b9728d551ea9,NULL,Downloaddienst - Kühlleistung der Böden ohne Berücksichtigung der Versiegelung 2020 (Umweltatlas) (WFS),https://gdi.berlin.de/services/wfs/ua_boden_bklov_2020?request=GetCapabilities&service=WFS,Downloaddienst - Kühlleistung der Böden ohne Berücksichtigung der Versiegelung 2020 (Umweltatlas) (WFS),2026-06-22 09:51:35.527 +0300
4386,520845,https://registry.gdi-de.org/id/de.be.csw/a54329fc-9976-323c-8c44-b9728d551ea9,NULL,Downloaddienst - Kühlleistung der Böden ohne Berücksichtigung der Versiegelung 2020 (Umweltatlas) (WFS),https://gdi.berlin.de/services/wfs/ua_boden_bklov_2020?request=GetCapabilities&service=WFS,Downloaddienst - Kühlleistung der Böden ohne Berücksichtigung der Versiegelung 2020 (Umweltatlas) (WFS),2026-06-22 09:51:35.527 +0300
2520,69746,https://registry.gdi-de.org/id/de.be.csw/a71a390d-06bb-3627-9f02-221bfb1368d1,NULL,Downloaddienst - Kühlleistung der Böden mit Berücksichtigung der Versiegelung 2020 (Umweltatlas) (WFS),https://gdi.berlin.de/services/wfs/ua_boden_bklmv_2020?request=GetCapabilities&service=WFS,Downloaddienst - Kühlleistung der Böden mit Berücksichtigung der Versiegelung 2020 (Umweltatlas) (WFS),2026-06-22 09:51:35.527 +0300
2521,69747,https://registry.gdi-de.org/id/de.be.csw/a71a390d-06bb-3627-9f02-221bfb1368d1,NULL,Downloaddienst - Kühlleistung der Böden mit Berücksichtigung der Versiegelung 2020 (Umweltatlas) (WFS),https://gdi.berlin.de/services/wfs/ua_boden_bklmv_2020?request=GetCapabilities&service=WFS,Downloaddienst - Kühlleistung der Böden mit Berücksichtigung der Versiegelung 2020 (Umweltatlas) (WFS),2026-06-22 09:51:35.527 +0300
2522,69748,https://registry.gdi-de.org/id/de.be.csw/a71a390d-06bb-3627-9f02-221bfb1368d1,NULL,Downloaddienst - Kühlleistung der Böden mit Berücksichtigung der Versiegelung 2020 (Umweltatlas) (WFS),https://gdi.berlin.de/services/wfs/ua_boden_bklmv_2020?request=GetCapabilities&service=WFS,Downloaddienst - Kühlleistung der Böden mit Berücksichtigung der Versiegelung 2020 (Umweltatlas) (WFS),2026-06-22 09:51:35.527 +0300
2452,69114,https://registry.gdi-de.org/id/de.be.csw/a9cd5bc4-0381-3178-bbfa-0ba4460ce6ce,NULL,Downloaddienst - Bodenpunktdatenbank (WFS),https://gdi.berlin.de/services/wfs/bodenpunktdatenbank?request=GetCapabilities&service=WFS,Downloaddienst - Bodenpunktdatenbank (WFS),2026-06-22 09:51:35.527 +0300
2454,69118,https://registry.gdi-de.org/id/de.be.csw/a9cd5bc4-0381-3178-bbfa-0ba4460ce6ce,NULL,Downloaddienst - Bodenpunktdatenbank (WFS),https://gdi.berlin.de/services/wfs/bodenpunktdatenbank?request=GetCapabilities&service=WFS,Downloaddienst - Bodenpunktdatenbank (WFS),2026-06-22 09:51:35.527 +0300
2456,69122,https://registry.gdi-de.org/id/de.be.csw/a9cd5bc4-0381-3178-bbfa-0ba4460ce6ce,NULL,Downloaddienst - Bodenpunktdatenbank (WFS),https://gdi.berlin.de/services/wfs/bodenpunktdatenbank?request=GetCapabilities&service=WFS,Downloaddienst - Bodenpunktdatenbank (WFS),2026-06-22 09:51:35.527 +0300
2451,69113,https://registry.gdi-de.org/id/de.be.csw/a9cd5bc4-0381-3178-bbfa-0ba4460ce6ce,NULL,Darstellungsdienst - Bodenpunktdatenbank (WMS),https://gdi.berlin.de/services/wms/bodenpunktdatenbank?request=GetCapabilities&service=WMS,Darstellungsdienst - Bodenpunktdatenbank (WMS),2026-06-22 09:51:35.527 +0300
2453,69117,https://registry.gdi-de.org/id/de.be.csw/a9cd5bc4-0381-3178-bbfa-0ba4460ce6ce,NULL,Darstellungsdienst - Bodenpunktdatenbank (WMS),https://gdi.berlin.de/services/wms/bodenpunktdatenbank?request=GetCapabilities&service=WMS,Darstellungsdienst - Bodenpunktdatenbank (WMS),2026-06-22 09:51:35.527 +0300
2455,69121,https://registry.gdi-de.org/id/de.be.csw/a9cd5bc4-0381-3178-bbfa-0ba4460ce6ce,NULL,Darstellungsdienst - Bodenpunktdatenbank (WMS),https://gdi.berlin.de/services/wms/bodenpunktdatenbank?request=GetCapabilities&service=WMS,Darstellungsdienst - Bodenpunktdatenbank (WMS),2026-06-22 09:51:35.527 +0300
2238,56669,https://registry.gdi-de.org/id/de.be.csw/b8139272-bc73-3974-b5f1-1cf56a2e9e98,NULL,Downloaddienst - Austauschhäufigkeit des Bodenwassers 2020 (Umweltatlas) (WFS),https://gdi.berlin.de/services/wfs/ua_boden_austauschh_2020?request=GetCapabilities&service=WFS,Downloaddienst - Austauschhäufigkeit des Bodenwassers 2020 (Umweltatlas) (WFS),2026-06-22 09:51:35.527 +0300
2591,96655,https://registry.gdi-de.org/id/de.be.csw/b8139272-bc73-3974-b5f1-1cf56a2e9e98,NULL,Downloaddienst - Austauschhäufigkeit des Bodenwassers 2020 (Umweltatlas) (WFS),https://gdi.berlin.de/services/wfs/ua_boden_austauschh_2020?request=GetCapabilities&service=WFS,Downloaddienst - Austauschhäufigkeit des Bodenwassers 2020 (Umweltatlas) (WFS),2026-06-22 09:51:35.527 +0300
2603,97742,https://registry.gdi-de.org/id/de.be.csw/b8139272-bc73-3974-b5f1-1cf56a2e9e98,NULL,Downloaddienst - Austauschhäufigkeit des Bodenwassers 2020 (Umweltatlas) (WFS),https://gdi.berlin.de/services/wfs/ua_boden_austauschh_2020?request=GetCapabilities&service=WFS,Downloaddienst - Austauschhäufigkeit des Bodenwassers 2020 (Umweltatlas) (WFS),2026-06-22 09:51:35.527 +0300
2714,141471,https://registry.gdi-de.org/id/de.be.csw/b8139272-bc73-3974-b5f1-1cf56a2e9e98,NULL,Downloaddienst - Austauschhäufigkeit des Bodenwassers 2020 (Umweltatlas) (WFS),https://gdi.berlin.de/services/wfs/ua_boden_austauschh_2020?request=GetCapabilities&service=WFS,Downloaddienst - Austauschhäufigkeit des Bodenwassers 2020 (Umweltatlas) (WFS),2026-06-22 09:51:35.527 +0300
2726,142351,https://registry.gdi-de.org/id/de.be.csw/b8139272-bc73-3974-b5f1-1cf56a2e9e98,NULL,Downloaddienst - Austauschhäufigkeit des Bodenwassers 2020 (Umweltatlas) (WFS),https://gdi.berlin.de/services/wfs/ua_boden_austauschh_2020?request=GetCapabilities&service=WFS,Downloaddienst - Austauschhäufigkeit des Bodenwassers 2020 (Umweltatlas) (WFS),2026-06-22 09:51:35.527 +0300
2756,151557,https://registry.gdi-de.org/id/de.be.csw/b8139272-bc73-3974-b5f1-1cf56a2e9e98,NULL,Downloaddienst - Austauschhäufigkeit des Bodenwassers 2020 (Umweltatlas) (WFS),https://gdi.berlin.de/services/wfs/ua_boden_austauschh_2020?request=GetCapabilities&service=WFS,Downloaddienst - Austauschhäufigkeit des Bodenwassers 2020 (Umweltatlas) (WFS),2026-06-22 09:51:35.527 +0300
2768,152419,https://registry.gdi-de.org/id/de.be.csw/b8139272-bc73-3974-b5f1-1cf56a2e9e98,NULL,Downloaddienst - Austauschhäufigkeit des Bodenwassers 2020 (Umweltatlas) (WFS),https://gdi.berlin.de/services/wfs/ua_boden_austauschh_2020?request=GetCapabilities&service=WFS,Downloaddienst - Austauschhäufigkeit des Bodenwassers 2020 (Umweltatlas) (WFS),2026-06-22 09:51:35.527 +0300
2823,165159,https://registry.gdi-de.org/id/de.be.csw/b8139272-bc73-3974-b5f1-1cf56a2e9e98,NULL,Downloaddienst - Austauschhäufigkeit des Bodenwassers 2020 (Umweltatlas) (WFS),https://gdi.berlin.de/services/wfs/ua_boden_austauschh_2020?request=GetCapabilities&service=WFS,Downloaddienst - Austauschhäufigkeit des Bodenwassers 2020 (Umweltatlas) (WFS),2026-06-22 09:51:35.527 +0300
2835,166024,https://registry.gdi-de.org/id/de.be.csw/b8139272-bc73-3974-b5f1-1cf56a2e9e98,NULL,Downloaddienst - Austauschhäufigkeit des Bodenwassers 2020 (Umweltatlas) (WFS),https://gdi.berlin.de/services/wfs/ua_boden_austauschh_2020?request=GetCapabilities&service=WFS,Downloaddienst - Austauschhäufigkeit des Bodenwassers 2020 (Umweltatlas) (WFS),2026-06-22 09:51:35.527 +0300
2865,172795,https://registry.gdi-de.org/id/de.be.csw/b8139272-bc73-3974-b5f1-1cf56a2e9e98,NULL,Downloaddienst - Austauschhäufigkeit des Bodenwassers 2020 (Umweltatlas) (WFS),https://gdi.berlin.de/services/wfs/ua_boden_austauschh_2020?request=GetCapabilities&service=WFS,Downloaddienst - Austauschhäufigkeit des Bodenwassers 2020 (Umweltatlas) (WFS),2026-06-22 09:51:35.527 +0300
2876,173657,https://registry.gdi-de.org/id/de.be.csw/b8139272-bc73-3974-b5f1-1cf56a2e9e98,NULL,Downloaddienst - Austauschhäufigkeit des Bodenwassers 2020 (Umweltatlas) (WFS),https://gdi.berlin.de/services/wfs/ua_boden_austauschh_2020?request=GetCapabilities&service=WFS,Downloaddienst - Austauschhäufigkeit des Bodenwassers 2020 (Umweltatlas) (WFS),2026-06-22 09:51:35.527 +0300
2915,185332,https://registry.gdi-de.org/id/de.be.csw/b8139272-bc73-3974-b5f1-1cf56a2e9e98,NULL,Downloaddienst - Austauschhäufigkeit des Bodenwassers 2020 (Umweltatlas) (WFS),https://gdi.berlin.de/services/wfs/ua_boden_austauschh_2020?request=GetCapabilities&service=WFS,Downloaddienst - Austauschhäufigkeit des Bodenwassers 2020 (Umweltatlas) (WFS),2026-06-22 09:51:35.527 +0300
2927,186163,https://registry.gdi-de.org/id/de.be.csw/b8139272-bc73-3974-b5f1-1cf56a2e9e98,NULL,Downloaddienst - Austauschhäufigkeit des Bodenwassers 2020 (Umweltatlas) (WFS),https://gdi.berlin.de/services/wfs/ua_boden_austauschh_2020?request=GetCapabilities&service=WFS,Downloaddienst - Austauschhäufigkeit des Bodenwassers 2020 (Umweltatlas) (WFS),2026-06-22 09:51:35.527 +0300
2992,200032,https://registry.gdi-de.org/id/de.be.csw/b8139272-bc73-3974-b5f1-1cf56a2e9e98,NULL,Downloaddienst - Austauschhäufigkeit des Bodenwassers 2020 (Umweltatlas) (WFS),https://gdi.berlin.de/services/wfs/ua_boden_austauschh_2020?request=GetCapabilities&service=WFS,Downloaddienst - Austauschhäufigkeit des Bodenwassers 2020 (Umweltatlas) (WFS),2026-06-22 09:51:35.527 +0300
3006,200903,https://registry.gdi-de.org/id/de.be.csw/b8139272-bc73-3974-b5f1-1cf56a2e9e98,NULL,Downloaddienst - Austauschhäufigkeit des Bodenwassers 2020 (Umweltatlas) (WFS),https://gdi.berlin.de/services/wfs/ua_boden_austauschh_2020?request=GetCapabilities&service=WFS,Downloaddienst - Austauschhäufigkeit des Bodenwassers 2020 (Umweltatlas) (WFS),2026-06-22 09:51:35.527 +0300
3083,219105,https://registry.gdi-de.org/id/de.be.csw/b8139272-bc73-3974-b5f1-1cf56a2e9e98,NULL,Downloaddienst - Austauschhäufigkeit des Bodenwassers 2020 (Umweltatlas) (WFS),https://gdi.berlin.de/services/wfs/ua_boden_austauschh_2020?request=GetCapabilities&service=WFS,Downloaddienst - Austauschhäufigkeit des Bodenwassers 2020 (Umweltatlas) (WFS),2026-06-22 09:51:35.527 +0300
3096,219950,https://registry.gdi-de.org/id/de.be.csw/b8139272-bc73-3974-b5f1-1cf56a2e9e98,NULL,Downloaddienst - Austauschhäufigkeit des Bodenwassers 2020 (Umweltatlas) (WFS),https://gdi.berlin.de/services/wfs/ua_boden_austauschh_2020?request=GetCapabilities&service=WFS,Downloaddienst - Austauschhäufigkeit des Bodenwassers 2020 (Umweltatlas) (WFS),2026-06-22 09:51:35.527 +0300
3148,233292,https://registry.gdi-de.org/id/de.be.csw/b8139272-bc73-3974-b5f1-1cf56a2e9e98,NULL,Downloaddienst - Austauschhäufigkeit des Bodenwassers 2020 (Umweltatlas) (WFS),https://gdi.berlin.de/services/wfs/ua_boden_austauschh_2020?request=GetCapabilities&service=WFS,Downloaddienst - Austauschhäufigkeit des Bodenwassers 2020 (Umweltatlas) (WFS),2026-06-22 09:51:35.527 +0300
3160,234145,https://registry.gdi-de.org/id/de.be.csw/b8139272-bc73-3974-b5f1-1cf56a2e9e98,NULL,Downloaddienst - Austauschhäufigkeit des Bodenwassers 2020 (Umweltatlas) (WFS),https://gdi.berlin.de/services/wfs/ua_boden_austauschh_2020?request=GetCapabilities&service=WFS,Downloaddienst - Austauschhäufigkeit des Bodenwassers 2020 (Umweltatlas) (WFS),2026-06-22 09:51:35.527 +0300
3268,259263,https://registry.gdi-de.org/id/de.be.csw/b8139272-bc73-3974-b5f1-1cf56a2e9e98,NULL,Downloaddienst - Austauschhäufigkeit des Bodenwassers 2020 (Umweltatlas) (WFS),https://gdi.berlin.de/services/wfs/ua_boden_austauschh_2020?request=GetCapabilities&service=WFS,Downloaddienst - Austauschhäufigkeit des Bodenwassers 2020 (Umweltatlas) (WFS),2026-06-22 09:51:35.527 +0300
3277,260108,https://registry.gdi-de.org/id/de.be.csw/b8139272-bc73-3974-b5f1-1cf56a2e9e98,NULL,Downloaddienst - Austauschhäufigkeit des Bodenwassers 2020 (Umweltatlas) (WFS),https://gdi.berlin.de/services/wfs/ua_boden_austauschh_2020?request=GetCapabilities&service=WFS,Downloaddienst - Austauschhäufigkeit des Bodenwassers 2020 (Umweltatlas) (WFS),2026-06-22 09:51:35.527 +0300
3316,271785,https://registry.gdi-de.org/id/de.be.csw/b8139272-bc73-3974-b5f1-1cf56a2e9e98,NULL,Downloaddienst - Austauschhäufigkeit des Bodenwassers 2020 (Umweltatlas) (WFS),https://gdi.berlin.de/services/wfs/ua_boden_austauschh_2020?request=GetCapabilities&service=WFS,Downloaddienst - Austauschhäufigkeit des Bodenwassers 2020 (Umweltatlas) (WFS),2026-06-22 09:51:35.527 +0300
3328,272813,https://registry.gdi-de.org/id/de.be.csw/b8139272-bc73-3974-b5f1-1cf56a2e9e98,NULL,Downloaddienst - Austauschhäufigkeit des Bodenwassers 2020 (Umweltatlas) (WFS),https://gdi.berlin.de/services/wfs/ua_boden_austauschh_2020?request=GetCapabilities&service=WFS,Downloaddienst - Austauschhäufigkeit des Bodenwassers 2020 (Umweltatlas) (WFS),2026-06-22 09:51:35.527 +0300
3378,287689,https://registry.gdi-de.org/id/de.be.csw/b8139272-bc73-3974-b5f1-1cf56a2e9e98,NULL,Downloaddienst - Austauschhäufigkeit des Bodenwassers 2020 (Umweltatlas) (WFS),https://gdi.berlin.de/services/wfs/ua_boden_austauschh_2020?request=GetCapabilities&service=WFS,Downloaddienst - Austauschhäufigkeit des Bodenwassers 2020 (Umweltatlas) (WFS),2026-06-22 09:51:35.527 +0300
3389,288531,https://registry.gdi-de.org/id/de.be.csw/b8139272-bc73-3974-b5f1-1cf56a2e9e98,NULL,Downloaddienst - Austauschhäufigkeit des Bodenwassers 2020 (Umweltatlas) (WFS),https://gdi.berlin.de/services/wfs/ua_boden_austauschh_2020?request=GetCapabilities&service=WFS,Downloaddienst - Austauschhäufigkeit des Bodenwassers 2020 (Umweltatlas) (WFS),2026-06-22 09:51:35.527 +0300
3449,303468,https://registry.gdi-de.org/id/de.be.csw/b8139272-bc73-3974-b5f1-1cf56a2e9e98,NULL,Downloaddienst - Austauschhäufigkeit des Bodenwassers 2020 (Umweltatlas) (WFS),https://gdi.berlin.de/services/wfs/ua_boden_austauschh_2020?request=GetCapabilities&service=WFS,Downloaddienst - Austauschhäufigkeit des Bodenwassers 2020 (Umweltatlas) (WFS),2026-06-22 09:51:35.527 +0300
3460,304397,https://registry.gdi-de.org/id/de.be.csw/b8139272-bc73-3974-b5f1-1cf56a2e9e98,NULL,Downloaddienst - Austauschhäufigkeit des Bodenwassers 2020 (Umweltatlas) (WFS),https://gdi.berlin.de/services/wfs/ua_boden_austauschh_2020?request=GetCapabilities&service=WFS,Downloaddienst - Austauschhäufigkeit des Bodenwassers 2020 (Umweltatlas) (WFS),2026-06-22 09:51:35.527 +0300
3519,319257,https://registry.gdi-de.org/id/de.be.csw/b8139272-bc73-3974-b5f1-1cf56a2e9e98,NULL,Downloaddienst - Austauschhäufigkeit des Bodenwassers 2020 (Umweltatlas) (WFS),https://gdi.berlin.de/services/wfs/ua_boden_austauschh_2020?request=GetCapabilities&service=WFS,Downloaddienst - Austauschhäufigkeit des Bodenwassers 2020 (Umweltatlas) (WFS),2026-06-22 09:51:35.527 +0300
3531,320089,https://registry.gdi-de.org/id/de.be.csw/b8139272-bc73-3974-b5f1-1cf56a2e9e98,NULL,Downloaddienst - Austauschhäufigkeit des Bodenwassers 2020 (Umweltatlas) (WFS),https://gdi.berlin.de/services/wfs/ua_boden_austauschh_2020?request=GetCapabilities&service=WFS,Downloaddienst - Austauschhäufigkeit des Bodenwassers 2020 (Umweltatlas) (WFS),2026-06-22 09:51:35.527 +0300
3590,335030,https://registry.gdi-de.org/id/de.be.csw/b8139272-bc73-3974-b5f1-1cf56a2e9e98,NULL,Downloaddienst - Austauschhäufigkeit des Bodenwassers 2020 (Umweltatlas) (WFS),https://gdi.berlin.de/services/wfs/ua_boden_austauschh_2020?request=GetCapabilities&service=WFS,Downloaddienst - Austauschhäufigkeit des Bodenwassers 2020 (Umweltatlas) (WFS),2026-06-22 09:51:35.527 +0300
3603,335874,https://registry.gdi-de.org/id/de.be.csw/b8139272-bc73-3974-b5f1-1cf56a2e9e98,NULL,Downloaddienst - Austauschhäufigkeit des Bodenwassers 2020 (Umweltatlas) (WFS),https://gdi.berlin.de/services/wfs/ua_boden_austauschh_2020?request=GetCapabilities&service=WFS,Downloaddienst - Austauschhäufigkeit des Bodenwassers 2020 (Umweltatlas) (WFS),2026-06-22 09:51:35.527 +0300
3664,351327,https://registry.gdi-de.org/id/de.be.csw/b8139272-bc73-3974-b5f1-1cf56a2e9e98,NULL,Downloaddienst - Austauschhäufigkeit des Bodenwassers 2020 (Umweltatlas) (WFS),https://gdi.berlin.de/services/wfs/ua_boden_austauschh_2020?request=GetCapabilities&service=WFS,Downloaddienst - Austauschhäufigkeit des Bodenwassers 2020 (Umweltatlas) (WFS),2026-06-22 09:51:35.527 +0300
3677,352163,https://registry.gdi-de.org/id/de.be.csw/b8139272-bc73-3974-b5f1-1cf56a2e9e98,NULL,Downloaddienst - Austauschhäufigkeit des Bodenwassers 2020 (Umweltatlas) (WFS),https://gdi.berlin.de/services/wfs/ua_boden_austauschh_2020?request=GetCapabilities&service=WFS,Downloaddienst - Austauschhäufigkeit des Bodenwassers 2020 (Umweltatlas) (WFS),2026-06-22 09:51:35.527 +0300
3733,367358,https://registry.gdi-de.org/id/de.be.csw/b8139272-bc73-3974-b5f1-1cf56a2e9e98,NULL,Downloaddienst - Austauschhäufigkeit des Bodenwassers 2020 (Umweltatlas) (WFS),https://gdi.berlin.de/services/wfs/ua_boden_austauschh_2020?request=GetCapabilities&service=WFS,Downloaddienst - Austauschhäufigkeit des Bodenwassers 2020 (Umweltatlas) (WFS),2026-06-22 09:51:35.527 +0300
3744,368255,https://registry.gdi-de.org/id/de.be.csw/b8139272-bc73-3974-b5f1-1cf56a2e9e98,NULL,Downloaddienst - Austauschhäufigkeit des Bodenwassers 2020 (Umweltatlas) (WFS),https://gdi.berlin.de/services/wfs/ua_boden_austauschh_2020?request=GetCapabilities&service=WFS,Downloaddienst - Austauschhäufigkeit des Bodenwassers 2020 (Umweltatlas) (WFS),2026-06-22 09:51:35.527 +0300
3786,380849,https://registry.gdi-de.org/id/de.be.csw/b8139272-bc73-3974-b5f1-1cf56a2e9e98,NULL,Downloaddienst - Austauschhäufigkeit des Bodenwassers 2020 (Umweltatlas) (WFS),https://gdi.berlin.de/services/wfs/ua_boden_austauschh_2020?request=GetCapabilities&service=WFS,Downloaddienst - Austauschhäufigkeit des Bodenwassers 2020 (Umweltatlas) (WFS),2026-06-22 09:51:35.527 +0300
3797,381699,https://registry.gdi-de.org/id/de.be.csw/b8139272-bc73-3974-b5f1-1cf56a2e9e98,NULL,Downloaddienst - Austauschhäufigkeit des Bodenwassers 2020 (Umweltatlas) (WFS),https://gdi.berlin.de/services/wfs/ua_boden_austauschh_2020?request=GetCapabilities&service=WFS,Downloaddienst - Austauschhäufigkeit des Bodenwassers 2020 (Umweltatlas) (WFS),2026-06-22 09:51:35.527 +0300
3839,393853,https://registry.gdi-de.org/id/de.be.csw/b8139272-bc73-3974-b5f1-1cf56a2e9e98,NULL,Downloaddienst - Austauschhäufigkeit des Bodenwassers 2020 (Umweltatlas) (WFS),https://gdi.berlin.de/services/wfs/ua_boden_austauschh_2020?request=GetCapabilities&service=WFS,Downloaddienst - Austauschhäufigkeit des Bodenwassers 2020 (Umweltatlas) (WFS),2026-06-22 09:51:35.527 +0300
3851,394710,https://registry.gdi-de.org/id/de.be.csw/b8139272-bc73-3974-b5f1-1cf56a2e9e98,NULL,Downloaddienst - Austauschhäufigkeit des Bodenwassers 2020 (Umweltatlas) (WFS),https://gdi.berlin.de/services/wfs/ua_boden_austauschh_2020?request=GetCapabilities&service=WFS,Downloaddienst - Austauschhäufigkeit des Bodenwassers 2020 (Umweltatlas) (WFS),2026-06-22 09:51:35.527 +0300
3972,430443,https://registry.gdi-de.org/id/de.be.csw/b8139272-bc73-3974-b5f1-1cf56a2e9e98,NULL,Downloaddienst - Austauschhäufigkeit des Bodenwassers 2020 (Umweltatlas) (WFS),https://gdi.berlin.de/services/wfs/ua_boden_austauschh_2020?request=GetCapabilities&service=WFS,Downloaddienst - Austauschhäufigkeit des Bodenwassers 2020 (Umweltatlas) (WFS),2026-06-22 09:51:35.527 +0300
3983,431317,https://registry.gdi-de.org/id/de.be.csw/b8139272-bc73-3974-b5f1-1cf56a2e9e98,NULL,Downloaddienst - Austauschhäufigkeit des Bodenwassers 2020 (Umweltatlas) (WFS),https://gdi.berlin.de/services/wfs/ua_boden_austauschh_2020?request=GetCapabilities&service=WFS,Downloaddienst - Austauschhäufigkeit des Bodenwassers 2020 (Umweltatlas) (WFS),2026-06-22 09:51:35.527 +0300
4019,442765,https://registry.gdi-de.org/id/de.be.csw/b8139272-bc73-3974-b5f1-1cf56a2e9e98,NULL,Downloaddienst - Austauschhäufigkeit des Bodenwassers 2020 (Umweltatlas) (WFS),https://gdi.berlin.de/services/wfs/ua_boden_austauschh_2020?request=GetCapabilities&service=WFS,Downloaddienst - Austauschhäufigkeit des Bodenwassers 2020 (Umweltatlas) (WFS),2026-06-22 09:51:35.527 +0300
4030,443661,https://registry.gdi-de.org/id/de.be.csw/b8139272-bc73-3974-b5f1-1cf56a2e9e98,NULL,Downloaddienst - Austauschhäufigkeit des Bodenwassers 2020 (Umweltatlas) (WFS),https://gdi.berlin.de/services/wfs/ua_boden_austauschh_2020?request=GetCapabilities&service=WFS,Downloaddienst - Austauschhäufigkeit des Bodenwassers 2020 (Umweltatlas) (WFS),2026-06-22 09:51:35.527 +0300
4114,475210,https://registry.gdi-de.org/id/de.be.csw/b8139272-bc73-3974-b5f1-1cf56a2e9e98,NULL,Downloaddienst - Austauschhäufigkeit des Bodenwassers 2020 (Umweltatlas) (WFS),https://gdi.berlin.de/services/wfs/ua_boden_austauschh_2020?request=GetCapabilities&service=WFS,Downloaddienst - Austauschhäufigkeit des Bodenwassers 2020 (Umweltatlas) (WFS),2026-06-22 09:51:35.527 +0300
4125,476158,https://registry.gdi-de.org/id/de.be.csw/b8139272-bc73-3974-b5f1-1cf56a2e9e98,NULL,Downloaddienst - Austauschhäufigkeit des Bodenwassers 2020 (Umweltatlas) (WFS),https://gdi.berlin.de/services/wfs/ua_boden_austauschh_2020?request=GetCapabilities&service=WFS,Downloaddienst - Austauschhäufigkeit des Bodenwassers 2020 (Umweltatlas) (WFS),2026-06-22 09:51:35.527 +0300
4412,522002,https://registry.gdi-de.org/id/de.be.csw/b8139272-bc73-3974-b5f1-1cf56a2e9e98,NULL,Downloaddienst - Austauschhäufigkeit des Bodenwassers 2020 (Umweltatlas) (WFS),https://gdi.berlin.de/services/wfs/ua_boden_austauschh_2020?request=GetCapabilities&service=WFS,Downloaddienst - Austauschhäufigkeit des Bodenwassers 2020 (Umweltatlas) (WFS),2026-06-22 09:51:35.527 +0300
4438,522761,https://registry.gdi-de.org/id/de.be.csw/b8139272-bc73-3974-b5f1-1cf56a2e9e98,NULL,Downloaddienst - Austauschhäufigkeit des Bodenwassers 2020 (Umweltatlas) (WFS),https://gdi.berlin.de/services/wfs/ua_boden_austauschh_2020?request=GetCapabilities&service=WFS,Downloaddienst - Austauschhäufigkeit des Bodenwassers 2020 (Umweltatlas) (WFS),2026-06-22 09:51:35.527 +0300
2034,48524,https://registry.gdi-de.org/id/de.be.csw/c32f52c9-2472-3723-b052-c7659a1c0d9c,NULL,Downloaddienst - Bodengesellschaften und Bodenarten 2020 (Umweltatlas) (WFS),https://gdi.berlin.de/services/wfs/ua_boden_1_2020?request=GetCapabilities&service=WFS,Downloaddienst - Bodengesellschaften und Bodenarten 2020 (Umweltatlas) (WFS),2026-06-22 09:51:35.527 +0300
3714,363169,https://registry.gdi-de.org/id/de.be.csw/c32f52c9-2472-3723-b052-c7659a1c0d9c,NULL,Downloaddienst - Bodengesellschaften und Bodenarten 2020 (Umweltatlas) (WFS),https://gdi.berlin.de/services/wfs/ua_boden_1_2020?request=GetCapabilities&service=WFS,Downloaddienst - Bodengesellschaften und Bodenarten 2020 (Umweltatlas) (WFS),2026-06-22 09:51:35.527 +0300
3719,363477,https://registry.gdi-de.org/id/de.be.csw/c32f52c9-2472-3723-b052-c7659a1c0d9c,NULL,Downloaddienst - Bodengesellschaften und Bodenarten 2020 (Umweltatlas) (WFS),https://gdi.berlin.de/services/wfs/ua_boden_1_2020?request=GetCapabilities&service=WFS,Downloaddienst - Bodengesellschaften und Bodenarten 2020 (Umweltatlas) (WFS),2026-06-22 09:51:35.527 +0300
3720,363478,https://registry.gdi-de.org/id/de.be.csw/c32f52c9-2472-3723-b052-c7659a1c0d9c,NULL,Downloaddienst - Bodengesellschaften und Bodenarten 2020 (Umweltatlas) (WFS),https://gdi.berlin.de/services/wfs/ua_boden_1_2020?request=GetCapabilities&service=WFS,Downloaddienst - Bodengesellschaften und Bodenarten 2020 (Umweltatlas) (WFS),2026-06-22 09:51:35.527 +0300
3770,376676,https://registry.gdi-de.org/id/de.be.csw/c32f52c9-2472-3723-b052-c7659a1c0d9c,NULL,Downloaddienst - Bodengesellschaften und Bodenarten 2020 (Umweltatlas) (WFS),https://gdi.berlin.de/services/wfs/ua_boden_1_2020?request=GetCapabilities&service=WFS,Downloaddienst - Bodengesellschaften und Bodenarten 2020 (Umweltatlas) (WFS),2026-06-22 09:51:35.527 +0300
3772,376911,https://registry.gdi-de.org/id/de.be.csw/c32f52c9-2472-3723-b052-c7659a1c0d9c,NULL,Downloaddienst - Bodengesellschaften und Bodenarten 2020 (Umweltatlas) (WFS),https://gdi.berlin.de/services/wfs/ua_boden_1_2020?request=GetCapabilities&service=WFS,Downloaddienst - Bodengesellschaften und Bodenarten 2020 (Umweltatlas) (WFS),2026-06-22 09:51:35.527 +0300
3773,376912,https://registry.gdi-de.org/id/de.be.csw/c32f52c9-2472-3723-b052-c7659a1c0d9c,NULL,Downloaddienst - Bodengesellschaften und Bodenarten 2020 (Umweltatlas) (WFS),https://gdi.berlin.de/services/wfs/ua_boden_1_2020?request=GetCapabilities&service=WFS,Downloaddienst - Bodengesellschaften und Bodenarten 2020 (Umweltatlas) (WFS),2026-06-22 09:51:35.527 +0300
3823,389792,https://registry.gdi-de.org/id/de.be.csw/c32f52c9-2472-3723-b052-c7659a1c0d9c,NULL,Downloaddienst - Bodengesellschaften und Bodenarten 2020 (Umweltatlas) (WFS),https://gdi.berlin.de/services/wfs/ua_boden_1_2020?request=GetCapabilities&service=WFS,Downloaddienst - Bodengesellschaften und Bodenarten 2020 (Umweltatlas) (WFS),2026-06-22 09:51:35.527 +0300
3825,390027,https://registry.gdi-de.org/id/de.be.csw/c32f52c9-2472-3723-b052-c7659a1c0d9c,NULL,Downloaddienst - Bodengesellschaften und Bodenarten 2020 (Umweltatlas) (WFS),https://gdi.berlin.de/services/wfs/ua_boden_1_2020?request=GetCapabilities&service=WFS,Downloaddienst - Bodengesellschaften und Bodenarten 2020 (Umweltatlas) (WFS),2026-06-22 09:51:35.527 +0300
3826,390028,https://registry.gdi-de.org/id/de.be.csw/c32f52c9-2472-3723-b052-c7659a1c0d9c,NULL,Downloaddienst - Bodengesellschaften und Bodenarten 2020 (Umweltatlas) (WFS),https://gdi.berlin.de/services/wfs/ua_boden_1_2020?request=GetCapabilities&service=WFS,Downloaddienst - Bodengesellschaften und Bodenarten 2020 (Umweltatlas) (WFS),2026-06-22 09:51:35.527 +0300
3880,404927,https://registry.gdi-de.org/id/de.be.csw/c32f52c9-2472-3723-b052-c7659a1c0d9c,NULL,Downloaddienst - Bodengesellschaften und Bodenarten 2020 (Umweltatlas) (WFS),https://gdi.berlin.de/services/wfs/ua_boden_1_2020?request=GetCapabilities&service=WFS,Downloaddienst - Bodengesellschaften und Bodenarten 2020 (Umweltatlas) (WFS),2026-06-22 09:51:35.527 +0300
3882,405232,https://registry.gdi-de.org/id/de.be.csw/c32f52c9-2472-3723-b052-c7659a1c0d9c,NULL,Downloaddienst - Bodengesellschaften und Bodenarten 2020 (Umweltatlas) (WFS),https://gdi.berlin.de/services/wfs/ua_boden_1_2020?request=GetCapabilities&service=WFS,Downloaddienst - Bodengesellschaften und Bodenarten 2020 (Umweltatlas) (WFS),2026-06-22 09:51:35.527 +0300
3883,405233,https://registry.gdi-de.org/id/de.be.csw/c32f52c9-2472-3723-b052-c7659a1c0d9c,NULL,Downloaddienst - Bodengesellschaften und Bodenarten 2020 (Umweltatlas) (WFS),https://gdi.berlin.de/services/wfs/ua_boden_1_2020?request=GetCapabilities&service=WFS,Downloaddienst - Bodengesellschaften und Bodenarten 2020 (Umweltatlas) (WFS),2026-06-22 09:51:35.527 +0300
4199,507546,https://registry.gdi-de.org/id/de.be.csw/c32f52c9-2472-3723-b052-c7659a1c0d9c,NULL,Downloaddienst - Bodengesellschaften und Bodenarten 2020 (Umweltatlas) (WFS),https://gdi.berlin.de/services/wfs/ua_boden_1_2020?request=GetCapabilities&service=WFS,Downloaddienst - Bodengesellschaften und Bodenarten 2020 (Umweltatlas) (WFS),2026-06-22 09:51:35.527 +0300
4345,519875,https://registry.gdi-de.org/id/de.be.csw/c32f52c9-2472-3723-b052-c7659a1c0d9c,NULL,Downloaddienst - Bodengesellschaften und Bodenarten 2020 (Umweltatlas) (WFS),https://gdi.berlin.de/services/wfs/ua_boden_1_2020?request=GetCapabilities&service=WFS,Downloaddienst - Bodengesellschaften und Bodenarten 2020 (Umweltatlas) (WFS),2026-06-22 09:51:35.527 +0300
2573,77833,https://registry.gdi-de.org/id/de.be.csw/c40389f2-f121-3216-88ab-342b1151cba3,NULL,Darstellungsdienst - Boden im INSPIRE-Datenmodell (Mittelmaßstäbige Landwirtschaftliche Standortkartierung MMK) (WMS),https://gdi.berlin.de/services/wms/so_mmk2004?request=GetCapabilities&service=WMS,Darstellungsdienst - Boden im INSPIRE-Datenmodell (Mittelmaßstäbige Landwirtschaftliche Standortkartierung MMK) (WMS),2026-06-22 09:51:35.527 +0300
4211,511878,https://registry.gdi-de.org/id/de.be.csw/c40389f2-f121-3216-88ab-342b1151cba3,NULL,Darstellungsdienst - Boden im INSPIRE-Datenmodell (Mittelmaßstäbige Landwirtschaftliche Standortkartierung MMK) (WMS),https://gdi.berlin.de/services/wms/so_mmk2004?request=GetCapabilities&service=WMS,Darstellungsdienst - Boden im INSPIRE-Datenmodell (Mittelmaßstäbige Landwirtschaftliche Standortkartierung MMK) (WMS),2026-06-22 09:51:35.527 +0300
4462,528689,https://registry.gdi-de.org/id/de.be.csw/c40389f2-f121-3216-88ab-342b1151cba3,NULL,Darstellungsdienst - Boden im INSPIRE-Datenmodell (Mittelmaßstäbige Landwirtschaftliche Standortkartierung MMK) (WMS),https://gdi.berlin.de/services/wms/so_mmk2004?request=GetCapabilities&service=WMS,Darstellungsdienst - Boden im INSPIRE-Datenmodell (Mittelmaßstäbige Landwirtschaftliche Standortkartierung MMK) (WMS),2026-06-22 09:51:35.527 +0300
4478,530350,https://registry.gdi-de.org/id/de.be.csw/c40389f2-f121-3216-88ab-342b1151cba3,NULL,Darstellungsdienst - Boden im INSPIRE-Datenmodell (Mittelmaßstäbige Landwirtschaftliche Standortkartierung MMK) (WMS),https://gdi.berlin.de/services/wms/so_mmk2004?request=GetCapabilities&service=WMS,Darstellungsdienst - Boden im INSPIRE-Datenmodell (Mittelmaßstäbige Landwirtschaftliche Standortkartierung MMK) (WMS),2026-06-22 09:51:35.527 +0300
4495,534204,https://registry.gdi-de.org/id/de.be.csw/c40389f2-f121-3216-88ab-342b1151cba3,NULL,Darstellungsdienst - Boden im INSPIRE-Datenmodell (Mittelmaßstäbige Landwirtschaftliche Standortkartierung MMK) (WMS),https://gdi.berlin.de/services/wms/so_mmk2004?request=GetCapabilities&service=WMS,Darstellungsdienst - Boden im INSPIRE-Datenmodell (Mittelmaßstäbige Landwirtschaftliche Standortkartierung MMK) (WMS),2026-06-22 09:51:35.527 +0300
4547,535963,https://registry.gdi-de.org/id/de.be.csw/c40389f2-f121-3216-88ab-342b1151cba3,NULL,Darstellungsdienst - Boden im INSPIRE-Datenmodell (Mittelmaßstäbige Landwirtschaftliche Standortkartierung MMK) (WMS),https://gdi.berlin.de/services/wms/so_mmk2004?request=GetCapabilities&service=WMS,Darstellungsdienst - Boden im INSPIRE-Datenmodell (Mittelmaßstäbige Landwirtschaftliche Standortkartierung MMK) (WMS),2026-06-22 09:51:35.527 +0300
1937,48027,https://registry.gdi-de.org/id/de.be.csw/d0072cf8-b210-3077-b4c3-aa5e9232f463,NULL,Downloaddienst - Mittlere effektive Kationenaustauschkapazität (KAKeff) der Böden 2020 (Umweltatlas) (WFS),https://gdi.berlin.de/services/wfs/ua_boden_kakeff_2020?request=GetCapabilities&service=WFS,Downloaddienst - Mittlere effektive Kationenaustauschkapazität (KAKeff) der Böden 2020 (Umweltatlas) (WFS),2026-06-22 09:51:35.527 +0300
2525,69768,https://registry.gdi-de.org/id/de.be.csw/d0072cf8-b210-3077-b4c3-aa5e9232f463,NULL,Downloaddienst - Mittlere effektive Kationenaustauschkapazität (KAKeff) der Böden 2020 (Umweltatlas) (WFS),https://gdi.berlin.de/services/wfs/ua_boden_kakeff_2020?request=GetCapabilities&service=WFS,Downloaddienst - Mittlere effektive Kationenaustauschkapazität (KAKeff) der Böden 2020 (Umweltatlas) (WFS),2026-06-22 09:51:35.527 +0300
2575,77890,https://registry.gdi-de.org/id/de.be.csw/d0072cf8-b210-3077-b4c3-aa5e9232f463,NULL,Downloaddienst - Mittlere effektive Kationenaustauschkapazität (KAKeff) der Böden 2020 (Umweltatlas) (WFS),https://gdi.berlin.de/services/wfs/ua_boden_kakeff_2020?request=GetCapabilities&service=WFS,Downloaddienst - Mittlere effektive Kationenaustauschkapazität (KAKeff) der Böden 2020 (Umweltatlas) (WFS),2026-06-22 09:51:35.527 +0300
2623,114845,https://registry.gdi-de.org/id/de.be.csw/d0072cf8-b210-3077-b4c3-aa5e9232f463,NULL,Downloaddienst - Mittlere effektive Kationenaustauschkapazität (KAKeff) der Böden 2020 (Umweltatlas) (WFS),https://gdi.berlin.de/services/wfs/ua_boden_kakeff_2020?request=GetCapabilities&service=WFS,Downloaddienst - Mittlere effektive Kationenaustauschkapazität (KAKeff) der Böden 2020 (Umweltatlas) (WFS),2026-06-22 09:51:35.527 +0300
2627,122368,https://registry.gdi-de.org/id/de.be.csw/d0072cf8-b210-3077-b4c3-aa5e9232f463,NULL,Downloaddienst - Mittlere effektive Kationenaustauschkapazität (KAKeff) der Böden 2020 (Umweltatlas) (WFS),https://gdi.berlin.de/services/wfs/ua_boden_kakeff_2020?request=GetCapabilities&service=WFS,Downloaddienst - Mittlere effektive Kationenaustauschkapazität (KAKeff) der Böden 2020 (Umweltatlas) (WFS),2026-06-22 09:51:35.527 +0300
2685,135358,https://registry.gdi-de.org/id/de.be.csw/d0072cf8-b210-3077-b4c3-aa5e9232f463,NULL,Downloaddienst - Mittlere effektive Kationenaustauschkapazität (KAKeff) der Böden 2020 (Umweltatlas) (WFS),https://gdi.berlin.de/services/wfs/ua_boden_kakeff_2020?request=GetCapabilities&service=WFS,Downloaddienst - Mittlere effektive Kationenaustauschkapazität (KAKeff) der Böden 2020 (Umweltatlas) (WFS),2026-06-22 09:51:35.527 +0300
2687,136887,https://registry.gdi-de.org/id/de.be.csw/d0072cf8-b210-3077-b4c3-aa5e9232f463,NULL,Downloaddienst - Mittlere effektive Kationenaustauschkapazität (KAKeff) der Böden 2020 (Umweltatlas) (WFS),https://gdi.berlin.de/services/wfs/ua_boden_kakeff_2020?request=GetCapabilities&service=WFS,Downloaddienst - Mittlere effektive Kationenaustauschkapazität (KAKeff) der Böden 2020 (Umweltatlas) (WFS),2026-06-22 09:51:35.527 +0300
2789,158616,https://registry.gdi-de.org/id/de.be.csw/d0072cf8-b210-3077-b4c3-aa5e9232f463,NULL,Downloaddienst - Mittlere effektive Kationenaustauschkapazität (KAKeff) der Böden 2020 (Umweltatlas) (WFS),https://gdi.berlin.de/services/wfs/ua_boden_kakeff_2020?request=GetCapabilities&service=WFS,Downloaddienst - Mittlere effektive Kationenaustauschkapazität (KAKeff) der Böden 2020 (Umweltatlas) (WFS),2026-06-22 09:51:35.527 +0300
2797,160685,https://registry.gdi-de.org/id/de.be.csw/d0072cf8-b210-3077-b4c3-aa5e9232f463,NULL,Downloaddienst - Mittlere effektive Kationenaustauschkapazität (KAKeff) der Böden 2020 (Umweltatlas) (WFS),https://gdi.berlin.de/services/wfs/ua_boden_kakeff_2020?request=GetCapabilities&service=WFS,Downloaddienst - Mittlere effektive Kationenaustauschkapazität (KAKeff) der Böden 2020 (Umweltatlas) (WFS),2026-06-22 09:51:35.527 +0300
2842,166752,https://registry.gdi-de.org/id/de.be.csw/d0072cf8-b210-3077-b4c3-aa5e9232f463,NULL,Downloaddienst - Mittlere effektive Kationenaustauschkapazität (KAKeff) der Böden 2020 (Umweltatlas) (WFS),https://gdi.berlin.de/services/wfs/ua_boden_kakeff_2020?request=GetCapabilities&service=WFS,Downloaddienst - Mittlere effektive Kationenaustauschkapazität (KAKeff) der Böden 2020 (Umweltatlas) (WFS),2026-06-22 09:51:35.527 +0300
2843,168322,https://registry.gdi-de.org/id/de.be.csw/d0072cf8-b210-3077-b4c3-aa5e9232f463,NULL,Downloaddienst - Mittlere effektive Kationenaustauschkapazität (KAKeff) der Böden 2020 (Umweltatlas) (WFS),https://gdi.berlin.de/services/wfs/ua_boden_kakeff_2020?request=GetCapabilities&service=WFS,Downloaddienst - Mittlere effektive Kationenaustauschkapazität (KAKeff) der Böden 2020 (Umweltatlas) (WFS),2026-06-22 09:51:35.527 +0300
2889,178188,https://registry.gdi-de.org/id/de.be.csw/d0072cf8-b210-3077-b4c3-aa5e9232f463,NULL,Downloaddienst - Mittlere effektive Kationenaustauschkapazität (KAKeff) der Böden 2020 (Umweltatlas) (WFS),https://gdi.berlin.de/services/wfs/ua_boden_kakeff_2020?request=GetCapabilities&service=WFS,Downloaddienst - Mittlere effektive Kationenaustauschkapazität (KAKeff) der Böden 2020 (Umweltatlas) (WFS),2026-06-22 09:51:35.527 +0300
2891,180970,https://registry.gdi-de.org/id/de.be.csw/d0072cf8-b210-3077-b4c3-aa5e9232f463,NULL,Downloaddienst - Mittlere effektive Kationenaustauschkapazität (KAKeff) der Böden 2020 (Umweltatlas) (WFS),https://gdi.berlin.de/services/wfs/ua_boden_kakeff_2020?request=GetCapabilities&service=WFS,Downloaddienst - Mittlere effektive Kationenaustauschkapazität (KAKeff) der Böden 2020 (Umweltatlas) (WFS),2026-06-22 09:51:35.527 +0300
2951,193226,https://registry.gdi-de.org/id/de.be.csw/d0072cf8-b210-3077-b4c3-aa5e9232f463,NULL,Downloaddienst - Mittlere effektive Kationenaustauschkapazität (KAKeff) der Böden 2020 (Umweltatlas) (WFS),https://gdi.berlin.de/services/wfs/ua_boden_kakeff_2020?request=GetCapabilities&service=WFS,Downloaddienst - Mittlere effektive Kationenaustauschkapazität (KAKeff) der Böden 2020 (Umweltatlas) (WFS),2026-06-22 09:51:35.527 +0300
2953,194899,https://registry.gdi-de.org/id/de.be.csw/d0072cf8-b210-3077-b4c3-aa5e9232f463,NULL,Downloaddienst - Mittlere effektive Kationenaustauschkapazität (KAKeff) der Böden 2020 (Umweltatlas) (WFS),https://gdi.berlin.de/services/wfs/ua_boden_kakeff_2020?request=GetCapabilities&service=WFS,Downloaddienst - Mittlere effektive Kationenaustauschkapazität (KAKeff) der Böden 2020 (Umweltatlas) (WFS),2026-06-22 09:51:35.527 +0300
2973,195373,https://registry.gdi-de.org/id/de.be.csw/d0072cf8-b210-3077-b4c3-aa5e9232f463,NULL,Downloaddienst - Mittlere effektive Kationenaustauschkapazität (KAKeff) der Böden 2020 (Umweltatlas) (WFS),https://gdi.berlin.de/services/wfs/ua_boden_kakeff_2020?request=GetCapabilities&service=WFS,Downloaddienst - Mittlere effektive Kationenaustauschkapazität (KAKeff) der Böden 2020 (Umweltatlas) (WFS),2026-06-22 09:51:35.527 +0300
2982,197096,https://registry.gdi-de.org/id/de.be.csw/d0072cf8-b210-3077-b4c3-aa5e9232f463,NULL,Downloaddienst - Mittlere effektive Kationenaustauschkapazität (KAKeff) der Böden 2020 (Umweltatlas) (WFS),https://gdi.berlin.de/services/wfs/ua_boden_kakeff_2020?request=GetCapabilities&service=WFS,Downloaddienst - Mittlere effektive Kationenaustauschkapazität (KAKeff) der Böden 2020 (Umweltatlas) (WFS),2026-06-22 09:51:35.527 +0300
3027,208588,https://registry.gdi-de.org/id/de.be.csw/d0072cf8-b210-3077-b4c3-aa5e9232f463,NULL,Downloaddienst - Mittlere effektive Kationenaustauschkapazität (KAKeff) der Böden 2020 (Umweltatlas) (WFS),https://gdi.berlin.de/services/wfs/ua_boden_kakeff_2020?request=GetCapabilities&service=WFS,Downloaddienst - Mittlere effektive Kationenaustauschkapazität (KAKeff) der Böden 2020 (Umweltatlas) (WFS),2026-06-22 09:51:35.527 +0300
3029,210254,https://registry.gdi-de.org/id/de.be.csw/d0072cf8-b210-3077-b4c3-aa5e9232f463,NULL,Downloaddienst - Mittlere effektive Kationenaustauschkapazität (KAKeff) der Böden 2020 (Umweltatlas) (WFS),https://gdi.berlin.de/services/wfs/ua_boden_kakeff_2020?request=GetCapabilities&service=WFS,Downloaddienst - Mittlere effektive Kationenaustauschkapazität (KAKeff) der Böden 2020 (Umweltatlas) (WFS),2026-06-22 09:51:35.527 +0300
3058,212931,https://registry.gdi-de.org/id/de.be.csw/d0072cf8-b210-3077-b4c3-aa5e9232f463,NULL,Downloaddienst - Mittlere effektive Kationenaustauschkapazität (KAKeff) der Böden 2020 (Umweltatlas) (WFS),https://gdi.berlin.de/services/wfs/ua_boden_kakeff_2020?request=GetCapabilities&service=WFS,Downloaddienst - Mittlere effektive Kationenaustauschkapazität (KAKeff) der Böden 2020 (Umweltatlas) (WFS),2026-06-22 09:51:35.527 +0300
3059,214473,https://registry.gdi-de.org/id/de.be.csw/d0072cf8-b210-3077-b4c3-aa5e9232f463,NULL,Downloaddienst - Mittlere effektive Kationenaustauschkapazität (KAKeff) der Böden 2020 (Umweltatlas) (WFS),https://gdi.berlin.de/services/wfs/ua_boden_kakeff_2020?request=GetCapabilities&service=WFS,Downloaddienst - Mittlere effektive Kationenaustauschkapazität (KAKeff) der Böden 2020 (Umweltatlas) (WFS),2026-06-22 09:51:35.527 +0300
3118,227337,https://registry.gdi-de.org/id/de.be.csw/d0072cf8-b210-3077-b4c3-aa5e9232f463,NULL,Downloaddienst - Mittlere effektive Kationenaustauschkapazität (KAKeff) der Böden 2020 (Umweltatlas) (WFS),https://gdi.berlin.de/services/wfs/ua_boden_kakeff_2020?request=GetCapabilities&service=WFS,Downloaddienst - Mittlere effektive Kationenaustauschkapazität (KAKeff) der Böden 2020 (Umweltatlas) (WFS),2026-06-22 09:51:35.527 +0300
3120,229003,https://registry.gdi-de.org/id/de.be.csw/d0072cf8-b210-3077-b4c3-aa5e9232f463,NULL,Downloaddienst - Mittlere effektive Kationenaustauschkapazität (KAKeff) der Böden 2020 (Umweltatlas) (WFS),https://gdi.berlin.de/services/wfs/ua_boden_kakeff_2020?request=GetCapabilities&service=WFS,Downloaddienst - Mittlere effektive Kationenaustauschkapazität (KAKeff) der Böden 2020 (Umweltatlas) (WFS),2026-06-22 09:51:35.527 +0300
3185,241456,https://registry.gdi-de.org/id/de.be.csw/d0072cf8-b210-3077-b4c3-aa5e9232f463,NULL,Downloaddienst - Mittlere effektive Kationenaustauschkapazität (KAKeff) der Böden 2020 (Umweltatlas) (WFS),https://gdi.berlin.de/services/wfs/ua_boden_kakeff_2020?request=GetCapabilities&service=WFS,Downloaddienst - Mittlere effektive Kationenaustauschkapazität (KAKeff) der Böden 2020 (Umweltatlas) (WFS),2026-06-22 09:51:35.527 +0300
3187,243206,https://registry.gdi-de.org/id/de.be.csw/d0072cf8-b210-3077-b4c3-aa5e9232f463,NULL,Downloaddienst - Mittlere effektive Kationenaustauschkapazität (KAKeff) der Böden 2020 (Umweltatlas) (WFS),https://gdi.berlin.de/services/wfs/ua_boden_kakeff_2020?request=GetCapabilities&service=WFS,Downloaddienst - Mittlere effektive Kationenaustauschkapazität (KAKeff) der Böden 2020 (Umweltatlas) (WFS),2026-06-22 09:51:35.527 +0300
3227,247187,https://registry.gdi-de.org/id/de.be.csw/d0072cf8-b210-3077-b4c3-aa5e9232f463,NULL,Downloaddienst - Mittlere effektive Kationenaustauschkapazität (KAKeff) der Böden 2020 (Umweltatlas) (WFS),https://gdi.berlin.de/services/wfs/ua_boden_kakeff_2020?request=GetCapabilities&service=WFS,Downloaddienst - Mittlere effektive Kationenaustauschkapazität (KAKeff) der Böden 2020 (Umweltatlas) (WFS),2026-06-22 09:51:35.527 +0300
3228,248929,https://registry.gdi-de.org/id/de.be.csw/d0072cf8-b210-3077-b4c3-aa5e9232f463,NULL,Downloaddienst - Mittlere effektive Kationenaustauschkapazität (KAKeff) der Böden 2020 (Umweltatlas) (WFS),https://gdi.berlin.de/services/wfs/ua_boden_kakeff_2020?request=GetCapabilities&service=WFS,Downloaddienst - Mittlere effektive Kationenaustauschkapazität (KAKeff) der Böden 2020 (Umweltatlas) (WFS),2026-06-22 09:51:35.527 +0300
3288,263667,https://registry.gdi-de.org/id/de.be.csw/d0072cf8-b210-3077-b4c3-aa5e9232f463,NULL,Downloaddienst - Mittlere effektive Kationenaustauschkapazität (KAKeff) der Böden 2020 (Umweltatlas) (WFS),https://gdi.berlin.de/services/wfs/ua_boden_kakeff_2020?request=GetCapabilities&service=WFS,Downloaddienst - Mittlere effektive Kationenaustauschkapazität (KAKeff) der Böden 2020 (Umweltatlas) (WFS),2026-06-22 09:51:35.527 +0300
3289,266254,https://registry.gdi-de.org/id/de.be.csw/d0072cf8-b210-3077-b4c3-aa5e9232f463,NULL,Downloaddienst - Mittlere effektive Kationenaustauschkapazität (KAKeff) der Böden 2020 (Umweltatlas) (WFS),https://gdi.berlin.de/services/wfs/ua_boden_kakeff_2020?request=GetCapabilities&service=WFS,Downloaddienst - Mittlere effektive Kationenaustauschkapazität (KAKeff) der Böden 2020 (Umweltatlas) (WFS),2026-06-22 09:51:35.527 +0300
3347,278904,https://registry.gdi-de.org/id/de.be.csw/d0072cf8-b210-3077-b4c3-aa5e9232f463,NULL,Downloaddienst - Mittlere effektive Kationenaustauschkapazität (KAKeff) der Böden 2020 (Umweltatlas) (WFS),https://gdi.berlin.de/services/wfs/ua_boden_kakeff_2020?request=GetCapabilities&service=WFS,Downloaddienst - Mittlere effektive Kationenaustauschkapazität (KAKeff) der Böden 2020 (Umweltatlas) (WFS),2026-06-22 09:51:35.527 +0300
3354,281473,https://registry.gdi-de.org/id/de.be.csw/d0072cf8-b210-3077-b4c3-aa5e9232f463,NULL,Downloaddienst - Mittlere effektive Kationenaustauschkapazität (KAKeff) der Böden 2020 (Umweltatlas) (WFS),https://gdi.berlin.de/services/wfs/ua_boden_kakeff_2020?request=GetCapabilities&service=WFS,Downloaddienst - Mittlere effektive Kationenaustauschkapazität (KAKeff) der Böden 2020 (Umweltatlas) (WFS),2026-06-22 09:51:35.527 +0300
3414,295560,https://registry.gdi-de.org/id/de.be.csw/d0072cf8-b210-3077-b4c3-aa5e9232f463,NULL,Downloaddienst - Mittlere effektive Kationenaustauschkapazität (KAKeff) der Böden 2020 (Umweltatlas) (WFS),https://gdi.berlin.de/services/wfs/ua_boden_kakeff_2020?request=GetCapabilities&service=WFS,Downloaddienst - Mittlere effektive Kationenaustauschkapazität (KAKeff) der Böden 2020 (Umweltatlas) (WFS),2026-06-22 09:51:35.527 +0300
3424,297336,https://registry.gdi-de.org/id/de.be.csw/d0072cf8-b210-3077-b4c3-aa5e9232f463,NULL,Downloaddienst - Mittlere effektive Kationenaustauschkapazität (KAKeff) der Böden 2020 (Umweltatlas) (WFS),https://gdi.berlin.de/services/wfs/ua_boden_kakeff_2020?request=GetCapabilities&service=WFS,Downloaddienst - Mittlere effektive Kationenaustauschkapazität (KAKeff) der Böden 2020 (Umweltatlas) (WFS),2026-06-22 09:51:35.527 +0300
3485,311418,https://registry.gdi-de.org/id/de.be.csw/d0072cf8-b210-3077-b4c3-aa5e9232f463,NULL,Downloaddienst - Mittlere effektive Kationenaustauschkapazität (KAKeff) der Böden 2020 (Umweltatlas) (WFS),https://gdi.berlin.de/services/wfs/ua_boden_kakeff_2020?request=GetCapabilities&service=WFS,Downloaddienst - Mittlere effektive Kationenaustauschkapazität (KAKeff) der Böden 2020 (Umweltatlas) (WFS),2026-06-22 09:51:35.527 +0300
3487,313101,https://registry.gdi-de.org/id/de.be.csw/d0072cf8-b210-3077-b4c3-aa5e9232f463,NULL,Downloaddienst - Mittlere effektive Kationenaustauschkapazität (KAKeff) der Böden 2020 (Umweltatlas) (WFS),https://gdi.berlin.de/services/wfs/ua_boden_kakeff_2020?request=GetCapabilities&service=WFS,Downloaddienst - Mittlere effektive Kationenaustauschkapazität (KAKeff) der Böden 2020 (Umweltatlas) (WFS),2026-06-22 09:51:35.527 +0300
3556,327128,https://registry.gdi-de.org/id/de.be.csw/d0072cf8-b210-3077-b4c3-aa5e9232f463,NULL,Downloaddienst - Mittlere effektive Kationenaustauschkapazität (KAKeff) der Böden 2020 (Umweltatlas) (WFS),https://gdi.berlin.de/services/wfs/ua_boden_kakeff_2020?request=GetCapabilities&service=WFS,Downloaddienst - Mittlere effektive Kationenaustauschkapazität (KAKeff) der Böden 2020 (Umweltatlas) (WFS),2026-06-22 09:51:35.527 +0300
3564,328919,https://registry.gdi-de.org/id/de.be.csw/d0072cf8-b210-3077-b4c3-aa5e9232f463,NULL,Downloaddienst - Mittlere effektive Kationenaustauschkapazität (KAKeff) der Böden 2020 (Umweltatlas) (WFS),https://gdi.berlin.de/services/wfs/ua_boden_kakeff_2020?request=GetCapabilities&service=WFS,Downloaddienst - Mittlere effektive Kationenaustauschkapazität (KAKeff) der Böden 2020 (Umweltatlas) (WFS),2026-06-22 09:51:35.527 +0300
3628,342904,https://registry.gdi-de.org/id/de.be.csw/d0072cf8-b210-3077-b4c3-aa5e9232f463,NULL,Downloaddienst - Mittlere effektive Kationenaustauschkapazität (KAKeff) der Böden 2020 (Umweltatlas) (WFS),https://gdi.berlin.de/services/wfs/ua_boden_kakeff_2020?request=GetCapabilities&service=WFS,Downloaddienst - Mittlere effektive Kationenaustauschkapazität (KAKeff) der Böden 2020 (Umweltatlas) (WFS),2026-06-22 09:51:35.527 +0300
3636,344835,https://registry.gdi-de.org/id/de.be.csw/d0072cf8-b210-3077-b4c3-aa5e9232f463,NULL,Downloaddienst - Mittlere effektive Kationenaustauschkapazität (KAKeff) der Böden 2020 (Umweltatlas) (WFS),https://gdi.berlin.de/services/wfs/ua_boden_kakeff_2020?request=GetCapabilities&service=WFS,Downloaddienst - Mittlere effektive Kationenaustauschkapazität (KAKeff) der Böden 2020 (Umweltatlas) (WFS),2026-06-22 09:51:35.527 +0300
3721,363904,https://registry.gdi-de.org/id/de.be.csw/d0072cf8-b210-3077-b4c3-aa5e9232f463,NULL,Downloaddienst - Mittlere effektive Kationenaustauschkapazität (KAKeff) der Böden 2020 (Umweltatlas) (WFS),https://gdi.berlin.de/services/wfs/ua_boden_kakeff_2020?request=GetCapabilities&service=WFS,Downloaddienst - Mittlere effektive Kationenaustauschkapazität (KAKeff) der Böden 2020 (Umweltatlas) (WFS),2026-06-22 09:51:35.527 +0300
3725,364803,https://registry.gdi-de.org/id/de.be.csw/d0072cf8-b210-3077-b4c3-aa5e9232f463,NULL,Downloaddienst - Mittlere effektive Kationenaustauschkapazität (KAKeff) der Böden 2020 (Umweltatlas) (WFS),https://gdi.berlin.de/services/wfs/ua_boden_kakeff_2020?request=GetCapabilities&service=WFS,Downloaddienst - Mittlere effektive Kationenaustauschkapazität (KAKeff) der Böden 2020 (Umweltatlas) (WFS),2026-06-22 09:51:35.527 +0300
3774,377407,https://registry.gdi-de.org/id/de.be.csw/d0072cf8-b210-3077-b4c3-aa5e9232f463,NULL,Downloaddienst - Mittlere effektive Kationenaustauschkapazität (KAKeff) der Böden 2020 (Umweltatlas) (WFS),https://gdi.berlin.de/services/wfs/ua_boden_kakeff_2020?request=GetCapabilities&service=WFS,Downloaddienst - Mittlere effektive Kationenaustauschkapazität (KAKeff) der Böden 2020 (Umweltatlas) (WFS),2026-06-22 09:51:35.527 +0300
3778,378297,https://registry.gdi-de.org/id/de.be.csw/d0072cf8-b210-3077-b4c3-aa5e9232f463,NULL,Downloaddienst - Mittlere effektive Kationenaustauschkapazität (KAKeff) der Böden 2020 (Umweltatlas) (WFS),https://gdi.berlin.de/services/wfs/ua_boden_kakeff_2020?request=GetCapabilities&service=WFS,Downloaddienst - Mittlere effektive Kationenaustauschkapazität (KAKeff) der Böden 2020 (Umweltatlas) (WFS),2026-06-22 09:51:35.527 +0300
3827,390463,https://registry.gdi-de.org/id/de.be.csw/d0072cf8-b210-3077-b4c3-aa5e9232f463,NULL,Downloaddienst - Mittlere effektive Kationenaustauschkapazität (KAKeff) der Böden 2020 (Umweltatlas) (WFS),https://gdi.berlin.de/services/wfs/ua_boden_kakeff_2020?request=GetCapabilities&service=WFS,Downloaddienst - Mittlere effektive Kationenaustauschkapazität (KAKeff) der Böden 2020 (Umweltatlas) (WFS),2026-06-22 09:51:35.527 +0300
3831,391233,https://registry.gdi-de.org/id/de.be.csw/d0072cf8-b210-3077-b4c3-aa5e9232f463,NULL,Downloaddienst - Mittlere effektive Kationenaustauschkapazität (KAKeff) der Böden 2020 (Umweltatlas) (WFS),https://gdi.berlin.de/services/wfs/ua_boden_kakeff_2020?request=GetCapabilities&service=WFS,Downloaddienst - Mittlere effektive Kationenaustauschkapazität (KAKeff) der Böden 2020 (Umweltatlas) (WFS),2026-06-22 09:51:35.527 +0300
3910,412657,https://registry.gdi-de.org/id/de.be.csw/d0072cf8-b210-3077-b4c3-aa5e9232f463,NULL,Downloaddienst - Mittlere effektive Kationenaustauschkapazität (KAKeff) der Böden 2020 (Umweltatlas) (WFS),https://gdi.berlin.de/services/wfs/ua_boden_kakeff_2020?request=GetCapabilities&service=WFS,Downloaddienst - Mittlere effektive Kationenaustauschkapazität (KAKeff) der Böden 2020 (Umweltatlas) (WFS),2026-06-22 09:51:35.527 +0300
3929,419061,https://registry.gdi-de.org/id/de.be.csw/d0072cf8-b210-3077-b4c3-aa5e9232f463,NULL,Downloaddienst - Mittlere effektive Kationenaustauschkapazität (KAKeff) der Böden 2020 (Umweltatlas) (WFS),https://gdi.berlin.de/services/wfs/ua_boden_kakeff_2020?request=GetCapabilities&service=WFS,Downloaddienst - Mittlere effektive Kationenaustauschkapazität (KAKeff) der Böden 2020 (Umweltatlas) (WFS),2026-06-22 09:51:35.527 +0300
3930,419063,https://registry.gdi-de.org/id/de.be.csw/d0072cf8-b210-3077-b4c3-aa5e9232f463,NULL,Downloaddienst - Mittlere effektive Kationenaustauschkapazität (KAKeff) der Böden 2020 (Umweltatlas) (WFS),https://gdi.berlin.de/services/wfs/ua_boden_kakeff_2020?request=GetCapabilities&service=WFS,Downloaddienst - Mittlere effektive Kationenaustauschkapazität (KAKeff) der Böden 2020 (Umweltatlas) (WFS),2026-06-22 09:51:35.527 +0300
3931,419070,https://registry.gdi-de.org/id/de.be.csw/d0072cf8-b210-3077-b4c3-aa5e9232f463,NULL,Downloaddienst - Mittlere effektive Kationenaustauschkapazität (KAKeff) der Böden 2020 (Umweltatlas) (WFS),https://gdi.berlin.de/services/wfs/ua_boden_kakeff_2020?request=GetCapabilities&service=WFS,Downloaddienst - Mittlere effektive Kationenaustauschkapazität (KAKeff) der Böden 2020 (Umweltatlas) (WFS),2026-06-22 09:51:35.527 +0300
3932,419078,https://registry.gdi-de.org/id/de.be.csw/d0072cf8-b210-3077-b4c3-aa5e9232f463,NULL,Downloaddienst - Mittlere effektive Kationenaustauschkapazität (KAKeff) der Böden 2020 (Umweltatlas) (WFS),https://gdi.berlin.de/services/wfs/ua_boden_kakeff_2020?request=GetCapabilities&service=WFS,Downloaddienst - Mittlere effektive Kationenaustauschkapazität (KAKeff) der Böden 2020 (Umweltatlas) (WFS),2026-06-22 09:51:35.527 +0300
3950,425599,https://registry.gdi-de.org/id/de.be.csw/d0072cf8-b210-3077-b4c3-aa5e9232f463,NULL,Downloaddienst - Mittlere effektive Kationenaustauschkapazität (KAKeff) der Böden 2020 (Umweltatlas) (WFS),https://gdi.berlin.de/services/wfs/ua_boden_kakeff_2020?request=GetCapabilities&service=WFS,Downloaddienst - Mittlere effektive Kationenaustauschkapazität (KAKeff) der Böden 2020 (Umweltatlas) (WFS),2026-06-22 09:51:35.527 +0300
3963,427861,https://registry.gdi-de.org/id/de.be.csw/d0072cf8-b210-3077-b4c3-aa5e9232f463,NULL,Downloaddienst - Mittlere effektive Kationenaustauschkapazität (KAKeff) der Böden 2020 (Umweltatlas) (WFS),https://gdi.berlin.de/services/wfs/ua_boden_kakeff_2020?request=GetCapabilities&service=WFS,Downloaddienst - Mittlere effektive Kationenaustauschkapazität (KAKeff) der Böden 2020 (Umweltatlas) (WFS),2026-06-22 09:51:35.527 +0300
3997,438027,https://registry.gdi-de.org/id/de.be.csw/d0072cf8-b210-3077-b4c3-aa5e9232f463,NULL,Downloaddienst - Mittlere effektive Kationenaustauschkapazität (KAKeff) der Böden 2020 (Umweltatlas) (WFS),https://gdi.berlin.de/services/wfs/ua_boden_kakeff_2020?request=GetCapabilities&service=WFS,Downloaddienst - Mittlere effektive Kationenaustauschkapazität (KAKeff) der Böden 2020 (Umweltatlas) (WFS),2026-06-22 09:51:35.527 +0300
4011,440235,https://registry.gdi-de.org/id/de.be.csw/d0072cf8-b210-3077-b4c3-aa5e9232f463,NULL,Downloaddienst - Mittlere effektive Kationenaustauschkapazität (KAKeff) der Böden 2020 (Umweltatlas) (WFS),https://gdi.berlin.de/services/wfs/ua_boden_kakeff_2020?request=GetCapabilities&service=WFS,Downloaddienst - Mittlere effektive Kationenaustauschkapazität (KAKeff) der Böden 2020 (Umweltatlas) (WFS),2026-06-22 09:51:35.527 +0300
4044,451037,https://registry.gdi-de.org/id/de.be.csw/d0072cf8-b210-3077-b4c3-aa5e9232f463,NULL,Downloaddienst - Mittlere effektive Kationenaustauschkapazität (KAKeff) der Böden 2020 (Umweltatlas) (WFS),https://gdi.berlin.de/services/wfs/ua_boden_kakeff_2020?request=GetCapabilities&service=WFS,Downloaddienst - Mittlere effektive Kationenaustauschkapazität (KAKeff) der Böden 2020 (Umweltatlas) (WFS),2026-06-22 09:51:35.527 +0300
4059,457233,https://registry.gdi-de.org/id/de.be.csw/d0072cf8-b210-3077-b4c3-aa5e9232f463,NULL,Downloaddienst - Mittlere effektive Kationenaustauschkapazität (KAKeff) der Böden 2020 (Umweltatlas) (WFS),https://gdi.berlin.de/services/wfs/ua_boden_kakeff_2020?request=GetCapabilities&service=WFS,Downloaddienst - Mittlere effektive Kationenaustauschkapazität (KAKeff) der Böden 2020 (Umweltatlas) (WFS),2026-06-22 09:51:35.527 +0300
4060,457235,https://registry.gdi-de.org/id/de.be.csw/d0072cf8-b210-3077-b4c3-aa5e9232f463,NULL,Downloaddienst - Mittlere effektive Kationenaustauschkapazität (KAKeff) der Böden 2020 (Umweltatlas) (WFS),https://gdi.berlin.de/services/wfs/ua_boden_kakeff_2020?request=GetCapabilities&service=WFS,Downloaddienst - Mittlere effektive Kationenaustauschkapazität (KAKeff) der Böden 2020 (Umweltatlas) (WFS),2026-06-22 09:51:35.527 +0300
4076,463878,https://registry.gdi-de.org/id/de.be.csw/d0072cf8-b210-3077-b4c3-aa5e9232f463,NULL,Downloaddienst - Mittlere effektive Kationenaustauschkapazität (KAKeff) der Böden 2020 (Umweltatlas) (WFS),https://gdi.berlin.de/services/wfs/ua_boden_kakeff_2020?request=GetCapabilities&service=WFS,Downloaddienst - Mittlere effektive Kationenaustauschkapazität (KAKeff) der Böden 2020 (Umweltatlas) (WFS),2026-06-22 09:51:35.527 +0300
4093,470504,https://registry.gdi-de.org/id/de.be.csw/d0072cf8-b210-3077-b4c3-aa5e9232f463,NULL,Downloaddienst - Mittlere effektive Kationenaustauschkapazität (KAKeff) der Böden 2020 (Umweltatlas) (WFS),https://gdi.berlin.de/services/wfs/ua_boden_kakeff_2020?request=GetCapabilities&service=WFS,Downloaddienst - Mittlere effektive Kationenaustauschkapazität (KAKeff) der Böden 2020 (Umweltatlas) (WFS),2026-06-22 09:51:35.527 +0300
4094,470506,https://registry.gdi-de.org/id/de.be.csw/d0072cf8-b210-3077-b4c3-aa5e9232f463,NULL,Downloaddienst - Mittlere effektive Kationenaustauschkapazität (KAKeff) der Böden 2020 (Umweltatlas) (WFS),https://gdi.berlin.de/services/wfs/ua_boden_kakeff_2020?request=GetCapabilities&service=WFS,Downloaddienst - Mittlere effektive Kationenaustauschkapazität (KAKeff) der Böden 2020 (Umweltatlas) (WFS),2026-06-22 09:51:35.527 +0300
4138,482971,https://registry.gdi-de.org/id/de.be.csw/d0072cf8-b210-3077-b4c3-aa5e9232f463,NULL,Downloaddienst - Mittlere effektive Kationenaustauschkapazität (KAKeff) der Böden 2020 (Umweltatlas) (WFS),https://gdi.berlin.de/services/wfs/ua_boden_kakeff_2020?request=GetCapabilities&service=WFS,Downloaddienst - Mittlere effektive Kationenaustauschkapazität (KAKeff) der Böden 2020 (Umweltatlas) (WFS),2026-06-22 09:51:35.527 +0300
4155,489563,https://registry.gdi-de.org/id/de.be.csw/d0072cf8-b210-3077-b4c3-aa5e9232f463,NULL,Downloaddienst - Mittlere effektive Kationenaustauschkapazität (KAKeff) der Böden 2020 (Umweltatlas) (WFS),https://gdi.berlin.de/services/wfs/ua_boden_kakeff_2020?request=GetCapabilities&service=WFS,Downloaddienst - Mittlere effektive Kationenaustauschkapazität (KAKeff) der Böden 2020 (Umweltatlas) (WFS),2026-06-22 09:51:35.527 +0300
4156,489565,https://registry.gdi-de.org/id/de.be.csw/d0072cf8-b210-3077-b4c3-aa5e9232f463,NULL,Downloaddienst - Mittlere effektive Kationenaustauschkapazität (KAKeff) der Böden 2020 (Umweltatlas) (WFS),https://gdi.berlin.de/services/wfs/ua_boden_kakeff_2020?request=GetCapabilities&service=WFS,Downloaddienst - Mittlere effektive Kationenaustauschkapazität (KAKeff) der Böden 2020 (Umweltatlas) (WFS),2026-06-22 09:51:35.527 +0300
4174,496332,https://registry.gdi-de.org/id/de.be.csw/d0072cf8-b210-3077-b4c3-aa5e9232f463,NULL,Downloaddienst - Mittlere effektive Kationenaustauschkapazität (KAKeff) der Böden 2020 (Umweltatlas) (WFS),https://gdi.berlin.de/services/wfs/ua_boden_kakeff_2020?request=GetCapabilities&service=WFS,Downloaddienst - Mittlere effektive Kationenaustauschkapazität (KAKeff) der Böden 2020 (Umweltatlas) (WFS),2026-06-22 09:51:35.527 +0300
4188,506516,https://registry.gdi-de.org/id/de.be.csw/d0072cf8-b210-3077-b4c3-aa5e9232f463,NULL,Downloaddienst - Mittlere effektive Kationenaustauschkapazität (KAKeff) der Böden 2020 (Umweltatlas) (WFS),https://gdi.berlin.de/services/wfs/ua_boden_kakeff_2020?request=GetCapabilities&service=WFS,Downloaddienst - Mittlere effektive Kationenaustauschkapazität (KAKeff) der Böden 2020 (Umweltatlas) (WFS),2026-06-22 09:51:35.527 +0300
4189,506517,https://registry.gdi-de.org/id/de.be.csw/d0072cf8-b210-3077-b4c3-aa5e9232f463,NULL,Downloaddienst - Mittlere effektive Kationenaustauschkapazität (KAKeff) der Böden 2020 (Umweltatlas) (WFS),https://gdi.berlin.de/services/wfs/ua_boden_kakeff_2020?request=GetCapabilities&service=WFS,Downloaddienst - Mittlere effektive Kationenaustauschkapazität (KAKeff) der Böden 2020 (Umweltatlas) (WFS),2026-06-22 09:51:35.527 +0300
4237,515537,https://registry.gdi-de.org/id/de.be.csw/d0072cf8-b210-3077-b4c3-aa5e9232f463,NULL,Downloaddienst - Mittlere effektive Kationenaustauschkapazität (KAKeff) der Böden 2020 (Umweltatlas) (WFS),https://gdi.berlin.de/services/wfs/ua_boden_kakeff_2020?request=GetCapabilities&service=WFS,Downloaddienst - Mittlere effektive Kationenaustauschkapazität (KAKeff) der Böden 2020 (Umweltatlas) (WFS),2026-06-22 09:51:35.527 +0300
4340,519860,https://registry.gdi-de.org/id/de.be.csw/d0072cf8-b210-3077-b4c3-aa5e9232f463,NULL,Downloaddienst - Mittlere effektive Kationenaustauschkapazität (KAKeff) der Böden 2020 (Umweltatlas) (WFS),https://gdi.berlin.de/services/wfs/ua_boden_kakeff_2020?request=GetCapabilities&service=WFS,Downloaddienst - Mittlere effektive Kationenaustauschkapazität (KAKeff) der Böden 2020 (Umweltatlas) (WFS),2026-06-22 09:51:35.527 +0300
1773,44447,https://registry.gdi-de.org/id/de.be.csw/d2e22e7a-9615-3c52-9822-fed256616d52,NULL,Darstellungsdienst - Forstliche Standorteinheiten (WMS),https://gdi.berlin.de/services/wms/forststandort?request=GetCapabilities&service=WMS,Darstellungsdienst - Forstliche Standorteinheiten (WMS),2026-06-22 09:51:35.527 +0300
3203,245572,https://registry.gdi-de.org/id/de.be.csw/d2e22e7a-9615-3c52-9822-fed256616d52,NULL,Darstellungsdienst - Forstliche Standorteinheiten (WMS),https://gdi.berlin.de/services/wms/forststandort?request=GetCapabilities&service=WMS,Darstellungsdienst - Forstliche Standorteinheiten (WMS),2026-06-22 09:51:35.527 +0300
4229,515445,https://registry.gdi-de.org/id/de.be.csw/d2e22e7a-9615-3c52-9822-fed256616d52,NULL,Darstellungsdienst - Forstliche Standorteinheiten (WMS),https://gdi.berlin.de/services/wms/forststandort?request=GetCapabilities&service=WMS,Darstellungsdienst - Forstliche Standorteinheiten (WMS),2026-06-22 09:51:35.527 +0300
1782,44499,https://registry.gdi-de.org/id/de.be.csw/d53ce245-e556-3934-af43-46746b79ab15,NULL,Downloaddienst - Moore (Umweltatlas) (WFS),https://gdi.berlin.de/services/wfs/ua_moore?request=GetCapabilities&service=WFS,Downloaddienst - Moore (Umweltatlas) (WFS),2026-06-22 09:51:35.527 +0300
2235,56658,https://registry.gdi-de.org/id/de.be.csw/d53ce245-e556-3934-af43-46746b79ab15,NULL,Downloaddienst - Moore (Umweltatlas) (WFS),https://gdi.berlin.de/services/wfs/ua_moore?request=GetCapabilities&service=WFS,Downloaddienst - Moore (Umweltatlas) (WFS),2026-06-22 09:51:35.527 +0300
4465,529117,https://registry.gdi-de.org/id/de.be.csw/d53ce245-e556-3934-af43-46746b79ab15,NULL,Downloaddienst - Moore (Umweltatlas) (WFS),https://gdi.berlin.de/services/wfs/ua_moore?request=GetCapabilities&service=WFS,Downloaddienst - Moore (Umweltatlas) (WFS),2026-06-22 09:51:35.527 +0300
4508,534587,https://registry.gdi-de.org/id/de.be.csw/d53ce245-e556-3934-af43-46746b79ab15,NULL,Downloaddienst - Moore (Umweltatlas) (WFS),https://gdi.berlin.de/services/wfs/ua_moore?request=GetCapabilities&service=WFS,Downloaddienst - Moore (Umweltatlas) (WFS),2026-06-22 09:51:35.527 +0300
4509,534589,https://registry.gdi-de.org/id/de.be.csw/d53ce245-e556-3934-af43-46746b79ab15,NULL,Downloaddienst - Moore (Umweltatlas) (WFS),https://gdi.berlin.de/services/wfs/ua_moore?request=GetCapabilities&service=WFS,Downloaddienst - Moore (Umweltatlas) (WFS),2026-06-22 09:51:35.527 +0300
4510,534608,https://registry.gdi-de.org/id/de.be.csw/d53ce245-e556-3934-af43-46746b79ab15,NULL,Downloaddienst - Moore (Umweltatlas) (WFS),https://gdi.berlin.de/services/wfs/ua_moore?request=GetCapabilities&service=WFS,Downloaddienst - Moore (Umweltatlas) (WFS),2026-06-22 09:51:35.527 +0300
2419,68845,https://registry.gdi-de.org/id/de.be.csw/daa75af1-2360-3114-9e2c-9f87dda40535,NULL,Downloaddienst - Regionale Seltenheit der Bodengesellschaften 2020 (Umweltatlas) (WFS),https://gdi.berlin.de/services/wfs/ua_boden_seltenheit_2020?request=GetCapabilities&service=WFS,Downloaddienst - Regionale Seltenheit der Bodengesellschaften 2020 (Umweltatlas) (WFS),2026-06-22 09:51:35.527 +0300
2420,68846,https://registry.gdi-de.org/id/de.be.csw/daa75af1-2360-3114-9e2c-9f87dda40535,NULL,Downloaddienst - Regionale Seltenheit der Bodengesellschaften 2020 (Umweltatlas) (WFS),https://gdi.berlin.de/services/wfs/ua_boden_seltenheit_2020?request=GetCapabilities&service=WFS,Downloaddienst - Regionale Seltenheit der Bodengesellschaften 2020 (Umweltatlas) (WFS),2026-06-22 09:51:35.527 +0300
2421,68847,https://registry.gdi-de.org/id/de.be.csw/daa75af1-2360-3114-9e2c-9f87dda40535,NULL,Downloaddienst - Regionale Seltenheit der Bodengesellschaften 2020 (Umweltatlas) (WFS),https://gdi.berlin.de/services/wfs/ua_boden_seltenheit_2020?request=GetCapabilities&service=WFS,Downloaddienst - Regionale Seltenheit der Bodengesellschaften 2020 (Umweltatlas) (WFS),2026-06-22 09:51:35.527 +0300
2422,68848,https://registry.gdi-de.org/id/de.be.csw/daa75af1-2360-3114-9e2c-9f87dda40535,NULL,Downloaddienst - Regionale Seltenheit der Bodengesellschaften 2020 (Umweltatlas) (WFS),https://gdi.berlin.de/services/wfs/ua_boden_seltenheit_2020?request=GetCapabilities&service=WFS,Downloaddienst - Regionale Seltenheit der Bodengesellschaften 2020 (Umweltatlas) (WFS),2026-06-22 09:51:35.527 +0300
2423,68849,https://registry.gdi-de.org/id/de.be.csw/daa75af1-2360-3114-9e2c-9f87dda40535,NULL,Downloaddienst - Regionale Seltenheit der Bodengesellschaften 2020 (Umweltatlas) (WFS),https://gdi.berlin.de/services/wfs/ua_boden_seltenheit_2020?request=GetCapabilities&service=WFS,Downloaddienst - Regionale Seltenheit der Bodengesellschaften 2020 (Umweltatlas) (WFS),2026-06-22 09:51:35.527 +0300
2482,69305,https://registry.gdi-de.org/id/de.be.csw/f926ced5-762b-35a1-8ac6-c8147e1581b6,NULL,Darstellungsdienst - Wasserhaushalt 2022 - Versickerung aus Niederschlägen (Umweltatlas) (WMS),https://gdi.berlin.de/services/wms/ua_versickerung_2022?request=GetCapabilities&service=WMS,Darstellungsdienst - Wasserhaushalt 2022 - Versickerung aus Niederschlägen (Umweltatlas) (WMS),2026-06-22 09:51:35.527 +0300
2538,70182,https://registry.gdi-de.org/id/de.be.csw/f926ced5-762b-35a1-8ac6-c8147e1581b6,NULL,Darstellungsdienst - Wasserhaushalt 2022 - Versickerung aus Niederschlägen (Umweltatlas) (WMS),https://gdi.berlin.de/services/wms/ua_versickerung_2022?request=GetCapabilities&service=WMS,Darstellungsdienst - Wasserhaushalt 2022 - Versickerung aus Niederschlägen (Umweltatlas) (WMS),2026-06-22 09:51:35.527 +0300
2620,114650,https://registry.gdi-de.org/id/de.be.csw/f926ced5-762b-35a1-8ac6-c8147e1581b6,NULL,Darstellungsdienst - Wasserhaushalt 2022 - Versickerung aus Niederschlägen (Umweltatlas) (WMS),https://gdi.berlin.de/services/wms/ua_versickerung_2022?request=GetCapabilities&service=WMS,Darstellungsdienst - Wasserhaushalt 2022 - Versickerung aus Niederschlägen (Umweltatlas) (WMS),2026-06-22 09:51:35.527 +0300
2631,122395,https://registry.gdi-de.org/id/de.be.csw/f926ced5-762b-35a1-8ac6-c8147e1581b6,NULL,Darstellungsdienst - Wasserhaushalt 2022 - Versickerung aus Niederschlägen (Umweltatlas) (WMS),https://gdi.berlin.de/services/wms/ua_versickerung_2022?request=GetCapabilities&service=WMS,Darstellungsdienst - Wasserhaushalt 2022 - Versickerung aus Niederschlägen (Umweltatlas) (WMS),2026-06-22 09:51:35.527 +0300
2638,122666,https://registry.gdi-de.org/id/de.be.csw/f926ced5-762b-35a1-8ac6-c8147e1581b6,NULL,Darstellungsdienst - Wasserhaushalt 2022 - Versickerung aus Niederschlägen (Umweltatlas) (WMS),https://gdi.berlin.de/services/wms/ua_versickerung_2022?request=GetCapabilities&service=WMS,Darstellungsdienst - Wasserhaushalt 2022 - Versickerung aus Niederschlägen (Umweltatlas) (WMS),2026-06-22 09:51:35.527 +0300
2681,135260,https://registry.gdi-de.org/id/de.be.csw/f926ced5-762b-35a1-8ac6-c8147e1581b6,NULL,Darstellungsdienst - Wasserhaushalt 2022 - Versickerung aus Niederschlägen (Umweltatlas) (WMS),https://gdi.berlin.de/services/wms/ua_versickerung_2022?request=GetCapabilities&service=WMS,Darstellungsdienst - Wasserhaushalt 2022 - Versickerung aus Niederschlägen (Umweltatlas) (WMS),2026-06-22 09:51:35.527 +0300
2689,136905,https://registry.gdi-de.org/id/de.be.csw/f926ced5-762b-35a1-8ac6-c8147e1581b6,NULL,Darstellungsdienst - Wasserhaushalt 2022 - Versickerung aus Niederschlägen (Umweltatlas) (WMS),https://gdi.berlin.de/services/wms/ua_versickerung_2022?request=GetCapabilities&service=WMS,Darstellungsdienst - Wasserhaushalt 2022 - Versickerung aus Niederschlägen (Umweltatlas) (WMS),2026-06-22 09:51:35.527 +0300
2785,158535,https://registry.gdi-de.org/id/de.be.csw/f926ced5-762b-35a1-8ac6-c8147e1581b6,NULL,Darstellungsdienst - Wasserhaushalt 2022 - Versickerung aus Niederschlägen (Umweltatlas) (WMS),https://gdi.berlin.de/services/wms/ua_versickerung_2022?request=GetCapabilities&service=WMS,Darstellungsdienst - Wasserhaushalt 2022 - Versickerung aus Niederschlägen (Umweltatlas) (WMS),2026-06-22 09:51:35.527 +0300
2799,160701,https://registry.gdi-de.org/id/de.be.csw/f926ced5-762b-35a1-8ac6-c8147e1581b6,NULL,Darstellungsdienst - Wasserhaushalt 2022 - Versickerung aus Niederschlägen (Umweltatlas) (WMS),https://gdi.berlin.de/services/wms/ua_versickerung_2022?request=GetCapabilities&service=WMS,Darstellungsdienst - Wasserhaushalt 2022 - Versickerung aus Niederschlägen (Umweltatlas) (WMS),2026-06-22 09:51:35.527 +0300
2803,160872,https://registry.gdi-de.org/id/de.be.csw/f926ced5-762b-35a1-8ac6-c8147e1581b6,NULL,Darstellungsdienst - Wasserhaushalt 2022 - Versickerung aus Niederschlägen (Umweltatlas) (WMS),https://gdi.berlin.de/services/wms/ua_versickerung_2022?request=GetCapabilities&service=WMS,Darstellungsdienst - Wasserhaushalt 2022 - Versickerung aus Niederschlägen (Umweltatlas) (WMS),2026-06-22 09:51:35.527 +0300
2839,166686,https://registry.gdi-de.org/id/de.be.csw/f926ced5-762b-35a1-8ac6-c8147e1581b6,NULL,Darstellungsdienst - Wasserhaushalt 2022 - Versickerung aus Niederschlägen (Umweltatlas) (WMS),https://gdi.berlin.de/services/wms/ua_versickerung_2022?request=GetCapabilities&service=WMS,Darstellungsdienst - Wasserhaushalt 2022 - Versickerung aus Niederschlägen (Umweltatlas) (WMS),2026-06-22 09:51:35.527 +0300
2844,168344,https://registry.gdi-de.org/id/de.be.csw/f926ced5-762b-35a1-8ac6-c8147e1581b6,NULL,Darstellungsdienst - Wasserhaushalt 2022 - Versickerung aus Niederschlägen (Umweltatlas) (WMS),https://gdi.berlin.de/services/wms/ua_versickerung_2022?request=GetCapabilities&service=WMS,Darstellungsdienst - Wasserhaushalt 2022 - Versickerung aus Niederschlägen (Umweltatlas) (WMS),2026-06-22 09:51:35.527 +0300
2851,168553,https://registry.gdi-de.org/id/de.be.csw/f926ced5-762b-35a1-8ac6-c8147e1581b6,NULL,Darstellungsdienst - Wasserhaushalt 2022 - Versickerung aus Niederschlägen (Umweltatlas) (WMS),https://gdi.berlin.de/services/wms/ua_versickerung_2022?request=GetCapabilities&service=WMS,Darstellungsdienst - Wasserhaushalt 2022 - Versickerung aus Niederschlägen (Umweltatlas) (WMS),2026-06-22 09:51:35.527 +0300
2886,178116,https://registry.gdi-de.org/id/de.be.csw/f926ced5-762b-35a1-8ac6-c8147e1581b6,NULL,Darstellungsdienst - Wasserhaushalt 2022 - Versickerung aus Niederschlägen (Umweltatlas) (WMS),https://gdi.berlin.de/services/wms/ua_versickerung_2022?request=GetCapabilities&service=WMS,Darstellungsdienst - Wasserhaushalt 2022 - Versickerung aus Niederschlägen (Umweltatlas) (WMS),2026-06-22 09:51:35.527 +0300
2892,180991,https://registry.gdi-de.org/id/de.be.csw/f926ced5-762b-35a1-8ac6-c8147e1581b6,NULL,Darstellungsdienst - Wasserhaushalt 2022 - Versickerung aus Niederschlägen (Umweltatlas) (WMS),https://gdi.berlin.de/services/wms/ua_versickerung_2022?request=GetCapabilities&service=WMS,Darstellungsdienst - Wasserhaushalt 2022 - Versickerung aus Niederschlägen (Umweltatlas) (WMS),2026-06-22 09:51:35.527 +0300
2898,181184,https://registry.gdi-de.org/id/de.be.csw/f926ced5-762b-35a1-8ac6-c8147e1581b6,NULL,Darstellungsdienst - Wasserhaushalt 2022 - Versickerung aus Niederschlägen (Umweltatlas) (WMS),https://gdi.berlin.de/services/wms/ua_versickerung_2022?request=GetCapabilities&service=WMS,Darstellungsdienst - Wasserhaushalt 2022 - Versickerung aus Niederschlägen (Umweltatlas) (WMS),2026-06-22 09:51:35.527 +0300
2947,193146,https://registry.gdi-de.org/id/de.be.csw/f926ced5-762b-35a1-8ac6-c8147e1581b6,NULL,Darstellungsdienst - Wasserhaushalt 2022 - Versickerung aus Niederschlägen (Umweltatlas) (WMS),https://gdi.berlin.de/services/wms/ua_versickerung_2022?request=GetCapabilities&service=WMS,Darstellungsdienst - Wasserhaushalt 2022 - Versickerung aus Niederschlägen (Umweltatlas) (WMS),2026-06-22 09:51:35.527 +0300
2955,194917,https://registry.gdi-de.org/id/de.be.csw/f926ced5-762b-35a1-8ac6-c8147e1581b6,NULL,Darstellungsdienst - Wasserhaushalt 2022 - Versickerung aus Niederschlägen (Umweltatlas) (WMS),https://gdi.berlin.de/services/wms/ua_versickerung_2022?request=GetCapabilities&service=WMS,Darstellungsdienst - Wasserhaushalt 2022 - Versickerung aus Niederschlägen (Umweltatlas) (WMS),2026-06-22 09:51:35.527 +0300
2963,195110,https://registry.gdi-de.org/id/de.be.csw/f926ced5-762b-35a1-8ac6-c8147e1581b6,NULL,Darstellungsdienst - Wasserhaushalt 2022 - Versickerung aus Niederschlägen (Umweltatlas) (WMS),https://gdi.berlin.de/services/wms/ua_versickerung_2022?request=GetCapabilities&service=WMS,Darstellungsdienst - Wasserhaushalt 2022 - Versickerung aus Niederschlägen (Umweltatlas) (WMS),2026-06-22 09:51:35.527 +0300
2970,195315,https://registry.gdi-de.org/id/de.be.csw/f926ced5-762b-35a1-8ac6-c8147e1581b6,NULL,Darstellungsdienst - Wasserhaushalt 2022 - Versickerung aus Niederschlägen (Umweltatlas) (WMS),https://gdi.berlin.de/services/wms/ua_versickerung_2022?request=GetCapabilities&service=WMS,Darstellungsdienst - Wasserhaushalt 2022 - Versickerung aus Niederschlägen (Umweltatlas) (WMS),2026-06-22 09:51:35.527 +0300
2981,197092,https://registry.gdi-de.org/id/de.be.csw/f926ced5-762b-35a1-8ac6-c8147e1581b6,NULL,Darstellungsdienst - Wasserhaushalt 2022 - Versickerung aus Niederschlägen (Umweltatlas) (WMS),https://gdi.berlin.de/services/wms/ua_versickerung_2022?request=GetCapabilities&service=WMS,Darstellungsdienst - Wasserhaushalt 2022 - Versickerung aus Niederschlägen (Umweltatlas) (WMS),2026-06-22 09:51:35.527 +0300
3023,208508,https://registry.gdi-de.org/id/de.be.csw/f926ced5-762b-35a1-8ac6-c8147e1581b6,NULL,Darstellungsdienst - Wasserhaushalt 2022 - Versickerung aus Niederschlägen (Umweltatlas) (WMS),https://gdi.berlin.de/services/wms/ua_versickerung_2022?request=GetCapabilities&service=WMS,Darstellungsdienst - Wasserhaushalt 2022 - Versickerung aus Niederschlägen (Umweltatlas) (WMS),2026-06-22 09:51:35.527 +0300
3031,210267,https://registry.gdi-de.org/id/de.be.csw/f926ced5-762b-35a1-8ac6-c8147e1581b6,NULL,Darstellungsdienst - Wasserhaushalt 2022 - Versickerung aus Niederschlägen (Umweltatlas) (WMS),https://gdi.berlin.de/services/wms/ua_versickerung_2022?request=GetCapabilities&service=WMS,Darstellungsdienst - Wasserhaushalt 2022 - Versickerung aus Niederschlägen (Umweltatlas) (WMS),2026-06-22 09:51:35.527 +0300
3039,210475,https://registry.gdi-de.org/id/de.be.csw/f926ced5-762b-35a1-8ac6-c8147e1581b6,NULL,Darstellungsdienst - Wasserhaushalt 2022 - Versickerung aus Niederschlägen (Umweltatlas) (WMS),https://gdi.berlin.de/services/wms/ua_versickerung_2022?request=GetCapabilities&service=WMS,Darstellungsdienst - Wasserhaushalt 2022 - Versickerung aus Niederschlägen (Umweltatlas) (WMS),2026-06-22 09:51:35.527 +0300
3054,212863,https://registry.gdi-de.org/id/de.be.csw/f926ced5-762b-35a1-8ac6-c8147e1581b6,NULL,Darstellungsdienst - Wasserhaushalt 2022 - Versickerung aus Niederschlägen (Umweltatlas) (WMS),https://gdi.berlin.de/services/wms/ua_versickerung_2022?request=GetCapabilities&service=WMS,Darstellungsdienst - Wasserhaushalt 2022 - Versickerung aus Niederschlägen (Umweltatlas) (WMS),2026-06-22 09:51:35.527 +0300
3060,214500,https://registry.gdi-de.org/id/de.be.csw/f926ced5-762b-35a1-8ac6-c8147e1581b6,NULL,Darstellungsdienst - Wasserhaushalt 2022 - Versickerung aus Niederschlägen (Umweltatlas) (WMS),https://gdi.berlin.de/services/wms/ua_versickerung_2022?request=GetCapabilities&service=WMS,Darstellungsdienst - Wasserhaushalt 2022 - Versickerung aus Niederschlägen (Umweltatlas) (WMS),2026-06-22 09:51:35.527 +0300
3067,214948,https://registry.gdi-de.org/id/de.be.csw/f926ced5-762b-35a1-8ac6-c8147e1581b6,NULL,Darstellungsdienst - Wasserhaushalt 2022 - Versickerung aus Niederschlägen (Umweltatlas) (WMS),https://gdi.berlin.de/services/wms/ua_versickerung_2022?request=GetCapabilities&service=WMS,Darstellungsdienst - Wasserhaushalt 2022 - Versickerung aus Niederschlägen (Umweltatlas) (WMS),2026-06-22 09:51:35.527 +0300
3114,227257,https://registry.gdi-de.org/id/de.be.csw/f926ced5-762b-35a1-8ac6-c8147e1581b6,NULL,Darstellungsdienst - Wasserhaushalt 2022 - Versickerung aus Niederschlägen (Umweltatlas) (WMS),https://gdi.berlin.de/services/wms/ua_versickerung_2022?request=GetCapabilities&service=WMS,Darstellungsdienst - Wasserhaushalt 2022 - Versickerung aus Niederschlägen (Umweltatlas) (WMS),2026-06-22 09:51:35.527 +0300
3122,229021,https://registry.gdi-de.org/id/de.be.csw/f926ced5-762b-35a1-8ac6-c8147e1581b6,NULL,Darstellungsdienst - Wasserhaushalt 2022 - Versickerung aus Niederschlägen (Umweltatlas) (WMS),https://gdi.berlin.de/services/wms/ua_versickerung_2022?request=GetCapabilities&service=WMS,Darstellungsdienst - Wasserhaushalt 2022 - Versickerung aus Niederschlägen (Umweltatlas) (WMS),2026-06-22 09:51:35.527 +0300
3130,229212,https://registry.gdi-de.org/id/de.be.csw/f926ced5-762b-35a1-8ac6-c8147e1581b6,NULL,Darstellungsdienst - Wasserhaushalt 2022 - Versickerung aus Niederschlägen (Umweltatlas) (WMS),https://gdi.berlin.de/services/wms/ua_versickerung_2022?request=GetCapabilities&service=WMS,Darstellungsdienst - Wasserhaushalt 2022 - Versickerung aus Niederschlägen (Umweltatlas) (WMS),2026-06-22 09:51:35.527 +0300
3181,241376,https://registry.gdi-de.org/id/de.be.csw/f926ced5-762b-35a1-8ac6-c8147e1581b6,NULL,Darstellungsdienst - Wasserhaushalt 2022 - Versickerung aus Niederschlägen (Umweltatlas) (WMS),https://gdi.berlin.de/services/wms/ua_versickerung_2022?request=GetCapabilities&service=WMS,Darstellungsdienst - Wasserhaushalt 2022 - Versickerung aus Niederschlägen (Umweltatlas) (WMS),2026-06-22 09:51:35.527 +0300
3189,243404,https://registry.gdi-de.org/id/de.be.csw/f926ced5-762b-35a1-8ac6-c8147e1581b6,NULL,Darstellungsdienst - Wasserhaushalt 2022 - Versickerung aus Niederschlägen (Umweltatlas) (WMS),https://gdi.berlin.de/services/wms/ua_versickerung_2022?request=GetCapabilities&service=WMS,Darstellungsdienst - Wasserhaushalt 2022 - Versickerung aus Niederschlägen (Umweltatlas) (WMS),2026-06-22 09:51:35.527 +0300
3196,243637,https://registry.gdi-de.org/id/de.be.csw/f926ced5-762b-35a1-8ac6-c8147e1581b6,NULL,Darstellungsdienst - Wasserhaushalt 2022 - Versickerung aus Niederschlägen (Umweltatlas) (WMS),https://gdi.berlin.de/services/wms/ua_versickerung_2022?request=GetCapabilities&service=WMS,Darstellungsdienst - Wasserhaushalt 2022 - Versickerung aus Niederschlägen (Umweltatlas) (WMS),2026-06-22 09:51:35.527 +0300
3223,247108,https://registry.gdi-de.org/id/de.be.csw/f926ced5-762b-35a1-8ac6-c8147e1581b6,NULL,Darstellungsdienst - Wasserhaushalt 2022 - Versickerung aus Niederschlägen (Umweltatlas) (WMS),https://gdi.berlin.de/services/wms/ua_versickerung_2022?request=GetCapabilities&service=WMS,Darstellungsdienst - Wasserhaushalt 2022 - Versickerung aus Niederschlägen (Umweltatlas) (WMS),2026-06-22 09:51:35.527 +0300
3229,249137,https://registry.gdi-de.org/id/de.be.csw/f926ced5-762b-35a1-8ac6-c8147e1581b6,NULL,Darstellungsdienst - Wasserhaushalt 2022 - Versickerung aus Niederschlägen (Umweltatlas) (WMS),https://gdi.berlin.de/services/wms/ua_versickerung_2022?request=GetCapabilities&service=WMS,Darstellungsdienst - Wasserhaushalt 2022 - Versickerung aus Niederschlägen (Umweltatlas) (WMS),2026-06-22 09:51:35.527 +0300
3285,263595,https://registry.gdi-de.org/id/de.be.csw/f926ced5-762b-35a1-8ac6-c8147e1581b6,NULL,Darstellungsdienst - Wasserhaushalt 2022 - Versickerung aus Niederschlägen (Umweltatlas) (WMS),https://gdi.berlin.de/services/wms/ua_versickerung_2022?request=GetCapabilities&service=WMS,Darstellungsdienst - Wasserhaushalt 2022 - Versickerung aus Niederschlägen (Umweltatlas) (WMS),2026-06-22 09:51:35.527 +0300
3290,266450,https://registry.gdi-de.org/id/de.be.csw/f926ced5-762b-35a1-8ac6-c8147e1581b6,NULL,Darstellungsdienst - Wasserhaushalt 2022 - Versickerung aus Niederschlägen (Umweltatlas) (WMS),https://gdi.berlin.de/services/wms/ua_versickerung_2022?request=GetCapabilities&service=WMS,Darstellungsdienst - Wasserhaushalt 2022 - Versickerung aus Niederschlägen (Umweltatlas) (WMS),2026-06-22 09:51:35.527 +0300
3344,278832,https://registry.gdi-de.org/id/de.be.csw/f926ced5-762b-35a1-8ac6-c8147e1581b6,NULL,Darstellungsdienst - Wasserhaushalt 2022 - Versickerung aus Niederschlägen (Umweltatlas) (WMS),https://gdi.berlin.de/services/wms/ua_versickerung_2022?request=GetCapabilities&service=WMS,Darstellungsdienst - Wasserhaushalt 2022 - Versickerung aus Niederschlägen (Umweltatlas) (WMS),2026-06-22 09:51:35.527 +0300
3355,281674,https://registry.gdi-de.org/id/de.be.csw/f926ced5-762b-35a1-8ac6-c8147e1581b6,NULL,Darstellungsdienst - Wasserhaushalt 2022 - Versickerung aus Niederschlägen (Umweltatlas) (WMS),https://gdi.berlin.de/services/wms/ua_versickerung_2022?request=GetCapabilities&service=WMS,Darstellungsdienst - Wasserhaushalt 2022 - Versickerung aus Niederschlägen (Umweltatlas) (WMS),2026-06-22 09:51:35.527 +0300
3357,281886,https://registry.gdi-de.org/id/de.be.csw/f926ced5-762b-35a1-8ac6-c8147e1581b6,NULL,Darstellungsdienst - Wasserhaushalt 2022 - Versickerung aus Niederschlägen (Umweltatlas) (WMS),https://gdi.berlin.de/services/wms/ua_versickerung_2022?request=GetCapabilities&service=WMS,Darstellungsdienst - Wasserhaushalt 2022 - Versickerung aus Niederschlägen (Umweltatlas) (WMS),2026-06-22 09:51:35.527 +0300
3411,295488,https://registry.gdi-de.org/id/de.be.csw/f926ced5-762b-35a1-8ac6-c8147e1581b6,NULL,Darstellungsdienst - Wasserhaushalt 2022 - Versickerung aus Niederschlägen (Umweltatlas) (WMS),https://gdi.berlin.de/services/wms/ua_versickerung_2022?request=GetCapabilities&service=WMS,Darstellungsdienst - Wasserhaushalt 2022 - Versickerung aus Niederschlägen (Umweltatlas) (WMS),2026-06-22 09:51:35.527 +0300
3426,297531,https://registry.gdi-de.org/id/de.be.csw/f926ced5-762b-35a1-8ac6-c8147e1581b6,NULL,Darstellungsdienst - Wasserhaushalt 2022 - Versickerung aus Niederschlägen (Umweltatlas) (WMS),https://gdi.berlin.de/services/wms/ua_versickerung_2022?request=GetCapabilities&service=WMS,Darstellungsdienst - Wasserhaushalt 2022 - Versickerung aus Niederschlägen (Umweltatlas) (WMS),2026-06-22 09:51:35.527 +0300
3428,297745,https://registry.gdi-de.org/id/de.be.csw/f926ced5-762b-35a1-8ac6-c8147e1581b6,NULL,Darstellungsdienst - Wasserhaushalt 2022 - Versickerung aus Niederschlägen (Umweltatlas) (WMS),https://gdi.berlin.de/services/wms/ua_versickerung_2022?request=GetCapabilities&service=WMS,Darstellungsdienst - Wasserhaushalt 2022 - Versickerung aus Niederschlägen (Umweltatlas) (WMS),2026-06-22 09:51:35.527 +0300
3482,311346,https://registry.gdi-de.org/id/de.be.csw/f926ced5-762b-35a1-8ac6-c8147e1581b6,NULL,Darstellungsdienst - Wasserhaushalt 2022 - Versickerung aus Niederschlägen (Umweltatlas) (WMS),https://gdi.berlin.de/services/wms/ua_versickerung_2022?request=GetCapabilities&service=WMS,Darstellungsdienst - Wasserhaushalt 2022 - Versickerung aus Niederschlägen (Umweltatlas) (WMS),2026-06-22 09:51:35.527 +0300
3491,313318,https://registry.gdi-de.org/id/de.be.csw/f926ced5-762b-35a1-8ac6-c8147e1581b6,NULL,Darstellungsdienst - Wasserhaushalt 2022 - Versickerung aus Niederschlägen (Umweltatlas) (WMS),https://gdi.berlin.de/services/wms/ua_versickerung_2022?request=GetCapabilities&service=WMS,Darstellungsdienst - Wasserhaushalt 2022 - Versickerung aus Niederschlägen (Umweltatlas) (WMS),2026-06-22 09:51:35.527 +0300
3497,313562,https://registry.gdi-de.org/id/de.be.csw/f926ced5-762b-35a1-8ac6-c8147e1581b6,NULL,Darstellungsdienst - Wasserhaushalt 2022 - Versickerung aus Niederschlägen (Umweltatlas) (WMS),https://gdi.berlin.de/services/wms/ua_versickerung_2022?request=GetCapabilities&service=WMS,Darstellungsdienst - Wasserhaushalt 2022 - Versickerung aus Niederschlägen (Umweltatlas) (WMS),2026-06-22 09:51:35.527 +0300
3552,327048,https://registry.gdi-de.org/id/de.be.csw/f926ced5-762b-35a1-8ac6-c8147e1581b6,NULL,Darstellungsdienst - Wasserhaushalt 2022 - Versickerung aus Niederschlägen (Umweltatlas) (WMS),https://gdi.berlin.de/services/wms/ua_versickerung_2022?request=GetCapabilities&service=WMS,Darstellungsdienst - Wasserhaushalt 2022 - Versickerung aus Niederschlägen (Umweltatlas) (WMS),2026-06-22 09:51:35.527 +0300
3566,329116,https://registry.gdi-de.org/id/de.be.csw/f926ced5-762b-35a1-8ac6-c8147e1581b6,NULL,Darstellungsdienst - Wasserhaushalt 2022 - Versickerung aus Niederschlägen (Umweltatlas) (WMS),https://gdi.berlin.de/services/wms/ua_versickerung_2022?request=GetCapabilities&service=WMS,Darstellungsdienst - Wasserhaushalt 2022 - Versickerung aus Niederschlägen (Umweltatlas) (WMS),2026-06-22 09:51:35.527 +0300
3568,329315,https://registry.gdi-de.org/id/de.be.csw/f926ced5-762b-35a1-8ac6-c8147e1581b6,NULL,Darstellungsdienst - Wasserhaushalt 2022 - Versickerung aus Niederschlägen (Umweltatlas) (WMS),https://gdi.berlin.de/services/wms/ua_versickerung_2022?request=GetCapabilities&service=WMS,Darstellungsdienst - Wasserhaushalt 2022 - Versickerung aus Niederschlägen (Umweltatlas) (WMS),2026-06-22 09:51:35.527 +0300
3624,342824,https://registry.gdi-de.org/id/de.be.csw/f926ced5-762b-35a1-8ac6-c8147e1581b6,NULL,Darstellungsdienst - Wasserhaushalt 2022 - Versickerung aus Niederschlägen (Umweltatlas) (WMS),https://gdi.berlin.de/services/wms/ua_versickerung_2022?request=GetCapabilities&service=WMS,Darstellungsdienst - Wasserhaushalt 2022 - Versickerung aus Niederschlägen (Umweltatlas) (WMS),2026-06-22 09:51:35.527 +0300
3638,345038,https://registry.gdi-de.org/id/de.be.csw/f926ced5-762b-35a1-8ac6-c8147e1581b6,NULL,Darstellungsdienst - Wasserhaushalt 2022 - Versickerung aus Niederschlägen (Umweltatlas) (WMS),https://gdi.berlin.de/services/wms/ua_versickerung_2022?request=GetCapabilities&service=WMS,Darstellungsdienst - Wasserhaushalt 2022 - Versickerung aus Niederschlägen (Umweltatlas) (WMS),2026-06-22 09:51:35.527 +0300
3640,345233,https://registry.gdi-de.org/id/de.be.csw/f926ced5-762b-35a1-8ac6-c8147e1581b6,NULL,Darstellungsdienst - Wasserhaushalt 2022 - Versickerung aus Niederschlägen (Umweltatlas) (WMS),https://gdi.berlin.de/services/wms/ua_versickerung_2022?request=GetCapabilities&service=WMS,Darstellungsdienst - Wasserhaushalt 2022 - Versickerung aus Niederschlägen (Umweltatlas) (WMS),2026-06-22 09:51:35.527 +0300
3693,356610,https://registry.gdi-de.org/id/de.be.csw/f926ced5-762b-35a1-8ac6-c8147e1581b6,NULL,Darstellungsdienst - Wasserhaushalt 2022 - Versickerung aus Niederschlägen (Umweltatlas) (WMS),https://gdi.berlin.de/services/wms/ua_versickerung_2022?request=GetCapabilities&service=WMS,Darstellungsdienst - Wasserhaushalt 2022 - Versickerung aus Niederschlägen (Umweltatlas) (WMS),2026-06-22 09:51:35.527 +0300
3702,359410,https://registry.gdi-de.org/id/de.be.csw/f926ced5-762b-35a1-8ac6-c8147e1581b6,NULL,Darstellungsdienst - Wasserhaushalt 2022 - Versickerung aus Niederschlägen (Umweltatlas) (WMS),https://gdi.berlin.de/services/wms/ua_versickerung_2022?request=GetCapabilities&service=WMS,Darstellungsdienst - Wasserhaushalt 2022 - Versickerung aus Niederschlägen (Umweltatlas) (WMS),2026-06-22 09:51:35.527 +0300
3750,370174,https://registry.gdi-de.org/id/de.be.csw/f926ced5-762b-35a1-8ac6-c8147e1581b6,NULL,Darstellungsdienst - Wasserhaushalt 2022 - Versickerung aus Niederschlägen (Umweltatlas) (WMS),https://gdi.berlin.de/services/wms/ua_versickerung_2022?request=GetCapabilities&service=WMS,Darstellungsdienst - Wasserhaushalt 2022 - Versickerung aus Niederschlägen (Umweltatlas) (WMS),2026-06-22 09:51:35.527 +0300
3753,372751,https://registry.gdi-de.org/id/de.be.csw/f926ced5-762b-35a1-8ac6-c8147e1581b6,NULL,Darstellungsdienst - Wasserhaushalt 2022 - Versickerung aus Niederschlägen (Umweltatlas) (WMS),https://gdi.berlin.de/services/wms/ua_versickerung_2022?request=GetCapabilities&service=WMS,Darstellungsdienst - Wasserhaushalt 2022 - Versickerung aus Niederschlägen (Umweltatlas) (WMS),2026-06-22 09:51:35.527 +0300
3759,373011,https://registry.gdi-de.org/id/de.be.csw/f926ced5-762b-35a1-8ac6-c8147e1581b6,NULL,Darstellungsdienst - Wasserhaushalt 2022 - Versickerung aus Niederschlägen (Umweltatlas) (WMS),https://gdi.berlin.de/services/wms/ua_versickerung_2022?request=GetCapabilities&service=WMS,Darstellungsdienst - Wasserhaushalt 2022 - Versickerung aus Niederschlägen (Umweltatlas) (WMS),2026-06-22 09:51:35.527 +0300
3803,383406,https://registry.gdi-de.org/id/de.be.csw/f926ced5-762b-35a1-8ac6-c8147e1581b6,NULL,Darstellungsdienst - Wasserhaushalt 2022 - Versickerung aus Niederschlägen (Umweltatlas) (WMS),https://gdi.berlin.de/services/wms/ua_versickerung_2022?request=GetCapabilities&service=WMS,Darstellungsdienst - Wasserhaushalt 2022 - Versickerung aus Niederschlägen (Umweltatlas) (WMS),2026-06-22 09:51:35.527 +0300
3806,385878,https://registry.gdi-de.org/id/de.be.csw/f926ced5-762b-35a1-8ac6-c8147e1581b6,NULL,Darstellungsdienst - Wasserhaushalt 2022 - Versickerung aus Niederschlägen (Umweltatlas) (WMS),https://gdi.berlin.de/services/wms/ua_versickerung_2022?request=GetCapabilities&service=WMS,Darstellungsdienst - Wasserhaushalt 2022 - Versickerung aus Niederschlägen (Umweltatlas) (WMS),2026-06-22 09:51:35.527 +0300
3812,386137,https://registry.gdi-de.org/id/de.be.csw/f926ced5-762b-35a1-8ac6-c8147e1581b6,NULL,Darstellungsdienst - Wasserhaushalt 2022 - Versickerung aus Niederschlägen (Umweltatlas) (WMS),https://gdi.berlin.de/services/wms/ua_versickerung_2022?request=GetCapabilities&service=WMS,Darstellungsdienst - Wasserhaushalt 2022 - Versickerung aus Niederschlägen (Umweltatlas) (WMS),2026-06-22 09:51:35.527 +0300
3860,398631,https://registry.gdi-de.org/id/de.be.csw/f926ced5-762b-35a1-8ac6-c8147e1581b6,NULL,Darstellungsdienst - Wasserhaushalt 2022 - Versickerung aus Niederschlägen (Umweltatlas) (WMS),https://gdi.berlin.de/services/wms/ua_versickerung_2022?request=GetCapabilities&service=WMS,Darstellungsdienst - Wasserhaushalt 2022 - Versickerung aus Niederschlägen (Umweltatlas) (WMS),2026-06-22 09:51:35.527 +0300
3863,401036,https://registry.gdi-de.org/id/de.be.csw/f926ced5-762b-35a1-8ac6-c8147e1581b6,NULL,Darstellungsdienst - Wasserhaushalt 2022 - Versickerung aus Niederschlägen (Umweltatlas) (WMS),https://gdi.berlin.de/services/wms/ua_versickerung_2022?request=GetCapabilities&service=WMS,Darstellungsdienst - Wasserhaushalt 2022 - Versickerung aus Niederschlägen (Umweltatlas) (WMS),2026-06-22 09:51:35.527 +0300
3869,401279,https://registry.gdi-de.org/id/de.be.csw/f926ced5-762b-35a1-8ac6-c8147e1581b6,NULL,Darstellungsdienst - Wasserhaushalt 2022 - Versickerung aus Niederschlägen (Umweltatlas) (WMS),https://gdi.berlin.de/services/wms/ua_versickerung_2022?request=GetCapabilities&service=WMS,Darstellungsdienst - Wasserhaushalt 2022 - Versickerung aus Niederschlägen (Umweltatlas) (WMS),2026-06-22 09:51:35.527 +0300
3903,406635,https://registry.gdi-de.org/id/de.be.csw/f926ced5-762b-35a1-8ac6-c8147e1581b6,NULL,Darstellungsdienst - Wasserhaushalt 2022 - Versickerung aus Niederschlägen (Umweltatlas) (WMS),https://gdi.berlin.de/services/wms/ua_versickerung_2022?request=GetCapabilities&service=WMS,Darstellungsdienst - Wasserhaushalt 2022 - Versickerung aus Niederschlägen (Umweltatlas) (WMS),2026-06-22 09:51:35.527 +0300
3904,408751,https://registry.gdi-de.org/id/de.be.csw/f926ced5-762b-35a1-8ac6-c8147e1581b6,NULL,Darstellungsdienst - Wasserhaushalt 2022 - Versickerung aus Niederschlägen (Umweltatlas) (WMS),https://gdi.berlin.de/services/wms/ua_versickerung_2022?request=GetCapabilities&service=WMS,Darstellungsdienst - Wasserhaushalt 2022 - Versickerung aus Niederschlägen (Umweltatlas) (WMS),2026-06-22 09:51:35.527 +0300
3921,413402,https://registry.gdi-de.org/id/de.be.csw/f926ced5-762b-35a1-8ac6-c8147e1581b6,NULL,Darstellungsdienst - Wasserhaushalt 2022 - Versickerung aus Niederschlägen (Umweltatlas) (WMS),https://gdi.berlin.de/services/wms/ua_versickerung_2022?request=GetCapabilities&service=WMS,Darstellungsdienst - Wasserhaushalt 2022 - Versickerung aus Niederschlägen (Umweltatlas) (WMS),2026-06-22 09:51:35.527 +0300
3923,415307,https://registry.gdi-de.org/id/de.be.csw/f926ced5-762b-35a1-8ac6-c8147e1581b6,NULL,Darstellungsdienst - Wasserhaushalt 2022 - Versickerung aus Niederschlägen (Umweltatlas) (WMS),https://gdi.berlin.de/services/wms/ua_versickerung_2022?request=GetCapabilities&service=WMS,Darstellungsdienst - Wasserhaushalt 2022 - Versickerung aus Niederschlägen (Umweltatlas) (WMS),2026-06-22 09:51:35.527 +0300
3943,419936,https://registry.gdi-de.org/id/de.be.csw/f926ced5-762b-35a1-8ac6-c8147e1581b6,NULL,Darstellungsdienst - Wasserhaushalt 2022 - Versickerung aus Niederschlägen (Umweltatlas) (WMS),https://gdi.berlin.de/services/wms/ua_versickerung_2022?request=GetCapabilities&service=WMS,Darstellungsdienst - Wasserhaushalt 2022 - Versickerung aus Niederschlägen (Umweltatlas) (WMS),2026-06-22 09:51:35.527 +0300
3944,421788,https://registry.gdi-de.org/id/de.be.csw/f926ced5-762b-35a1-8ac6-c8147e1581b6,NULL,Darstellungsdienst - Wasserhaushalt 2022 - Versickerung aus Niederschlägen (Umweltatlas) (WMS),https://gdi.berlin.de/services/wms/ua_versickerung_2022?request=GetCapabilities&service=WMS,Darstellungsdienst - Wasserhaushalt 2022 - Versickerung aus Niederschlägen (Umweltatlas) (WMS),2026-06-22 09:51:35.527 +0300
3991,431764,https://registry.gdi-de.org/id/de.be.csw/f926ced5-762b-35a1-8ac6-c8147e1581b6,NULL,Darstellungsdienst - Wasserhaushalt 2022 - Versickerung aus Niederschlägen (Umweltatlas) (WMS),https://gdi.berlin.de/services/wms/ua_versickerung_2022?request=GetCapabilities&service=WMS,Darstellungsdienst - Wasserhaushalt 2022 - Versickerung aus Niederschlägen (Umweltatlas) (WMS),2026-06-22 09:51:35.527 +0300
3992,434243,https://registry.gdi-de.org/id/de.be.csw/f926ced5-762b-35a1-8ac6-c8147e1581b6,NULL,Darstellungsdienst - Wasserhaushalt 2022 - Versickerung aus Niederschlägen (Umweltatlas) (WMS),https://gdi.berlin.de/services/wms/ua_versickerung_2022?request=GetCapabilities&service=WMS,Darstellungsdienst - Wasserhaushalt 2022 - Versickerung aus Niederschlägen (Umweltatlas) (WMS),2026-06-22 09:51:35.527 +0300
4038,444100,https://registry.gdi-de.org/id/de.be.csw/f926ced5-762b-35a1-8ac6-c8147e1581b6,NULL,Darstellungsdienst - Wasserhaushalt 2022 - Versickerung aus Niederschlägen (Umweltatlas) (WMS),https://gdi.berlin.de/services/wms/ua_versickerung_2022?request=GetCapabilities&service=WMS,Darstellungsdienst - Wasserhaushalt 2022 - Versickerung aus Niederschlägen (Umweltatlas) (WMS),2026-06-22 09:51:35.527 +0300
4039,446651,https://registry.gdi-de.org/id/de.be.csw/f926ced5-762b-35a1-8ac6-c8147e1581b6,NULL,Darstellungsdienst - Wasserhaushalt 2022 - Versickerung aus Niederschlägen (Umweltatlas) (WMS),https://gdi.berlin.de/services/wms/ua_versickerung_2022?request=GetCapabilities&service=WMS,Darstellungsdienst - Wasserhaushalt 2022 - Versickerung aus Niederschlägen (Umweltatlas) (WMS),2026-06-22 09:51:35.527 +0300
4053,451483,https://registry.gdi-de.org/id/de.be.csw/f926ced5-762b-35a1-8ac6-c8147e1581b6,NULL,Darstellungsdienst - Wasserhaushalt 2022 - Versickerung aus Niederschlägen (Umweltatlas) (WMS),https://gdi.berlin.de/services/wms/ua_versickerung_2022?request=GetCapabilities&service=WMS,Darstellungsdienst - Wasserhaushalt 2022 - Versickerung aus Niederschlägen (Umweltatlas) (WMS),2026-06-22 09:51:35.527 +0300
4054,453439,https://registry.gdi-de.org/id/de.be.csw/f926ced5-762b-35a1-8ac6-c8147e1581b6,NULL,Darstellungsdienst - Wasserhaushalt 2022 - Versickerung aus Niederschlägen (Umweltatlas) (WMS),https://gdi.berlin.de/services/wms/ua_versickerung_2022?request=GetCapabilities&service=WMS,Darstellungsdienst - Wasserhaushalt 2022 - Versickerung aus Niederschlägen (Umweltatlas) (WMS),2026-06-22 09:51:35.527 +0300
4069,458063,https://registry.gdi-de.org/id/de.be.csw/f926ced5-762b-35a1-8ac6-c8147e1581b6,NULL,Darstellungsdienst - Wasserhaushalt 2022 - Versickerung aus Niederschlägen (Umweltatlas) (WMS),https://gdi.berlin.de/services/wms/ua_versickerung_2022?request=GetCapabilities&service=WMS,Darstellungsdienst - Wasserhaushalt 2022 - Versickerung aus Niederschlägen (Umweltatlas) (WMS),2026-06-22 09:51:35.527 +0300
4070,460011,https://registry.gdi-de.org/id/de.be.csw/f926ced5-762b-35a1-8ac6-c8147e1581b6,NULL,Darstellungsdienst - Wasserhaushalt 2022 - Versickerung aus Niederschlägen (Umweltatlas) (WMS),https://gdi.berlin.de/services/wms/ua_versickerung_2022?request=GetCapabilities&service=WMS,Darstellungsdienst - Wasserhaushalt 2022 - Versickerung aus Niederschlägen (Umweltatlas) (WMS),2026-06-22 09:51:35.527 +0300
4086,464718,https://registry.gdi-de.org/id/de.be.csw/f926ced5-762b-35a1-8ac6-c8147e1581b6,NULL,Darstellungsdienst - Wasserhaushalt 2022 - Versickerung aus Niederschlägen (Umweltatlas) (WMS),https://gdi.berlin.de/services/wms/ua_versickerung_2022?request=GetCapabilities&service=WMS,Darstellungsdienst - Wasserhaushalt 2022 - Versickerung aus Niederschlägen (Umweltatlas) (WMS),2026-06-22 09:51:35.527 +0300
4087,466668,https://registry.gdi-de.org/id/de.be.csw/f926ced5-762b-35a1-8ac6-c8147e1581b6,NULL,Darstellungsdienst - Wasserhaushalt 2022 - Versickerung aus Niederschlägen (Umweltatlas) (WMS),https://gdi.berlin.de/services/wms/ua_versickerung_2022?request=GetCapabilities&service=WMS,Darstellungsdienst - Wasserhaushalt 2022 - Versickerung aus Niederschlägen (Umweltatlas) (WMS),2026-06-22 09:51:35.527 +0300
4132,476658,https://registry.gdi-de.org/id/de.be.csw/f926ced5-762b-35a1-8ac6-c8147e1581b6,NULL,Darstellungsdienst - Wasserhaushalt 2022 - Versickerung aus Niederschlägen (Umweltatlas) (WMS),https://gdi.berlin.de/services/wms/ua_versickerung_2022?request=GetCapabilities&service=WMS,Darstellungsdienst - Wasserhaushalt 2022 - Versickerung aus Niederschlägen (Umweltatlas) (WMS),2026-06-22 09:51:35.527 +0300
4133,479100,https://registry.gdi-de.org/id/de.be.csw/f926ced5-762b-35a1-8ac6-c8147e1581b6,NULL,Darstellungsdienst - Wasserhaushalt 2022 - Versickerung aus Niederschlägen (Umweltatlas) (WMS),https://gdi.berlin.de/services/wms/ua_versickerung_2022?request=GetCapabilities&service=WMS,Darstellungsdienst - Wasserhaushalt 2022 - Versickerung aus Niederschlägen (Umweltatlas) (WMS),2026-06-22 09:51:35.527 +0300
4148,483718,https://registry.gdi-de.org/id/de.be.csw/f926ced5-762b-35a1-8ac6-c8147e1581b6,NULL,Darstellungsdienst - Wasserhaushalt 2022 - Versickerung aus Niederschlägen (Umweltatlas) (WMS),https://gdi.berlin.de/services/wms/ua_versickerung_2022?request=GetCapabilities&service=WMS,Darstellungsdienst - Wasserhaushalt 2022 - Versickerung aus Niederschlägen (Umweltatlas) (WMS),2026-06-22 09:51:35.527 +0300
4149,485669,https://registry.gdi-de.org/id/de.be.csw/f926ced5-762b-35a1-8ac6-c8147e1581b6,NULL,Darstellungsdienst - Wasserhaushalt 2022 - Versickerung aus Niederschlägen (Umweltatlas) (WMS),https://gdi.berlin.de/services/wms/ua_versickerung_2022?request=GetCapabilities&service=WMS,Darstellungsdienst - Wasserhaushalt 2022 - Versickerung aus Niederschlägen (Umweltatlas) (WMS),2026-06-22 09:51:35.527 +0300
4165,490416,https://registry.gdi-de.org/id/de.be.csw/f926ced5-762b-35a1-8ac6-c8147e1581b6,NULL,Darstellungsdienst - Wasserhaushalt 2022 - Versickerung aus Niederschlägen (Umweltatlas) (WMS),https://gdi.berlin.de/services/wms/ua_versickerung_2022?request=GetCapabilities&service=WMS,Darstellungsdienst - Wasserhaushalt 2022 - Versickerung aus Niederschlägen (Umweltatlas) (WMS),2026-06-22 09:51:35.527 +0300
4166,492361,https://registry.gdi-de.org/id/de.be.csw/f926ced5-762b-35a1-8ac6-c8147e1581b6,NULL,Darstellungsdienst - Wasserhaushalt 2022 - Versickerung aus Niederschlägen (Umweltatlas) (WMS),https://gdi.berlin.de/services/wms/ua_versickerung_2022?request=GetCapabilities&service=WMS,Darstellungsdienst - Wasserhaushalt 2022 - Versickerung aus Niederschlägen (Umweltatlas) (WMS),2026-06-22 09:51:35.527 +0300
4195,507517,https://registry.gdi-de.org/id/de.be.csw/f926ced5-762b-35a1-8ac6-c8147e1581b6,NULL,Darstellungsdienst - Wasserhaushalt 2022 - Versickerung aus Niederschlägen (Umweltatlas) (WMS),https://gdi.berlin.de/services/wms/ua_versickerung_2022?request=GetCapabilities&service=WMS,Darstellungsdienst - Wasserhaushalt 2022 - Versickerung aus Niederschlägen (Umweltatlas) (WMS),2026-06-22 09:51:35.527 +0300
4204,511238,https://registry.gdi-de.org/id/de.be.csw/f926ced5-762b-35a1-8ac6-c8147e1581b6,NULL,Darstellungsdienst - Wasserhaushalt 2022 - Versickerung aus Niederschlägen (Umweltatlas) (WMS),https://gdi.berlin.de/services/wms/ua_versickerung_2022?request=GetCapabilities&service=WMS,Darstellungsdienst - Wasserhaushalt 2022 - Versickerung aus Niederschlägen (Umweltatlas) (WMS),2026-06-22 09:51:35.527 +0300
2058,48663,https://registry.gdi-de.org/id/de.th.csw/613EC54D-F759-4F0F-A00B-55A307F43015,NULL,OGC:WMS-http-get-map,https://www.geoproxy.geoportal-th.de/geoproxy/services/bodengeologie?SERVICE=WMS&REQUEST=GetCapabilities&VERSION=1.3.0,INSPIRE-WMS TH Bodengeologie,2026-06-22 09:51:35.527 +0300
2475,69257,https://registry.gdi-de.org/id/de.th.csw/613EC54D-F759-4F0F-A00B-55A307F43015,NULL,OGC:WMS-http-get-map,https://www.geoproxy.geoportal-th.de/geoproxy/services/bodengeologie?SERVICE=WMS&REQUEST=GetCapabilities&VERSION=1.3.0,INSPIRE-WMS TH Bodengeologie,2026-06-22 09:51:35.527 +0300
2594,96697,https://registry.gdi-de.org/id/de.th.csw/613EC54D-F759-4F0F-A00B-55A307F43015,NULL,OGC:WMS-http-get-map,https://www.geoproxy.geoportal-th.de/geoproxy/services/bodengeologie?SERVICE=WMS&REQUEST=GetCapabilities&VERSION=1.3.0,INSPIRE-WMS TH Bodengeologie,2026-06-22 09:51:35.527 +0300
2618,114636,https://registry.gdi-de.org/id/de.th.csw/613EC54D-F759-4F0F-A00B-55A307F43015,NULL,OGC:WMS-http-get-map,https://www.geoproxy.geoportal-th.de/geoproxy/services/bodengeologie?SERVICE=WMS&REQUEST=GetCapabilities&VERSION=1.3.0,INSPIRE-WMS TH Bodengeologie,2026-06-22 09:51:35.527 +0300
2634,122493,https://registry.gdi-de.org/id/de.th.csw/613EC54D-F759-4F0F-A00B-55A307F43015,NULL,OGC:WMS-http-get-map,https://www.geoproxy.geoportal-th.de/geoproxy/services/bodengeologie?SERVICE=WMS&REQUEST=GetCapabilities&VERSION=1.3.0,INSPIRE-WMS TH Bodengeologie,2026-06-22 09:51:35.527 +0300
2678,135250,https://registry.gdi-de.org/id/de.th.csw/613EC54D-F759-4F0F-A00B-55A307F43015,NULL,OGC:WMS-http-get-map,https://www.geoproxy.geoportal-th.de/geoproxy/services/bodengeologie?SERVICE=WMS&REQUEST=GetCapabilities&VERSION=1.3.0,INSPIRE-WMS TH Bodengeologie,2026-06-22 09:51:35.527 +0300
2692,136970,https://registry.gdi-de.org/id/de.th.csw/613EC54D-F759-4F0F-A00B-55A307F43015,NULL,OGC:WMS-http-get-map,https://www.geoproxy.geoportal-th.de/geoproxy/services/bodengeologie?SERVICE=WMS&REQUEST=GetCapabilities&VERSION=1.3.0,INSPIRE-WMS TH Bodengeologie,2026-06-22 09:51:35.527 +0300
2782,158525,https://registry.gdi-de.org/id/de.th.csw/613EC54D-F759-4F0F-A00B-55A307F43015,NULL,OGC:WMS-http-get-map,https://www.geoproxy.geoportal-th.de/geoproxy/services/bodengeologie?SERVICE=WMS&REQUEST=GetCapabilities&VERSION=1.3.0,INSPIRE-WMS TH Bodengeologie,2026-06-22 09:51:35.527 +0300
2790,160062,https://registry.gdi-de.org/id/de.th.csw/613EC54D-F759-4F0F-A00B-55A307F43015,NULL,OGC:WMS-http-get-map,https://www.geoproxy.geoportal-th.de/geoproxy/services/bodengeologie?SERVICE=WMS&REQUEST=GetCapabilities&VERSION=1.3.0,INSPIRE-WMS TH Bodengeologie,2026-06-22 09:51:35.527 +0300
2795,160073,https://registry.gdi-de.org/id/de.th.csw/613EC54D-F759-4F0F-A00B-55A307F43015,NULL,OGC:WMS-http-get-map,https://www.geoproxy.geoportal-th.de/geoproxy/services/bodengeologie?SERVICE=WMS&REQUEST=GetCapabilities&VERSION=1.3.0,INSPIRE-WMS TH Bodengeologie,2026-06-22 09:51:35.527 +0300
2837,166678,https://registry.gdi-de.org/id/de.th.csw/613EC54D-F759-4F0F-A00B-55A307F43015,NULL,OGC:WMS-http-get-map,https://www.geoproxy.geoportal-th.de/geoproxy/services/bodengeologie?SERVICE=WMS&REQUEST=GetCapabilities&VERSION=1.3.0,INSPIRE-WMS TH Bodengeologie,2026-06-22 09:51:35.527 +0300
2847,168418,https://registry.gdi-de.org/id/de.th.csw/613EC54D-F759-4F0F-A00B-55A307F43015,NULL,OGC:WMS-http-get-map,https://www.geoproxy.geoportal-th.de/geoproxy/services/bodengeologie?SERVICE=WMS&REQUEST=GetCapabilities&VERSION=1.3.0,INSPIRE-WMS TH Bodengeologie,2026-06-22 09:51:35.527 +0300
2884,178108,https://registry.gdi-de.org/id/de.th.csw/613EC54D-F759-4F0F-A00B-55A307F43015,NULL,OGC:WMS-http-get-map,https://www.geoproxy.geoportal-th.de/geoproxy/services/bodengeologie?SERVICE=WMS&REQUEST=GetCapabilities&VERSION=1.3.0,INSPIRE-WMS TH Bodengeologie,2026-06-22 09:51:35.527 +0300
2895,181055,https://registry.gdi-de.org/id/de.th.csw/613EC54D-F759-4F0F-A00B-55A307F43015,NULL,OGC:WMS-http-get-map,https://www.geoproxy.geoportal-th.de/geoproxy/services/bodengeologie?SERVICE=WMS&REQUEST=GetCapabilities&VERSION=1.3.0,INSPIRE-WMS TH Bodengeologie,2026-06-22 09:51:35.527 +0300
2944,193136,https://registry.gdi-de.org/id/de.th.csw/613EC54D-F759-4F0F-A00B-55A307F43015,NULL,OGC:WMS-http-get-map,https://www.geoproxy.geoportal-th.de/geoproxy/services/bodengeologie?SERVICE=WMS&REQUEST=GetCapabilities&VERSION=1.3.0,INSPIRE-WMS TH Bodengeologie,2026-06-22 09:51:35.527 +0300
2958,194994,https://registry.gdi-de.org/id/de.th.csw/613EC54D-F759-4F0F-A00B-55A307F43015,NULL,OGC:WMS-http-get-map,https://www.geoproxy.geoportal-th.de/geoproxy/services/bodengeologie?SERVICE=WMS&REQUEST=GetCapabilities&VERSION=1.3.0,INSPIRE-WMS TH Bodengeologie,2026-06-22 09:51:35.527 +0300
2968,195306,https://registry.gdi-de.org/id/de.th.csw/613EC54D-F759-4F0F-A00B-55A307F43015,NULL,OGC:WMS-http-get-map,https://www.geoproxy.geoportal-th.de/geoproxy/services/bodengeologie?SERVICE=WMS&REQUEST=GetCapabilities&VERSION=1.3.0,INSPIRE-WMS TH Bodengeologie,2026-06-22 09:51:35.527 +0300
2995,200059,https://registry.gdi-de.org/id/de.th.csw/613EC54D-F759-4F0F-A00B-55A307F43015,NULL,OGC:WMS-http-get-map,https://www.geoproxy.geoportal-th.de/geoproxy/services/bodengeologie?SERVICE=WMS&REQUEST=GetCapabilities&VERSION=1.3.0,INSPIRE-WMS TH Bodengeologie,2026-06-22 09:51:35.527 +0300
3000,200302,https://registry.gdi-de.org/id/de.th.csw/613EC54D-F759-4F0F-A00B-55A307F43015,NULL,OGC:WMS-http-get-map,https://www.geoproxy.geoportal-th.de/geoproxy/services/bodengeologie?SERVICE=WMS&REQUEST=GetCapabilities&VERSION=1.3.0,INSPIRE-WMS TH Bodengeologie,2026-06-22 09:51:35.527 +0300
3020,208498,https://registry.gdi-de.org/id/de.th.csw/613EC54D-F759-4F0F-A00B-55A307F43015,NULL,OGC:WMS-http-get-map,https://www.geoproxy.geoportal-th.de/geoproxy/services/bodengeologie?SERVICE=WMS&REQUEST=GetCapabilities&VERSION=1.3.0,INSPIRE-WMS TH Bodengeologie,2026-06-22 09:51:35.527 +0300
3034,210343,https://registry.gdi-de.org/id/de.th.csw/613EC54D-F759-4F0F-A00B-55A307F43015,NULL,OGC:WMS-http-get-map,https://www.geoproxy.geoportal-th.de/geoproxy/services/bodengeologie?SERVICE=WMS&REQUEST=GetCapabilities&VERSION=1.3.0,INSPIRE-WMS TH Bodengeologie,2026-06-22 09:51:35.527 +0300
3052,212855,https://registry.gdi-de.org/id/de.th.csw/613EC54D-F759-4F0F-A00B-55A307F43015,NULL,OGC:WMS-http-get-map,https://www.geoproxy.geoportal-th.de/geoproxy/services/bodengeologie?SERVICE=WMS&REQUEST=GetCapabilities&VERSION=1.3.0,INSPIRE-WMS TH Bodengeologie,2026-06-22 09:51:35.527 +0300
3063,214592,https://registry.gdi-de.org/id/de.th.csw/613EC54D-F759-4F0F-A00B-55A307F43015,NULL,OGC:WMS-http-get-map,https://www.geoproxy.geoportal-th.de/geoproxy/services/bodengeologie?SERVICE=WMS&REQUEST=GetCapabilities&VERSION=1.3.0,INSPIRE-WMS TH Bodengeologie,2026-06-22 09:51:35.527 +0300
3111,227247,https://registry.gdi-de.org/id/de.th.csw/613EC54D-F759-4F0F-A00B-55A307F43015,NULL,OGC:WMS-http-get-map,https://www.geoproxy.geoportal-th.de/geoproxy/services/bodengeologie?SERVICE=WMS&REQUEST=GetCapabilities&VERSION=1.3.0,INSPIRE-WMS TH Bodengeologie,2026-06-22 09:51:35.527 +0300
3125,229098,https://registry.gdi-de.org/id/de.th.csw/613EC54D-F759-4F0F-A00B-55A307F43015,NULL,OGC:WMS-http-get-map,https://www.geoproxy.geoportal-th.de/geoproxy/services/bodengeologie?SERVICE=WMS&REQUEST=GetCapabilities&VERSION=1.3.0,INSPIRE-WMS TH Bodengeologie,2026-06-22 09:51:35.527 +0300
3178,241366,https://registry.gdi-de.org/id/de.th.csw/613EC54D-F759-4F0F-A00B-55A307F43015,NULL,OGC:WMS-http-get-map,https://www.geoproxy.geoportal-th.de/geoproxy/services/bodengeologie?SERVICE=WMS&REQUEST=GetCapabilities&VERSION=1.3.0,INSPIRE-WMS TH Bodengeologie,2026-06-22 09:51:35.527 +0300
3192,243525,https://registry.gdi-de.org/id/de.th.csw/613EC54D-F759-4F0F-A00B-55A307F43015,NULL,OGC:WMS-http-get-map,https://www.geoproxy.geoportal-th.de/geoproxy/services/bodengeologie?SERVICE=WMS&REQUEST=GetCapabilities&VERSION=1.3.0,INSPIRE-WMS TH Bodengeologie,2026-06-22 09:51:35.527 +0300
3221,247100,https://registry.gdi-de.org/id/de.th.csw/613EC54D-F759-4F0F-A00B-55A307F43015,NULL,OGC:WMS-http-get-map,https://www.geoproxy.geoportal-th.de/geoproxy/services/bodengeologie?SERVICE=WMS&REQUEST=GetCapabilities&VERSION=1.3.0,INSPIRE-WMS TH Bodengeologie,2026-06-22 09:51:35.527 +0300
3231,249270,https://registry.gdi-de.org/id/de.th.csw/613EC54D-F759-4F0F-A00B-55A307F43015,NULL,OGC:WMS-http-get-map,https://www.geoproxy.geoportal-th.de/geoproxy/services/bodengeologie?SERVICE=WMS&REQUEST=GetCapabilities&VERSION=1.3.0,INSPIRE-WMS TH Bodengeologie,2026-06-22 09:51:35.527 +0300
3283,263587,https://registry.gdi-de.org/id/de.th.csw/613EC54D-F759-4F0F-A00B-55A307F43015,NULL,OGC:WMS-http-get-map,https://www.geoproxy.geoportal-th.de/geoproxy/services/bodengeologie?SERVICE=WMS&REQUEST=GetCapabilities&VERSION=1.3.0,INSPIRE-WMS TH Bodengeologie,2026-06-22 09:51:35.527 +0300
3292,266565,https://registry.gdi-de.org/id/de.th.csw/613EC54D-F759-4F0F-A00B-55A307F43015,NULL,OGC:WMS-http-get-map,https://www.geoproxy.geoportal-th.de/geoproxy/services/bodengeologie?SERVICE=WMS&REQUEST=GetCapabilities&VERSION=1.3.0,INSPIRE-WMS TH Bodengeologie,2026-06-22 09:51:35.527 +0300
3342,278820,https://registry.gdi-de.org/id/de.th.csw/613EC54D-F759-4F0F-A00B-55A307F43015,NULL,OGC:WMS-http-get-map,https://www.geoproxy.geoportal-th.de/geoproxy/services/bodengeologie?SERVICE=WMS&REQUEST=GetCapabilities&VERSION=1.3.0,INSPIRE-WMS TH Bodengeologie,2026-06-22 09:51:35.527 +0300
3348,280048,https://registry.gdi-de.org/id/de.th.csw/613EC54D-F759-4F0F-A00B-55A307F43015,NULL,OGC:WMS-http-get-map,https://www.geoproxy.geoportal-th.de/geoproxy/services/bodengeologie?SERVICE=WMS&REQUEST=GetCapabilities&VERSION=1.3.0,INSPIRE-WMS TH Bodengeologie,2026-06-22 09:51:35.527 +0300
3353,280060,https://registry.gdi-de.org/id/de.th.csw/613EC54D-F759-4F0F-A00B-55A307F43015,NULL,OGC:WMS-http-get-map,https://www.geoproxy.geoportal-th.de/geoproxy/services/bodengeologie?SERVICE=WMS&REQUEST=GetCapabilities&VERSION=1.3.0,INSPIRE-WMS TH Bodengeologie,2026-06-22 09:51:35.527 +0300
3409,295476,https://registry.gdi-de.org/id/de.th.csw/613EC54D-F759-4F0F-A00B-55A307F43015,NULL,OGC:WMS-http-get-map,https://www.geoproxy.geoportal-th.de/geoproxy/services/bodengeologie?SERVICE=WMS&REQUEST=GetCapabilities&VERSION=1.3.0,INSPIRE-WMS TH Bodengeologie,2026-06-22 09:51:35.527 +0300
3415,295746,https://registry.gdi-de.org/id/de.th.csw/613EC54D-F759-4F0F-A00B-55A307F43015,NULL,OGC:WMS-http-get-map,https://www.geoproxy.geoportal-th.de/geoproxy/services/bodengeologie?SERVICE=WMS&REQUEST=GetCapabilities&VERSION=1.3.0,INSPIRE-WMS TH Bodengeologie,2026-06-22 09:51:35.527 +0300
3422,295767,https://registry.gdi-de.org/id/de.th.csw/613EC54D-F759-4F0F-A00B-55A307F43015,NULL,OGC:WMS-http-get-map,https://www.geoproxy.geoportal-th.de/geoproxy/services/bodengeologie?SERVICE=WMS&REQUEST=GetCapabilities&VERSION=1.3.0,INSPIRE-WMS TH Bodengeologie,2026-06-22 09:51:35.527 +0300
3480,311334,https://registry.gdi-de.org/id/de.th.csw/613EC54D-F759-4F0F-A00B-55A307F43015,NULL,OGC:WMS-http-get-map,https://www.geoproxy.geoportal-th.de/geoproxy/services/bodengeologie?SERVICE=WMS&REQUEST=GetCapabilities&VERSION=1.3.0,INSPIRE-WMS TH Bodengeologie,2026-06-22 09:51:35.527 +0300
3493,313438,https://registry.gdi-de.org/id/de.th.csw/613EC54D-F759-4F0F-A00B-55A307F43015,NULL,OGC:WMS-http-get-map,https://www.geoproxy.geoportal-th.de/geoproxy/services/bodengeologie?SERVICE=WMS&REQUEST=GetCapabilities&VERSION=1.3.0,INSPIRE-WMS TH Bodengeologie,2026-06-22 09:51:35.527 +0300
3549,327034,https://registry.gdi-de.org/id/de.th.csw/613EC54D-F759-4F0F-A00B-55A307F43015,NULL,OGC:WMS-http-get-map,https://www.geoproxy.geoportal-th.de/geoproxy/services/bodengeologie?SERVICE=WMS&REQUEST=GetCapabilities&VERSION=1.3.0,INSPIRE-WMS TH Bodengeologie,2026-06-22 09:51:35.527 +0300
3557,327448,https://registry.gdi-de.org/id/de.th.csw/613EC54D-F759-4F0F-A00B-55A307F43015,NULL,OGC:WMS-http-get-map,https://www.geoproxy.geoportal-th.de/geoproxy/services/bodengeologie?SERVICE=WMS&REQUEST=GetCapabilities&VERSION=1.3.0,INSPIRE-WMS TH Bodengeologie,2026-06-22 09:51:35.527 +0300
3562,327460,https://registry.gdi-de.org/id/de.th.csw/613EC54D-F759-4F0F-A00B-55A307F43015,NULL,OGC:WMS-http-get-map,https://www.geoproxy.geoportal-th.de/geoproxy/services/bodengeologie?SERVICE=WMS&REQUEST=GetCapabilities&VERSION=1.3.0,INSPIRE-WMS TH Bodengeologie,2026-06-22 09:51:35.527 +0300
3621,342810,https://registry.gdi-de.org/id/de.th.csw/613EC54D-F759-4F0F-A00B-55A307F43015,NULL,OGC:WMS-http-get-map,https://www.geoproxy.geoportal-th.de/geoproxy/services/bodengeologie?SERVICE=WMS&REQUEST=GetCapabilities&VERSION=1.3.0,INSPIRE-WMS TH Bodengeologie,2026-06-22 09:51:35.527 +0300
3629,343787,https://registry.gdi-de.org/id/de.th.csw/613EC54D-F759-4F0F-A00B-55A307F43015,NULL,OGC:WMS-http-get-map,https://www.geoproxy.geoportal-th.de/geoproxy/services/bodengeologie?SERVICE=WMS&REQUEST=GetCapabilities&VERSION=1.3.0,INSPIRE-WMS TH Bodengeologie,2026-06-22 09:51:35.527 +0300
3634,343799,https://registry.gdi-de.org/id/de.th.csw/613EC54D-F759-4F0F-A00B-55A307F43015,NULL,OGC:WMS-http-get-map,https://www.geoproxy.geoportal-th.de/geoproxy/services/bodengeologie?SERVICE=WMS&REQUEST=GetCapabilities&VERSION=1.3.0,INSPIRE-WMS TH Bodengeologie,2026-06-22 09:51:35.527 +0300
3691,356602,https://registry.gdi-de.org/id/de.th.csw/613EC54D-F759-4F0F-A00B-55A307F43015,NULL,OGC:WMS-http-get-map,https://www.geoproxy.geoportal-th.de/geoproxy/services/bodengeologie?SERVICE=WMS&REQUEST=GetCapabilities&VERSION=1.3.0,INSPIRE-WMS TH Bodengeologie,2026-06-22 09:51:35.527 +0300
3696,357272,https://registry.gdi-de.org/id/de.th.csw/613EC54D-F759-4F0F-A00B-55A307F43015,NULL,OGC:WMS-http-get-map,https://www.geoproxy.geoportal-th.de/geoproxy/services/bodengeologie?SERVICE=WMS&REQUEST=GetCapabilities&VERSION=1.3.0,INSPIRE-WMS TH Bodengeologie,2026-06-22 09:51:35.527 +0300
3701,357284,https://registry.gdi-de.org/id/de.th.csw/613EC54D-F759-4F0F-A00B-55A307F43015,NULL,OGC:WMS-http-get-map,https://www.geoproxy.geoportal-th.de/geoproxy/services/bodengeologie?SERVICE=WMS&REQUEST=GetCapabilities&VERSION=1.3.0,INSPIRE-WMS TH Bodengeologie,2026-06-22 09:51:35.527 +0300
3748,370166,https://registry.gdi-de.org/id/de.th.csw/613EC54D-F759-4F0F-A00B-55A307F43015,NULL,OGC:WMS-http-get-map,https://www.geoproxy.geoportal-th.de/geoproxy/services/bodengeologie?SERVICE=WMS&REQUEST=GetCapabilities&VERSION=1.3.0,INSPIRE-WMS TH Bodengeologie,2026-06-22 09:51:35.527 +0300
3755,372876,https://registry.gdi-de.org/id/de.th.csw/613EC54D-F759-4F0F-A00B-55A307F43015,NULL,OGC:WMS-http-get-map,https://www.geoproxy.geoportal-th.de/geoproxy/services/bodengeologie?SERVICE=WMS&REQUEST=GetCapabilities&VERSION=1.3.0,INSPIRE-WMS TH Bodengeologie,2026-06-22 09:51:35.527 +0300
3801,383398,https://registry.gdi-de.org/id/de.th.csw/613EC54D-F759-4F0F-A00B-55A307F43015,NULL,OGC:WMS-http-get-map,https://www.geoproxy.geoportal-th.de/geoproxy/services/bodengeologie?SERVICE=WMS&REQUEST=GetCapabilities&VERSION=1.3.0,INSPIRE-WMS TH Bodengeologie,2026-06-22 09:51:35.527 +0300
3808,386002,https://registry.gdi-de.org/id/de.th.csw/613EC54D-F759-4F0F-A00B-55A307F43015,NULL,OGC:WMS-http-get-map,https://www.geoproxy.geoportal-th.de/geoproxy/services/bodengeologie?SERVICE=WMS&REQUEST=GetCapabilities&VERSION=1.3.0,INSPIRE-WMS TH Bodengeologie,2026-06-22 09:51:35.527 +0300
3858,398619,https://registry.gdi-de.org/id/de.th.csw/613EC54D-F759-4F0F-A00B-55A307F43015,NULL,OGC:WMS-http-get-map,https://www.geoproxy.geoportal-th.de/geoproxy/services/bodengeologie?SERVICE=WMS&REQUEST=GetCapabilities&VERSION=1.3.0,INSPIRE-WMS TH Bodengeologie,2026-06-22 09:51:35.527 +0300
3865,401142,https://registry.gdi-de.org/id/de.th.csw/613EC54D-F759-4F0F-A00B-55A307F43015,NULL,OGC:WMS-http-get-map,https://www.geoproxy.geoportal-th.de/geoproxy/services/bodengeologie?SERVICE=WMS&REQUEST=GetCapabilities&VERSION=1.3.0,INSPIRE-WMS TH Bodengeologie,2026-06-22 09:51:35.527 +0300
3897,406444,https://registry.gdi-de.org/id/de.th.csw/613EC54D-F759-4F0F-A00B-55A307F43015,NULL,OGC:WMS-http-get-map,https://www.geoproxy.geoportal-th.de/geoproxy/services/bodengeologie?SERVICE=WMS&REQUEST=GetCapabilities&VERSION=1.3.0,INSPIRE-WMS TH Bodengeologie,2026-06-22 09:51:35.527 +0300
3915,413216,https://registry.gdi-de.org/id/de.th.csw/613EC54D-F759-4F0F-A00B-55A307F43015,NULL,OGC:WMS-http-get-map,https://www.geoproxy.geoportal-th.de/geoproxy/services/bodengeologie?SERVICE=WMS&REQUEST=GetCapabilities&VERSION=1.3.0,INSPIRE-WMS TH Bodengeologie,2026-06-22 09:51:35.527 +0300
3917,413243,https://registry.gdi-de.org/id/de.th.csw/613EC54D-F759-4F0F-A00B-55A307F43015,NULL,OGC:WMS-http-get-map,https://www.geoproxy.geoportal-th.de/geoproxy/services/bodengeologie?SERVICE=WMS&REQUEST=GetCapabilities&VERSION=1.3.0,INSPIRE-WMS TH Bodengeologie,2026-06-22 09:51:35.527 +0300
3937,419647,https://registry.gdi-de.org/id/de.th.csw/613EC54D-F759-4F0F-A00B-55A307F43015,NULL,OGC:WMS-http-get-map,https://www.geoproxy.geoportal-th.de/geoproxy/services/bodengeologie?SERVICE=WMS&REQUEST=GetCapabilities&VERSION=1.3.0,INSPIRE-WMS TH Bodengeologie,2026-06-22 09:51:35.527 +0300
3939,419777,https://registry.gdi-de.org/id/de.th.csw/613EC54D-F759-4F0F-A00B-55A307F43015,NULL,OGC:WMS-http-get-map,https://www.geoproxy.geoportal-th.de/geoproxy/services/bodengeologie?SERVICE=WMS&REQUEST=GetCapabilities&VERSION=1.3.0,INSPIRE-WMS TH Bodengeologie,2026-06-22 09:51:35.527 +0300
3955,426161,https://registry.gdi-de.org/id/de.th.csw/613EC54D-F759-4F0F-A00B-55A307F43015,NULL,OGC:WMS-http-get-map,https://www.geoproxy.geoportal-th.de/geoproxy/services/bodengeologie?SERVICE=WMS&REQUEST=GetCapabilities&VERSION=1.3.0,INSPIRE-WMS TH Bodengeologie,2026-06-22 09:51:35.527 +0300
3987,431589,https://registry.gdi-de.org/id/de.th.csw/613EC54D-F759-4F0F-A00B-55A307F43015,NULL,OGC:WMS-http-get-map,https://www.geoproxy.geoportal-th.de/geoproxy/services/bodengeologie?SERVICE=WMS&REQUEST=GetCapabilities&VERSION=1.3.0,INSPIRE-WMS TH Bodengeologie,2026-06-22 09:51:35.527 +0300
4002,438586,https://registry.gdi-de.org/id/de.th.csw/613EC54D-F759-4F0F-A00B-55A307F43015,NULL,OGC:WMS-http-get-map,https://www.geoproxy.geoportal-th.de/geoproxy/services/bodengeologie?SERVICE=WMS&REQUEST=GetCapabilities&VERSION=1.3.0,INSPIRE-WMS TH Bodengeologie,2026-06-22 09:51:35.527 +0300
4034,443925,https://registry.gdi-de.org/id/de.th.csw/613EC54D-F759-4F0F-A00B-55A307F43015,NULL,OGC:WMS-http-get-map,https://www.geoproxy.geoportal-th.de/geoproxy/services/bodengeologie?SERVICE=WMS&REQUEST=GetCapabilities&VERSION=1.3.0,INSPIRE-WMS TH Bodengeologie,2026-06-22 09:51:35.527 +0300
4049,451292,https://registry.gdi-de.org/id/de.th.csw/613EC54D-F759-4F0F-A00B-55A307F43015,NULL,OGC:WMS-http-get-map,https://www.geoproxy.geoportal-th.de/geoproxy/services/bodengeologie?SERVICE=WMS&REQUEST=GetCapabilities&VERSION=1.3.0,INSPIRE-WMS TH Bodengeologie,2026-06-22 09:51:35.527 +0300
4051,451309,https://registry.gdi-de.org/id/de.th.csw/613EC54D-F759-4F0F-A00B-55A307F43015,NULL,OGC:WMS-http-get-map,https://www.geoproxy.geoportal-th.de/geoproxy/services/bodengeologie?SERVICE=WMS&REQUEST=GetCapabilities&VERSION=1.3.0,INSPIRE-WMS TH Bodengeologie,2026-06-22 09:51:35.527 +0300
4066,457878,https://registry.gdi-de.org/id/de.th.csw/613EC54D-F759-4F0F-A00B-55A307F43015,NULL,OGC:WMS-http-get-map,https://www.geoproxy.geoportal-th.de/geoproxy/services/bodengeologie?SERVICE=WMS&REQUEST=GetCapabilities&VERSION=1.3.0,INSPIRE-WMS TH Bodengeologie,2026-06-22 09:51:35.527 +0300
4081,464467,https://registry.gdi-de.org/id/de.th.csw/613EC54D-F759-4F0F-A00B-55A307F43015,NULL,OGC:WMS-http-get-map,https://www.geoproxy.geoportal-th.de/geoproxy/services/bodengeologie?SERVICE=WMS&REQUEST=GetCapabilities&VERSION=1.3.0,INSPIRE-WMS TH Bodengeologie,2026-06-22 09:51:35.527 +0300
4083,464530,https://registry.gdi-de.org/id/de.th.csw/613EC54D-F759-4F0F-A00B-55A307F43015,NULL,OGC:WMS-http-get-map,https://www.geoproxy.geoportal-th.de/geoproxy/services/bodengeologie?SERVICE=WMS&REQUEST=GetCapabilities&VERSION=1.3.0,INSPIRE-WMS TH Bodengeologie,2026-06-22 09:51:35.527 +0300
4099,471108,https://registry.gdi-de.org/id/de.th.csw/613EC54D-F759-4F0F-A00B-55A307F43015,NULL,OGC:WMS-http-get-map,https://www.geoproxy.geoportal-th.de/geoproxy/services/bodengeologie?SERVICE=WMS&REQUEST=GetCapabilities&VERSION=1.3.0,INSPIRE-WMS TH Bodengeologie,2026-06-22 09:51:35.527 +0300
4129,476458,https://registry.gdi-de.org/id/de.th.csw/613EC54D-F759-4F0F-A00B-55A307F43015,NULL,OGC:WMS-http-get-map,https://www.geoproxy.geoportal-th.de/geoproxy/services/bodengeologie?SERVICE=WMS&REQUEST=GetCapabilities&VERSION=1.3.0,INSPIRE-WMS TH Bodengeologie,2026-06-22 09:51:35.527 +0300
4144,483526,https://registry.gdi-de.org/id/de.th.csw/613EC54D-F759-4F0F-A00B-55A307F43015,NULL,OGC:WMS-http-get-map,https://www.geoproxy.geoportal-th.de/geoproxy/services/bodengeologie?SERVICE=WMS&REQUEST=GetCapabilities&VERSION=1.3.0,INSPIRE-WMS TH Bodengeologie,2026-06-22 09:51:35.527 +0300
4146,483547,https://registry.gdi-de.org/id/de.th.csw/613EC54D-F759-4F0F-A00B-55A307F43015,NULL,OGC:WMS-http-get-map,https://www.geoproxy.geoportal-th.de/geoproxy/services/bodengeologie?SERVICE=WMS&REQUEST=GetCapabilities&VERSION=1.3.0,INSPIRE-WMS TH Bodengeologie,2026-06-22 09:51:35.527 +0300
4162,490231,https://registry.gdi-de.org/id/de.th.csw/613EC54D-F759-4F0F-A00B-55A307F43015,NULL,OGC:WMS-http-get-map,https://www.geoproxy.geoportal-th.de/geoproxy/services/bodengeologie?SERVICE=WMS&REQUEST=GetCapabilities&VERSION=1.3.0,INSPIRE-WMS TH Bodengeologie,2026-06-22 09:51:35.527 +0300
4172,496283,https://registry.gdi-de.org/id/de.th.csw/613EC54D-F759-4F0F-A00B-55A307F43015,NULL,OGC:WMS-http-get-map,https://www.geoproxy.geoportal-th.de/geoproxy/services/bodengeologie?SERVICE=WMS&REQUEST=GetCapabilities&VERSION=1.3.0,INSPIRE-WMS TH Bodengeologie,2026-06-22 09:51:35.527 +0300
4202,507668,https://registry.gdi-de.org/id/de.th.csw/613EC54D-F759-4F0F-A00B-55A307F43015,NULL,OGC:WMS-http-get-map,https://www.geoproxy.geoportal-th.de/geoproxy/services/bodengeologie?SERVICE=WMS&REQUEST=GetCapabilities&VERSION=1.3.0,INSPIRE-WMS TH Bodengeologie,2026-06-22 09:51:35.527 +0300
4417,522055,https://registry.gdi-de.org/id/de.th.csw/613EC54D-F759-4F0F-A00B-55A307F43015,NULL,OGC:WMS-http-get-map,https://www.geoproxy.geoportal-th.de/geoproxy/services/bodengeologie?SERVICE=WMS&REQUEST=GetCapabilities&VERSION=1.3.0,INSPIRE-WMS TH Bodengeologie,2026-06-22 09:51:35.527 +0300
4455,526908,https://registry.gdi-de.org/id/de.th.csw/613EC54D-F759-4F0F-A00B-55A307F43015,NULL,OGC:WMS-http-get-map,https://www.geoproxy.geoportal-th.de/geoproxy/services/bodengeologie?SERVICE=WMS&REQUEST=GetCapabilities&VERSION=1.3.0,INSPIRE-WMS TH Bodengeologie,2026-06-22 09:51:35.527 +0300
4487,532785,https://registry.gdi-de.org/id/de.th.csw/613EC54D-F759-4F0F-A00B-55A307F43015,NULL,OGC:WMS-http-get-map,https://www.geoproxy.geoportal-th.de/geoproxy/services/bodengeologie?SERVICE=WMS&REQUEST=GetCapabilities&VERSION=1.3.0,INSPIRE-WMS TH Bodengeologie,2026-06-22 09:51:35.527 +0300
4490,532799,https://registry.gdi-de.org/id/de.th.csw/613EC54D-F759-4F0F-A00B-55A307F43015,NULL,OGC:WMS-http-get-map,https://www.geoproxy.geoportal-th.de/geoproxy/services/bodengeologie?SERVICE=WMS&REQUEST=GetCapabilities&VERSION=1.3.0,INSPIRE-WMS TH Bodengeologie,2026-06-22 09:51:35.527 +0300
975,8121,m_amte:299FN3:3291bd68-7059-4c5a-8074-f33989c46e7d,NULL,WFS,http://wms.pcn.minambiente.it/ogc?map=/ms_ogc/wfs/Carta_ecopedologica.map&service=wfs&request=getCapabilities,NULL,2026-06-22 09:51:35.527 +0300
1519,17449,m_amte:299FN3:3291bd68-7059-4c5a-8074-f33989c46e7d,NULL,WFS,http://wms.pcn.minambiente.it/ogc?map=/ms_ogc/wfs/Carta_ecopedologica.map&service=wfs&request=getCapabilities,NULL,2026-06-22 09:51:35.527 +0300
1604,28836,m_amte:299FN3:3291bd68-7059-4c5a-8074-f33989c46e7d,NULL,WFS,http://wms.pcn.minambiente.it/ogc?map=/ms_ogc/wfs/Carta_ecopedologica.map&service=wfs&request=getCapabilities,NULL,2026-06-22 09:51:35.527 +0300
2556,76428,m_amte:299FN3:3291bd68-7059-4c5a-8074-f33989c46e7d,NULL,WFS,http://wms.pcn.minambiente.it/ogc?map=/ms_ogc/wfs/Carta_ecopedologica.map&service=wfs&request=getCapabilities,NULL,2026-06-22 09:51:35.527 +0300
974,8120,m_amte:299FN3:3291bd68-7059-4c5a-8074-f33989c46e7d,NULL,WMS,http://wms.pcn.minambiente.it/ogc?map=/ms_ogc/WMS_v1.3/Vettoriali/Carta_ecopedologica.map&service=wms&request=getCapabilities&version=1.3.0,NULL,2026-06-22 09:51:35.527 +0300
1518,17448,m_amte:299FN3:3291bd68-7059-4c5a-8074-f33989c46e7d,NULL,WMS,http://wms.pcn.minambiente.it/ogc?map=/ms_ogc/WMS_v1.3/Vettoriali/Carta_ecopedologica.map&service=wms&request=getCapabilities&version=1.3.0,NULL,2026-06-22 09:51:35.527 +0300
1603,28835,m_amte:299FN3:3291bd68-7059-4c5a-8074-f33989c46e7d,NULL,WMS,http://wms.pcn.minambiente.it/ogc?map=/ms_ogc/WMS_v1.3/Vettoriali/Carta_ecopedologica.map&service=wms&request=getCapabilities&version=1.3.0,NULL,2026-06-22 09:51:35.527 +0300
2555,76427,m_amte:299FN3:3291bd68-7059-4c5a-8074-f33989c46e7d,NULL,WMS,http://wms.pcn.minambiente.it/ogc?map=/ms_ogc/WMS_v1.3/Vettoriali/Carta_ecopedologica.map&service=wms&request=getCapabilities&version=1.3.0,NULL,2026-06-22 09:51:35.527 +0300
978,8126,m_amte:299FN3:bd587278-b36b-4c88-ded1-cdff9039267c,NULL,WFS,http://wms.pcn.minambiente.it/ogc?map=/ms_ogc/wfs/Accelerazioni_Confronto_ERS_ENVISAT_Ascending.map&service=wfs&request=getCapabilities,NULL,2026-06-22 09:51:35.527 +0300
1517,17360,m_amte:299FN3:bd587278-b36b-4c88-ded1-cdff9039267c,NULL,WFS,http://wms.pcn.minambiente.it/ogc?map=/ms_ogc/wfs/Accelerazioni_Confronto_ERS_ENVISAT_Ascending.map&service=wfs&request=getCapabilities,NULL,2026-06-22 09:51:35.527 +0300
1602,28715,m_amte:299FN3:bd587278-b36b-4c88-ded1-cdff9039267c,NULL,WFS,http://wms.pcn.minambiente.it/ogc?map=/ms_ogc/wfs/Accelerazioni_Confronto_ERS_ENVISAT_Ascending.map&service=wfs&request=getCapabilities,NULL,2026-06-22 09:51:35.527 +0300
2558,76434,m_amte:299FN3:bd587278-b36b-4c88-ded1-cdff9039267c,NULL,WFS,http://wms.pcn.minambiente.it/ogc?map=/ms_ogc/wfs/Accelerazioni_Confronto_ERS_ENVISAT_Ascending.map&service=wfs&request=getCapabilities,NULL,2026-06-22 09:51:35.527 +0300
977,8125,m_amte:299FN3:bd587278-b36b-4c88-ded1-cdff9039267c,NULL,WMS,http://wms.pcn.minambiente.it/ogc?map=/ms_ogc/WMS_v1.3/Vettoriali/Accelerazioni_Confronto_ERS_ENVISAT_Ascending.map&service=wms&request=getCapabilities&version=1.3.0,NULL,2026-06-22 09:51:35.527 +0300
1516,17359,m_amte:299FN3:bd587278-b36b-4c88-ded1-cdff9039267c,NULL,WMS,http://wms.pcn.minambiente.it/ogc?map=/ms_ogc/WMS_v1.3/Vettoriali/Accelerazioni_Confronto_ERS_ENVISAT_Ascending.map&service=wms&request=getCapabilities&version=1.3.0,NULL,2026-06-22 09:51:35.527 +0300
1601,28714,m_amte:299FN3:bd587278-b36b-4c88-ded1-cdff9039267c,NULL,WMS,http://wms.pcn.minambiente.it/ogc?map=/ms_ogc/WMS_v1.3/Vettoriali/Accelerazioni_Confronto_ERS_ENVISAT_Ascending.map&service=wms&request=getCapabilities&version=1.3.0,NULL,2026-06-22 09:51:35.527 +0300
2557,76433,m_amte:299FN3:bd587278-b36b-4c88-ded1-cdff9039267c,NULL,WMS,http://wms.pcn.minambiente.it/ogc?map=/ms_ogc/WMS_v1.3/Vettoriali/Accelerazioni_Confronto_ERS_ENVISAT_Ascending.map&service=wms&request=getCapabilities&version=1.3.0,NULL,2026-06-22 09:51:35.527 +0300
1832,44955,p_bz:Soil,NULL,OGC:WMS,https://geoservices6.civis.bz.it/geoserver/ows?service=WMS&version=1.3.0&request=GetCapabilities,NULL,2026-06-22 09:51:35.527 +0300
3715,363210,p_bz:Soil,NULL,OGC:WMS,https://geoservices6.civis.bz.it/geoserver/ows?service=WMS&version=1.3.0&request=GetCapabilities,NULL,2026-06-22 09:51:35.527 +0300
4215,512962,p_bz:Soil,NULL,OGC:WMS,https://geoservices6.civis.bz.it/geoserver/ows?service=WMS&version=1.3.0&request=GetCapabilities,NULL,2026-06-22 09:51:35.527 +0300
3,21,r_friuve:m3952-cc-i1443,NULL,Web Feature Service (WFS),https://serviziogc.regione.fvg.it/geoserver/CAR_GEO/wfs?request=GetCapabilities&service=wfs&version=2.0.0,NULL,2026-06-22 09:51:35.527 +0300
1379,10744,r_friuve:m3952-cc-i1443,NULL,Web Feature Service (WFS),https://serviziogc.regione.fvg.it/geoserver/CAR_GEO/wfs?request=GetCapabilities&service=wfs&version=2.0.0,NULL,2026-06-22 09:51:35.527 +0300
1456,14626,r_friuve:m3952-cc-i1443,NULL,Web Feature Service (WFS),https://serviziogc.regione.fvg.it/geoserver/CAR_GEO/wfs?request=GetCapabilities&service=wfs&version=2.0.0,NULL,2026-06-22 09:51:35.527 +0300
1542,26134,r_friuve:m3952-cc-i1443,NULL,Web Feature Service (WFS),https://serviziogc.regione.fvg.it/geoserver/CAR_GEO/wfs?request=GetCapabilities&service=wfs&version=2.0.0,NULL,2026-06-22 09:51:35.527 +0300
1625,32735,r_friuve:m3952-cc-i1443,NULL,Web Feature Service (WFS),https://serviziogc.regione.fvg.it/geoserver/CAR_GEO/wfs?request=GetCapabilities&service=wfs&version=2.0.0,NULL,2026-06-22 09:51:35.527 +0300
1628,32981,r_friuve:m3952-cc-i1443,NULL,Web Feature Service (WFS),https://serviziogc.regione.fvg.it/geoserver/CAR_GEO/wfs?request=GetCapabilities&service=wfs&version=2.0.0,NULL,2026-06-22 09:51:35.527 +0300
4453,526849,r_friuve:m3952-cc-i1443,NULL,Web Feature Service (WFS),https://serviziogc.regione.fvg.it/geoserver/CAR_GEO/wfs?request=GetCapabilities&service=wfs&version=2.0.0,NULL,2026-06-22 09:51:35.527 +0300
2,20,r_friuve:m3952-cc-i1443,NULL,Web Map Service (WMS),https://serviziogc.regione.fvg.it/geoserver/CAR_GEO/wms?request=GetCapabilities&service=wms&version=1.3.0,NULL,2026-06-22 09:51:35.527 +0300
1378,10743,r_friuve:m3952-cc-i1443,NULL,Web Map Service (WMS),https://serviziogc.regione.fvg.it/geoserver/CAR_GEO/wms?request=GetCapabilities&service=wms&version=1.3.0,NULL,2026-06-22 09:51:35.527 +0300
1455,14625,r_friuve:m3952-cc-i1443,NULL,Web Map Service (WMS),https://serviziogc.regione.fvg.it/geoserver/CAR_GEO/wms?request=GetCapabilities&service=wms&version=1.3.0,NULL,2026-06-22 09:51:35.527 +0300
1541,26133,r_friuve:m3952-cc-i1443,NULL,Web Map Service (WMS),https://serviziogc.regione.fvg.it/geoserver/CAR_GEO/wms?request=GetCapabilities&service=wms&version=1.3.0,NULL,2026-06-22 09:51:35.527 +0300
1624,32734,r_friuve:m3952-cc-i1443,NULL,Web Map Service (WMS),https://serviziogc.regione.fvg.it/geoserver/CAR_GEO/wms?request=GetCapabilities&service=wms&version=1.3.0,NULL,2026-06-22 09:51:35.527 +0300
1627,32980,r_friuve:m3952-cc-i1443,NULL,Web Map Service (WMS),https://serviziogc.regione.fvg.it/geoserver/CAR_GEO/wms?request=GetCapabilities&service=wms&version=1.3.0,NULL,2026-06-22 09:51:35.527 +0300
4452,526848,r_friuve:m3952-cc-i1443,NULL,Web Map Service (WMS),https://serviziogc.regione.fvg.it/geoserver/CAR_GEO/wms?request=GetCapabilities&service=wms&version=1.3.0,NULL,2026-06-22 09:51:35.527 +0300
1204,9614,r_friuve:m3953-cc-i1444,NULL,Web Feature Service (WFS),https://serviziogc.regione.fvg.it/geoserver/CAR_GEO/wfs?request=GetCapabilities&service=wfs&version=2.0.0,NULL,2026-06-22 09:51:35.527 +0300
1392,37587,r_friuve:m3953-cc-i1444,NULL,Web Feature Service (WFS),https://serviziogc.regione.fvg.it/geoserver/CAR_GEO/wfs?request=GetCapabilities&service=wfs&version=2.0.0,NULL,2026-06-22 09:51:35.527 +0300
1530,18802,r_friuve:m3953-cc-i1444,NULL,Web Feature Service (WFS),https://serviziogc.regione.fvg.it/geoserver/CAR_GEO/wfs?request=GetCapabilities&service=wfs&version=2.0.0,NULL,2026-06-22 09:51:35.527 +0300
1203,9613,r_friuve:m3953-cc-i1444,NULL,Web Map Service (WMS),https://serviziogc.regione.fvg.it/geoserver/CAR_GEO/wms?request=GetCapabilities&service=wms&version=1.3.0,NULL,2026-06-22 09:51:35.527 +0300
1391,37586,r_friuve:m3953-cc-i1444,NULL,Web Map Service (WMS),https://serviziogc.regione.fvg.it/geoserver/CAR_GEO/wms?request=GetCapabilities&service=wms&version=1.3.0,NULL,2026-06-22 09:51:35.527 +0300
1529,18801,r_friuve:m3953-cc-i1444,NULL,Web Map Service (WMS),https://serviziogc.regione.fvg.it/geoserver/CAR_GEO/wms?request=GetCapabilities&service=wms&version=1.3.0,NULL,2026-06-22 09:51:35.527 +0300
299,2514,r_friuve:m3955-cc-i1450,NULL,Web Feature Service (WFS),https://serviziogc.regione.fvg.it/geoserver/CAR_GEO/wfs?request=GetCapabilities&service=wfs&version=2.0.0,NULL,2026-06-22 09:51:35.527 +0300
1418,12919,r_friuve:m3955-cc-i1450,NULL,Web Feature Service (WFS),https://serviziogc.regione.fvg.it/geoserver/CAR_GEO/wfs?request=GetCapabilities&service=wfs&version=2.0.0,NULL,2026-06-22 09:51:35.527 +0300
1663,35059,r_friuve:m3955-cc-i1450,NULL,Web Feature Service (WFS),https://serviziogc.regione.fvg.it/geoserver/CAR_GEO/wfs?request=GetCapabilities&service=wfs&version=2.0.0,NULL,2026-06-22 09:51:35.527 +0300
2129,49028,r_friuve:m3955-cc-i1450,NULL,Web Feature Service (WFS),https://serviziogc.regione.fvg.it/geoserver/CAR_GEO/wfs?request=GetCapabilities&service=wfs&version=2.0.0,NULL,2026-06-22 09:51:35.527 +0300
2550,70708,r_friuve:m3955-cc-i1450,NULL,Web Feature Service (WFS),https://serviziogc.regione.fvg.it/geoserver/CAR_GEO/wfs?request=GetCapabilities&service=wfs&version=2.0.0,NULL,2026-06-22 09:51:35.527 +0300
4341,519867,r_friuve:m3955-cc-i1450,NULL,Web Feature Service (WFS),https://serviziogc.regione.fvg.it/geoserver/CAR_GEO/wfs?request=GetCapabilities&service=wfs&version=2.0.0,NULL,2026-06-22 09:51:35.527 +0300
300,2515,r_friuve:m3955-cc-i1450,NULL,Web Map Service (WMS),https://serviziogc.regione.fvg.it/geoserver/CAR_GEO/wms?request=GetCapabilities&service=wms&version=1.3.0,NULL,2026-06-22 09:51:35.527 +0300
1419,12920,r_friuve:m3955-cc-i1450,NULL,Web Map Service (WMS),https://serviziogc.regione.fvg.it/geoserver/CAR_GEO/wms?request=GetCapabilities&service=wms&version=1.3.0,NULL,2026-06-22 09:51:35.527 +0300
1664,35060,r_friuve:m3955-cc-i1450,NULL,Web Map Service (WMS),https://serviziogc.regione.fvg.it/geoserver/CAR_GEO/wms?request=GetCapabilities&service=wms&version=1.3.0,NULL,2026-06-22 09:51:35.527 +0300
2130,49029,r_friuve:m3955-cc-i1450,NULL,Web Map Service (WMS),https://serviziogc.regione.fvg.it/geoserver/CAR_GEO/wms?request=GetCapabilities&service=wms&version=1.3.0,NULL,2026-06-22 09:51:35.527 +0300
2551,70709,r_friuve:m3955-cc-i1450,NULL,Web Map Service (WMS),https://serviziogc.regione.fvg.it/geoserver/CAR_GEO/wms?request=GetCapabilities&service=wms&version=1.3.0,NULL,2026-06-22 09:51:35.527 +0300
4342,519868,r_friuve:m3955-cc-i1450,NULL,Web Map Service (WMS),https://serviziogc.regione.fvg.it/geoserver/CAR_GEO/wms?request=GetCapabilities&service=wms&version=1.3.0,NULL,2026-06-22 09:51:35.527 +0300
136,1103,r_friuve:m3956-cc-i1451,NULL,Web Feature Service (WFS),https://serviziogc.regione.fvg.it/geoserver/CAR_GEO/wfs?request=GetCapabilities&service=wfs&version=2.0.0,NULL,2026-06-22 09:51:35.527 +0300
1400,11657,r_friuve:m3956-cc-i1451,NULL,Web Feature Service (WFS),https://serviziogc.regione.fvg.it/geoserver/CAR_GEO/wfs?request=GetCapabilities&service=wfs&version=2.0.0,NULL,2026-06-22 09:51:35.527 +0300
1645,34140,r_friuve:m3956-cc-i1451,NULL,Web Feature Service (WFS),https://serviziogc.regione.fvg.it/geoserver/CAR_GEO/wfs?request=GetCapabilities&service=wfs&version=2.0.0,NULL,2026-06-22 09:51:35.527 +0300
2306,57014,r_friuve:m3956-cc-i1451,NULL,Web Feature Service (WFS),https://serviziogc.regione.fvg.it/geoserver/CAR_GEO/wfs?request=GetCapabilities&service=wfs&version=2.0.0,NULL,2026-06-22 09:51:35.527 +0300
2547,70496,r_friuve:m3956-cc-i1451,NULL,Web Feature Service (WFS),https://serviziogc.regione.fvg.it/geoserver/CAR_GEO/wfs?request=GetCapabilities&service=wfs&version=2.0.0,NULL,2026-06-22 09:51:35.527 +0300
4357,519918,r_friuve:m3956-cc-i1451,NULL,Web Feature Service (WFS),https://serviziogc.regione.fvg.it/geoserver/CAR_GEO/wfs?request=GetCapabilities&service=wfs&version=2.0.0,NULL,2026-06-22 09:51:35.527 +0300
137,1104,r_friuve:m3956-cc-i1451,NULL,Web Map Service (WMS),https://serviziogc.regione.fvg.it/geoserver/CAR_GEO/wms?request=GetCapabilities&service=wms&version=1.3.0,NULL,2026-06-22 09:51:35.527 +0300
1401,11658,r_friuve:m3956-cc-i1451,NULL,Web Map Service (WMS),https://serviziogc.regione.fvg.it/geoserver/CAR_GEO/wms?request=GetCapabilities&service=wms&version=1.3.0,NULL,2026-06-22 09:51:35.527 +0300
1646,34141,r_friuve:m3956-cc-i1451,NULL,Web Map Service (WMS),https://serviziogc.regione.fvg.it/geoserver/CAR_GEO/wms?request=GetCapabilities&service=wms&version=1.3.0,NULL,2026-06-22 09:51:35.527 +0300
2307,57015,r_friuve:m3956-cc-i1451,NULL,Web Map Service (WMS),https://serviziogc.regione.fvg.it/geoserver/CAR_GEO/wms?request=GetCapabilities&service=wms&version=1.3.0,NULL,2026-06-22 09:51:35.527 +0300
2548,70497,r_friuve:m3956-cc-i1451,NULL,Web Map Service (WMS),https://serviziogc.regione.fvg.it/geoserver/CAR_GEO/wms?request=GetCapabilities&service=wms&version=1.3.0,NULL,2026-06-22 09:51:35.527 +0300
4358,519919,r_friuve:m3956-cc-i1451,NULL,Web Map Service (WMS),https://serviziogc.regione.fvg.it/geoserver/CAR_GEO/wms?request=GetCapabilities&service=wms&version=1.3.0,NULL,2026-06-22 09:51:35.527 +0300
372,3118,r_friuve:m3958-cc-i1454,NULL,Web Feature Service (WFS),https://serviziogc.regione.fvg.it/geoserver/CAR_GEO/wfs?request=GetCapabilities&service=wfs&version=2.0.0,NULL,2026-06-22 09:51:35.527 +0300
1427,13420,r_friuve:m3958-cc-i1454,NULL,Web Feature Service (WFS),https://serviziogc.regione.fvg.it/geoserver/CAR_GEO/wfs?request=GetCapabilities&service=wfs&version=2.0.0,NULL,2026-06-22 09:51:35.527 +0300
1671,35383,r_friuve:m3958-cc-i1454,NULL,Web Feature Service (WFS),https://serviziogc.regione.fvg.it/geoserver/CAR_GEO/wfs?request=GetCapabilities&service=wfs&version=2.0.0,NULL,2026-06-22 09:51:35.527 +0300
2081,48821,r_friuve:m3958-cc-i1454,NULL,Web Feature Service (WFS),https://serviziogc.regione.fvg.it/geoserver/CAR_GEO/wfs?request=GetCapabilities&service=wfs&version=2.0.0,NULL,2026-06-22 09:51:35.527 +0300
2506,69582,r_friuve:m3958-cc-i1454,NULL,Web Feature Service (WFS),https://serviziogc.regione.fvg.it/geoserver/CAR_GEO/wfs?request=GetCapabilities&service=wfs&version=2.0.0,NULL,2026-06-22 09:51:35.527 +0300
4262,516407,r_friuve:m3958-cc-i1454,NULL,Web Feature Service (WFS),https://serviziogc.regione.fvg.it/geoserver/CAR_GEO/wfs?request=GetCapabilities&service=wfs&version=2.0.0,NULL,2026-06-22 09:51:35.527 +0300
4459,526969,r_friuve:m3958-cc-i1454,NULL,Web Feature Service (WFS),https://serviziogc.regione.fvg.it/geoserver/CAR_GEO/wfs?request=GetCapabilities&service=wfs&version=2.0.0,NULL,2026-06-22 09:51:35.527 +0300
4494,532906,r_friuve:m3958-cc-i1454,NULL,Web Feature Service (WFS),https://serviziogc.regione.fvg.it/geoserver/CAR_GEO/wfs?request=GetCapabilities&service=wfs&version=2.0.0,NULL,2026-06-22 09:51:35.527 +0300
371,3117,r_friuve:m3958-cc-i1454,NULL,Web Map Service (WMS),https://serviziogc.regione.fvg.it/geoserver/CAR_GEO/wms?request=GetCapabilities&service=wms&version=1.3.0,NULL,2026-06-22 09:51:35.527 +0300
1426,13419,r_friuve:m3958-cc-i1454,NULL,Web Map Service (WMS),https://serviziogc.regione.fvg.it/geoserver/CAR_GEO/wms?request=GetCapabilities&service=wms&version=1.3.0,NULL,2026-06-22 09:51:35.527 +0300
1670,35382,r_friuve:m3958-cc-i1454,NULL,Web Map Service (WMS),https://serviziogc.regione.fvg.it/geoserver/CAR_GEO/wms?request=GetCapabilities&service=wms&version=1.3.0,NULL,2026-06-22 09:51:35.527 +0300
2080,48820,r_friuve:m3958-cc-i1454,NULL,Web Map Service (WMS),https://serviziogc.regione.fvg.it/geoserver/CAR_GEO/wms?request=GetCapabilities&service=wms&version=1.3.0,NULL,2026-06-22 09:51:35.527 +0300
2505,69581,r_friuve:m3958-cc-i1454,NULL,Web Map Service (WMS),https://serviziogc.regione.fvg.it/geoserver/CAR_GEO/wms?request=GetCapabilities&service=wms&version=1.3.0,NULL,2026-06-22 09:51:35.527 +0300
4261,516406,r_friuve:m3958-cc-i1454,NULL,Web Map Service (WMS),https://serviziogc.regione.fvg.it/geoserver/CAR_GEO/wms?request=GetCapabilities&service=wms&version=1.3.0,NULL,2026-06-22 09:51:35.527 +0300
4458,526968,r_friuve:m3958-cc-i1454,NULL,Web Map Service (WMS),https://serviziogc.regione.fvg.it/geoserver/CAR_GEO/wms?request=GetCapabilities&service=wms&version=1.3.0,NULL,2026-06-22 09:51:35.527 +0300
4493,532905,r_friuve:m3958-cc-i1454,NULL,Web Map Service (WMS),https://serviziogc.regione.fvg.it/geoserver/CAR_GEO/wms?request=GetCapabilities&service=wms&version=1.3.0,NULL,2026-06-22 09:51:35.527 +0300
423,3589,r_friuve:m3959-cc-i1456,NULL,Web Feature Service (WFS),https://serviziogc.regione.fvg.it/geoserver/CAR_GEO/wfs?request=GetCapabilities&service=wfs&version=2.0.0,NULL,2026-06-22 09:51:35.527 +0300
1430,13762,r_friuve:m3959-cc-i1456,NULL,Web Feature Service (WFS),https://serviziogc.regione.fvg.it/geoserver/CAR_GEO/wfs?request=GetCapabilities&service=wfs&version=2.0.0,NULL,2026-06-22 09:51:35.527 +0300
1672,35602,r_friuve:m3959-cc-i1456,NULL,Web Feature Service (WFS),https://serviziogc.regione.fvg.it/geoserver/CAR_GEO/wfs?request=GetCapabilities&service=wfs&version=2.0.0,NULL,2026-06-22 09:51:35.527 +0300
2312,57054,r_friuve:m3959-cc-i1456,NULL,Web Feature Service (WFS),https://serviziogc.regione.fvg.it/geoserver/CAR_GEO/wfs?request=GetCapabilities&service=wfs&version=2.0.0,NULL,2026-06-22 09:51:35.527 +0300
2673,132476,r_friuve:m3959-cc-i1456,NULL,Web Feature Service (WFS),https://serviziogc.regione.fvg.it/geoserver/CAR_GEO/wfs?request=GetCapabilities&service=wfs&version=2.0.0,NULL,2026-06-22 09:51:35.527 +0300
3685,356156,r_friuve:m3959-cc-i1456,NULL,Web Feature Service (WFS),https://serviziogc.regione.fvg.it/geoserver/CAR_GEO/wfs?request=GetCapabilities&service=wfs&version=2.0.0,NULL,2026-06-22 09:51:35.527 +0300
4377,520510,r_friuve:m3959-cc-i1456,NULL,Web Feature Service (WFS),https://serviziogc.regione.fvg.it/geoserver/CAR_GEO/wfs?request=GetCapabilities&service=wfs&version=2.0.0,NULL,2026-06-22 09:51:35.527 +0300
4394,520964,r_friuve:m3959-cc-i1456,NULL,Web Feature Service (WFS),https://serviziogc.regione.fvg.it/geoserver/CAR_GEO/wfs?request=GetCapabilities&service=wfs&version=2.0.0,NULL,2026-06-22 09:51:35.527 +0300
4408,521504,r_friuve:m3959-cc-i1456,NULL,Web Feature Service (WFS),https://serviziogc.regione.fvg.it/geoserver/CAR_GEO/wfs?request=GetCapabilities&service=wfs&version=2.0.0,NULL,2026-06-22 09:51:35.527 +0300
424,3590,r_friuve:m3959-cc-i1456,NULL,Web Map Service (WMS),https://serviziogc.regione.fvg.it/geoserver/CAR_GEO/wms?request=GetCapabilities&service=wms&version=1.3.0,NULL,2026-06-22 09:51:35.527 +0300
1431,13763,r_friuve:m3959-cc-i1456,NULL,Web Map Service (WMS),https://serviziogc.regione.fvg.it/geoserver/CAR_GEO/wms?request=GetCapabilities&service=wms&version=1.3.0,NULL,2026-06-22 09:51:35.527 +0300
1673,35603,r_friuve:m3959-cc-i1456,NULL,Web Map Service (WMS),https://serviziogc.regione.fvg.it/geoserver/CAR_GEO/wms?request=GetCapabilities&service=wms&version=1.3.0,NULL,2026-06-22 09:51:35.527 +0300
2313,57055,r_friuve:m3959-cc-i1456,NULL,Web Map Service (WMS),https://serviziogc.regione.fvg.it/geoserver/CAR_GEO/wms?request=GetCapabilities&service=wms&version=1.3.0,NULL,2026-06-22 09:51:35.527 +0300
2674,132477,r_friuve:m3959-cc-i1456,NULL,Web Map Service (WMS),https://serviziogc.regione.fvg.it/geoserver/CAR_GEO/wms?request=GetCapabilities&service=wms&version=1.3.0,NULL,2026-06-22 09:51:35.527 +0300
3686,356157,r_friuve:m3959-cc-i1456,NULL,Web Map Service (WMS),https://serviziogc.regione.fvg.it/geoserver/CAR_GEO/wms?request=GetCapabilities&service=wms&version=1.3.0,NULL,2026-06-22 09:51:35.527 +0300
4378,520511,r_friuve:m3959-cc-i1456,NULL,Web Map Service (WMS),https://serviziogc.regione.fvg.it/geoserver/CAR_GEO/wms?request=GetCapabilities&service=wms&version=1.3.0,NULL,2026-06-22 09:51:35.527 +0300
4395,520965,r_friuve:m3959-cc-i1456,NULL,Web Map Service (WMS),https://serviziogc.regione.fvg.it/geoserver/CAR_GEO/wms?request=GetCapabilities&service=wms&version=1.3.0,NULL,2026-06-22 09:51:35.527 +0300
4409,521505,r_friuve:m3959-cc-i1456,NULL,Web Map Service (WMS),https://serviziogc.regione.fvg.it/geoserver/CAR_GEO/wms?request=GetCapabilities&service=wms&version=1.3.0,NULL,2026-06-22 09:51:35.527 +0300
460,4124,r_friuve:m3960-cc-i1457,NULL,Web Feature Service (WFS),https://serviziogc.regione.fvg.it/geoserver/CAR_GEO/wfs?request=GetCapabilities&service=wfs&version=2.0.0,NULL,2026-06-22 09:51:35.527 +0300
1449,14146,r_friuve:m3960-cc-i1457,NULL,Web Feature Service (WFS),https://serviziogc.regione.fvg.it/geoserver/CAR_GEO/wfs?request=GetCapabilities&service=wfs&version=2.0.0,NULL,2026-06-22 09:51:35.527 +0300
1693,35701,r_friuve:m3960-cc-i1457,NULL,Web Feature Service (WFS),https://serviziogc.regione.fvg.it/geoserver/CAR_GEO/wfs?request=GetCapabilities&service=wfs&version=2.0.0,NULL,2026-06-22 09:51:35.527 +0300
1743,44255,r_friuve:m3960-cc-i1457,NULL,Web Feature Service (WFS),https://serviziogc.regione.fvg.it/geoserver/CAR_GEO/wfs?request=GetCapabilities&service=wfs&version=2.0.0,NULL,2026-06-22 09:51:35.527 +0300
2511,69681,r_friuve:m3960-cc-i1457,NULL,Web Feature Service (WFS),https://serviziogc.regione.fvg.it/geoserver/CAR_GEO/wfs?request=GetCapabilities&service=wfs&version=2.0.0,NULL,2026-06-22 09:51:35.527 +0300
4372,520418,r_friuve:m3960-cc-i1457,NULL,Web Feature Service (WFS),https://serviziogc.regione.fvg.it/geoserver/CAR_GEO/wfs?request=GetCapabilities&service=wfs&version=2.0.0,NULL,2026-06-22 09:51:35.527 +0300
4389,520882,r_friuve:m3960-cc-i1457,NULL,Web Feature Service (WFS),https://serviziogc.regione.fvg.it/geoserver/CAR_GEO/wfs?request=GetCapabilities&service=wfs&version=2.0.0,NULL,2026-06-22 09:51:35.527 +0300
461,4125,r_friuve:m3960-cc-i1457,NULL,Web Map Service (WMS),https://serviziogc.regione.fvg.it/geoserver/CAR_GEO/wms?request=GetCapabilities&service=wms&version=1.3.0,NULL,2026-06-22 09:51:35.527 +0300
1450,14147,r_friuve:m3960-cc-i1457,NULL,Web Map Service (WMS),https://serviziogc.regione.fvg.it/geoserver/CAR_GEO/wms?request=GetCapabilities&service=wms&version=1.3.0,NULL,2026-06-22 09:51:35.527 +0300
1694,35702,r_friuve:m3960-cc-i1457,NULL,Web Map Service (WMS),https://serviziogc.regione.fvg.it/geoserver/CAR_GEO/wms?request=GetCapabilities&service=wms&version=1.3.0,NULL,2026-06-22 09:51:35.527 +0300
1744,44256,r_friuve:m3960-cc-i1457,NULL,Web Map Service (WMS),https://serviziogc.regione.fvg.it/geoserver/CAR_GEO/wms?request=GetCapabilities&service=wms&version=1.3.0,NULL,2026-06-22 09:51:35.527 +0300
2512,69682,r_friuve:m3960-cc-i1457,NULL,Web Map Service (WMS),https://serviziogc.regione.fvg.it/geoserver/CAR_GEO/wms?request=GetCapabilities&service=wms&version=1.3.0,NULL,2026-06-22 09:51:35.527 +0300
4373,520419,r_friuve:m3960-cc-i1457,NULL,Web Map Service (WMS),https://serviziogc.regione.fvg.it/geoserver/CAR_GEO/wms?request=GetCapabilities&service=wms&version=1.3.0,NULL,2026-06-22 09:51:35.527 +0300
4390,520883,r_friuve:m3960-cc-i1457,NULL,Web Map Service (WMS),https://serviziogc.regione.fvg.it/geoserver/CAR_GEO/wms?request=GetCapabilities&service=wms&version=1.3.0,NULL,2026-06-22 09:51:35.527 +0300
452,4044,r_friuve:m3963-cc-i1461,NULL,Web Feature Service (WFS),https://serviziogc.regione.fvg.it/geoserver/CAR_GEO/wfs?request=GetCapabilities&service=wfs&version=2.0.0,NULL,2026-06-22 09:51:35.527 +0300
1445,14109,r_friuve:m3963-cc-i1461,NULL,Web Feature Service (WFS),https://serviziogc.regione.fvg.it/geoserver/CAR_GEO/wfs?request=GetCapabilities&service=wfs&version=2.0.0,NULL,2026-06-22 09:51:35.527 +0300
1689,35685,r_friuve:m3963-cc-i1461,NULL,Web Feature Service (WFS),https://serviziogc.regione.fvg.it/geoserver/CAR_GEO/wfs?request=GetCapabilities&service=wfs&version=2.0.0,NULL,2026-06-22 09:51:35.527 +0300
2011,48450,r_friuve:m3963-cc-i1461,NULL,Web Feature Service (WFS),https://serviziogc.regione.fvg.it/geoserver/CAR_GEO/wfs?request=GetCapabilities&service=wfs&version=2.0.0,NULL,2026-06-22 09:51:35.527 +0300
2510,69671,r_friuve:m3963-cc-i1461,NULL,Web Feature Service (WFS),https://serviziogc.regione.fvg.it/geoserver/CAR_GEO/wfs?request=GetCapabilities&service=wfs&version=2.0.0,NULL,2026-06-22 09:51:35.527 +0300
4415,522023,r_friuve:m3963-cc-i1461,NULL,Web Feature Service (WFS),https://serviziogc.regione.fvg.it/geoserver/CAR_GEO/wfs?request=GetCapabilities&service=wfs&version=2.0.0,NULL,2026-06-22 09:51:35.527 +0300
4429,522408,r_friuve:m3963-cc-i1461,NULL,Web Feature Service (WFS),https://serviziogc.regione.fvg.it/geoserver/CAR_GEO/wfs?request=GetCapabilities&service=wfs&version=2.0.0,NULL,2026-06-22 09:51:35.527 +0300
4467,529384,r_friuve:m3963-cc-i1461,NULL,Web Feature Service (WFS),https://serviziogc.regione.fvg.it/geoserver/CAR_GEO/wfs?request=GetCapabilities&service=wfs&version=2.0.0,NULL,2026-06-22 09:51:35.527 +0300
4485,532776,r_friuve:m3963-cc-i1461,NULL,Web Feature Service (WFS),https://serviziogc.regione.fvg.it/geoserver/CAR_GEO/wfs?request=GetCapabilities&service=wfs&version=2.0.0,NULL,2026-06-22 09:51:35.527 +0300
4512,534872,r_friuve:m3963-cc-i1461,NULL,Web Feature Service (WFS),https://serviziogc.regione.fvg.it/geoserver/CAR_GEO/wfs?request=GetCapabilities&service=wfs&version=2.0.0,NULL,2026-06-22 09:51:35.527 +0300
451,4043,r_friuve:m3963-cc-i1461,NULL,Web Map Service (WMS),https://serviziogc.regione.fvg.it/geoserver/CAR_GEO/wms?request=GetCapabilities&service=wms&version=1.3.0,NULL,2026-06-22 09:51:35.527 +0300
1444,14108,r_friuve:m3963-cc-i1461,NULL,Web Map Service (WMS),https://serviziogc.regione.fvg.it/geoserver/CAR_GEO/wms?request=GetCapabilities&service=wms&version=1.3.0,NULL,2026-06-22 09:51:35.527 +0300
1688,35684,r_friuve:m3963-cc-i1461,NULL,Web Map Service (WMS),https://serviziogc.regione.fvg.it/geoserver/CAR_GEO/wms?request=GetCapabilities&service=wms&version=1.3.0,NULL,2026-06-22 09:51:35.527 +0300
2010,48449,r_friuve:m3963-cc-i1461,NULL,Web Map Service (WMS),https://serviziogc.regione.fvg.it/geoserver/CAR_GEO/wms?request=GetCapabilities&service=wms&version=1.3.0,NULL,2026-06-22 09:51:35.527 +0300
2509,69670,r_friuve:m3963-cc-i1461,NULL,Web Map Service (WMS),https://serviziogc.regione.fvg.it/geoserver/CAR_GEO/wms?request=GetCapabilities&service=wms&version=1.3.0,NULL,2026-06-22 09:51:35.527 +0300
4414,522022,r_friuve:m3963-cc-i1461,NULL,Web Map Service (WMS),https://serviziogc.regione.fvg.it/geoserver/CAR_GEO/wms?request=GetCapabilities&service=wms&version=1.3.0,NULL,2026-06-22 09:51:35.527 +0300
4428,522407,r_friuve:m3963-cc-i1461,NULL,Web Map Service (WMS),https://serviziogc.regione.fvg.it/geoserver/CAR_GEO/wms?request=GetCapabilities&service=wms&version=1.3.0,NULL,2026-06-22 09:51:35.527 +0300
4466,529383,r_friuve:m3963-cc-i1461,NULL,Web Map Service (WMS),https://serviziogc.regione.fvg.it/geoserver/CAR_GEO/wms?request=GetCapabilities&service=wms&version=1.3.0,NULL,2026-06-22 09:51:35.527 +0300
4484,532775,r_friuve:m3963-cc-i1461,NULL,Web Map Service (WMS),https://serviziogc.regione.fvg.it/geoserver/CAR_GEO/wms?request=GetCapabilities&service=wms&version=1.3.0,NULL,2026-06-22 09:51:35.527 +0300
4511,534871,r_friuve:m3963-cc-i1461,NULL,Web Map Service (WMS),https://serviziogc.regione.fvg.it/geoserver/CAR_GEO/wms?request=GetCapabilities&service=wms&version=1.3.0,NULL,2026-06-22 09:51:35.527 +0300
500,4495,r_friuve:m3965-cc-i1465,NULL,Web Feature Service (WFS),https://serviziogc.regione.fvg.it/geoserver/CAR_GEO/wfs?request=GetCapabilities&service=wfs&version=2.0.0,NULL,2026-06-22 09:51:35.527 +0300
1454,14452,r_friuve:m3965-cc-i1465,NULL,Web Feature Service (WFS),https://serviziogc.regione.fvg.it/geoserver/CAR_GEO/wfs?request=GetCapabilities&service=wfs&version=2.0.0,NULL,2026-06-22 09:51:35.527 +0300
1696,35820,r_friuve:m3965-cc-i1465,NULL,Web Feature Service (WFS),https://serviziogc.regione.fvg.it/geoserver/CAR_GEO/wfs?request=GetCapabilities&service=wfs&version=2.0.0,NULL,2026-06-22 09:51:35.527 +0300
2276,56837,r_friuve:m3965-cc-i1465,NULL,Web Feature Service (WFS),https://serviziogc.regione.fvg.it/geoserver/CAR_GEO/wfs?request=GetCapabilities&service=wfs&version=2.0.0,NULL,2026-06-22 09:51:35.527 +0300
2669,132452,r_friuve:m3965-cc-i1465,NULL,Web Feature Service (WFS),https://serviziogc.regione.fvg.it/geoserver/CAR_GEO/wfs?request=GetCapabilities&service=wfs&version=2.0.0,NULL,2026-06-22 09:51:35.527 +0300
4368,520374,r_friuve:m3965-cc-i1465,NULL,Web Feature Service (WFS),https://serviziogc.regione.fvg.it/geoserver/CAR_GEO/wfs?request=GetCapabilities&service=wfs&version=2.0.0,NULL,2026-06-22 09:51:35.527 +0300
4385,520835,r_friuve:m3965-cc-i1465,NULL,Web Feature Service (WFS),https://serviziogc.regione.fvg.it/geoserver/CAR_GEO/wfs?request=GetCapabilities&service=wfs&version=2.0.0,NULL,2026-06-22 09:51:35.527 +0300
4405,521465,r_friuve:m3965-cc-i1465,NULL,Web Feature Service (WFS),https://serviziogc.regione.fvg.it/geoserver/CAR_GEO/wfs?request=GetCapabilities&service=wfs&version=2.0.0,NULL,2026-06-22 09:51:35.527 +0300
499,4494,r_friuve:m3965-cc-i1465,NULL,Web Map Service (WMS),https://serviziogc.regione.fvg.it/geoserver/CAR_GEO/wms?request=GetCapabilities&service=wms&version=1.3.0,NULL,2026-06-22 09:51:35.527 +0300
1453,14451,r_friuve:m3965-cc-i1465,NULL,Web Map Service (WMS),https://serviziogc.regione.fvg.it/geoserver/CAR_GEO/wms?request=GetCapabilities&service=wms&version=1.3.0,NULL,2026-06-22 09:51:35.527 +0300
1695,35819,r_friuve:m3965-cc-i1465,NULL,Web Map Service (WMS),https://serviziogc.regione.fvg.it/geoserver/CAR_GEO/wms?request=GetCapabilities&service=wms&version=1.3.0,NULL,2026-06-22 09:51:35.527 +0300
2275,56836,r_friuve:m3965-cc-i1465,NULL,Web Map Service (WMS),https://serviziogc.regione.fvg.it/geoserver/CAR_GEO/wms?request=GetCapabilities&service=wms&version=1.3.0,NULL,2026-06-22 09:51:35.527 +0300
2668,132451,r_friuve:m3965-cc-i1465,NULL,Web Map Service (WMS),https://serviziogc.regione.fvg.it/geoserver/CAR_GEO/wms?request=GetCapabilities&service=wms&version=1.3.0,NULL,2026-06-22 09:51:35.527 +0300
4367,520373,r_friuve:m3965-cc-i1465,NULL,Web Map Service (WMS),https://serviziogc.regione.fvg.it/geoserver/CAR_GEO/wms?request=GetCapabilities&service=wms&version=1.3.0,NULL,2026-06-22 09:51:35.527 +0300
4384,520834,r_friuve:m3965-cc-i1465,NULL,Web Map Service (WMS),https://serviziogc.regione.fvg.it/geoserver/CAR_GEO/wms?request=GetCapabilities&service=wms&version=1.3.0,NULL,2026-06-22 09:51:35.527 +0300
4404,521464,r_friuve:m3965-cc-i1465,NULL,Web Map Service (WMS),https://serviziogc.regione.fvg.it/geoserver/CAR_GEO/wms?request=GetCapabilities&service=wms&version=1.3.0,NULL,2026-06-22 09:51:35.527 +0300
2331,57105,r_friuve:m3966-cc-i1467,NULL,Web Feature Service (WFS),https://serviziogc.regione.fvg.it/geoserver/CAR_GEO/wfs?request=GetCapabilities&service=wfs&version=2.0.0,NULL,2026-06-22 09:51:35.527 +0300
2630,122376,r_friuve:m3966-cc-i1467,NULL,Web Feature Service (WFS),https://serviziogc.regione.fvg.it/geoserver/CAR_GEO/wfs?request=GetCapabilities&service=wfs&version=2.0.0,NULL,2026-06-22 09:51:35.527 +0300
4224,515115,r_friuve:m3966-cc-i1467,NULL,Web Feature Service (WFS),https://serviziogc.regione.fvg.it/geoserver/CAR_GEO/wfs?request=GetCapabilities&service=wfs&version=2.0.0,NULL,2026-06-22 09:51:35.527 +0300
2330,57104,r_friuve:m3966-cc-i1467,NULL,Web Map Service (WMS),https://serviziogc.regione.fvg.it/geoserver/CAR_GEO/wms?request=GetCapabilities&service=wms&version=1.3.0,NULL,2026-06-22 09:51:35.527 +0300
2629,122375,r_friuve:m3966-cc-i1467,NULL,Web Map Service (WMS),https://serviziogc.regione.fvg.it/geoserver/CAR_GEO/wms?request=GetCapabilities&service=wms&version=1.3.0,NULL,2026-06-22 09:51:35.527 +0300
4223,515114,r_friuve:m3966-cc-i1467,NULL,Web Map Service (WMS),https://serviziogc.regione.fvg.it/geoserver/CAR_GEO/wms?request=GetCapabilities&service=wms&version=1.3.0,NULL,2026-06-22 09:51:35.527 +0300
45,363,r_friuve:m3967-cc-i1468,NULL,Web Feature Service (WFS),https://serviziogc.regione.fvg.it/geoserver/CAR_GEO/wfs?request=GetCapabilities&service=wfs&version=2.0.0,NULL,2026-06-22 09:51:35.527 +0300
1387,11070,r_friuve:m3967-cc-i1468,NULL,Web Feature Service (WFS),https://serviziogc.regione.fvg.it/geoserver/CAR_GEO/wfs?request=GetCapabilities&service=wfs&version=2.0.0,NULL,2026-06-22 09:51:35.527 +0300
1618,31706,r_friuve:m3967-cc-i1468,NULL,Web Feature Service (WFS),https://serviziogc.regione.fvg.it/geoserver/CAR_GEO/wfs?request=GetCapabilities&service=wfs&version=2.0.0,NULL,2026-06-22 09:51:35.527 +0300
1638,33785,r_friuve:m3967-cc-i1468,NULL,Web Feature Service (WFS),https://serviziogc.regione.fvg.it/geoserver/CAR_GEO/wfs?request=GetCapabilities&service=wfs&version=2.0.0,NULL,2026-06-22 09:51:35.527 +0300
46,364,r_friuve:m3967-cc-i1468,NULL,Web Map Service (WMS),https://serviziogc.regione.fvg.it/geoserver/CAR_GEO/wms?request=GetCapabilities&service=wms&version=1.3.0,NULL,2026-06-22 09:51:35.527 +0300
1388,11071,r_friuve:m3967-cc-i1468,NULL,Web Map Service (WMS),https://serviziogc.regione.fvg.it/geoserver/CAR_GEO/wms?request=GetCapabilities&service=wms&version=1.3.0,NULL,2026-06-22 09:51:35.527 +0300
1619,31707,r_friuve:m3967-cc-i1468,NULL,Web Map Service (WMS),https://serviziogc.regione.fvg.it/geoserver/CAR_GEO/wms?request=GetCapabilities&service=wms&version=1.3.0,NULL,2026-06-22 09:51:35.527 +0300
1639,33786,r_friuve:m3967-cc-i1468,NULL,Web Map Service (WMS),https://serviziogc.regione.fvg.it/geoserver/CAR_GEO/wms?request=GetCapabilities&service=wms&version=1.3.0,NULL,2026-06-22 09:51:35.527 +0300
1002,8292,r_friuve:m3969-cc-i1471,NULL,Web Feature Service (WFS),https://serviziogc.regione.fvg.it/geoserver/CAR_GEO/wfs?request=GetCapabilities&service=wfs&version=2.0.0,NULL,2026-06-22 09:51:35.527 +0300
1372,36885,r_friuve:m3969-cc-i1471,NULL,Web Feature Service (WFS),https://serviziogc.regione.fvg.it/geoserver/CAR_GEO/wfs?request=GetCapabilities&service=wfs&version=2.0.0,NULL,2026-06-22 09:51:35.527 +0300
1521,17608,r_friuve:m3969-cc-i1471,NULL,Web Feature Service (WFS),https://serviziogc.regione.fvg.it/geoserver/CAR_GEO/wfs?request=GetCapabilities&service=wfs&version=2.0.0,NULL,2026-06-22 09:51:35.527 +0300
1608,28997,r_friuve:m3969-cc-i1471,NULL,Web Feature Service (WFS),https://serviziogc.regione.fvg.it/geoserver/CAR_GEO/wfs?request=GetCapabilities&service=wfs&version=2.0.0,NULL,2026-06-22 09:51:35.527 +0300
2036,48546,r_friuve:m3969-cc-i1471,NULL,Web Feature Service (WFS),https://serviziogc.regione.fvg.it/geoserver/CAR_GEO/wfs?request=GetCapabilities&service=wfs&version=2.0.0,NULL,2026-06-22 09:51:35.527 +0300
2648,132357,r_friuve:m3969-cc-i1471,NULL,Web Feature Service (WFS),https://serviziogc.regione.fvg.it/geoserver/CAR_GEO/wfs?request=GetCapabilities&service=wfs&version=2.0.0,NULL,2026-06-22 09:51:35.527 +0300
3716,363251,r_friuve:m3969-cc-i1471,NULL,Web Feature Service (WFS),https://serviziogc.regione.fvg.it/geoserver/CAR_GEO/wfs?request=GetCapabilities&service=wfs&version=2.0.0,NULL,2026-06-22 09:51:35.527 +0300
4353,519899,r_friuve:m3969-cc-i1471,NULL,Web Feature Service (WFS),https://serviziogc.regione.fvg.it/geoserver/CAR_GEO/wfs?request=GetCapabilities&service=wfs&version=2.0.0,NULL,2026-06-22 09:51:35.527 +0300
4463,529026,r_friuve:m3969-cc-i1471,NULL,Web Feature Service (WFS),https://serviziogc.regione.fvg.it/geoserver/CAR_GEO/wfs?request=GetCapabilities&service=wfs&version=2.0.0,NULL,2026-06-22 09:51:35.527 +0300
4496,534482,r_friuve:m3969-cc-i1471,NULL,Web Feature Service (WFS),https://serviziogc.regione.fvg.it/geoserver/CAR_GEO/wfs?request=GetCapabilities&service=wfs&version=2.0.0,NULL,2026-06-22 09:51:35.527 +0300
4498,534489,r_friuve:m3969-cc-i1471,NULL,Web Feature Service (WFS),https://serviziogc.regione.fvg.it/geoserver/CAR_GEO/wfs?request=GetCapabilities&service=wfs&version=2.0.0,NULL,2026-06-22 09:51:35.527 +0300
4500,534495,r_friuve:m3969-cc-i1471,NULL,Web Feature Service (WFS),https://serviziogc.regione.fvg.it/geoserver/CAR_GEO/wfs?request=GetCapabilities&service=wfs&version=2.0.0,NULL,2026-06-22 09:51:35.527 +0300
4502,534502,r_friuve:m3969-cc-i1471,NULL,Web Feature Service (WFS),https://serviziogc.regione.fvg.it/geoserver/CAR_GEO/wfs?request=GetCapabilities&service=wfs&version=2.0.0,NULL,2026-06-22 09:51:35.527 +0300
4504,534510,r_friuve:m3969-cc-i1471,NULL,Web Feature Service (WFS),https://serviziogc.regione.fvg.it/geoserver/CAR_GEO/wfs?request=GetCapabilities&service=wfs&version=2.0.0,NULL,2026-06-22 09:51:35.527 +0300
4506,534516,r_friuve:m3969-cc-i1471,NULL,Web Feature Service (WFS),https://serviziogc.regione.fvg.it/geoserver/CAR_GEO/wfs?request=GetCapabilities&service=wfs&version=2.0.0,NULL,2026-06-22 09:51:35.527 +0300
1003,8293,r_friuve:m3969-cc-i1471,NULL,Web Map Service (WMS),https://serviziogc.regione.fvg.it/geoserver/CAR_GEO/wms?request=GetCapabilities&service=wms&version=1.3.0,NULL,2026-06-22 09:51:35.527 +0300
1373,36886,r_friuve:m3969-cc-i1471,NULL,Web Map Service (WMS),https://serviziogc.regione.fvg.it/geoserver/CAR_GEO/wms?request=GetCapabilities&service=wms&version=1.3.0,NULL,2026-06-22 09:51:35.527 +0300
1522,17609,r_friuve:m3969-cc-i1471,NULL,Web Map Service (WMS),https://serviziogc.regione.fvg.it/geoserver/CAR_GEO/wms?request=GetCapabilities&service=wms&version=1.3.0,NULL,2026-06-22 09:51:35.527 +0300
1609,28998,r_friuve:m3969-cc-i1471,NULL,Web Map Service (WMS),https://serviziogc.regione.fvg.it/geoserver/CAR_GEO/wms?request=GetCapabilities&service=wms&version=1.3.0,NULL,2026-06-22 09:51:35.527 +0300
2037,48547,r_friuve:m3969-cc-i1471,NULL,Web Map Service (WMS),https://serviziogc.regione.fvg.it/geoserver/CAR_GEO/wms?request=GetCapabilities&service=wms&version=1.3.0,NULL,2026-06-22 09:51:35.527 +0300
2649,132358,r_friuve:m3969-cc-i1471,NULL,Web Map Service (WMS),https://serviziogc.regione.fvg.it/geoserver/CAR_GEO/wms?request=GetCapabilities&service=wms&version=1.3.0,NULL,2026-06-22 09:51:35.527 +0300
3717,363252,r_friuve:m3969-cc-i1471,NULL,Web Map Service (WMS),https://serviziogc.regione.fvg.it/geoserver/CAR_GEO/wms?request=GetCapabilities&service=wms&version=1.3.0,NULL,2026-06-22 09:51:35.527 +0300
4354,519900,r_friuve:m3969-cc-i1471,NULL,Web Map Service (WMS),https://serviziogc.regione.fvg.it/geoserver/CAR_GEO/wms?request=GetCapabilities&service=wms&version=1.3.0,NULL,2026-06-22 09:51:35.527 +0300
4464,529027,r_friuve:m3969-cc-i1471,NULL,Web Map Service (WMS),https://serviziogc.regione.fvg.it/geoserver/CAR_GEO/wms?request=GetCapabilities&service=wms&version=1.3.0,NULL,2026-06-22 09:51:35.527 +0300
4497,534483,r_friuve:m3969-cc-i1471,NULL,Web Map Service (WMS),https://serviziogc.regione.fvg.it/geoserver/CAR_GEO/wms?request=GetCapabilities&service=wms&version=1.3.0,NULL,2026-06-22 09:51:35.527 +0300
4499,534490,r_friuve:m3969-cc-i1471,NULL,Web Map Service (WMS),https://serviziogc.regione.fvg.it/geoserver/CAR_GEO/wms?request=GetCapabilities&service=wms&version=1.3.0,NULL,2026-06-22 09:51:35.527 +0300
4501,534496,r_friuve:m3969-cc-i1471,NULL,Web Map Service (WMS),https://serviziogc.regione.fvg.it/geoserver/CAR_GEO/wms?request=GetCapabilities&service=wms&version=1.3.0,NULL,2026-06-22 09:51:35.527 +0300
4503,534503,r_friuve:m3969-cc-i1471,NULL,Web Map Service (WMS),https://serviziogc.regione.fvg.it/geoserver/CAR_GEO/wms?request=GetCapabilities&service=wms&version=1.3.0,NULL,2026-06-22 09:51:35.527 +0300
4505,534511,r_friuve:m3969-cc-i1471,NULL,Web Map Service (WMS),https://serviziogc.regione.fvg.it/geoserver/CAR_GEO/wms?request=GetCapabilities&service=wms&version=1.3.0,NULL,2026-06-22 09:51:35.527 +0300
4507,534517,r_friuve:m3969-cc-i1471,NULL,Web Map Service (WMS),https://serviziogc.regione.fvg.it/geoserver/CAR_GEO/wms?request=GetCapabilities&service=wms&version=1.3.0,NULL,2026-06-22 09:51:35.527 +0300
447,4002,r_friuve:m3970-cc-i1474,NULL,Web Feature Service (WFS),https://serviziogc.regione.fvg.it/geoserver/CAR_GEO/wfs?request=GetCapabilities&service=wfs&version=2.0.0,NULL,2026-06-22 09:51:35.527 +0300
1442,14083,r_friuve:m3970-cc-i1474,NULL,Web Feature Service (WFS),https://serviziogc.regione.fvg.it/geoserver/CAR_GEO/wfs?request=GetCapabilities&service=wfs&version=2.0.0,NULL,2026-06-22 09:51:35.527 +0300
1682,35672,r_friuve:m3970-cc-i1474,NULL,Web Feature Service (WFS),https://serviziogc.regione.fvg.it/geoserver/CAR_GEO/wfs?request=GetCapabilities&service=wfs&version=2.0.0,NULL,2026-06-22 09:51:35.527 +0300
2194,56488,r_friuve:m3970-cc-i1474,NULL,Web Feature Service (WFS),https://serviziogc.regione.fvg.it/geoserver/CAR_GEO/wfs?request=GetCapabilities&service=wfs&version=2.0.0,NULL,2026-06-22 09:51:35.527 +0300
2529,69815,r_friuve:m3970-cc-i1474,NULL,Web Feature Service (WFS),https://serviziogc.regione.fvg.it/geoserver/CAR_GEO/wfs?request=GetCapabilities&service=wfs&version=2.0.0,NULL,2026-06-22 09:51:35.527 +0300
2663,132428,r_friuve:m3970-cc-i1474,NULL,Web Feature Service (WFS),https://serviziogc.regione.fvg.it/geoserver/CAR_GEO/wfs?request=GetCapabilities&service=wfs&version=2.0.0,NULL,2026-06-22 09:51:35.527 +0300
4348,519884,r_friuve:m3970-cc-i1474,NULL,Web Feature Service (WFS),https://serviziogc.regione.fvg.it/geoserver/CAR_GEO/wfs?request=GetCapabilities&service=wfs&version=2.0.0,NULL,2026-06-22 09:51:35.527 +0300
446,4001,r_friuve:m3970-cc-i1474,NULL,Web Map Service (WMS),https://serviziogc.regione.fvg.it/geoserver/CAR_GEO/wms?request=GetCapabilities&service=wms&version=1.3.0,NULL,2026-06-22 09:51:35.527 +0300
1441,14082,r_friuve:m3970-cc-i1474,NULL,Web Map Service (WMS),https://serviziogc.regione.fvg.it/geoserver/CAR_GEO/wms?request=GetCapabilities&service=wms&version=1.3.0,NULL,2026-06-22 09:51:35.527 +0300
1681,35671,r_friuve:m3970-cc-i1474,NULL,Web Map Service (WMS),https://serviziogc.regione.fvg.it/geoserver/CAR_GEO/wms?request=GetCapabilities&service=wms&version=1.3.0,NULL,2026-06-22 09:51:35.527 +0300
2193,56487,r_friuve:m3970-cc-i1474,NULL,Web Map Service (WMS),https://serviziogc.regione.fvg.it/geoserver/CAR_GEO/wms?request=GetCapabilities&service=wms&version=1.3.0,NULL,2026-06-22 09:51:35.527 +0300
2528,69814,r_friuve:m3970-cc-i1474,NULL,Web Map Service (WMS),https://serviziogc.regione.fvg.it/geoserver/CAR_GEO/wms?request=GetCapabilities&service=wms&version=1.3.0,NULL,2026-06-22 09:51:35.527 +0300
2662,132427,r_friuve:m3970-cc-i1474,NULL,Web Map Service (WMS),https://serviziogc.regione.fvg.it/geoserver/CAR_GEO/wms?request=GetCapabilities&service=wms&version=1.3.0,NULL,2026-06-22 09:51:35.527 +0300
4347,519883,r_friuve:m3970-cc-i1474,NULL,Web Map Service (WMS),https://serviziogc.regione.fvg.it/geoserver/CAR_GEO/wms?request=GetCapabilities&service=wms&version=1.3.0,NULL,2026-06-22 09:51:35.527 +0300
271,2196,r_friuve:m3972-cc-i1476,NULL,Web Feature Service (WFS),https://serviziogc.regione.fvg.it/geoserver/CAR_GEO/wfs?request=GetCapabilities&service=wfs&version=2.0.0,NULL,2026-06-22 09:51:35.527 +0300
1413,12660,r_friuve:m3972-cc-i1476,NULL,Web Feature Service (WFS),https://serviziogc.regione.fvg.it/geoserver/CAR_GEO/wfs?request=GetCapabilities&service=wfs&version=2.0.0,NULL,2026-06-22 09:51:35.527 +0300
1658,34819,r_friuve:m3972-cc-i1476,NULL,Web Feature Service (WFS),https://serviziogc.regione.fvg.it/geoserver/CAR_GEO/wfs?request=GetCapabilities&service=wfs&version=2.0.0,NULL,2026-06-22 09:51:35.527 +0300
2191,56481,r_friuve:m3972-cc-i1476,NULL,Web Feature Service (WFS),https://serviziogc.regione.fvg.it/geoserver/CAR_GEO/wfs?request=GetCapabilities&service=wfs&version=2.0.0,NULL,2026-06-22 09:51:35.527 +0300
2444,69015,r_friuve:m3972-cc-i1476,NULL,Web Feature Service (WFS),https://serviziogc.regione.fvg.it/geoserver/CAR_GEO/wfs?request=GetCapabilities&service=wfs&version=2.0.0,NULL,2026-06-22 09:51:35.527 +0300
4343,519873,r_friuve:m3972-cc-i1476,NULL,Web Feature Service (WFS),https://serviziogc.regione.fvg.it/geoserver/CAR_GEO/wfs?request=GetCapabilities&service=wfs&version=2.0.0,NULL,2026-06-22 09:51:35.527 +0300
272,2197,r_friuve:m3972-cc-i1476,NULL,Web Map Service (WMS),https://serviziogc.regione.fvg.it/geoserver/CAR_GEO/wms?request=GetCapabilities&service=wms&version=1.3.0,NULL,2026-06-22 09:51:35.527 +0300
1414,12661,r_friuve:m3972-cc-i1476,NULL,Web Map Service (WMS),https://serviziogc.regione.fvg.it/geoserver/CAR_GEO/wms?request=GetCapabilities&service=wms&version=1.3.0,NULL,2026-06-22 09:51:35.527 +0300
1659,34820,r_friuve:m3972-cc-i1476,NULL,Web Map Service (WMS),https://serviziogc.regione.fvg.it/geoserver/CAR_GEO/wms?request=GetCapabilities&service=wms&version=1.3.0,NULL,2026-06-22 09:51:35.527 +0300
2192,56482,r_friuve:m3972-cc-i1476,NULL,Web Map Service (WMS),https://serviziogc.regione.fvg.it/geoserver/CAR_GEO/wms?request=GetCapabilities&service=wms&version=1.3.0,NULL,2026-06-22 09:51:35.527 +0300
2445,69016,r_friuve:m3972-cc-i1476,NULL,Web Map Service (WMS),https://serviziogc.regione.fvg.it/geoserver/CAR_GEO/wms?request=GetCapabilities&service=wms&version=1.3.0,NULL,2026-06-22 09:51:35.527 +0300
4344,519874,r_friuve:m3972-cc-i1476,NULL,Web Map Service (WMS),https://serviziogc.regione.fvg.it/geoserver/CAR_GEO/wms?request=GetCapabilities&service=wms&version=1.3.0,NULL,2026-06-22 09:51:35.527 +0300
2305,56983,r_friuve:m3974-cc-i1478,NULL,Web Feature Service (WFS),https://serviziogc.regione.fvg.it/geoserver/CAR_GEO/wfs?request=GetCapabilities&service=wfs&version=2.0.0,NULL,2026-06-22 09:51:35.527 +0300
4184,506495,r_friuve:m3974-cc-i1478,NULL,Web Feature Service (WFS),https://serviziogc.regione.fvg.it/geoserver/CAR_GEO/wfs?request=GetCapabilities&service=wfs&version=2.0.0,NULL,2026-06-22 09:51:35.527 +0300
4226,515131,r_friuve:m3974-cc-i1478,NULL,Web Feature Service (WFS),https://serviziogc.regione.fvg.it/geoserver/CAR_GEO/wfs?request=GetCapabilities&service=wfs&version=2.0.0,NULL,2026-06-22 09:51:35.527 +0300
2304,56982,r_friuve:m3974-cc-i1478,NULL,Web Map Service (WMS),https://serviziogc.regione.fvg.it/geoserver/CAR_GEO/wms?request=GetCapabilities&service=wms&version=1.3.0,NULL,2026-06-22 09:51:35.527 +0300
4183,506494,r_friuve:m3974-cc-i1478,NULL,Web Map Service (WMS),https://serviziogc.regione.fvg.it/geoserver/CAR_GEO/wms?request=GetCapabilities&service=wms&version=1.3.0,NULL,2026-06-22 09:51:35.527 +0300
4225,515130,r_friuve:m3974-cc-i1478,NULL,Web Map Service (WMS),https://serviziogc.regione.fvg.it/geoserver/CAR_GEO/wms?request=GetCapabilities&service=wms&version=1.3.0,NULL,2026-06-22 09:51:35.527 +0300
2250,56710,r_friuve:m3976-cc-i1481,NULL,Web Feature Service (WFS),https://serviziogc.regione.fvg.it/geoserver/CAR_GEO/wfs?request=GetCapabilities&service=wfs&version=2.0.0,NULL,2026-06-22 09:51:35.527 +0300
2664,132433,r_friuve:m3976-cc-i1481,NULL,Web Feature Service (WFS),https://serviziogc.regione.fvg.it/geoserver/CAR_GEO/wfs?request=GetCapabilities&service=wfs&version=2.0.0,NULL,2026-06-22 09:51:35.527 +0300
4233,515513,r_friuve:m3976-cc-i1481,NULL,Web Feature Service (WFS),https://serviziogc.regione.fvg.it/geoserver/CAR_GEO/wfs?request=GetCapabilities&service=wfs&version=2.0.0,NULL,2026-06-22 09:51:35.527 +0300
4243,515923,r_friuve:m3976-cc-i1481,NULL,Web Feature Service (WFS),https://serviziogc.regione.fvg.it/geoserver/CAR_GEO/wfs?request=GetCapabilities&service=wfs&version=2.0.0,NULL,2026-06-22 09:51:35.527 +0300
2251,56711,r_friuve:m3976-cc-i1481,NULL,Web Map Service (WMS),https://serviziogc.regione.fvg.it/geoserver/CAR_GEO/wms?request=GetCapabilities&service=wms&version=1.3.0,NULL,2026-06-22 09:51:35.527 +0300
2665,132434,r_friuve:m3976-cc-i1481,NULL,Web Map Service (WMS),https://serviziogc.regione.fvg.it/geoserver/CAR_GEO/wms?request=GetCapabilities&service=wms&version=1.3.0,NULL,2026-06-22 09:51:35.527 +0300
4234,515514,r_friuve:m3976-cc-i1481,NULL,Web Map Service (WMS),https://serviziogc.regione.fvg.it/geoserver/CAR_GEO/wms?request=GetCapabilities&service=wms&version=1.3.0,NULL,2026-06-22 09:51:35.527 +0300
4244,515924,r_friuve:m3976-cc-i1481,NULL,Web Map Service (WMS),https://serviziogc.regione.fvg.it/geoserver/CAR_GEO/wms?request=GetCapabilities&service=wms&version=1.3.0,NULL,2026-06-22 09:51:35.527 +0300
437,3912,r_friuve:m3981-cc-i1493,NULL,Web Feature Service (WFS),https://serviziogc.regione.fvg.it/geoserver/CAR_GEO/wfs?request=GetCapabilities&service=wfs&version=2.0.0,NULL,2026-06-22 09:51:35.527 +0300
1435,14006,r_friuve:m3981-cc-i1493,NULL,Web Feature Service (WFS),https://serviziogc.regione.fvg.it/geoserver/CAR_GEO/wfs?request=GetCapabilities&service=wfs&version=2.0.0,NULL,2026-06-22 09:51:35.527 +0300
1677,35641,r_friuve:m3981-cc-i1493,NULL,Web Feature Service (WFS),https://serviziogc.regione.fvg.it/geoserver/CAR_GEO/wfs?request=GetCapabilities&service=wfs&version=2.0.0,NULL,2026-06-22 09:51:35.527 +0300
2062,48731,r_friuve:m3981-cc-i1493,NULL,Web Feature Service (WFS),https://serviziogc.regione.fvg.it/geoserver/CAR_GEO/wfs?request=GetCapabilities&service=wfs&version=2.0.0,NULL,2026-06-22 09:51:35.527 +0300
2530,69829,r_friuve:m3981-cc-i1493,NULL,Web Feature Service (WFS),https://serviziogc.regione.fvg.it/geoserver/CAR_GEO/wfs?request=GetCapabilities&service=wfs&version=2.0.0,NULL,2026-06-22 09:51:35.527 +0300
4351,519892,r_friuve:m3981-cc-i1493,NULL,Web Feature Service (WFS),https://serviziogc.regione.fvg.it/geoserver/CAR_GEO/wfs?request=GetCapabilities&service=wfs&version=2.0.0,NULL,2026-06-22 09:51:35.527 +0300
438,3913,r_friuve:m3981-cc-i1493,NULL,Web Map Service (WMS),https://serviziogc.regione.fvg.it/geoserver/CAR_GEO/wms?request=GetCapabilities&service=wms&version=1.3.0,NULL,2026-06-22 09:51:35.527 +0300
1436,14007,r_friuve:m3981-cc-i1493,NULL,Web Map Service (WMS),https://serviziogc.regione.fvg.it/geoserver/CAR_GEO/wms?request=GetCapabilities&service=wms&version=1.3.0,NULL,2026-06-22 09:51:35.527 +0300
1678,35642,r_friuve:m3981-cc-i1493,NULL,Web Map Service (WMS),https://serviziogc.regione.fvg.it/geoserver/CAR_GEO/wms?request=GetCapabilities&service=wms&version=1.3.0,NULL,2026-06-22 09:51:35.527 +0300
2063,48732,r_friuve:m3981-cc-i1493,NULL,Web Map Service (WMS),https://serviziogc.regione.fvg.it/geoserver/CAR_GEO/wms?request=GetCapabilities&service=wms&version=1.3.0,NULL,2026-06-22 09:51:35.527 +0300
2531,69830,r_friuve:m3981-cc-i1493,NULL,Web Map Service (WMS),https://serviziogc.regione.fvg.it/geoserver/CAR_GEO/wms?request=GetCapabilities&service=wms&version=1.3.0,NULL,2026-06-22 09:51:35.527 +0300
4352,519893,r_friuve:m3981-cc-i1493,NULL,Web Map Service (WMS),https://serviziogc.regione.fvg.it/geoserver/CAR_GEO/wms?request=GetCapabilities&service=wms&version=1.3.0,NULL,2026-06-22 09:51:35.527 +0300
441,3956,r_friuve:m3982-cc-i1494,NULL,Web Feature Service (WFS),https://serviziogc.regione.fvg.it/geoserver/CAR_GEO/wfs?request=GetCapabilities&service=wfs&version=2.0.0,NULL,2026-06-22 09:51:35.527 +0300
1437,14028,r_friuve:m3982-cc-i1494,NULL,Web Feature Service (WFS),https://serviziogc.regione.fvg.it/geoserver/CAR_GEO/wfs?request=GetCapabilities&service=wfs&version=2.0.0,NULL,2026-06-22 09:51:35.527 +0300
1549,26715,r_friuve:m3982-cc-i1494,NULL,Web Feature Service (WFS),https://serviziogc.regione.fvg.it/geoserver/CAR_GEO/wfs?request=GetCapabilities&service=wfs&version=2.0.0,NULL,2026-06-22 09:51:35.527 +0300
1635,33538,r_friuve:m3982-cc-i1494,NULL,Web Feature Service (WFS),https://serviziogc.regione.fvg.it/geoserver/CAR_GEO/wfs?request=GetCapabilities&service=wfs&version=2.0.0,NULL,2026-06-22 09:51:35.527 +0300
1686,35655,r_friuve:m3982-cc-i1494,NULL,Web Feature Service (WFS),https://serviziogc.regione.fvg.it/geoserver/CAR_GEO/wfs?request=GetCapabilities&service=wfs&version=2.0.0,NULL,2026-06-22 09:51:35.527 +0300
2012,48472,r_friuve:m3982-cc-i1494,NULL,Web Feature Service (WFS),https://serviziogc.regione.fvg.it/geoserver/CAR_GEO/wfs?request=GetCapabilities&service=wfs&version=2.0.0,NULL,2026-06-22 09:51:35.527 +0300
2655,132387,r_friuve:m3982-cc-i1494,NULL,Web Feature Service (WFS),https://serviziogc.regione.fvg.it/geoserver/CAR_GEO/wfs?request=GetCapabilities&service=wfs&version=2.0.0,NULL,2026-06-22 09:51:35.527 +0300
4268,516811,r_friuve:m3982-cc-i1494,NULL,Web Feature Service (WFS),https://serviziogc.regione.fvg.it/geoserver/CAR_GEO/wfs?request=GetCapabilities&service=wfs&version=2.0.0,NULL,2026-06-22 09:51:35.527 +0300
4270,516825,r_friuve:m3982-cc-i1494,NULL,Web Feature Service (WFS),https://serviziogc.regione.fvg.it/geoserver/CAR_GEO/wfs?request=GetCapabilities&service=wfs&version=2.0.0,NULL,2026-06-22 09:51:35.527 +0300
4272,516831,r_friuve:m3982-cc-i1494,NULL,Web Feature Service (WFS),https://serviziogc.regione.fvg.it/geoserver/CAR_GEO/wfs?request=GetCapabilities&service=wfs&version=2.0.0,NULL,2026-06-22 09:51:35.527 +0300
4274,516837,r_friuve:m3982-cc-i1494,NULL,Web Feature Service (WFS),https://serviziogc.regione.fvg.it/geoserver/CAR_GEO/wfs?request=GetCapabilities&service=wfs&version=2.0.0,NULL,2026-06-22 09:51:35.527 +0300
4276,516847,r_friuve:m3982-cc-i1494,NULL,Web Feature Service (WFS),https://serviziogc.regione.fvg.it/geoserver/CAR_GEO/wfs?request=GetCapabilities&service=wfs&version=2.0.0,NULL,2026-06-22 09:51:35.527 +0300
4278,516853,r_friuve:m3982-cc-i1494,NULL,Web Feature Service (WFS),https://serviziogc.regione.fvg.it/geoserver/CAR_GEO/wfs?request=GetCapabilities&service=wfs&version=2.0.0,NULL,2026-06-22 09:51:35.527 +0300
442,3957,r_friuve:m3982-cc-i1494,NULL,Web Map Service (WMS),https://serviziogc.regione.fvg.it/geoserver/CAR_GEO/wms?request=GetCapabilities&service=wms&version=1.3.0,NULL,2026-06-22 09:51:35.527 +0300
1438,14029,r_friuve:m3982-cc-i1494,NULL,Web Map Service (WMS),https://serviziogc.regione.fvg.it/geoserver/CAR_GEO/wms?request=GetCapabilities&service=wms&version=1.3.0,NULL,2026-06-22 09:51:35.527 +0300
1550,26716,r_friuve:m3982-cc-i1494,NULL,Web Map Service (WMS),https://serviziogc.regione.fvg.it/geoserver/CAR_GEO/wms?request=GetCapabilities&service=wms&version=1.3.0,NULL,2026-06-22 09:51:35.527 +0300
1636,33539,r_friuve:m3982-cc-i1494,NULL,Web Map Service (WMS),https://serviziogc.regione.fvg.it/geoserver/CAR_GEO/wms?request=GetCapabilities&service=wms&version=1.3.0,NULL,2026-06-22 09:51:35.527 +0300
1687,35656,r_friuve:m3982-cc-i1494,NULL,Web Map Service (WMS),https://serviziogc.regione.fvg.it/geoserver/CAR_GEO/wms?request=GetCapabilities&service=wms&version=1.3.0,NULL,2026-06-22 09:51:35.527 +0300
2013,48473,r_friuve:m3982-cc-i1494,NULL,Web Map Service (WMS),https://serviziogc.regione.fvg.it/geoserver/CAR_GEO/wms?request=GetCapabilities&service=wms&version=1.3.0,NULL,2026-06-22 09:51:35.527 +0300
2656,132388,r_friuve:m3982-cc-i1494,NULL,Web Map Service (WMS),https://serviziogc.regione.fvg.it/geoserver/CAR_GEO/wms?request=GetCapabilities&service=wms&version=1.3.0,NULL,2026-06-22 09:51:35.527 +0300
4269,516812,r_friuve:m3982-cc-i1494,NULL,Web Map Service (WMS),https://serviziogc.regione.fvg.it/geoserver/CAR_GEO/wms?request=GetCapabilities&service=wms&version=1.3.0,NULL,2026-06-22 09:51:35.527 +0300
4271,516826,r_friuve:m3982-cc-i1494,NULL,Web Map Service (WMS),https://serviziogc.regione.fvg.it/geoserver/CAR_GEO/wms?request=GetCapabilities&service=wms&version=1.3.0,NULL,2026-06-22 09:51:35.527 +0300
4273,516832,r_friuve:m3982-cc-i1494,NULL,Web Map Service (WMS),https://serviziogc.regione.fvg.it/geoserver/CAR_GEO/wms?request=GetCapabilities&service=wms&version=1.3.0,NULL,2026-06-22 09:51:35.527 +0300
4275,516838,r_friuve:m3982-cc-i1494,NULL,Web Map Service (WMS),https://serviziogc.regione.fvg.it/geoserver/CAR_GEO/wms?request=GetCapabilities&service=wms&version=1.3.0,NULL,2026-06-22 09:51:35.527 +0300
4277,516848,r_friuve:m3982-cc-i1494,NULL,Web Map Service (WMS),https://serviziogc.regione.fvg.it/geoserver/CAR_GEO/wms?request=GetCapabilities&service=wms&version=1.3.0,NULL,2026-06-22 09:51:35.527 +0300
4279,516854,r_friuve:m3982-cc-i1494,NULL,Web Map Service (WMS),https://serviziogc.regione.fvg.it/geoserver/CAR_GEO/wms?request=GetCapabilities&service=wms&version=1.3.0,NULL,2026-06-22 09:51:35.527 +0300
456,4056,r_friuve:m3984-cc-i3981,NULL,Web Feature Service (WFS),https://serviziogc.regione.fvg.it/geoserver/CAR_GEO/wfs?request=GetCapabilities&service=wfs&version=2.0.0,NULL,2026-06-22 09:51:35.527 +0300
1447,14121,r_friuve:m3984-cc-i3981,NULL,Web Feature Service (WFS),https://serviziogc.regione.fvg.it/geoserver/CAR_GEO/wfs?request=GetCapabilities&service=wfs&version=2.0.0,NULL,2026-06-22 09:51:35.527 +0300
1691,35691,r_friuve:m3984-cc-i3981,NULL,Web Feature Service (WFS),https://serviziogc.regione.fvg.it/geoserver/CAR_GEO/wfs?request=GetCapabilities&service=wfs&version=2.0.0,NULL,2026-06-22 09:51:35.527 +0300
2043,48598,r_friuve:m3984-cc-i3981,NULL,Web Feature Service (WFS),https://serviziogc.regione.fvg.it/geoserver/CAR_GEO/wfs?request=GetCapabilities&service=wfs&version=2.0.0,NULL,2026-06-22 09:51:35.527 +0300
2653,132375,r_friuve:m3984-cc-i3981,NULL,Web Feature Service (WFS),https://serviziogc.regione.fvg.it/geoserver/CAR_GEO/wfs?request=GetCapabilities&service=wfs&version=2.0.0,NULL,2026-06-22 09:51:35.527 +0300
4220,514948,r_friuve:m3984-cc-i3981,NULL,Web Feature Service (WFS),https://serviziogc.regione.fvg.it/geoserver/CAR_GEO/wfs?request=GetCapabilities&service=wfs&version=2.0.0,NULL,2026-06-22 09:51:35.527 +0300
455,4055,r_friuve:m3984-cc-i3981,NULL,Web Map Service (WMS),https://serviziogc.regione.fvg.it/geoserver/CAR_GEO/wms?request=GetCapabilities&service=wms&version=1.3.0,NULL,2026-06-22 09:51:35.527 +0300
1446,14120,r_friuve:m3984-cc-i3981,NULL,Web Map Service (WMS),https://serviziogc.regione.fvg.it/geoserver/CAR_GEO/wms?request=GetCapabilities&service=wms&version=1.3.0,NULL,2026-06-22 09:51:35.527 +0300
1690,35690,r_friuve:m3984-cc-i3981,NULL,Web Map Service (WMS),https://serviziogc.regione.fvg.it/geoserver/CAR_GEO/wms?request=GetCapabilities&service=wms&version=1.3.0,NULL,2026-06-22 09:51:35.527 +0300
2042,48597,r_friuve:m3984-cc-i3981,NULL,Web Map Service (WMS),https://serviziogc.regione.fvg.it/geoserver/CAR_GEO/wms?request=GetCapabilities&service=wms&version=1.3.0,NULL,2026-06-22 09:51:35.527 +0300
2652,132374,r_friuve:m3984-cc-i3981,NULL,Web Map Service (WMS),https://serviziogc.regione.fvg.it/geoserver/CAR_GEO/wms?request=GetCapabilities&service=wms&version=1.3.0,NULL,2026-06-22 09:51:35.527 +0300
4219,514947,r_friuve:m3984-cc-i3981,NULL,Web Map Service (WMS),https://serviziogc.regione.fvg.it/geoserver/CAR_GEO/wms?request=GetCapabilities&service=wms&version=1.3.0,NULL,2026-06-22 09:51:35.527 +0300
38,307,r_friuve:m3986-cc-i4021,NULL,Web Feature Service (WFS),https://serviziogc.regione.fvg.it/geoserver/CAR_GEO/wfs?request=GetCapabilities&service=wfs&version=2.0.0,NULL,2026-06-22 09:51:35.527 +0300
1385,11045,r_friuve:m3986-cc-i4021,NULL,Web Feature Service (WFS),https://serviziogc.regione.fvg.it/geoserver/CAR_GEO/wfs?request=GetCapabilities&service=wfs&version=2.0.0,NULL,2026-06-22 09:51:35.527 +0300
1616,31686,r_friuve:m3986-cc-i4021,NULL,Web Feature Service (WFS),https://serviziogc.regione.fvg.it/geoserver/CAR_GEO/wfs?request=GetCapabilities&service=wfs&version=2.0.0,NULL,2026-06-22 09:51:35.527 +0300
1640,33765,r_friuve:m3986-cc-i4021,NULL,Web Feature Service (WFS),https://serviziogc.regione.fvg.it/geoserver/CAR_GEO/wfs?request=GetCapabilities&service=wfs&version=2.0.0,NULL,2026-06-22 09:51:35.527 +0300
2207,56527,r_friuve:m3986-cc-i4021,NULL,Web Feature Service (WFS),https://serviziogc.regione.fvg.it/geoserver/CAR_GEO/wfs?request=GetCapabilities&service=wfs&version=2.0.0,NULL,2026-06-22 09:51:35.527 +0300
2541,70346,r_friuve:m3986-cc-i4021,NULL,Web Feature Service (WFS),https://serviziogc.regione.fvg.it/geoserver/CAR_GEO/wfs?request=GetCapabilities&service=wfs&version=2.0.0,NULL,2026-06-22 09:51:35.527 +0300
4288,517519,r_friuve:m3986-cc-i4021,NULL,Web Feature Service (WFS),https://serviziogc.regione.fvg.it/geoserver/CAR_GEO/wfs?request=GetCapabilities&service=wfs&version=2.0.0,NULL,2026-06-22 09:51:35.527 +0300
39,308,r_friuve:m3986-cc-i4021,NULL,Web Map Service (WMS),https://serviziogc.regione.fvg.it/geoserver/CAR_GEO/wms?request=GetCapabilities&service=wms&version=1.3.0,NULL,2026-06-22 09:51:35.527 +0300
1386,11046,r_friuve:m3986-cc-i4021,NULL,Web Map Service (WMS),https://serviziogc.regione.fvg.it/geoserver/CAR_GEO/wms?request=GetCapabilities&service=wms&version=1.3.0,NULL,2026-06-22 09:51:35.527 +0300
1617,31687,r_friuve:m3986-cc-i4021,NULL,Web Map Service (WMS),https://serviziogc.regione.fvg.it/geoserver/CAR_GEO/wms?request=GetCapabilities&service=wms&version=1.3.0,NULL,2026-06-22 09:51:35.527 +0300
1641,33766,r_friuve:m3986-cc-i4021,NULL,Web Map Service (WMS),https://serviziogc.regione.fvg.it/geoserver/CAR_GEO/wms?request=GetCapabilities&service=wms&version=1.3.0,NULL,2026-06-22 09:51:35.527 +0300
2208,56528,r_friuve:m3986-cc-i4021,NULL,Web Map Service (WMS),https://serviziogc.regione.fvg.it/geoserver/CAR_GEO/wms?request=GetCapabilities&service=wms&version=1.3.0,NULL,2026-06-22 09:51:35.527 +0300
2542,70347,r_friuve:m3986-cc-i4021,NULL,Web Map Service (WMS),https://serviziogc.regione.fvg.it/geoserver/CAR_GEO/wms?request=GetCapabilities&service=wms&version=1.3.0,NULL,2026-06-22 09:51:35.527 +0300
4289,517520,r_friuve:m3986-cc-i4021,NULL,Web Map Service (WMS),https://serviziogc.regione.fvg.it/geoserver/CAR_GEO/wms?request=GetCapabilities&service=wms&version=1.3.0,NULL,2026-06-22 09:51:35.527 +0300
444,3979,r_friuve:m3987-cc-i4022,NULL,Web Feature Service (WFS),https://serviziogc.regione.fvg.it/geoserver/CAR_GEO/wfs?request=GetCapabilities&service=wfs&version=2.0.0,NULL,2026-06-22 09:51:35.527 +0300
1439,14073,r_friuve:m3987-cc-i4022,NULL,Web Feature Service (WFS),https://serviziogc.regione.fvg.it/geoserver/CAR_GEO/wfs?request=GetCapabilities&service=wfs&version=2.0.0,NULL,2026-06-22 09:51:35.527 +0300
1551,26752,r_friuve:m3987-cc-i4022,NULL,Web Feature Service (WFS),https://serviziogc.regione.fvg.it/geoserver/CAR_GEO/wfs?request=GetCapabilities&service=wfs&version=2.0.0,NULL,2026-06-22 09:51:35.527 +0300
1679,35661,r_friuve:m3987-cc-i4022,NULL,Web Feature Service (WFS),https://serviziogc.regione.fvg.it/geoserver/CAR_GEO/wfs?request=GetCapabilities&service=wfs&version=2.0.0,NULL,2026-06-22 09:51:35.527 +0300
2038,48580,r_friuve:m3987-cc-i4022,NULL,Web Feature Service (WFS),https://serviziogc.regione.fvg.it/geoserver/CAR_GEO/wfs?request=GetCapabilities&service=wfs&version=2.0.0,NULL,2026-06-22 09:51:35.527 +0300
2605,109531,r_friuve:m3987-cc-i4022,NULL,Web Feature Service (WFS),https://serviziogc.regione.fvg.it/geoserver/CAR_GEO/wfs?request=GetCapabilities&service=wfs&version=2.0.0,NULL,2026-06-22 09:51:35.527 +0300
4217,514938,r_friuve:m3987-cc-i4022,NULL,Web Feature Service (WFS),https://serviziogc.regione.fvg.it/geoserver/CAR_GEO/wfs?request=GetCapabilities&service=wfs&version=2.0.0,NULL,2026-06-22 09:51:35.527 +0300
4442,525133,r_friuve:m3987-cc-i4022,NULL,Web Feature Service (WFS),https://serviziogc.regione.fvg.it/geoserver/CAR_GEO/wfs?request=GetCapabilities&service=wfs&version=2.0.0,NULL,2026-06-22 09:51:35.527 +0300
445,3980,r_friuve:m3987-cc-i4022,NULL,Web Map Service (WMS),https://serviziogc.regione.fvg.it/geoserver/CAR_GEO/wms?request=GetCapabilities&service=wms&version=1.3.0,NULL,2026-06-22 09:51:35.527 +0300
1440,14074,r_friuve:m3987-cc-i4022,NULL,Web Map Service (WMS),https://serviziogc.regione.fvg.it/geoserver/CAR_GEO/wms?request=GetCapabilities&service=wms&version=1.3.0,NULL,2026-06-22 09:51:35.527 +0300
1552,26753,r_friuve:m3987-cc-i4022,NULL,Web Map Service (WMS),https://serviziogc.regione.fvg.it/geoserver/CAR_GEO/wms?request=GetCapabilities&service=wms&version=1.3.0,NULL,2026-06-22 09:51:35.527 +0300
1680,35662,r_friuve:m3987-cc-i4022,NULL,Web Map Service (WMS),https://serviziogc.regione.fvg.it/geoserver/CAR_GEO/wms?request=GetCapabilities&service=wms&version=1.3.0,NULL,2026-06-22 09:51:35.527 +0300
2039,48581,r_friuve:m3987-cc-i4022,NULL,Web Map Service (WMS),https://serviziogc.regione.fvg.it/geoserver/CAR_GEO/wms?request=GetCapabilities&service=wms&version=1.3.0,NULL,2026-06-22 09:51:35.527 +0300
2606,109532,r_friuve:m3987-cc-i4022,NULL,Web Map Service (WMS),https://serviziogc.regione.fvg.it/geoserver/CAR_GEO/wms?request=GetCapabilities&service=wms&version=1.3.0,NULL,2026-06-22 09:51:35.527 +0300
4218,514939,r_friuve:m3987-cc-i4022,NULL,Web Map Service (WMS),https://serviziogc.regione.fvg.it/geoserver/CAR_GEO/wms?request=GetCapabilities&service=wms&version=1.3.0,NULL,2026-06-22 09:51:35.527 +0300
4443,525134,r_friuve:m3987-cc-i4022,NULL,Web Map Service (WMS),https://serviziogc.regione.fvg.it/geoserver/CAR_GEO/wms?request=GetCapabilities&service=wms&version=1.3.0,NULL,2026-06-22 09:51:35.527 +0300
2425,68873,r_friuve:m4001-cc-i1392,NULL,Web Feature Service (WFS),https://serviziogc.regione.fvg.it/geoserver/CAR_GEO/wfs?request=GetCapabilities&service=wfs&version=2.0.0,NULL,2026-06-22 09:51:35.527 +0300
2427,68879,r_friuve:m4001-cc-i1392,NULL,Web Feature Service (WFS),https://serviziogc.regione.fvg.it/geoserver/CAR_GEO/wfs?request=GetCapabilities&service=wfs&version=2.0.0,NULL,2026-06-22 09:51:35.527 +0300
2429,68885,r_friuve:m4001-cc-i1392,NULL,Web Feature Service (WFS),https://serviziogc.regione.fvg.it/geoserver/CAR_GEO/wfs?request=GetCapabilities&service=wfs&version=2.0.0,NULL,2026-06-22 09:51:35.527 +0300
2431,68891,r_friuve:m4001-cc-i1392,NULL,Web Feature Service (WFS),https://serviziogc.regione.fvg.it/geoserver/CAR_GEO/wfs?request=GetCapabilities&service=wfs&version=2.0.0,NULL,2026-06-22 09:51:35.527 +0300
2433,68897,r_friuve:m4001-cc-i1392,NULL,Web Feature Service (WFS),https://serviziogc.regione.fvg.it/geoserver/CAR_GEO/wfs?request=GetCapabilities&service=wfs&version=2.0.0,NULL,2026-06-22 09:51:35.527 +0300
2424,68872,r_friuve:m4001-cc-i1392,NULL,Web Map Service (WMS),https://serviziogc.regione.fvg.it/geoserver/CAR_GEO/wms?request=GetCapabilities&service=wms&version=1.3.0,NULL,2026-06-22 09:51:35.527 +0300
2426,68878,r_friuve:m4001-cc-i1392,NULL,Web Map Service (WMS),https://serviziogc.regione.fvg.it/geoserver/CAR_GEO/wms?request=GetCapabilities&service=wms&version=1.3.0,NULL,2026-06-22 09:51:35.527 +0300
2428,68884,r_friuve:m4001-cc-i1392,NULL,Web Map Service (WMS),https://serviziogc.regione.fvg.it/geoserver/CAR_GEO/wms?request=GetCapabilities&service=wms&version=1.3.0,NULL,2026-06-22 09:51:35.527 +0300
2430,68890,r_friuve:m4001-cc-i1392,NULL,Web Map Service (WMS),https://serviziogc.regione.fvg.it/geoserver/CAR_GEO/wms?request=GetCapabilities&service=wms&version=1.3.0,NULL,2026-06-22 09:51:35.527 +0300
2432,68896,r_friuve:m4001-cc-i1392,NULL,Web Map Service (WMS),https://serviziogc.regione.fvg.it/geoserver/CAR_GEO/wms?request=GetCapabilities&service=wms&version=1.3.0,NULL,2026-06-22 09:51:35.527 +0300
439,3937,r_friuve:m4003-cc-i4085,NULL,Web Feature Service (WFS),https://serviziogc.regione.fvg.it/geoserver/CAR_GEO/wfs?request=GetCapabilities&service=wfs&version=2.0.0,NULL,2026-06-22 09:51:35.527 +0300
1432,14018,r_friuve:m4003-cc-i4085,NULL,Web Feature Service (WFS),https://serviziogc.regione.fvg.it/geoserver/CAR_GEO/wfs?request=GetCapabilities&service=wfs&version=2.0.0,NULL,2026-06-22 09:51:35.527 +0300
1684,35647,r_friuve:m4003-cc-i4085,NULL,Web Feature Service (WFS),https://serviziogc.regione.fvg.it/geoserver/CAR_GEO/wfs?request=GetCapabilities&service=wfs&version=2.0.0,NULL,2026-06-22 09:51:35.527 +0300
1721,44359,r_friuve:m4003-cc-i4085,NULL,Web Feature Service (WFS),https://serviziogc.regione.fvg.it/geoserver/CAR_GEO/wfs?request=GetCapabilities&service=wfs&version=2.0.0,NULL,2026-06-22 09:51:35.527 +0300
2516,69714,r_friuve:m4003-cc-i4085,NULL,Web Feature Service (WFS),https://serviziogc.regione.fvg.it/geoserver/CAR_GEO/wfs?request=GetCapabilities&service=wfs&version=2.0.0,NULL,2026-06-22 09:51:35.527 +0300
2583,84658,r_friuve:m4003-cc-i4085,NULL,Web Feature Service (WFS),https://serviziogc.regione.fvg.it/geoserver/CAR_GEO/wfs?request=GetCapabilities&service=wfs&version=2.0.0,NULL,2026-06-22 09:51:35.527 +0300
4238,515616,r_friuve:m4003-cc-i4085,NULL,Web Feature Service (WFS),https://serviziogc.regione.fvg.it/geoserver/CAR_GEO/wfs?request=GetCapabilities&service=wfs&version=2.0.0,NULL,2026-06-22 09:51:35.527 +0300
4370,520411,r_friuve:m4003-cc-i4085,NULL,Web Feature Service (WFS),https://serviziogc.regione.fvg.it/geoserver/CAR_GEO/wfs?request=GetCapabilities&service=wfs&version=2.0.0,NULL,2026-06-22 09:51:35.527 +0300
4387,520874,r_friuve:m4003-cc-i4085,NULL,Web Feature Service (WFS),https://serviziogc.regione.fvg.it/geoserver/CAR_GEO/wfs?request=GetCapabilities&service=wfs&version=2.0.0,NULL,2026-06-22 09:51:35.527 +0300
4460,527007,r_friuve:m4003-cc-i4085,NULL,Web Feature Service (WFS),https://serviziogc.regione.fvg.it/geoserver/CAR_GEO/wfs?request=GetCapabilities&service=wfs&version=2.0.0,NULL,2026-06-22 09:51:35.527 +0300
440,3938,r_friuve:m4003-cc-i4085,NULL,Web Map Service (WMS),https://serviziogc.regione.fvg.it/geoserver/CAR_GEO/wms?request=GetCapabilities&service=wms&version=1.3.0,NULL,2026-06-22 09:51:35.527 +0300
1433,14019,r_friuve:m4003-cc-i4085,NULL,Web Map Service (WMS),https://serviziogc.regione.fvg.it/geoserver/CAR_GEO/wms?request=GetCapabilities&service=wms&version=1.3.0,NULL,2026-06-22 09:51:35.527 +0300
1685,35648,r_friuve:m4003-cc-i4085,NULL,Web Map Service (WMS),https://serviziogc.regione.fvg.it/geoserver/CAR_GEO/wms?request=GetCapabilities&service=wms&version=1.3.0,NULL,2026-06-22 09:51:35.527 +0300
1722,44360,r_friuve:m4003-cc-i4085,NULL,Web Map Service (WMS),https://serviziogc.regione.fvg.it/geoserver/CAR_GEO/wms?request=GetCapabilities&service=wms&version=1.3.0,NULL,2026-06-22 09:51:35.527 +0300
2517,69715,r_friuve:m4003-cc-i4085,NULL,Web Map Service (WMS),https://serviziogc.regione.fvg.it/geoserver/CAR_GEO/wms?request=GetCapabilities&service=wms&version=1.3.0,NULL,2026-06-22 09:51:35.527 +0300
2584,84659,r_friuve:m4003-cc-i4085,NULL,Web Map Service (WMS),https://serviziogc.regione.fvg.it/geoserver/CAR_GEO/wms?request=GetCapabilities&service=wms&version=1.3.0,NULL,2026-06-22 09:51:35.527 +0300
4239,515617,r_friuve:m4003-cc-i4085,NULL,Web Map Service (WMS),https://serviziogc.regione.fvg.it/geoserver/CAR_GEO/wms?request=GetCapabilities&service=wms&version=1.3.0,NULL,2026-06-22 09:51:35.527 +0300
4371,520412,r_friuve:m4003-cc-i4085,NULL,Web Map Service (WMS),https://serviziogc.regione.fvg.it/geoserver/CAR_GEO/wms?request=GetCapabilities&service=wms&version=1.3.0,NULL,2026-06-22 09:51:35.527 +0300
4388,520875,r_friuve:m4003-cc-i4085,NULL,Web Map Service (WMS),https://serviziogc.regione.fvg.it/geoserver/CAR_GEO/wms?request=GetCapabilities&service=wms&version=1.3.0,NULL,2026-06-22 09:51:35.527 +0300
4461,527008,r_friuve:m4003-cc-i4085,NULL,Web Map Service (WMS),https://serviziogc.regione.fvg.it/geoserver/CAR_GEO/wms?request=GetCapabilities&service=wms&version=1.3.0,NULL,2026-06-22 09:51:35.527 +0300
61,423,r_friuve:m4004-cc-i4086,NULL,Web Feature Service (WFS),https://serviziogc.regione.fvg.it/geoserver/CAR_GEO/wfs?request=GetCapabilities&service=wfs&version=2.0.0,NULL,2026-06-22 09:51:35.527 +0300
1390,11147,r_friuve:m4004-cc-i4086,NULL,Web Feature Service (WFS),https://serviziogc.regione.fvg.it/geoserver/CAR_GEO/wfs?request=GetCapabilities&service=wfs&version=2.0.0,NULL,2026-06-22 09:51:35.527 +0300
1545,26284,r_friuve:m4004-cc-i4086,NULL,Web Feature Service (WFS),https://serviziogc.regione.fvg.it/geoserver/CAR_GEO/wfs?request=GetCapabilities&service=wfs&version=2.0.0,NULL,2026-06-22 09:51:35.527 +0300
1631,33126,r_friuve:m4004-cc-i4086,NULL,Web Feature Service (WFS),https://serviziogc.regione.fvg.it/geoserver/CAR_GEO/wfs?request=GetCapabilities&service=wfs&version=2.0.0,NULL,2026-06-22 09:51:35.527 +0300
1643,33818,r_friuve:m4004-cc-i4086,NULL,Web Feature Service (WFS),https://serviziogc.regione.fvg.it/geoserver/CAR_GEO/wfs?request=GetCapabilities&service=wfs&version=2.0.0,NULL,2026-06-22 09:51:35.527 +0300
2076,48798,r_friuve:m4004-cc-i4086,NULL,Web Feature Service (WFS),https://serviziogc.regione.fvg.it/geoserver/CAR_GEO/wfs?request=GetCapabilities&service=wfs&version=2.0.0,NULL,2026-06-22 09:51:35.527 +0300
2544,70356,r_friuve:m4004-cc-i4086,NULL,Web Feature Service (WFS),https://serviziogc.regione.fvg.it/geoserver/CAR_GEO/wfs?request=GetCapabilities&service=wfs&version=2.0.0,NULL,2026-06-22 09:51:35.527 +0300
4356,519906,r_friuve:m4004-cc-i4086,NULL,Web Feature Service (WFS),https://serviziogc.regione.fvg.it/geoserver/CAR_GEO/wfs?request=GetCapabilities&service=wfs&version=2.0.0,NULL,2026-06-22 09:51:35.527 +0300
60,422,r_friuve:m4004-cc-i4086,NULL,Web Map Service (WMS),https://serviziogc.regione.fvg.it/geoserver/CAR_GEO/wms?request=GetCapabilities&service=wms&version=1.3.0,NULL,2026-06-22 09:51:35.527 +0300
1389,11146,r_friuve:m4004-cc-i4086,NULL,Web Map Service (WMS),https://serviziogc.regione.fvg.it/geoserver/CAR_GEO/wms?request=GetCapabilities&service=wms&version=1.3.0,NULL,2026-06-22 09:51:35.527 +0300
1544,26283,r_friuve:m4004-cc-i4086,NULL,Web Map Service (WMS),https://serviziogc.regione.fvg.it/geoserver/CAR_GEO/wms?request=GetCapabilities&service=wms&version=1.3.0,NULL,2026-06-22 09:51:35.527 +0300
1630,33125,r_friuve:m4004-cc-i4086,NULL,Web Map Service (WMS),https://serviziogc.regione.fvg.it/geoserver/CAR_GEO/wms?request=GetCapabilities&service=wms&version=1.3.0,NULL,2026-06-22 09:51:35.527 +0300
1642,33817,r_friuve:m4004-cc-i4086,NULL,Web Map Service (WMS),https://serviziogc.regione.fvg.it/geoserver/CAR_GEO/wms?request=GetCapabilities&service=wms&version=1.3.0,NULL,2026-06-22 09:51:35.527 +0300
2075,48797,r_friuve:m4004-cc-i4086,NULL,Web Map Service (WMS),https://serviziogc.regione.fvg.it/geoserver/CAR_GEO/wms?request=GetCapabilities&service=wms&version=1.3.0,NULL,2026-06-22 09:51:35.527 +0300
2543,70355,r_friuve:m4004-cc-i4086,NULL,Web Map Service (WMS),https://serviziogc.regione.fvg.it/geoserver/CAR_GEO/wms?request=GetCapabilities&service=wms&version=1.3.0,NULL,2026-06-22 09:51:35.527 +0300
4355,519905,r_friuve:m4004-cc-i4086,NULL,Web Map Service (WMS),https://serviziogc.regione.fvg.it/geoserver/CAR_GEO/wms?request=GetCapabilities&service=wms&version=1.3.0,NULL,2026-06-22 09:51:35.527 +0300
1008,8309,r_liguri:D.2262,NULL,Web Feature Service (WFS),https://geoservizi.regione.liguria.it/geoserver/M2262/wfs?version=2.0.0&request=getcapabilities,NULL,2026-06-22 09:51:35.527 +0300
1376,36897,r_liguri:D.2262,NULL,Web Feature Service (WFS),https://geoservizi.regione.liguria.it/geoserver/M2262/wfs?version=2.0.0&request=getcapabilities,NULL,2026-06-22 09:51:35.527 +0300
1524,17627,r_liguri:D.2262,NULL,Web Feature Service (WFS),https://geoservizi.regione.liguria.it/geoserver/M2262/wfs?version=2.0.0&request=getcapabilities,NULL,2026-06-22 09:51:35.527 +0300
1611,29016,r_liguri:D.2262,NULL,Web Feature Service (WFS),https://geoservizi.regione.liguria.it/geoserver/M2262/wfs?version=2.0.0&request=getcapabilities,NULL,2026-06-22 09:51:35.527 +0300
1831,44950,r_liguri:D.2262,NULL,Web Feature Service (WFS),https://geoservizi.regione.liguria.it/geoserver/M2262/wfs?version=2.0.0&request=getcapabilities,NULL,2026-06-22 09:51:35.527 +0300
2561,76538,r_liguri:D.2262,NULL,Web Feature Service (WFS),https://geoservizi.regione.liguria.it/geoserver/M2262/wfs?version=2.0.0&request=getcapabilities,NULL,2026-06-22 09:51:35.527 +0300
3210,245614,r_liguri:D.2262,NULL,Web Feature Service (WFS),https://geoservizi.regione.liguria.it/geoserver/M2262/wfs?version=2.0.0&request=getcapabilities,NULL,2026-06-22 09:51:35.527 +0300
4321,519028,r_liguri:D.2262,NULL,Web Feature Service (WFS),https://geoservizi.regione.liguria.it/geoserver/M2262/wfs?version=2.0.0&request=getcapabilities,NULL,2026-06-22 09:51:35.527 +0300
4350,519887,r_liguri:D.2262,NULL,Web Feature Service (WFS),https://geoservizi.regione.liguria.it/geoserver/M2262/wfs?version=2.0.0&request=getcapabilities,NULL,2026-06-22 09:51:35.527 +0300
1007,8307,r_liguri:D.2262,NULL,Web Map Service (WMS),https://geoservizi.regione.liguria.it/geoserver/M2262/wms?version=1.3.0&request=getcapabilities,NULL,2026-06-22 09:51:35.527 +0300
1375,36895,r_liguri:D.2262,NULL,Web Map Service (WMS),https://geoservizi.regione.liguria.it/geoserver/M2262/wms?version=1.3.0&request=getcapabilities,NULL,2026-06-22 09:51:35.527 +0300
1523,17625,r_liguri:D.2262,NULL,Web Map Service (WMS),https://geoservizi.regione.liguria.it/geoserver/M2262/wms?version=1.3.0&request=getcapabilities,NULL,2026-06-22 09:51:35.527 +0300
1610,29014,r_liguri:D.2262,NULL,Web Map Service (WMS),https://geoservizi.regione.liguria.it/geoserver/M2262/wms?version=1.3.0&request=getcapabilities,NULL,2026-06-22 09:51:35.527 +0300
1830,44948,r_liguri:D.2262,NULL,Web Map Service (WMS),https://geoservizi.regione.liguria.it/geoserver/M2262/wms?version=1.3.0&request=getcapabilities,NULL,2026-06-22 09:51:35.527 +0300
2560,76536,r_liguri:D.2262,NULL,Web Map Service (WMS),https://geoservizi.regione.liguria.it/geoserver/M2262/wms?version=1.3.0&request=getcapabilities,NULL,2026-06-22 09:51:35.527 +0300
3209,245612,r_liguri:D.2262,NULL,Web Map Service (WMS),https://geoservizi.regione.liguria.it/geoserver/M2262/wms?version=1.3.0&request=getcapabilities,NULL,2026-06-22 09:51:35.527 +0300
4320,519026,r_liguri:D.2262,NULL,Web Map Service (WMS),https://geoservizi.regione.liguria.it/geoserver/M2262/wms?version=1.3.0&request=getcapabilities,NULL,2026-06-22 09:51:35.527 +0300
4349,519885,r_liguri:D.2262,NULL,Web Map Service (WMS),https://geoservizi.regione.liguria.it/geoserver/M2262/wms?version=1.3.0&request=getcapabilities,NULL,2026-06-22 09:51:35.527 +0300
1813,44655,r_liguri:D.2262.VS,NULL,Web Map Service (WMS),https://geoservizi.regione.liguria.it/geoserver/M2262/wms?version=1.3.0&request=getcapabilities,NULL,2026-06-22 09:51:35.527 +0300
2654,132378,r_liguri:D.2262.VS,NULL,Web Map Service (WMS),https://geoservizi.regione.liguria.it/geoserver/M2262/wms?version=1.3.0&request=getcapabilities,NULL,2026-06-22 09:51:35.527 +0300
4236,515533,r_liguri:D.2262.VS,NULL,Web Map Service (WMS),https://geoservizi.regione.liguria.it/geoserver/M2262/wms?version=1.3.0&request=getcapabilities,NULL,2026-06-22 09:51:35.527 +0300
1207,9622,r_liguri:D.2281,NULL,Web Feature Service (WFS),https://geoservizi.regione.liguria.it/geoserver/M2281/wfs?version=2.0.0&request=getcapabilities,NULL,2026-06-22 09:51:35.527 +0300
1394,37593,r_liguri:D.2281,NULL,Web Feature Service (WFS),https://geoservizi.regione.liguria.it/geoserver/M2281/wfs?version=2.0.0&request=getcapabilities,NULL,2026-06-22 09:51:35.527 +0300
1532,18810,r_liguri:D.2281,NULL,Web Feature Service (WFS),https://geoservizi.regione.liguria.it/geoserver/M2281/wfs?version=2.0.0&request=getcapabilities,NULL,2026-06-22 09:51:35.527 +0300
1598,28278,r_liguri:D.2281,NULL,Web Feature Service (WFS),https://geoservizi.regione.liguria.it/geoserver/M2281/wfs?version=2.0.0&request=getcapabilities,NULL,2026-06-22 09:51:35.527 +0300
2224,56619,r_liguri:D.2281,NULL,Web Feature Service (WFS),https://geoservizi.regione.liguria.it/geoserver/M2281/wfs?version=2.0.0&request=getcapabilities,NULL,2026-06-22 09:51:35.527 +0300
2651,132366,r_liguri:D.2281,NULL,Web Feature Service (WFS),https://geoservizi.regione.liguria.it/geoserver/M2281/wfs?version=2.0.0&request=getcapabilities,NULL,2026-06-22 09:51:35.527 +0300
4264,516643,r_liguri:D.2281,NULL,Web Feature Service (WFS),https://geoservizi.regione.liguria.it/geoserver/M2281/wfs?version=2.0.0&request=getcapabilities,NULL,2026-06-22 09:51:35.527 +0300
1206,9620,r_liguri:D.2281,NULL,Web Map Service (WMS),https://geoservizi.regione.liguria.it/geoserver/M2281/wms?version=1.3.0&request=getcapabilities,NULL,2026-06-22 09:51:35.527 +0300
1393,37591,r_liguri:D.2281,NULL,Web Map Service (WMS),https://geoservizi.regione.liguria.it/geoserver/M2281/wms?version=1.3.0&request=getcapabilities,NULL,2026-06-22 09:51:35.527 +0300
1531,18808,r_liguri:D.2281,NULL,Web Map Service (WMS),https://geoservizi.regione.liguria.it/geoserver/M2281/wms?version=1.3.0&request=getcapabilities,NULL,2026-06-22 09:51:35.527 +0300
1597,28276,r_liguri:D.2281,NULL,Web Map Service (WMS),https://geoservizi.regione.liguria.it/geoserver/M2281/wms?version=1.3.0&request=getcapabilities,NULL,2026-06-22 09:51:35.527 +0300
2223,56617,r_liguri:D.2281,NULL,Web Map Service (WMS),https://geoservizi.regione.liguria.it/geoserver/M2281/wms?version=1.3.0&request=getcapabilities,NULL,2026-06-22 09:51:35.527 +0300
2650,132364,r_liguri:D.2281,NULL,Web Map Service (WMS),https://geoservizi.regione.liguria.it/geoserver/M2281/wms?version=1.3.0&request=getcapabilities,NULL,2026-06-22 09:51:35.527 +0300
4263,516641,r_liguri:D.2281,NULL,Web Map Service (WMS),https://geoservizi.regione.liguria.it/geoserver/M2281/wms?version=1.3.0&request=getcapabilities,NULL,2026-06-22 09:51:35.527 +0300
448,4015,r_lombar:410afd93-0871-4bb5-91df-8bf5eefc8808,NULL,WMS,https://www.cartografia.servizirl.it/expo/services/gpt/direttiva_alluvioni_2022/MapServer/WMSServer?,NULL,2026-06-22 09:51:35.527 +0300
1443,14088,r_lombar:410afd93-0871-4bb5-91df-8bf5eefc8808,NULL,WMS,https://www.cartografia.servizirl.it/expo/services/gpt/direttiva_alluvioni_2022/MapServer/WMSServer?,NULL,2026-06-22 09:51:35.527 +0300
1683,35674,r_lombar:410afd93-0871-4bb5-91df-8bf5eefc8808,NULL,WMS,https://www.cartografia.servizirl.it/expo/services/gpt/direttiva_alluvioni_2022/MapServer/WMSServer?,NULL,2026-06-22 09:51:35.527 +0300
1997,48369,r_lombar:410afd93-0871-4bb5-91df-8bf5eefc8808,NULL,WMS,https://www.cartografia.servizirl.it/expo/services/gpt/direttiva_alluvioni_2022/MapServer/WMSServer?,NULL,2026-06-22 09:51:35.527 +0300
2661,132419,r_lombar:410afd93-0871-4bb5-91df-8bf5eefc8808,NULL,WMS,https://www.cartografia.servizirl.it/expo/services/gpt/direttiva_alluvioni_2022/MapServer/WMSServer?,NULL,2026-06-22 09:51:35.527 +0300
4375,520451,r_lombar:410afd93-0871-4bb5-91df-8bf5eefc8808,NULL,WMS,https://www.cartografia.servizirl.it/expo/services/gpt/direttiva_alluvioni_2022/MapServer/WMSServer?,NULL,2026-06-22 09:51:35.527 +0300
4392,520912,r_lombar:410afd93-0871-4bb5-91df-8bf5eefc8808,NULL,WMS,https://www.cartografia.servizirl.it/expo/services/gpt/direttiva_alluvioni_2022/MapServer/WMSServer?,NULL,2026-06-22 09:51:35.527 +0300
1950,48093,r_lombar:599a7674-a9a2-4543-9d5b-6d0e4904ab8a,NULL,WFS,https://www.cartografia.servizirl.it/arcgis1/services/territorio/Dissesti_puntiformi_Art9_PAI/MapServer/WFSServer?request=GetCapabilities&service=WFS,NULL,2026-06-22 09:51:35.527 +0300
3205,245577,r_lombar:599a7674-a9a2-4543-9d5b-6d0e4904ab8a,NULL,WFS,https://www.cartografia.servizirl.it/arcgis1/services/territorio/Dissesti_puntiformi_Art9_PAI/MapServer/WFSServer?request=GetCapabilities&service=WFS,NULL,2026-06-22 09:51:35.527 +0300
4293,517587,r_lombar:599a7674-a9a2-4543-9d5b-6d0e4904ab8a,NULL,WFS,https://www.cartografia.servizirl.it/arcgis1/services/territorio/Dissesti_puntiformi_Art9_PAI/MapServer/WFSServer?request=GetCapabilities&service=WFS,NULL,2026-06-22 09:51:35.527 +0300
1949,48091,r_lombar:599a7674-a9a2-4543-9d5b-6d0e4904ab8a,NULL,WMS,https://www.cartografia.servizirl.it/arcgis1/services/territorio/Dissesti_puntiformi_Art9_PAI/MapServer/WMSServer?request=GetCapabilities&service=WMS,NULL,2026-06-22 09:51:35.527 +0300
3204,245575,r_lombar:599a7674-a9a2-4543-9d5b-6d0e4904ab8a,NULL,WMS,https://www.cartografia.servizirl.it/arcgis1/services/territorio/Dissesti_puntiformi_Art9_PAI/MapServer/WMSServer?request=GetCapabilities&service=WMS,NULL,2026-06-22 09:51:35.527 +0300
4292,517585,r_lombar:599a7674-a9a2-4543-9d5b-6d0e4904ab8a,NULL,WMS,https://www.cartografia.servizirl.it/arcgis1/services/territorio/Dissesti_puntiformi_Art9_PAI/MapServer/WMSServer?request=GetCapabilities&service=WMS,NULL,2026-06-22 09:51:35.527 +0300
1014,8355,r_lombar:75d66de5-dee6-494a-8c4e-51aa095f4ea4,NULL,WMS,https://www.cartografia.servizirl.it/arcgis1/services/territorio/valanghe/MapServer/WMSServer?,NULL,2026-06-22 09:51:35.527 +0300
1377,36924,r_lombar:75d66de5-dee6-494a-8c4e-51aa095f4ea4,NULL,WMS,https://www.cartografia.servizirl.it/arcgis1/services/territorio/valanghe/MapServer/WMSServer?,NULL,2026-06-22 09:51:35.527 +0300
1525,17669,r_lombar:75d66de5-dee6-494a-8c4e-51aa095f4ea4,NULL,WMS,https://www.cartografia.servizirl.it/arcgis1/services/territorio/valanghe/MapServer/WMSServer?,NULL,2026-06-22 09:51:35.527 +0300
2562,76540,r_lombar:75d66de5-dee6-494a-8c4e-51aa095f4ea4,NULL,WMS,https://www.cartografia.servizirl.it/arcgis1/services/territorio/valanghe/MapServer/WMSServer?,NULL,2026-06-22 09:51:35.527 +0300
4319,519020,r_lombar:75d66de5-dee6-494a-8c4e-51aa095f4ea4,NULL,WMS,https://www.cartografia.servizirl.it/arcgis1/services/territorio/valanghe/MapServer/WMSServer?,NULL,2026-06-22 09:51:35.527 +0300
421,3565,r_lombar:9e36ef24-bbb0-46d1-995c-7c50679ff096,NULL,WMS,https://www.cartografia.servizirl.it/arcgis1/services/protciv/classificazione_sismica/MapServer/WMSServer?,NULL,2026-06-22 09:51:35.527 +0300
1428,13744,r_lombar:9e36ef24-bbb0-46d1-995c-7c50679ff096,NULL,WMS,https://www.cartografia.servizirl.it/arcgis1/services/protciv/classificazione_sismica/MapServer/WMSServer?,NULL,2026-06-22 09:51:35.527 +0300
1540,29832,r_lombar:9e36ef24-bbb0-46d1-995c-7c50679ff096,NULL,WMS,https://www.cartografia.servizirl.it/arcgis1/services/protciv/classificazione_sismica/MapServer/WMSServer?,NULL,2026-06-22 09:51:35.527 +0300
1634,33464,r_lombar:9e36ef24-bbb0-46d1-995c-7c50679ff096,NULL,WMS,https://www.cartografia.servizirl.it/arcgis1/services/protciv/classificazione_sismica/MapServer/WMSServer?,NULL,2026-06-22 09:51:35.527 +0300
1676,35596,r_lombar:9e36ef24-bbb0-46d1-995c-7c50679ff096,NULL,WMS,https://www.cartografia.servizirl.it/arcgis1/services/protciv/classificazione_sismica/MapServer/WMSServer?,NULL,2026-06-22 09:51:35.527 +0300
2672,132464,r_lombar:9e36ef24-bbb0-46d1-995c-7c50679ff096,NULL,WMS,https://www.cartografia.servizirl.it/arcgis1/services/protciv/classificazione_sismica/MapServer/WMSServer?,NULL,2026-06-22 09:51:35.527 +0300
143,1162,r_lombar:9f3daa68-02ab-451c-9de0-7ab8581c976c,NULL,WMS,https://www.cartografia.servizirl.it/arcgis1/services/territorio/fattibilita_geologica/MapServer/WMSServer?,NULL,2026-06-22 09:51:35.527 +0300
1402,11710,r_lombar:9f3daa68-02ab-451c-9de0-7ab8581c976c,NULL,WMS,https://www.cartografia.servizirl.it/arcgis1/services/territorio/fattibilita_geologica/MapServer/WMSServer?,NULL,2026-06-22 09:51:35.527 +0300
1647,34176,r_lombar:9f3daa68-02ab-451c-9de0-7ab8581c976c,NULL,WMS,https://www.cartografia.servizirl.it/arcgis1/services/territorio/fattibilita_geologica/MapServer/WMSServer?,NULL,2026-06-22 09:51:35.527 +0300
1824,44805,r_lombar:9f3daa68-02ab-451c-9de0-7ab8581c976c,NULL,WMS,https://www.cartografia.servizirl.it/arcgis1/services/territorio/fattibilita_geologica/MapServer/WMSServer?,NULL,2026-06-22 09:51:35.527 +0300
2527,69796,r_lombar:9f3daa68-02ab-451c-9de0-7ab8581c976c,NULL,WMS,https://www.cartografia.servizirl.it/arcgis1/services/territorio/fattibilita_geologica/MapServer/WMSServer?,NULL,2026-06-22 09:51:35.527 +0300
4232,515471,r_lombar:9f3daa68-02ab-451c-9de0-7ab8581c976c,NULL,WMS,https://www.cartografia.servizirl.it/arcgis1/services/territorio/fattibilita_geologica/MapServer/WMSServer?,NULL,2026-06-22 09:51:35.527 +0300
1210,9648,r_lombar:bcb4a0f4-04fb-4e6b-8830-c3af0ee13a3a,NULL,WMS,https://www.cartografia.servizirl.it/arcgis2/services/protciv/rischio_frana/MapServer/WMSServer?,NULL,2026-06-22 09:51:35.527 +0300
1395,37608,r_lombar:bcb4a0f4-04fb-4e6b-8830-c3af0ee13a3a,NULL,WMS,https://www.cartografia.servizirl.it/arcgis2/services/protciv/rischio_frana/MapServer/WMSServer?,NULL,2026-06-22 09:51:35.527 +0300
1533,18836,r_lombar:bcb4a0f4-04fb-4e6b-8830-c3af0ee13a3a,NULL,WMS,https://www.cartografia.servizirl.it/arcgis2/services/protciv/rischio_frana/MapServer/WMSServer?,NULL,2026-06-22 09:51:35.527 +0300
1599,28527,r_lombar:bcb4a0f4-04fb-4e6b-8830-c3af0ee13a3a,NULL,WMS,https://www.cartografia.servizirl.it/arcgis2/services/protciv/rischio_frana/MapServer/WMSServer?,NULL,2026-06-22 09:51:35.527 +0300
2564,76812,r_lombar:bcb4a0f4-04fb-4e6b-8830-c3af0ee13a3a,NULL,WMS,https://www.cartografia.servizirl.it/arcgis2/services/protciv/rischio_frana/MapServer/WMSServer?,NULL,2026-06-22 09:51:35.527 +0300
1017,8413,r_lombar:e6bcffe3-73de-4681-8e7e-3be5cb50c70a,NULL,WMS,https://www.cartografia.servizirl.it/arcgis1/services/territorio/caspita/MapServer/WMSServer?,NULL,2026-06-22 09:51:35.527 +0300
1374,36958,r_lombar:e6bcffe3-73de-4681-8e7e-3be5cb50c70a,NULL,WMS,https://www.cartografia.servizirl.it/arcgis1/services/territorio/caspita/MapServer/WMSServer?,NULL,2026-06-22 09:51:35.527 +0300
1491,17732,r_lombar:e6bcffe3-73de-4681-8e7e-3be5cb50c70a,NULL,WMS,https://www.cartografia.servizirl.it/arcgis1/services/territorio/caspita/MapServer/WMSServer?,NULL,2026-06-22 09:51:35.527 +0300
1612,29091,r_lombar:e6bcffe3-73de-4681-8e7e-3be5cb50c70a,NULL,WMS,https://www.cartografia.servizirl.it/arcgis1/services/territorio/caspita/MapServer/WMSServer?,NULL,2026-06-22 09:51:35.527 +0300
1623,32584,r_lombar:e6bcffe3-73de-4681-8e7e-3be5cb50c70a,NULL,WMS,https://www.cartografia.servizirl.it/arcgis1/services/territorio/caspita/MapServer/WMSServer?,NULL,2026-06-22 09:51:35.527 +0300
1626,32859,r_lombar:e6bcffe3-73de-4681-8e7e-3be5cb50c70a,NULL,WMS,https://www.cartografia.servizirl.it/arcgis1/services/territorio/caspita/MapServer/WMSServer?,NULL,2026-06-22 09:51:35.527 +0300
2526,69793,r_lombar:e6bcffe3-73de-4681-8e7e-3be5cb50c70a,NULL,WMS,https://www.cartografia.servizirl.it/arcgis1/services/territorio/caspita/MapServer/WMSServer?,NULL,2026-06-22 09:51:35.527 +0300
1940,48055,r_lombar:e6ff8f10-1ec7-426e-9ba9-93c3f4ade8d5,NULL,WFS,https://www.cartografia.servizirl.it/arcgis1/services/territorio/Aree_RME_TitoloIV_PAI/MapServer/WFSServer?request=GetCapabilities&service=WFS,NULL,2026-06-22 09:51:35.527 +0300
4187,506500,r_lombar:e6ff8f10-1ec7-426e-9ba9-93c3f4ade8d5,NULL,WFS,https://www.cartografia.servizirl.it/arcgis1/services/territorio/Aree_RME_TitoloIV_PAI/MapServer/WFSServer?request=GetCapabilities&service=WFS,NULL,2026-06-22 09:51:35.527 +0300
4339,519852,r_lombar:e6ff8f10-1ec7-426e-9ba9-93c3f4ade8d5,NULL,WFS,https://www.cartografia.servizirl.it/arcgis1/services/territorio/Aree_RME_TitoloIV_PAI/MapServer/WFSServer?request=GetCapabilities&service=WFS,NULL,2026-06-22 09:51:35.527 +0300
1939,48053,r_lombar:e6ff8f10-1ec7-426e-9ba9-93c3f4ade8d5,NULL,WMS,https://www.cartografia.servizirl.it/arcgis1/services/territorio/Aree_RME_TitoloIV_PAI/MapServer/WMSServer?request=GetCapabilities&service=WMS,NULL,2026-06-22 09:51:35.527 +0300
4186,506498,r_lombar:e6ff8f10-1ec7-426e-9ba9-93c3f4ade8d5,NULL,WMS,https://www.cartografia.servizirl.it/arcgis1/services/territorio/Aree_RME_TitoloIV_PAI/MapServer/WMSServer?request=GetCapabilities&service=WMS,NULL,2026-06-22 09:51:35.527 +0300
4338,519850,r_lombar:e6ff8f10-1ec7-426e-9ba9-93c3f4ade8d5,NULL,WMS,https://www.cartografia.servizirl.it/arcgis1/services/territorio/Aree_RME_TitoloIV_PAI/MapServer/WMSServer?request=GetCapabilities&service=WMS,NULL,2026-06-22 09:51:35.527 +0300
146,1194,r_piemon:37c6413b-b07f-4f4c-9344-f2e43ea52bbd,NULL,Web Map Service (WMS),https://geomap.reteunitaria.piemonte.it/ws/agrigeo/rp-01/carsuowms/wms_carsuo?service=WMS&version=1.1.1&request=getCapabilities,NULL,2026-06-22 09:51:35.527 +0300
1403,11728,r_piemon:37c6413b-b07f-4f4c-9344-f2e43ea52bbd,NULL,Web Map Service (WMS),https://geomap.reteunitaria.piemonte.it/ws/agrigeo/rp-01/carsuowms/wms_carsuo?service=WMS&version=1.1.1&request=getCapabilities,NULL,2026-06-22 09:51:35.527 +0300
1648,34198,r_piemon:37c6413b-b07f-4f4c-9344-f2e43ea52bbd,NULL,Web Map Service (WMS),https://geomap.reteunitaria.piemonte.it/ws/agrigeo/rp-01/carsuowms/wms_carsuo?service=WMS&version=1.1.1&request=getCapabilities,NULL,2026-06-22 09:51:35.527 +0300
1728,43920,r_piemon:37c6413b-b07f-4f4c-9344-f2e43ea52bbd,NULL,Web Map Service (WMS),https://geomap.reteunitaria.piemonte.it/ws/agrigeo/rp-01/carsuowms/wms_carsuo?service=WMS&version=1.1.1&request=getCapabilities,NULL,2026-06-22 09:51:35.527 +0300
2507,69652,r_piemon:37c6413b-b07f-4f4c-9344-f2e43ea52bbd,NULL,Web Map Service (WMS),https://geomap.reteunitaria.piemonte.it/ws/agrigeo/rp-01/carsuowms/wms_carsuo?service=WMS&version=1.1.1&request=getCapabilities,NULL,2026-06-22 09:51:35.527 +0300
4228,515422,r_piemon:37c6413b-b07f-4f4c-9344-f2e43ea52bbd,NULL,Web Map Service (WMS),https://geomap.reteunitaria.piemonte.it/ws/agrigeo/rp-01/carsuowms/wms_carsuo?service=WMS&version=1.1.1&request=getCapabilities,NULL,2026-06-22 09:51:35.527 +0300
4374,520428,r_piemon:37c6413b-b07f-4f4c-9344-f2e43ea52bbd,NULL,Web Map Service (WMS),https://geomap.reteunitaria.piemonte.it/ws/agrigeo/rp-01/carsuowms/wms_carsuo?service=WMS&version=1.1.1&request=getCapabilities,NULL,2026-06-22 09:51:35.527 +0300
4391,520892,r_piemon:37c6413b-b07f-4f4c-9344-f2e43ea52bbd,NULL,Web Map Service (WMS),https://geomap.reteunitaria.piemonte.it/ws/agrigeo/rp-01/carsuowms/wms_carsuo?service=WMS&version=1.1.1&request=getCapabilities,NULL,2026-06-22 09:51:35.527 +0300
147,1196,r_piemon:dl45po47-sh45-p44w-854d-58fdq6p9iu45,NULL,Web Map Service (WMS),https://geomap.reteunitaria.piemonte.it/ws/agrigeo/rp-01/carpedwms/wms_carped?service=WMS&version=1.1.1&request=getCapabilities,NULL,2026-06-22 09:51:35.527 +0300
1404,11730,r_piemon:dl45po47-sh45-p44w-854d-58fdq6p9iu45,NULL,Web Map Service (WMS),https://geomap.reteunitaria.piemonte.it/ws/agrigeo/rp-01/carpedwms/wms_carped?service=WMS&version=1.1.1&request=getCapabilities,NULL,2026-06-22 09:51:35.527 +0300
1649,34200,r_piemon:dl45po47-sh45-p44w-854d-58fdq6p9iu45,NULL,Web Map Service (WMS),https://geomap.reteunitaria.piemonte.it/ws/agrigeo/rp-01/carpedwms/wms_carped?service=WMS&version=1.1.1&request=getCapabilities,NULL,2026-06-22 09:51:35.527 +0300
2070,48767,r_piemon:dl45po47-sh45-p44w-854d-58fdq6p9iu45,NULL,Web Map Service (WMS),https://geomap.reteunitaria.piemonte.it/ws/agrigeo/rp-01/carpedwms/wms_carped?service=WMS&version=1.1.1&request=getCapabilities,NULL,2026-06-22 09:51:35.527 +0300
2549,70513,r_piemon:dl45po47-sh45-p44w-854d-58fdq6p9iu45,NULL,Web Map Service (WMS),https://geomap.reteunitaria.piemonte.it/ws/agrigeo/rp-01/carpedwms/wms_carped?service=WMS&version=1.1.1&request=getCapabilities,NULL,2026-06-22 09:51:35.527 +0300
4290,517572,r_piemon:dl45po47-sh45-p44w-854d-58fdq6p9iu45,NULL,Web Map Service (WMS),https://geomap.reteunitaria.piemonte.it/ws/agrigeo/rp-01/carpedwms/wms_carped?service=WMS&version=1.1.1&request=getCapabilities,NULL,2026-06-22 09:51:35.527 +0300
4308,518472,r_piemon:dl45po47-sh45-p44w-854d-58fdq6p9iu45,NULL,Web Map Service (WMS),https://geomap.reteunitaria.piemonte.it/ws/agrigeo/rp-01/carpedwms/wms_carped?service=WMS&version=1.1.1&request=getCapabilities,NULL,2026-06-22 09:51:35.527 +0300
4482,532687,r_piemon:dl45po47-sh45-p44w-854d-58fdq6p9iu45,NULL,Web Map Service (WMS),https://geomap.reteunitaria.piemonte.it/ws/agrigeo/rp-01/carpedwms/wms_carped?service=WMS&version=1.1.1&request=getCapabilities,NULL,2026-06-22 09:51:35.527 +0300
4483,532697,r_piemon:dl45po47-sh45-p44w-854d-58fdq6p9iu45,NULL,Web Map Service (WMS),https://geomap.reteunitaria.piemonte.it/ws/agrigeo/rp-01/carpedwms/wms_carped?service=WMS&version=1.1.1&request=getCapabilities,NULL,2026-06-22 09:51:35.527 +0300
4486,532782,r_piemon:dl45po47-sh45-p44w-854d-58fdq6p9iu45,NULL,Web Map Service (WMS),https://geomap.reteunitaria.piemonte.it/ws/agrigeo/rp-01/carpedwms/wms_carped?service=WMS&version=1.1.1&request=getCapabilities,NULL,2026-06-22 09:51:35.527 +0300
2093,48913,R_SARDEG:5308d2cd-0943-4920-9c91-7010ae1fd5a9,NULL,Web Map Service (WMS),https://webgis.regione.sardegna.it/geoserverraster/ows?service=wms&version=1.3.0&request=GetCapabilities,NULL,2026-06-22 09:51:35.527 +0300
3211,245615,R_SARDEG:5308d2cd-0943-4920-9c91-7010ae1fd5a9,NULL,Web Map Service (WMS),https://webgis.regione.sardegna.it/geoserverraster/ows?service=wms&version=1.3.0&request=GetCapabilities,NULL,2026-06-22 09:51:35.527 +0300
4410,521507,R_SARDEG:5308d2cd-0943-4920-9c91-7010ae1fd5a9,NULL,Web Map Service (WMS),https://webgis.regione.sardegna.it/geoserverraster/ows?service=wms&version=1.3.0&request=GetCapabilities,NULL,2026-06-22 09:51:35.527 +0300
27,178,R_SARDEG:7a7ee722-5fea-4334-b37c-ae5a4765140d,NULL,Web Map Service (WMS),https://webgis.regione.sardegna.it/geoserverraster/ows?service=wms&version=1.3.0&request=GetCapabilities,NULL,2026-06-22 09:51:35.527 +0300
1384,10936,R_SARDEG:7a7ee722-5fea-4334-b37c-ae5a4765140d,NULL,Web Map Service (WMS),https://webgis.regione.sardegna.it/geoserverraster/ows?service=wms&version=1.3.0&request=GetCapabilities,NULL,2026-06-22 09:51:35.527 +0300
1615,31618,R_SARDEG:7a7ee722-5fea-4334-b37c-ae5a4765140d,NULL,Web Map Service (WMS),https://webgis.regione.sardegna.it/geoserverraster/ows?service=wms&version=1.3.0&request=GetCapabilities,NULL,2026-06-22 09:51:35.527 +0300
1637,33696,R_SARDEG:7a7ee722-5fea-4334-b37c-ae5a4765140d,NULL,Web Map Service (WMS),https://webgis.regione.sardegna.it/geoserverraster/ows?service=wms&version=1.3.0&request=GetCapabilities,NULL,2026-06-22 09:51:35.527 +0300
2195,56492,R_SARDEG:7a7ee722-5fea-4334-b37c-ae5a4765140d,NULL,Web Map Service (WMS),https://webgis.regione.sardegna.it/geoserverraster/ows?service=wms&version=1.3.0&request=GetCapabilities,NULL,2026-06-22 09:51:35.527 +0300
2540,70339,R_SARDEG:7a7ee722-5fea-4334-b37c-ae5a4765140d,NULL,Web Map Service (WMS),https://webgis.regione.sardegna.it/geoserverraster/ows?service=wms&version=1.3.0&request=GetCapabilities,NULL,2026-06-22 09:51:35.527 +0300
4434,522738,R_SARDEG:7a7ee722-5fea-4334-b37c-ae5a4765140d,NULL,Web Map Service (WMS),https://webgis.regione.sardegna.it/geoserverraster/ows?service=wms&version=1.3.0&request=GetCapabilities,NULL,2026-06-22 09:51:35.527 +0300
4468,529710,R_SARDEG:7a7ee722-5fea-4334-b37c-ae5a4765140d,NULL,Web Map Service (WMS),https://webgis.regione.sardegna.it/geoserverraster/ows?service=wms&version=1.3.0&request=GetCapabilities,NULL,2026-06-22 09:51:35.527 +0300
4489,532798,R_SARDEG:7a7ee722-5fea-4334-b37c-ae5a4765140d,NULL,Web Map Service (WMS),https://webgis.regione.sardegna.it/geoserverraster/ows?service=wms&version=1.3.0&request=GetCapabilities,NULL,2026-06-22 09:51:35.527 +0300
4513,535250,R_SARDEG:7a7ee722-5fea-4334-b37c-ae5a4765140d,NULL,Web Map Service (WMS),https://webgis.regione.sardegna.it/geoserverraster/ows?service=wms&version=1.3.0&request=GetCapabilities,NULL,2026-06-22 09:51:35.527 +0300
459,4084,R_SARDEG:a13c677a-48a3-429f-906c-b66b0da43669,NULL,Web Map Service (WMS),https://webgis.regione.sardegna.it/geoserverraster/ows?service=wms&version=1.3.0&request=GetCapabilities,NULL,2026-06-22 09:51:35.527 +0300
1448,14131,R_SARDEG:a13c677a-48a3-429f-906c-b66b0da43669,NULL,Web Map Service (WMS),https://webgis.regione.sardegna.it/geoserverraster/ows?service=wms&version=1.3.0&request=GetCapabilities,NULL,2026-06-22 09:51:35.527 +0300
1692,35695,R_SARDEG:a13c677a-48a3-429f-906c-b66b0da43669,NULL,Web Map Service (WMS),https://webgis.regione.sardegna.it/geoserverraster/ows?service=wms&version=1.3.0&request=GetCapabilities,NULL,2026-06-22 09:51:35.527 +0300
1750,44297,R_SARDEG:a13c677a-48a3-429f-906c-b66b0da43669,NULL,Web Map Service (WMS),https://webgis.regione.sardegna.it/geoserverraster/ows?service=wms&version=1.3.0&request=GetCapabilities,NULL,2026-06-22 09:51:35.527 +0300
2536,69980,R_SARDEG:a13c677a-48a3-429f-906c-b66b0da43669,NULL,Web Map Service (WMS),https://webgis.regione.sardegna.it/geoserverraster/ows?service=wms&version=1.3.0&request=GetCapabilities,NULL,2026-06-22 09:51:35.527 +0300
4216,514877,R_SARDEG:a13c677a-48a3-429f-906c-b66b0da43669,NULL,Web Map Service (WMS),https://webgis.regione.sardegna.it/geoserverraster/ows?service=wms&version=1.3.0&request=GetCapabilities,NULL,2026-06-22 09:51:35.527 +0300
179,1637,R_SARDEG:a1ee50f3-66ab-425d-997e-5fdc288163fd,NULL,Web Map Service (WMS),https://webgis.regione.sardegna.it/geoserver/ows?service=WMS&version=1.3.0&request=GetCapabilities,NULL,2026-06-22 09:51:35.527 +0300
1406,12164,R_SARDEG:a1ee50f3-66ab-425d-997e-5fdc288163fd,NULL,Web Map Service (WMS),https://webgis.regione.sardegna.it/geoserver/ows?service=WMS&version=1.3.0&request=GetCapabilities,NULL,2026-06-22 09:51:35.527 +0300
1651,34509,R_SARDEG:a1ee50f3-66ab-425d-997e-5fdc288163fd,NULL,Web Map Service (WMS),https://webgis.regione.sardegna.it/geoserver/ows?service=WMS&version=1.3.0&request=GetCapabilities,NULL,2026-06-22 09:51:35.527 +0300
295,2456,R_SARDEG:d56d4a44-c331-42d8-a995-efb940a3e915,NULL,Web Map Service (WMS),https://webgis.regione.sardegna.it/geoserver/ows?service=WMS&version=1.3.0&request=GetCapabilities,NULL,2026-06-22 09:51:35.527 +0300
1416,12869,R_SARDEG:d56d4a44-c331-42d8-a995-efb940a3e915,NULL,Web Map Service (WMS),https://webgis.regione.sardegna.it/geoserver/ows?service=WMS&version=1.3.0&request=GetCapabilities,NULL,2026-06-22 09:51:35.527 +0300
1661,35030,R_SARDEG:d56d4a44-c331-42d8-a995-efb940a3e915,NULL,Web Map Service (WMS),https://webgis.regione.sardegna.it/geoserver/ows?service=WMS&version=1.3.0&request=GetCapabilities,NULL,2026-06-22 09:51:35.527 +0300
297,2479,r_vda:02963-META:20161020:171000,NULL,Web Map Service (WMS),https://geoservizi.regione.vda.it/geoserver/sctAmbiti/wms?service=WMS&version=1.1.0&request=GetCapabilities,NULL,2026-06-22 09:51:35.527 +0300
1417,12886,r_vda:02963-META:20161020:171000,NULL,Web Map Service (WMS),https://geoservizi.regione.vda.it/geoserver/sctAmbiti/wms?service=WMS&version=1.1.0&request=GetCapabilities,NULL,2026-06-22 09:51:35.527 +0300
1662,35044,r_vda:02963-META:20161020:171000,NULL,Web Map Service (WMS),https://geoservizi.regione.vda.it/geoserver/sctAmbiti/wms?service=WMS&version=1.1.0&request=GetCapabilities,NULL,2026-06-22 09:51:35.527 +0300
2053,48638,r_vda:03754-DATA,NULL,Web Map Service (WMS),https://geoservizi.regione.vda.it/geoserver/sctGeologia/wms?service=WMS&version=1.1.0&request=GetCapabilities,NULL,2026-06-22 09:51:35.527 +0300
3212,245643,r_vda:03754-DATA,NULL,Web Map Service (WMS),https://geoservizi.regione.vda.it/geoserver/sctGeologia/wms?service=WMS&version=1.1.0&request=GetCapabilities,NULL,2026-06-22 09:51:35.527 +0300
4336,519796,r_vda:03754-DATA,NULL,Web Map Service (WMS),https://geoservizi.regione.vda.it/geoserver/sctGeologia/wms?service=WMS&version=1.1.0&request=GetCapabilities,NULL,2026-06-22 09:51:35.527 +0300
521,5003,r_vda:03754-META:20181122:111000,NULL,Web Map Service (WMS),https://geoservizi.regione.vda.it/geoserver/sctGeologia/wms?service=WMS&version=1.1.0&request=GetCapabilities,NULL,2026-06-22 09:51:35.527 +0300
1457,14736,r_vda:03754-META:20181122:111000,NULL,Web Map Service (WMS),https://geoservizi.regione.vda.it/geoserver/sctGeologia/wms?service=WMS&version=1.1.0&request=GetCapabilities,NULL,2026-06-22 09:51:35.527 +0300
1622,31982,r_vda:03754-META:20181122:111000,NULL,Web Map Service (WMS),https://geoservizi.regione.vda.it/geoserver/sctGeologia/wms?service=WMS&version=1.1.0&request=GetCapabilities,NULL,2026-06-22 09:51:35.527 +0300
1697,35837,r_vda:03754-META:20181122:111000,NULL,Web Map Service (WMS),https://geoservizi.regione.vda.it/geoserver/sctGeologia/wms?service=WMS&version=1.1.0&request=GetCapabilities,NULL,2026-06-22 09:51:35.527 +0300
2244,56682,r_vda:03755-DATA,NULL,Web Map Service (WMS),https://geoservizi.regione.vda.it/geoserver/sctGeologia/wms?service=WMS&version=1.1.0&request=GetCapabilities,NULL,2026-06-22 09:51:35.527 +0300
3713,363060,r_vda:03755-DATA,NULL,Web Map Service (WMS),https://geoservizi.regione.vda.it/geoserver/sctGeologia/wms?service=WMS&version=1.1.0&request=GetCapabilities,NULL,2026-06-22 09:51:35.527 +0300
4376,520504,r_vda:03755-DATA,NULL,Web Map Service (WMS),https://geoservizi.regione.vda.it/geoserver/sctGeologia/wms?service=WMS&version=1.1.0&request=GetCapabilities,NULL,2026-06-22 09:51:35.527 +0300
4393,520959,r_vda:03755-DATA,NULL,Web Map Service (WMS),https://geoservizi.regione.vda.it/geoserver/sctGeologia/wms?service=WMS&version=1.1.0&request=GetCapabilities,NULL,2026-06-22 09:51:35.527 +0300
522,5006,r_vda:03755-META:20181123:080500,NULL,Web Map Service (WMS),https://geoservizi.regione.vda.it/geoserver/sctGeologia/wms?service=WMS&version=1.1.0&request=GetCapabilities,NULL,2026-06-22 09:51:35.527 +0300
1458,14738,r_vda:03755-META:20181123:080500,NULL,Web Map Service (WMS),https://geoservizi.regione.vda.it/geoserver/sctGeologia/wms?service=WMS&version=1.1.0&request=GetCapabilities,NULL,2026-06-22 09:51:35.527 +0300
1543,26222,r_vda:03755-META:20181123:080500,NULL,Web Map Service (WMS),https://geoservizi.regione.vda.it/geoserver/sctGeologia/wms?service=WMS&version=1.1.0&request=GetCapabilities,NULL,2026-06-22 09:51:35.527 +0300
1629,33054,r_vda:03755-META:20181123:080500,NULL,Web Map Service (WMS),https://geoservizi.regione.vda.it/geoserver/sctGeologia/wms?service=WMS&version=1.1.0&request=GetCapabilities,NULL,2026-06-22 09:51:35.527 +0300
1698,35839,r_vda:03755-META:20181123:080500,NULL,Web Map Service (WMS),https://geoservizi.regione.vda.it/geoserver/sctGeologia/wms?service=WMS&version=1.1.0&request=GetCapabilities,NULL,2026-06-22 09:51:35.527 +0300
787,6547,scc_v_3035_10_k_virgin-forest-inventory-keo_i_2019_v01_r00,NULL,OGC:WMS,https://land.discomap.eea.europa.eu/arcgis/services/Carpathians/VirginForestInventory/MapServer/WMSServer?request=GetCapabilities&service=WMS,Virgin Forest Inventory of the Carpathians Dec. 2019,2026-06-22 09:51:35.527 +0300
1472,15836,scc_v_3035_10_k_virgin-forest-inventory-keo_i_2019_v01_r00,NULL,OGC:WMS,https://land.discomap.eea.europa.eu/arcgis/services/Carpathians/VirginForestInventory/MapServer/WMSServer?request=GetCapabilities&service=WMS,Virgin Forest Inventory of the Carpathians Dec. 2019,2026-06-22 09:51:35.527 +0300
1563,27293,scc_v_3035_10_k_virgin-forest-inventory-keo_i_2019_v01_r00,NULL,OGC:WMS,https://land.discomap.eea.europa.eu/arcgis/services/Carpathians/VirginForestInventory/MapServer/WMSServer?request=GetCapabilities&service=WMS,Virgin Forest Inventory of the Carpathians Dec. 2019,2026-06-22 09:51:35.527 +0300
